,fid,GEOID,COUNTYFP,NAMELSAD,median_hh_,median_h_1,CDTFA_COPR,CDTFA_CITY,CDTFA_COUN,CENSUS_PLA,CENSUS_GEO,CENSUS_P_1,GNIS_PLACE,GNIS_ID,acs_2024_tracts_berkeley_oakland_sf_density_city,acs_2024_tracts_berkeley_oakland_sf_density_NAME,acs_2024_tracts_berkeley_oakland_sf_density_year,acs_2024_tracts_berkeley_oakland_sf_density_total_pop,acs_2024_tracts_berkeley_oakland_sf_density_white_nh,acs_2024_tracts_berkeley_oakland_sf_density_black_nh,acs_2024_tracts_berkeley_oakland_sf_density_asian_nh,acs_2024_tracts_berkeley_oakland_sf_density_hispanic,acs_2024_tracts_berkeley_oakland_sf_density_pct_white_nh,acs_2024_tracts_berkeley_oakland_sf_density_pct_black_nh,acs_2024_tracts_berkeley_oakland_sf_density_pct_asian_nh,acs_2024_tracts_berkeley_oakland_sf_density_pct_hispanic,acs_2024_tracts_berkeley_oakland_sf_density_pct_poc,acs_2024_tracts_berkeley_oakland_sf_density_median_income,acs_2024_tracts_berkeley_oakland_sf_density_median_home_value,acs_2024_tracts_berkeley_oakland_sf_density_housing_units_total,acs_2024_tracts_berkeley_oakland_sf_density_owner_occupied,acs_2024_tracts_berkeley_oakland_sf_density_renter_occupied,acs_2024_tracts_berkeley_oakland_sf_density_homeownership_rate,acs_2024_tracts_berkeley_oakland_sf_density_area_sq_miles,acs_2024_tracts_berkeley_oakland_sf_density_pop_density,weight_supply_sum, Accessibility_Index,NAME_x,group_0_17,group_18_34,group_35_49,group_50_up,NAME_y,below_high_school,high_school_grad,some_college_assoc,bachelors_plus
0,516,6001423300,1,Census Tract 4233,83450.0,33008.0,1013,Berkeley,Alameda County,Berkeley,606000,City,City of Berkeley,2409837,Berkeley,Census Tract 4233; Alameda County; California,2024.0,3623.0,1691.0,712.0,268.0,521.0,0.4667402704940657,0.196522219155396,0.0739718465360198,0.1438034777808446,0.5332597295059343,101571.0,1101900.0,1476.0,829.0,647.0,0.5616531165311653,0.2802590886462062,12927.323847019308,235498556.54,65000.982,Census Tract 4233; Alameda County; California,650,788,841,1344,Census Tract 4233; Alameda County; California,151,469,637,1501
1,471,6001424002,1,Census Tract 4240.02,103393.0,36279.0,1013,Berkeley,Alameda County,Berkeley,606000,City,City of Berkeley,2409837,Berkeley,Census Tract 4240.02; Alameda County; California,2024.0,2524.0,1042.0,582.0,274.0,455.0,0.41283676703645,0.2305863708399366,0.1085578446909667,0.18026941362916,0.5871632329635499,105813.0,1233500.0,1050.0,553.0,497.0,0.5266666666666666,0.1289524473177348,19573.10661798409,223631256.54,88601.924,Census Tract 4240.02; Alameda County; California,578,546,636,764,Census Tract 4240.02; Alameda County; California,156,93,544,1031
2,469,6001423000,1,Census Tract 4230,86917.0,20998.0,1013,Berkeley,Alameda County,Berkeley,606000,City,City of Berkeley,2409837,Berkeley,Census Tract 4230; Alameda County; California,2024.0,4478.0,2806.0,232.0,804.0,356.0,0.6266190263510496,0.0518088432335864,0.1795444394819115,0.0794997766860205,0.3733809736489504,110536.0,1353400.0,2023.0,842.0,1181.0,0.4162135442412259,0.2818798094608767,15886.203444527022,368316956.54,82250.325,Census Tract 4230; Alameda County; California,462,1401,1078,1537,Census Tract 4230; Alameda County; California,87,107,439,2742
3,541,6001423400,1,Census Tract 4234,107455.0,27066.0,1013,Berkeley,Alameda County,Berkeley,606000,City,City of Berkeley,2409837,Berkeley,Census Tract 4234; Alameda County; California,2024.0,5218.0,2266.0,1019.0,551.0,1061.0,0.4342660022997317,0.1952855500191644,0.1055960137983901,0.2033346109620544,0.5657339977002682,145789.0,1362400.0,1974.0,965.0,1009.0,0.488855116514691,0.2921619476711773,17859.957607733228,260103656.54,49847.385,Census Tract 4234; Alameda County; California,925,1697,1318,1278,Census Tract 4234; Alameda County; California,175,358,873,2574
4,372,6001424001,1,Census Tract 4240.01,87500.0,33040.0,1013,Berkeley,Alameda County,Berkeley,606000,City,City of Berkeley,2409837,Berkeley,Census Tract 4240.01; Alameda County; California,2024.0,4000.0,1667.0,644.0,854.0,631.0,0.41675,0.161,0.2135,0.15775,0.58325,82125.0,1197500.0,1535.0,452.0,1083.0,0.2944625407166124,0.1960488562161282,20403.077463457976,305886856.54,76471.714,Census Tract 4240.01; Alameda County; California,685,1519,729,1067,Census Tract 4240.01; Alameda County; California,277,157,529,1774
5,54,6001422902,1,Census Tract 4229.02,,,1013,Berkeley,Alameda County,Berkeley,606000,City,City of Berkeley,2409837,Berkeley,Census Tract 4229.02; Alameda County; California,2024.0,2214.0,641.0,105.0,905.0,186.0,0.2895212285456188,0.0474254742547425,0.4087624209575429,0.084010840108401,0.7104787714543812,60078.0,,1271.0,0.0,1271.0,0.0,0.146673561931656,15094.744893640984,456404456.54,206144.741,Census Tract 4229.02; Alameda County; California,113,1556,142,403,Census Tract 4229.02; Alameda County; California,20,71,354,566
6,542,6001423500,1,Census Tract 4235,89728.0,19995.0,1013,Berkeley,Alameda County,Berkeley,606000,City,City of Berkeley,2409837,Berkeley,Census Tract 4235; Alameda County; California,2024.0,3768.0,2107.0,312.0,389.0,630.0,0.5591825902335457,0.0828025477707006,0.1032377919320594,0.1671974522292993,0.4408174097664543,103702.0,1162700.0,1587.0,488.0,1099.0,0.3074984247006931,0.2443711832629236,15419.166653319908,393899156.54,104537.993,Census Tract 4235; Alameda County; California,514,1484,622,1148,Census Tract 4235; Alameda County; California,130,163,503,1959
7,366,6001423901,1,Census Tract 4239.01,105625.0,67080.0,1013,Berkeley,Alameda County,Berkeley,606000,City,City of Berkeley,2409837,Berkeley,Census Tract 4239.01; Alameda County; California,2024.0,2227.0,1054.0,215.0,317.0,374.0,0.4732824427480916,0.0965424337674,0.1423439604849573,0.1679389312977099,0.5267175572519084,136607.0,1170000.0,969.0,377.0,592.0,0.3890608875128999,0.154191631128872,14443.066615844366,429772628.27,192982.77,Census Tract 4239.01; Alameda County; California,373,746,416,692,Census Tract 4239.01; Alameda County; California,108,81,213,1235
8,55,6001422901,1,Census Tract 4229.01,49604.0,48626.0,1013,Berkeley,Alameda County,Berkeley,606000,City,City of Berkeley,2409837,Berkeley,Census Tract 4229.01; Alameda County; California,2024.0,1768.0,660.0,92.0,751.0,174.0,0.3733031674208145,0.0520361990950226,0.4247737556561086,0.0984162895927601,0.6266968325791855,35917.0,,855.0,9.0,846.0,0.0105263157894736,0.0614237647120844,28783.647636826885,333958056.54,188890.303,Census Tract 4229.01; Alameda County; California,35,1374,136,223,Census Tract 4229.01; Alameda County; California,0,11,94,536
9,872,6001400500,1,Census Tract 4005,95078.0,34125.0,1013,Berkeley,Alameda County,Berkeley,606000,City,City of Berkeley,2409837,Berkeley,Census Tract 4005; Alameda County; California,2024.0,3579.0,1646.0,757.0,263.0,636.0,0.4599050013970382,0.2115115954177144,0.073484213467449,0.1777032690695725,0.5400949986029617,96641.0,1404600.0,1687.0,816.0,871.0,0.4836988737403675,0.2278655549059719,15706.630172677324,392305200.0,109613.076,Census Tract 4005; Alameda County; California,563,1089,986,941,Census Tract 4005; Alameda County; California,80,98,576,1999
10,951,6001400700,1,Census Tract 4007,110556.0,12318.0,1013,Berkeley,Alameda County,Berkeley,606000,City,City of Berkeley,2409837,Berkeley,Census Tract 4007; Alameda County; California,2024.0,4576.0,2061.0,1200.0,528.0,422.0,0.4503933566433566,0.2622377622377622,0.1153846153846153,0.0922202797202797,0.5496066433566433,127083.0,1103600.0,1985.0,828.0,1157.0,0.4171284634760705,0.3337672144431035,13710.154269151742,373211456.54,81558.448,Census Tract 4007; Alameda County; California,724,1261,1297,1294,Census Tract 4007; Alameda County; California,68,256,764,2618
11,952,6001400800,1,Census Tract 4008,97132.0,37490.0,1013,Berkeley,Alameda County,Berkeley,606000,City,City of Berkeley,2409837,Berkeley,Census Tract 4008; Alameda County; California,2024.0,4548.0,2209.0,363.0,648.0,899.0,0.4857080035180299,0.0798153034300791,0.1424802110817942,0.1976693051890941,0.5142919964819701,145978.0,1037500.0,1902.0,688.0,1214.0,0.3617245005257624,0.2775240950772085,16387.766254078677,216447056.54,47591.701,Census Tract 4008; Alameda County; California,593,1579,772,1604,Census Tract 4008; Alameda County; California,196,326,717,2496
12,940,6001422000,1,Census Tract 4220,140331.0,17431.0,1013,Berkeley,Alameda County,Berkeley,606000,City,City of Berkeley,2409837,Berkeley,Census Tract 4220; Alameda County; California,2024.0,2470.0,1185.0,244.0,598.0,162.0,0.4797570850202429,0.0987854251012145,0.2421052631578947,0.0655870445344129,0.5202429149797572,116779.0,973000.0,1295.0,293.0,1002.0,0.2262548262548262,2.1151344240666643,1167.7744789624544,378276250.21,153148.279,Census Tract 4220; Alameda County; California,282,796,541,851,Census Tract 4220; Alameda County; California,130,107,437,1413
13,967,6001423200,1,Census Tract 4232,80106.0,26348.0,1013,Berkeley,Alameda County,Berkeley,606000,City,City of Berkeley,2409837,Berkeley,Census Tract 4232; Alameda County; California,2024.0,3049.0,783.0,500.0,226.0,1400.0,0.2568055100032798,0.1639881928501148,0.0741226631682518,0.4591669399803214,0.7431944899967202,60563.0,1221700.0,1179.0,339.0,840.0,0.2875318066157761,0.1763281169008219,17291.626846528114,196608769.62,64483.034,Census Tract 4232; Alameda County; California,494,951,711,893,Census Tract 4232; Alameda County; California,385,356,270,1037
14,470,6001423100,1,Census Tract 4231,61161.0,28594.0,1013,Berkeley,Alameda County,Berkeley,606000,City,City of Berkeley,2409837,Berkeley,Census Tract 4231; Alameda County; California,2024.0,4286.0,1741.0,885.0,747.0,393.0,0.4062062529164722,0.2064862342510499,0.174288380774615,0.091693887074195,0.5937937470835277,54787.0,1159900.0,2066.0,824.0,1242.0,0.398838334946757,0.289002174502568,14830.338240108696,301628869.62,70375.378,Census Tract 4231; Alameda County; California,667,907,824,1888,Census Tract 4231; Alameda County; California,192,738,434,1807
15,56,6001420402,1,Census Tract 4204.02,58835.0,15983.0,1013,Berkeley,Alameda County,Berkeley,606000,City,City of Berkeley,2409837,Berkeley,Census Tract 4204.02; Alameda County; California,2024.0,1596.0,518.0,31.0,671.0,305.0,0.3245614035087719,0.0194235588972431,0.4204260651629072,0.1911027568922305,0.6754385964912281,98059.0,,563.0,0.0,563.0,0.0,0.440105628552733,3626.4021554288506,167894008.86,105196.747,Census Tract 4204.02; Alameda County; California,124,1329,93,50,Census Tract 4204.02; Alameda County; California,0,23,88,852
16,1226,6001425102,1,Census Tract 4251.02,124375.0,18417.0,1013,Berkeley,Alameda County,Berkeley,606000,City,City of Berkeley,2409837,Berkeley,Census Tract 4251.02; Alameda County; California,2024.0,4057.0,900.0,527.0,1935.0,391.0,0.2218387971407444,0.1298989401035247,0.4769534138526004,0.0963766329800345,0.7781612028592556,134044.0,642100.0,2371.0,466.0,1905.0,0.1965415436524673,0.2815325690241538,14410.410895131405,129016056.54,31800.852,Census Tract 4251.02; Alameda County; California,213,2543,915,386,Census Tract 4251.02; Alameda County; California,79,339,384,2571
17,1227,6001425103,1,Census Tract 4251.03,119301.0,22442.0,1013,Berkeley,Alameda County,Berkeley,606000,City,City of Berkeley,2409837,Berkeley,Census Tract 4251.03; Alameda County; California,2024.0,2999.0,959.0,808.0,891.0,208.0,0.3197732577525842,0.2694231410470156,0.2970990330110036,0.0693564521507169,0.6802267422474157,126111.0,775700.0,1742.0,415.0,1327.0,0.2382319173363949,0.3404273079276027,8809.516540423323,183420456.54,61160.539,Census Tract 4251.03; Alameda County; California,327,881,1223,568,Census Tract 4251.03; Alameda County; California,39,130,500,1844
18,1240,6001422100,1,Census Tract 4221,124583.0,37438.0,1013,Berkeley,Alameda County,Berkeley,606000,City,City of Berkeley,2409837,Berkeley,Census Tract 4221; Alameda County; California,2024.0,3027.0,1517.0,340.0,376.0,556.0,0.5011562603237529,0.1123224314502808,0.1242153947803105,0.1836802114304592,0.498843739676247,139250.0,1022500.0,1370.0,770.0,600.0,0.5620437956204379,0.2132221245075572,14196.462993654835,337158050.21,111383.565,Census Tract 4221; Alameda County; California,525,552,735,1215,Census Tract 4221; Alameda County; California,153,254,377,1583
19,1241,6001422200,1,Census Tract 4222,105750.0,29978.0,1013,Berkeley,Alameda County,Berkeley,606000,City,City of Berkeley,2409837,Berkeley,Census Tract 4222; Alameda County; California,2024.0,3313.0,1982.0,92.0,458.0,336.0,0.5982493208572291,0.0277693932991246,0.1382432840325988,0.1014186537881074,0.4017506791427708,99379.0,1235200.0,1512.0,684.0,828.0,0.4523809523809524,0.2602393072269871,12730.59029899092,361520569.62,109121.814,Census Tract 4222; Alameda County; California,710,685,909,1009,Census Tract 4222; Alameda County; California,174,127,367,1767
20,348,6001421900,1,Census Tract 4219,160063.0,36887.0,1013,Berkeley,Alameda County,Berkeley,606000,City,City of Berkeley,2409837,Berkeley,Census Tract 4219; Alameda County; California,2024.0,4110.0,2494.0,313.0,670.0,235.0,0.6068126520681265,0.0761557177615571,0.1630170316301703,0.0571776155717761,0.3931873479318735,154219.0,1338300.0,1667.0,1093.0,574.0,0.6556688662267547,0.3307138110835752,12427.663624127736,431342808.86,104949.589,Census Tract 4219; Alameda County; California,992,652,1046,1420,Census Tract 4219; Alameda County; California,16,159,347,2448
21,347,6001421800,1,Census Tract 4218,171168.0,5674.0,1013,Berkeley,Alameda County,Berkeley,606000,City,City of Berkeley,2409837,Berkeley,Census Tract 4218; Alameda County; California,2024.0,2173.0,1480.0,19.0,255.0,129.0,0.6810860561435803,0.0087436723423838,0.1173492867004141,0.0593649332719742,0.3189139438564197,183467.0,1522000.0,926.0,622.0,304.0,0.67170626349892,0.204484209068272,10626.7374380703,539574269.62,248308.454,Census Tract 4218; Alameda County; California,370,383,444,976,Census Tract 4218; Alameda County; California,36,58,144,1520
22,346,6001421700,1,Census Tract 4217,108339.0,22360.0,1013,Berkeley,Alameda County,Berkeley,606000,City,City of Berkeley,2409837,Berkeley,Census Tract 4217; Alameda County; California,2024.0,3346.0,2176.0,146.0,708.0,196.0,0.6503287507471608,0.0436341900777047,0.2115959354453078,0.0585774058577405,0.3496712492528392,115139.0,1527300.0,1659.0,502.0,1157.0,0.3025919228450874,0.2236143637265593,14963.260607406975,494340956.54,147740.872,Census Tract 4217; Alameda County; California,368,1132,667,1179,Census Tract 4217; Alameda County; California,38,52,359,2123
23,349,6001420600,1,Census Tract 4206,169868.0,58307.0,1013,Berkeley,Alameda County,Berkeley,606000,City,City of Berkeley,2409837,Berkeley,Census Tract 4206; Alameda County; California,2024.0,3480.0,2231.0,55.0,506.0,299.0,0.6410919540229885,0.0158045977011494,0.1454022988505747,0.085919540229885,0.3589080459770115,199091.0,1573600.0,1322.0,1024.0,298.0,0.7745839636913767,0.3076364731720415,11312.052709867914,384953969.62,110618.957,Census Tract 4206; Alameda County; California,861,426,808,1385,Census Tract 4206; Alameda County; California,26,66,242,2120
24,343,6001420500,1,Census Tract 4205,127000.0,18378.0,1013,Berkeley,Alameda County,Berkeley,606000,City,City of Berkeley,2409837,Berkeley,Census Tract 4205; Alameda County; California,2024.0,2462.0,1101.0,82.0,644.0,398.0,0.4471974004874086,0.033306255077173,0.2615759545085296,0.1616571892770105,0.5528025995125914,137105.0,1246000.0,936.0,487.0,449.0,0.5202991452991453,0.1600903689704519,15378.813952602077,269694367.51,109542.798,Census Tract 4205; Alameda County; California,652,352,653,805,Census Tract 4205; Alameda County; California,62,76,263,1282
25,345,6001421400,1,Census Tract 4214,208500.0,78822.0,1013,Berkeley,Alameda County,Berkeley,606000,City,City of Berkeley,2409837,Berkeley,Census Tract 4214; Alameda County; California,2024.0,1739.0,1151.0,68.0,110.0,207.0,0.6618746405980449,0.039102932719954,0.0632547441058079,0.1190339275445658,0.3381253594019551,226250.0,1662300.0,650.0,549.0,101.0,0.8446153846153847,0.1828079609894587,9512.71482154038,386151956.54,222054.029,Census Tract 4214; Alameda County; California,257,302,278,902,Census Tract 4214; Alameda County; California,11,87,114,1164
26,341,6001420100,1,Census Tract 4201,188125.0,32101.0,1013,Berkeley,Alameda County,Berkeley,606000,City,City of Berkeley,2409837,Berkeley,Census Tract 4201; Alameda County; California,2024.0,2636.0,1298.0,146.0,569.0,332.0,0.4924127465857359,0.0553869499241274,0.2158573596358118,0.125948406676783,0.507587253414264,197813.0,1314700.0,1039.0,824.0,215.0,0.793070259865255,0.2167820325006763,12159.679331319934,150468069.62,57081.969,Census Tract 4201; Alameda County; California,578,298,567,1193,Census Tract 4201; Alameda County; California,57,259,219,1451
27,344,6001421100,1,Census Tract 4211,234243.0,19479.0,1013,Berkeley,Alameda County,Berkeley,606000,City,City of Berkeley,2409837,Berkeley,Census Tract 4211; Alameda County; California,2024.0,2214.0,1539.0,104.0,209.0,143.0,0.6951219512195121,0.046973803071364,0.0943992773261065,0.0645889792231255,0.3048780487804878,250001.0,1725700.0,876.0,799.0,77.0,0.9121004566210046,0.2923957716754073,7571.9289212492195,153382856.54,69278.616,Census Tract 4211; Alameda County; California,346,261,393,1214,Census Tract 4211; Alameda County; California,24,69,91,1546
28,947,6001421200,1,Census Tract 4212,247171.0,30255.0,1013,Berkeley,Alameda County,Berkeley,606000,City,City of Berkeley,2409837,Berkeley,Census Tract 4212; Alameda County; California,2024.0,3588.0,2126.0,0.0,879.0,269.0,0.592530657748049,0.0,0.2449832775919732,0.0749721293199554,0.4074693422519509,250001.0,1960800.0,1437.0,1378.0,59.0,0.9589422407794016,0.5017626397063258,7150.791462074583,226408156.54,63101.493,Census Tract 4212; Alameda County; California,618,322,546,2102,Census Tract 4212; Alameda County; California,23,89,175,2611
29,965,6001421300,1,Census Tract 4213,130500.0,57509.0,1013,Berkeley,Alameda County,Berkeley,606000,City,City of Berkeley,2409837,Berkeley,Census Tract 4213; Alameda County; California,2024.0,4131.0,2866.0,11.0,576.0,38.0,0.6937787460663277,0.0026627935124667,0.1394335511982571,0.009198741224885,0.3062212539336723,148235.0,1575200.0,1850.0,1516.0,334.0,0.8194594594594594,0.4226275310091099,9774.56435489754,353675269.62,85614.928,Census Tract 4213; Alameda County; California,823,360,618,2330,Census Tract 4213; Alameda County; California,41,104,271,2666
30,982,6001421500,1,Census Tract 4215,201950.0,33211.0,1013,Berkeley,Alameda County,Berkeley,606000,City,City of Berkeley,2409837,Berkeley,Census Tract 4215; Alameda County; California,2024.0,3989.0,3108.0,87.0,308.0,263.0,0.7791426422662321,0.0218099774379543,0.0772123339182752,0.0659313111055402,0.2208573577337679,226181.0,1644000.0,1581.0,1309.0,272.0,0.8279569892473119,0.5983745359958547,6666.393303921667,236094456.54,59186.377,Census Tract 4215; Alameda County; California,697,609,862,1821,Census Tract 4215; Alameda County; California,85,100,308,2534
31,988,6001421600,1,Census Tract 4216,218390.0,20609.0,1013,Berkeley,Alameda County,Berkeley,606000,City,City of Berkeley,2409837,Berkeley,Census Tract 4216; Alameda County; California,2024.0,4008.0,2735.0,73.0,431.0,283.0,0.6823852295409182,0.0182135728542914,0.1075349301397205,0.0706087824351297,0.3176147704590818,232344.0,1387000.0,1609.0,1293.0,316.0,0.8036047234307023,0.510004763402226,7858.750128651262,381103456.54,95085.693,Census Tract 4216; Alameda County; California,641,776,662,1929,Census Tract 4216; Alameda County; California,19,103,145,2749
32,1242,6001422300,1,Census Tract 4223,93750.0,19397.0,1013,Berkeley,Alameda County,Berkeley,606000,City,City of Berkeley,2409837,Berkeley,Census Tract 4223; Alameda County; California,2024.0,3770.0,1578.0,622.0,850.0,326.0,0.4185676392572944,0.1649867374005305,0.2254641909814323,0.086472148541114,0.5814323607427055,86071.0,1544000.0,1692.0,564.0,1128.0,0.3333333333333333,0.2163849184094061,17422.656013701737,528132669.62,140088.241,Census Tract 4223; Alameda County; California,566,1330,481,1393,Census Tract 4223; Alameda County; California,95,249,434,1944
33,1243,6001422400,1,Census Tract 4224,69717.0,16049.0,1013,Berkeley,Alameda County,Berkeley,606000,City,City of Berkeley,2409837,Berkeley,Census Tract 4224; Alameda County; California,2024.0,4096.0,1806.0,153.0,1517.0,155.0,0.44091796875,0.037353515625,0.370361328125,0.037841796875,0.55908203125,88902.0,1184100.0,2013.0,403.0,1610.0,0.2001987083954297,0.1839925667755118,22261.768895248377,556572456.54,135881.947,Census Tract 4224; Alameda County; California,185,2658,374,879,Census Tract 4224; Alameda County; California,89,41,187,2504
34,48,6001982100,1,Census Tract 9821,,,1013,Berkeley,Alameda County,Berkeley,606000,City,City of Berkeley,2409837,Berkeley,Census Tract 9821; Alameda County; California,2024.0,1104.0,427.0,107.0,339.0,184.0,0.3867753623188406,0.0969202898550724,0.3070652173913043,0.1666666666666666,0.6132246376811594,152250.0,,27.0,3.0,24.0,0.1111111111111111,0.6570733696316358,1680.1776651196767,439817656.54,398385.558,Census Tract 9821; Alameda County; California,26,1041,22,15,Census Tract 9821; Alameda County; California,0,0,7,102
35,948,6001422800,1,Census Tract 4228,26056.0,7471.0,1013,Berkeley,Alameda County,Berkeley,606000,City,City of Berkeley,2409837,Berkeley,Census Tract 4228; Alameda County; California,2024.0,9850.0,2246.0,698.0,3692.0,2261.0,0.2280203045685279,0.0708629441624365,0.3748223350253807,0.2295431472081218,0.771979695431472,32026.0,,1614.0,19.0,1595.0,0.0117719950433705,0.157251312466134,62638.586893329215,360167756.54,36565.254,Census Tract 4228; Alameda County; California,181,9020,397,252,Census Tract 4228; Alameda County; California,28,70,206,973
36,467,6001422500,1,Census Tract 4225,58558.0,33524.0,1013,Berkeley,Alameda County,Berkeley,606000,City,City of Berkeley,2409837,Berkeley,Census Tract 4225; Alameda County; California,2024.0,4481.0,1943.0,288.0,1252.0,645.0,0.4336085695157331,0.0642713679982146,0.279401919214461,0.1439410845793349,0.5663914304842669,53041.0,1201800.0,1694.0,254.0,1440.0,0.1499409681227863,0.1808395529757753,24778.871249478587,415311456.54,92682.762,Census Tract 4225; Alameda County; California,157,2785,612,927,Census Tract 4225; Alameda County; California,214,259,284,1465
37,543,6001423602,1,Census Tract 4236.02,59297.0,18327.0,1013,Berkeley,Alameda County,Berkeley,606000,City,City of Berkeley,2409837,Berkeley,Census Tract 4236.02; Alameda County; California,2024.0,5621.0,2577.0,189.0,1607.0,812.0,0.4584593488703077,0.0336239103362391,0.285892190001779,0.1444582814445828,0.5415406511296923,53952.0,909500.0,2255.0,664.0,1591.0,0.2944567627494456,0.1602098823965387,35085.22642871275,332509100.0,59154.795,Census Tract 4236.02; Alameda County; California,345,3599,452,1225,Census Tract 4236.02; Alameda County; California,123,105,759,1675
38,1004,6001423601,1,Census Tract 4236.01,155857.0,18596.0,1013,Berkeley,Alameda County,Berkeley,606000,City,City of Berkeley,2409837,Berkeley,Census Tract 4236.01; Alameda County; California,2024.0,2603.0,1578.0,56.0,403.0,297.0,0.606223588167499,0.0215136381098732,0.1548213599692662,0.114099116404149,0.393776411832501,166310.0,1421900.0,1136.0,555.0,581.0,0.488556338028169,0.1984587501293889,13116.075750265103,386881800.0,148629.197,Census Tract 4236.01; Alameda County; California,305,800,439,1059,Census Tract 4236.01; Alameda County; California,71,69,348,1558
39,974,6001423902,1,Census Tract 4239.02,171583.0,30319.0,1013,Berkeley,Alameda County,Berkeley,606000,City,City of Berkeley,2409837,Berkeley,Census Tract 4239.02; Alameda County; California,2024.0,1537.0,953.0,91.0,215.0,187.0,0.620039037085231,0.0592062459336369,0.1398828887443071,0.121665582303188,0.379960962914769,165893.0,1497200.0,702.0,227.0,475.0,0.3233618233618233,0.1104834385732253,13911.587291712676,416604800.0,271050.618,Census Tract 4239.02; Alameda County; California,169,469,386,513,Census Tract 4239.02; Alameda County; California,29,37,95,939
40,995,6001400400,1,Census Tract 4004,158836.0,9038.0,1013,Berkeley,Alameda County,Berkeley,606000,City,City of Berkeley,2409837,Berkeley,Census Tract 4004; Alameda County; California,2024.0,4399.0,2711.0,337.0,517.0,509.0,0.6162764264605592,0.0766083200727438,0.1175267106160491,0.115708115480791,0.3837235735394407,165134.0,1586700.0,1803.0,910.0,893.0,0.50471436494731,0.2788010968024936,15778.273652618773,593558700.0,134930.371,Census Tract 4004; Alameda County; California,992,811,1279,1317,Census Tract 4004; Alameda County; California,50,165,328,2771
41,954,6001400200,1,Census Tract 4002,225500.0,29169.0,1013,Berkeley,Alameda County,Berkeley,606000,City,City of Berkeley,2409837,Berkeley,Census Tract 4002; Alameda County; California,2024.0,2203.0,1428.0,45.0,274.0,202.0,0.6482069904675443,0.020426690876078,0.1243758511121198,0.0916931457103949,0.3517930095324557,208438.0,1927600.0,879.0,537.0,342.0,0.6109215017064846,0.2232180115681303,9869.27526378221,488475600.0,221732.002,Census Tract 4002; Alameda County; California,389,450,476,888,Census Tract 4002; Alameda County; California,72,93,159,1426
42,468,6001422700,1,Census Tract 4227,42417.0,42276.0,1013,Berkeley,Alameda County,Berkeley,606000,City,City of Berkeley,2409837,Berkeley,Census Tract 4227; Alameda County; California,2024.0,5154.0,1747.0,168.0,1861.0,846.0,0.3389600310438494,0.0325960419091967,0.3610787737679472,0.1641443538998835,0.6610399689561506,,1202700.0,1002.0,130.0,872.0,0.1297405189620758,0.1302613816291165,39566.60013536933,209542600.0,40656.306,Census Tract 4227; Alameda County; California,98,4544,301,211,Census Tract 4227; Alameda County; California,24,35,135,1009
43,363,6001423700,1,Census Tract 4237,108750.0,25957.0,1013,Berkeley,Alameda County,Berkeley,606000,City,City of Berkeley,2409837,Berkeley,Census Tract 4237; Alameda County; California,2024.0,3381.0,1930.0,117.0,661.0,436.0,0.5708370304643596,0.0346051464063886,0.1955042886719905,0.1289559301981662,0.4291629695356403,95833.0,2000001.0,1152.0,500.0,652.0,0.4340277777777778,0.2794641670708404,12098.152100991758,307414200.0,90924.046,Census Tract 4237; Alameda County; California,501,1542,456,882,Census Tract 4237; Alameda County; California,9,128,203,1415
44,364,6001423800,1,Census Tract 4238,191838.0,36869.0,1013,Berkeley,Alameda County,Berkeley,606000,City,City of Berkeley,2409837,Berkeley,Census Tract 4238; Alameda County; California,2024.0,3397.0,2390.0,0.0,412.0,196.0,0.7035619664409773,0.0,0.1212834854283191,0.0576979687959964,0.2964380335590226,184871.0,2000001.0,1431.0,1024.0,407.0,0.7155835080363382,0.4159563409835084,8166.7224785369535,448765900.0,132106.535,Census Tract 4238; Alameda County; California,580,454,643,1720,Census Tract 4238; Alameda County; California,57,48,246,2324
45,68,6001404300,1,Census Tract 4043,227237.0,58110.0,1013,Berkeley,Alameda County,Berkeley,606000,City,City of Berkeley,2409837,Berkeley,Census Tract 4043; Alameda County; California,2024.0,3600.0,2585.0,87.0,407.0,219.0,0.7180555555555556,0.0241666666666666,0.1130555555555555,0.0608333333333333,0.2819444444444444,232386.0,2000001.0,1453.0,1317.0,136.0,0.9064005505849966,0.7161583206827863,5026.821438823409,337685000.0,93801.389,Census Tract 4043; Alameda County; California,765,445,656,1734,Census Tract 4043; Alameda County; California,0,105,265,2239
46,52,6001420401,1,Census Tract 4204.01,72708.0,21401.0,1013,Berkeley,Alameda County,Berkeley,606000,City,City of Berkeley,2409837,Berkeley,Census Tract 4204.01; Alameda County; California,2024.0,1406.0,506.0,5.0,506.0,283.0,0.3598862019914651,0.003556187766714,0.3598862019914651,0.201280227596017,0.6401137980085349,92344.0,,449.0,0.0,449.0,0.0,0.0766176360870765,18350.86635147644,217469608.86,154672.553,Census Tract 4204.01; Alameda County; California,233,747,220,206,Census Tract 4204.01; Alameda County; California,46,22,84,607
47,929,6001400100,1,Census Tract 4001,234236.0,42845.0,1013,Berkeley,Alameda County,Berkeley,606000,City,City of Berkeley,2409837,Berkeley,Census Tract 4001; Alameda County; California,2024.0,3132.0,2051.0,156.0,544.0,214.0,0.6548531289910601,0.0498084291187739,0.1736909323116219,0.0683269476372924,0.3451468710089399,250001.0,1790500.0,1337.0,1256.0,81.0,0.9394166043380704,2.6834107245618166,1167.1713060293575,296494200.0,94666.092,Census Tract 4001; Alameda County; California,585,282,461,1804,Census Tract 4001; Alameda County; California,0,40,382,2066
48,169,6001425101,1,Census Tract 4251.01,81722.0,22140.0,1017,Oakland,Alameda County,Oakland,653000,City,City of Oakland,2411292,Berkeley,Census Tract 4251.01; Alameda County; California,2024.0,1601.0,705.0,61.0,487.0,179.0,0.4403497813866333,0.038101186758276,0.3041848844472204,0.1118051217988757,0.5596502186133667,95435.0,516000.0,1260.0,556.0,704.0,0.4412698412698412,0.4534252555508957,3530.9016875446014,136545656.54,85287.731,Census Tract 4251.01; Alameda County; California,43,517,221,820,Census Tract 4251.01; Alameda County; California,7,74,457,967
49,979,6001400300,1,Census Tract 4003,164000.0,44675.0,1017,Oakland,Alameda County,Oakland,653000,City,City of Oakland,2411292,Oakland,Census Tract 4003; Alameda County; California,2024.0,5990.0,3486.0,518.0,475.0,571.0,0.5819699499165275,0.0864774624373956,0.0792988313856427,0.0953255425709515,0.4180300500834725,176618.0,1751200.0,2888.0,1245.0,1643.0,0.4310941828254848,0.4293613306080973,13950.953597792475,515591400.0,86075.359,Census Tract 4003; Alameda County; California,879,1393,1258,2460,Census Tract 4003; Alameda County; California,95,257,489,3948
50,1223,6001428700,1,Census Tract 4287,117153.0,53698.0,1017,Oakland,Alameda County,Oakland,653000,City,City of Oakland,2411292,San Francisco,Census Tract 4287; Alameda County; California,2024.0,5600.0,1293.0,738.0,2273.0,872.0,0.2308928571428571,0.1317857142857142,0.4058928571428571,0.1557142857142857,0.7691071428571429,191528.0,1426900.0,1787.0,854.0,933.0,0.4778959149412423,3.4256445114849763,1634.7288754642163,110004900.0,19643.732,Census Tract 4287; Alameda County; California,1653,1139,1399,1409,Census Tract 4287; Alameda County; California,251,489,729,2152
51,334,6001409400,1,Census Tract 4094,66602.0,32782.0,1017,Oakland,Alameda County,Oakland,653000,City,City of Oakland,2411292,Oakland,Census Tract 4094; Alameda County; California,2024.0,4983.0,132.0,826.0,455.0,3498.0,0.0264900662251655,0.1657635962271723,0.0913104555488661,0.7019867549668874,0.9735099337748344,88707.0,630600.0,1348.0,688.0,660.0,0.5103857566765578,0.4800794777572773,10379.531371093824,101156400.0,20300.301,Census Tract 4094; Alameda County; California,1381,1185,1352,1065,Census Tract 4094; Alameda County; California,1141,1005,455,403
52,339,6001410200,1,Census Tract 4102,75106.0,9797.0,1017,Oakland,Alameda County,Oakland,653000,City,City of Oakland,2411292,Oakland,Census Tract 4102; Alameda County; California,2024.0,3409.0,325.0,918.0,101.0,1667.0,0.0953358756233499,0.2692871809914931,0.0296274567321795,0.4889997066588442,0.90466412437665,81075.0,634800.0,1110.0,491.0,619.0,0.4423423423423423,0.2267846877948701,15031.87906179754,169567700.0,49741.185,Census Tract 4102; Alameda County; California,799,730,859,1021,Census Tract 4102; Alameda County; California,696,630,752,286
53,338,6001410100,1,Census Tract 4101,84135.0,17999.0,1017,Oakland,Alameda County,Oakland,653000,City,City of Oakland,2411292,Oakland,Census Tract 4101; Alameda County; California,2024.0,2833.0,287.0,1325.0,371.0,687.0,0.1013060360042358,0.4677020825979527,0.1309565831274267,0.2424991175432403,0.8986939639957642,86813.0,706000.0,1059.0,694.0,365.0,0.6553352219074599,0.317404943702613,8925.506852389575,154306400.0,54467.49,Census Tract 4101; Alameda County; California,601,588,884,760,Census Tract 4101; Alameda County; California,227,561,512,671
54,335,6001409500,1,Census Tract 4095,54000.0,23814.0,1017,Oakland,Alameda County,Oakland,653000,City,City of Oakland,2411292,Oakland,Census Tract 4095; Alameda County; California,2024.0,4548.0,690.0,677.0,39.0,2995.0,0.1517150395778364,0.1488566402814423,0.008575197889182,0.6585312225153914,0.8482849604221636,69583.0,460500.0,1085.0,330.0,755.0,0.304147465437788,0.3250062730239596,13993.576055268077,94719100.0,20826.539,Census Tract 4095; Alameda County; California,1190,1392,1070,896,Census Tract 4095; Alameda County; California,1060,965,469,304
55,336,6001409600,1,Census Tract 4096,54012.0,8720.0,1017,Oakland,Alameda County,Oakland,653000,City,City of Oakland,2411292,Oakland,Census Tract 4096; Alameda County; California,2024.0,5442.0,75.0,1560.0,0.0,3700.0,0.0137816979051819,0.2866593164277839,0.0,0.6798970966556414,0.986218302094818,62903.0,537500.0,1682.0,743.0,939.0,0.4417360285374554,0.2861980591910022,19014.803997563555,101520000.0,18654.906,Census Tract 4096; Alameda County; California,1406,1683,755,1598,Census Tract 4096; Alameda County; California,1234,1080,643,500
56,308,6001408900,1,Census Tract 4089,44077.0,12213.0,1017,Oakland,Alameda County,Oakland,653000,City,City of Oakland,2411292,Oakland,Census Tract 4089; Alameda County; California,2024.0,3958.0,120.0,744.0,86.0,3008.0,0.0303183425972713,0.1879737241030823,0.0217281455280444,0.7599797877716018,0.9696816574027286,48125.0,473100.0,1179.0,363.0,816.0,0.3078880407124681,0.3185154313489284,12426.399509868885,108980800.0,27534.31,Census Tract 4089; Alameda County; California,870,1049,886,1153,Census Tract 4089; Alameda County; California,1194,730,650,158
57,337,6001409700,1,Census Tract 4097,47161.0,9483.0,1017,Oakland,Alameda County,Oakland,653000,City,City of Oakland,2411292,Oakland,Census Tract 4097; Alameda County; California,2024.0,5543.0,293.0,1857.0,344.0,2429.0,0.05285946238499,0.3350171387335378,0.0620602561789644,0.4382103554032112,0.94714053761501,37237.0,583800.0,1742.0,550.0,1192.0,0.3157290470723307,0.3152948497281838,17580.369627916945,86264200.0,15562.728,Census Tract 4097; Alameda County; California,1584,1385,1227,1347,Census Tract 4097; Alameda County; California,995,973,1018,447
58,307,6001408800,1,Census Tract 4088,44100.0,18518.0,1017,Oakland,Alameda County,Oakland,653000,City,City of Oakland,2411292,Oakland,Census Tract 4088; Alameda County; California,2024.0,7461.0,640.0,2329.0,545.0,3189.0,0.0857793861412679,0.3121565473797078,0.0730465085109234,0.4274225975070366,0.914220613858732,42759.0,559100.0,2397.0,442.0,1955.0,0.1843971631205673,0.4571601458652081,16320.320280499356,137757700.0,18463.705,Census Tract 4088; Alameda County; California,2233,2041,1299,1888,Census Tract 4088; Alameda County; California,1428,1228,1344,500
59,357,6001407300,1,Census Tract 4073,77813.0,19635.0,1017,Oakland,Alameda County,Oakland,653000,City,City of Oakland,2411292,Oakland,Census Tract 4073; Alameda County; California,2024.0,2513.0,343.0,176.0,341.0,1578.0,0.1364902506963788,0.0700358137684043,0.1356943891762833,0.6279347393553522,0.8635097493036212,81917.0,565000.0,701.0,297.0,404.0,0.4236804564907275,0.997739277651007,2518.6940679697354,249243400.0,99181.616,Census Tract 4073; Alameda County; California,513,729,707,564,Census Tract 4073; Alameda County; California,613,299,355,455
60,304,6001408500,1,Census Tract 4085,61750.0,26609.0,1017,Oakland,Alameda County,Oakland,653000,City,City of Oakland,2411292,Oakland,Census Tract 4085; Alameda County; California,2024.0,5263.0,82.0,1792.0,380.0,2451.0,0.0155804674140224,0.3404902147064412,0.0722021660649819,0.4657039711191336,0.9844195325859776,57303.0,611200.0,1729.0,713.0,1016.0,0.4123770965876229,0.3212123180962322,16384.801277836592,98358000.0,18688.581,Census Tract 4085; Alameda County; California,1335,1373,920,1635,Census Tract 4085; Alameda County; California,983,893,979,634
61,305,6001408600,1,Census Tract 4086,80114.0,29019.0,1017,Oakland,Alameda County,Oakland,653000,City,City of Oakland,2411292,Oakland,Census Tract 4086; Alameda County; California,2024.0,5925.0,563.0,1870.0,294.0,2926.0,0.0950210970464135,0.3156118143459915,0.0496202531645569,0.4938396624472574,0.9049789029535864,77083.0,631200.0,2054.0,969.0,1085.0,0.4717624148003895,0.4104489389702124,14435.4131231656,121569300.0,20518.025,Census Tract 4086; Alameda County; California,1472,1401,1181,1871,Census Tract 4086; Alameda County; California,1008,894,1168,996
62,306,6001408700,1,Census Tract 4087,45500.0,24965.0,1017,Oakland,Alameda County,Oakland,653000,City,City of Oakland,2411292,Oakland,Census Tract 4087; Alameda County; California,2024.0,7280.0,561.0,2004.0,536.0,4052.0,0.0770604395604395,0.2752747252747253,0.0736263736263736,0.5565934065934066,0.9229395604395604,53116.0,699900.0,2757.0,1033.0,1724.0,0.3746826260428001,0.4390888628035136,16579.787411409936,134397900.0,18461.25,Census Tract 4087; Alameda County; California,1680,1692,1438,2470,Census Tract 4087; Alameda County; California,1020,1717,864,1331
63,358,6001407400,1,Census Tract 4074,57961.0,27516.0,1017,Oakland,Alameda County,Oakland,653000,City,City of Oakland,2411292,Oakland,Census Tract 4074; Alameda County; California,2024.0,4311.0,243.0,1795.0,381.0,1776.0,0.0563674321503131,0.4163767107399675,0.0883785664578984,0.4119693806541405,0.9436325678496869,70991.0,632400.0,1355.0,417.0,938.0,0.3077490774907749,0.1979218610113767,21781.32308361935,229967300.0,53344.305,Census Tract 4074; Alameda County; California,896,882,1118,1415,Census Tract 4074; Alameda County; California,712,848,932,564
64,302,6001408200,1,Census Tract 4082,79821.0,6291.0,1017,Oakland,Alameda County,Oakland,653000,City,City of Oakland,2411292,Oakland,Census Tract 4082; Alameda County; California,2024.0,4504.0,824.0,1960.0,196.0,1281.0,0.1829484902309058,0.4351687388987567,0.0435168738898756,0.2844138543516873,0.8170515097690941,86624.0,839100.0,1837.0,1079.0,758.0,0.5873707131192161,0.3490786128802556,12902.537806133105,178320200.0,39591.519,Census Tract 4082; Alameda County; California,1045,859,1106,1494,Census Tract 4082; Alameda County; California,314,387,937,1570
65,360,6001407700,1,Census Tract 4077,116814.0,9490.0,1017,Oakland,Alameda County,Oakland,653000,City,City of Oakland,2411292,Oakland,Census Tract 4077; Alameda County; California,2024.0,4271.0,1866.0,1308.0,239.0,482.0,0.4369000234137204,0.3062514633575275,0.0559587918520252,0.1128541325216576,0.5630999765862796,128011.0,922200.0,1755.0,1290.0,465.0,0.7350427350427351,0.3507902535500192,12175.366780511187,140037900.0,32788.082,Census Tract 4077; Alameda County; California,964,539,1223,1545,Census Tract 4077; Alameda County; California,183,518,580,1793
66,355,6001407200,1,Census Tract 4072,59937.0,9969.0,1017,Oakland,Alameda County,Oakland,653000,City,City of Oakland,2411292,Oakland,Census Tract 4072; Alameda County; California,2024.0,6672.0,594.0,119.0,568.0,5093.0,0.0890287769784172,0.0178357314148681,0.0851318944844124,0.7633393285371702,0.9109712230215828,75993.0,613200.0,1927.0,561.0,1366.0,0.2911261027503892,0.275432796576691,24223.69479206976,290267700.0,43505.351,Census Tract 4072; Alameda County; California,1696,1591,1745,1640,Census Tract 4072; Alameda County; California,1568,1110,817,975
67,359,6001407600,1,Census Tract 4076,86761.0,22815.0,1017,Oakland,Alameda County,Oakland,653000,City,City of Oakland,2411292,Oakland,Census Tract 4076; Alameda County; California,2024.0,6771.0,1867.0,598.0,785.0,2998.0,0.2757347511445872,0.088317826022744,0.1159356077388864,0.4427706394919509,0.7242652488554128,75132.0,839700.0,2108.0,1062.0,1046.0,0.5037950664136622,0.3957380438458872,17109.803076291646,285509100.0,42166.46,Census Tract 4076; Alameda County; California,1679,1994,1685,1413,Census Tract 4076; Alameda County; California,918,724,1064,1401
68,361,6001407800,1,Census Tract 4078,113438.0,23255.0,1017,Oakland,Alameda County,Oakland,653000,City,City of Oakland,2411292,Oakland,Census Tract 4078; Alameda County; California,2024.0,2523.0,859.0,499.0,198.0,858.0,0.3404676971858898,0.1977804201347602,0.0784780023781212,0.3400713436385256,0.6595323028141102,105179.0,897900.0,751.0,534.0,217.0,0.711051930758988,0.4715216046596399,5350.762245181079,221606600.0,87834.562,Census Tract 4078; Alameda County; California,509,795,545,674,Census Tract 4078; Alameda County; California,281,104,251,878
69,436,6001428301,1,Census Tract 4283.01,191875.0,14967.0,1017,Oakland,Alameda County,Oakland,653000,City,City of Oakland,2411292,Oakland,Census Tract 4283.01; Alameda County; California,2024.0,6618.0,1951.0,68.0,2864.0,1264.0,0.294802055001511,0.0102750075551526,0.432759141734663,0.1909942580840133,0.705197944998489,177551.0,989200.0,2241.0,1971.0,270.0,0.8795180722891566,1.7585422026748492,3763.344428091416,22053000.0,3332.276,Census Tract 4283.01; Alameda County; California,1736,663,1810,2409,Census Tract 4283.01; Alameda County; California,456,323,655,3121
70,477,6001427100,1,Census Tract 4271,215045.0,49975.0,1017,Oakland,Alameda County,Oakland,653000,City,City of Oakland,2411292,Oakland,Census Tract 4271; Alameda County; California,2024.0,4036.0,2365.0,43.0,639.0,584.0,0.58597621407334,0.0106541129831516,0.1583250743310208,0.1446977205153617,0.41402378592666,233846.0,1429500.0,1356.0,1102.0,254.0,0.8126843657817109,0.4552303729169559,8865.84077011104,104312400.0,25845.491,Census Tract 4271; Alameda County; California,972,373,1115,1576,Census Tract 4271; Alameda County; California,156,188,676,1865
71,478,6001427200,1,Census Tract 4272,118571.0,33447.0,1017,Oakland,Alameda County,Oakland,653000,City,City of Oakland,2411292,Oakland,Census Tract 4272; Alameda County; California,2024.0,4138.0,1620.0,138.0,1399.0,511.0,0.3914934751087482,0.0333494441759304,0.3380860318994683,0.1234896085065248,0.6085065248912518,110926.0,1106900.0,1470.0,553.0,917.0,0.3761904761904762,0.7497125441109668,5519.448797414712,125964600.0,30440.938,Census Tract 4272; Alameda County; California,967,704,1146,1321,Census Tract 4272; Alameda County; California,182,378,780,1572
72,504,6001427300,1,Census Tract 4273,124432.0,38561.0,1017,Oakland,Alameda County,Oakland,653000,City,City of Oakland,2411292,Oakland,Census Tract 4273; Alameda County; California,2024.0,5556.0,1687.0,833.0,1745.0,617.0,0.3036357091432685,0.1499280057595392,0.3140748740100792,0.1110511159107271,0.6963642908567315,141594.0,1166500.0,2144.0,953.0,1191.0,0.4444962686567164,1.0729965639095984,5178.022173487689,110004900.0,19799.298,Census Tract 4273; Alameda County; California,1478,1251,1448,1379,Census Tract 4273; Alameda County; California,150,395,875,2364
73,615,6001432200,1,Census Tract 4322,94276.0,21612.0,1017,Oakland,Alameda County,Oakland,653000,City,City of Oakland,2411292,Oakland,Census Tract 4322; Alameda County; California,2024.0,3904.0,1076.0,364.0,526.0,1593.0,0.2756147540983606,0.0932377049180328,0.134733606557377,0.4080430327868852,0.7243852459016393,85000.0,994100.0,1498.0,721.0,777.0,0.4813084112149532,0.3976282634104138,9818.21555267682,110494500.0,28302.894,Census Tract 4322; Alameda County; California,772,652,1038,1442,Census Tract 4322; Alameda County; California,299,632,917,1034
74,616,6001432300,1,Census Tract 4323,154028.0,28148.0,1017,Oakland,Alameda County,Oakland,653000,City,City of Oakland,2411292,Oakland,Census Tract 4323; Alameda County; California,2024.0,4700.0,1023.0,413.0,1360.0,1614.0,0.2176595744680851,0.0878723404255319,0.2893617021276595,0.3434042553191489,0.7823404255319149,147188.0,867700.0,1728.0,1257.0,471.0,0.7274305555555556,0.4005880641894314,11732.750973272754,107204400.0,22809.447,Census Tract 4323; Alameda County; California,948,843,959,1950,Census Tract 4323; Alameda County; California,415,488,906,1681
75,677,6001407101,1,Census Tract 4071.01,48281.0,9470.0,1017,Oakland,Alameda County,Oakland,653000,City,City of Oakland,2411292,Oakland,Census Tract 4071.01; Alameda County; California,2024.0,3545.0,352.0,435.0,767.0,1657.0,0.0992947813822285,0.1227080394922426,0.216361071932299,0.4674188998589563,0.9007052186177715,68636.0,669200.0,1156.0,475.0,681.0,0.4108996539792388,0.1429870724830906,24792.45108273145,230613300.0,65053.117,Census Tract 4071.01; Alameda County; California,754,836,979,976,Census Tract 4071.01; Alameda County; California,611,873,420,642
76,678,6001407102,1,Census Tract 4071.02,70284.0,25805.0,1017,Oakland,Alameda County,Oakland,653000,City,City of Oakland,2411292,Oakland,Census Tract 4071.02; Alameda County; California,2024.0,3996.0,375.0,746.0,1057.0,1636.0,0.0938438438438438,0.1866866866866867,0.2645145145145145,0.4094094094094094,0.9061561561561562,83125.0,696800.0,1327.0,813.0,514.0,0.6126601356443104,0.2549644649063248,15672.772287966289,300164300.0,75116.191,Census Tract 4071.02; Alameda County; California,756,1135,724,1381,Census Tract 4071.02; Alameda County; California,608,839,600,589
77,680,6001406201,1,Census Tract 4062.01,50417.0,19883.0,1017,Oakland,Alameda County,Oakland,653000,City,City of Oakland,2411292,Oakland,Census Tract 4062.01; Alameda County; California,2024.0,5344.0,437.0,358.0,970.0,3283.0,0.0817739520958083,0.0669910179640718,0.1815119760479042,0.6143338323353293,0.9182260479041916,74635.0,762300.0,1506.0,320.0,1186.0,0.2124833997343957,0.1572999420288784,33973.31194832165,189986100.0,35551.291,Census Tract 4062.01; Alameda County; California,1265,1781,986,1312,Census Tract 4062.01; Alameda County; California,1246,961,710,616
78,681,6001406202,1,Census Tract 4062.02,55000.0,11144.0,1017,Oakland,Alameda County,Oakland,653000,City,City of Oakland,2411292,Oakland,Census Tract 4062.02; Alameda County; California,2024.0,5257.0,446.0,237.0,816.0,3621.0,0.0848392619364656,0.0450827468137721,0.1552216092828609,0.6887958911926955,0.9151607380635344,68160.0,783200.0,1403.0,170.0,1233.0,0.1211689237348538,0.1516712237302976,34660.497032370615,187079900.0,35586.818,Census Tract 4062.02; Alameda County; California,1258,1352,1067,1580,Census Tract 4062.02; Alameda County; California,1418,517,773,729
79,801,6001406100,1,Census Tract 4061,64879.0,4993.0,1017,Oakland,Alameda County,Oakland,653000,City,City of Oakland,2411292,Oakland,Census Tract 4061; Alameda County; California,2024.0,5810.0,752.0,853.0,1200.0,2689.0,0.1294320137693631,0.1468158347676419,0.2065404475043029,0.4628227194492255,0.8705679862306368,73267.0,750000.0,2114.0,612.0,1502.0,0.2894985808893093,0.7474168387696147,7773.440065338006,352925100.0,60744.423,Census Tract 4061; Alameda County; California,1126,1709,1126,1849,Census Tract 4061; Alameda County; California,1045,804,1035,1325
80,922,6001409800,1,Census Tract 4098,106023.0,27339.0,1017,Oakland,Alameda County,Oakland,653000,City,City of Oakland,2411292,Oakland,Census Tract 4098; Alameda County; California,2024.0,3370.0,494.0,1505.0,226.0,693.0,0.1465875370919881,0.4465875370919881,0.0670623145400593,0.2056379821958457,0.8534124629080119,115650.0,913100.0,1189.0,795.0,394.0,0.6686291000841043,0.6917118571339844,4871.970843413244,147009300.0,43622.938,Census Tract 4098; Alameda County; California,696,694,891,1089,Census Tract 4098; Alameda County; California,202,369,861,1021
81,958,6001410300,1,Census Tract 4103,54698.0,10666.0,1017,Oakland,Alameda County,Oakland,653000,City,City of Oakland,2411292,Oakland,Census Tract 4103; Alameda County; California,2024.0,4093.0,32.0,341.0,71.0,3624.0,0.0078182262399218,0.0833129733691668,0.0173466894698265,0.8854141216711459,0.9921817737600782,61914.0,617500.0,1043.0,402.0,641.0,0.3854266538830297,0.2234217110393015,18319.616213484336,89336500.0,21826.655,Census Tract 4103; Alameda County; California,1170,1220,864,839,Census Tract 4103; Alameda County; California,1122,720,408,178
82,983,6001407500,1,Census Tract 4075,46019.0,17787.0,1017,Oakland,Alameda County,Oakland,653000,City,City of Oakland,2411292,Oakland,Census Tract 4075; Alameda County; California,2024.0,3458.0,258.0,357.0,475.0,2204.0,0.0746096009253904,0.1032388663967611,0.1373626373626373,0.6373626373626373,0.9253903990746096,70588.0,517100.0,1136.0,491.0,645.0,0.4322183098591549,0.1904945972951524,18152.745794896076,116989900.0,33831.666,Census Tract 4075; Alameda County; California,1108,869,495,986,Census Tract 4075; Alameda County; California,720,385,416,603
83,989,6001408300,1,Census Tract 4083,129295.0,33397.0,1017,Oakland,Alameda County,Oakland,653000,City,City of Oakland,2411292,Oakland,Census Tract 4083; Alameda County; California,2024.0,4705.0,1162.0,1499.0,567.0,1184.0,0.246971307120085,0.3185972369819341,0.120510095642933,0.2516471838469713,0.753028692879915,148950.0,836500.0,1855.0,1407.0,448.0,0.7584905660377359,0.5942630646730158,7917.3690570671,177194500.0,37660.893,Census Tract 4083; Alameda County; California,794,1069,1281,1561,Census Tract 4083; Alameda County; California,213,624,863,2009
84,311,6001409300,1,Census Tract 4093,56058.0,11209.0,1017,Oakland,Alameda County,Oakland,653000,City,City of Oakland,2411292,Oakland,Census Tract 4093; Alameda County; California,2024.0,5832.0,170.0,889.0,287.0,4184.0,0.0291495198902606,0.152434842249657,0.0492112482853223,0.7174211248285323,0.9708504801097394,68859.0,578100.0,1705.0,679.0,1026.0,0.3982404692082111,0.4170281118245356,13984.66874207706,133506900.0,22892.13,Census Tract 4093; Alameda County; California,1704,1435,1356,1337,Census Tract 4093; Alameda County; California,1044,1437,721,388
85,171,6001430102,1,Census Tract 4301.02,177250.0,15566.0,1017,Oakland,Alameda County,Oakland,653000,City,City of Oakland,2411292,Oakland,Census Tract 4301.02; Alameda County; California,2024.0,2425.0,1277.0,13.0,598.0,302.0,0.5265979381443299,0.005360824742268,0.2465979381443299,0.1245360824742268,0.4734020618556701,192426.0,1263100.0,893.0,771.0,122.0,0.8633818589025756,31.344948152233297,77.36493894398805,57367400.0,23656.66,Census Tract 4301.02; Alameda County; California,457,245,520,1203,Census Tract 4301.02; Alameda County; California,167,223,447,1010
86,303,6001408400,1,Census Tract 4084,63994.0,13046.0,1017,Oakland,Alameda County,Oakland,653000,City,City of Oakland,2411292,Oakland,Census Tract 4084; Alameda County; California,2024.0,3965.0,270.0,1258.0,251.0,2170.0,0.0680958385876418,0.3172761664564943,0.0633039092055485,0.5472887767969735,0.931904161412358,76528.0,648000.0,1284.0,574.0,710.0,0.4470404984423676,0.2081861287640753,19045.45717593555,94489700.0,23830.946,Census Tract 4084; Alameda County; California,946,1041,993,985,Census Tract 4084; Alameda County; California,765,643,693,546
87,340,6001410400,1,Census Tract 4104,82188.0,47297.0,1017,Oakland,Alameda County,Oakland,653000,City,City of Oakland,2411292,Oakland,Census Tract 4104; Alameda County; California,2024.0,4131.0,356.0,1112.0,292.0,2186.0,0.0861776809489227,0.2691842168966352,0.0706850641491164,0.5291696925683854,0.9138223190510772,108438.0,653300.0,1437.0,840.0,597.0,0.5845511482254697,0.2723786480855829,15166.387046249,130631600.0,31622.271,Census Tract 4104; Alameda County; California,680,1003,751,1697,Census Tract 4104; Alameda County; California,583,829,770,773
88,959,6001409900,1,Census Tract 4099,176141.0,52385.0,1017,Oakland,Alameda County,Oakland,653000,City,City of Oakland,2411292,Oakland,Census Tract 4099; Alameda County; California,2024.0,3769.0,1109.0,1578.0,189.0,482.0,0.2942425046431414,0.4186786946139559,0.0501459273016715,0.1278853807375961,0.7057574953568586,203385.0,1082900.0,1414.0,1266.0,148.0,0.8953323903818954,1.6656928352203717,2262.722105964609,112194600.0,29767.737,Census Tract 4099; Alameda County; California,574,843,847,1505,Census Tract 4099; Alameda County; California,74,313,623,1851
89,447,6001432100,1,Census Tract 4321,172278.0,13824.0,1017,Oakland,Alameda County,Oakland,653000,City,City of Oakland,2411292,Oakland,Census Tract 4321; Alameda County; California,2024.0,3820.0,1088.0,957.0,518.0,1062.0,0.2848167539267016,0.250523560209424,0.1356020942408377,0.2780104712041885,0.7151832460732984,188409.0,1064000.0,1278.0,847.0,431.0,0.662754303599374,0.4268443163151791,8949.39877137625,142800900.0,37382.435,Census Tract 4321; Alameda County; California,914,888,765,1253,Census Tract 4321; Alameda County; California,234,301,516,1492
90,864,6001410000,1,Census Tract 4100,154648.0,33542.0,1017,Oakland,Alameda County,Oakland,653000,City,City of Oakland,2411292,Oakland,Census Tract 4100; Alameda County; California,2024.0,3116.0,967.0,1155.0,430.0,183.0,0.3103337612323492,0.3706675224646983,0.137997432605905,0.0587291399229781,0.6896662387676509,188203.0,1131200.0,1207.0,1064.0,143.0,0.8815244407622204,2.586657400834963,1204.643490473136,121982800.0,39147.24,Census Tract 4100; Alameda County; California,570,432,618,1496,Census Tract 4100; Alameda County; California,167,372,547,1357
91,898,6001402500,1,Census Tract 4025,34250.0,19615.0,1017,Oakland,Alameda County,Oakland,653000,City,City of Oakland,2411292,Oakland,Census Tract 4025; Alameda County; California,2024.0,1943.0,528.0,925.0,250.0,104.0,0.2717447246525991,0.4760679361811631,0.1286670097786927,0.0535254760679361,0.728255275347401,36000.0,923100.0,716.0,102.0,614.0,0.1424581005586592,0.142111272567266,13672.384779189928,196203400.0,100979.619,Census Tract 4025; Alameda County; California,413,687,245,598,Census Tract 4025; Alameda County; California,178,254,504,320
92,885,6001401500,1,Census Tract 4015,75568.0,17441.0,1017,Oakland,Alameda County,Oakland,653000,City,City of Oakland,2411292,Oakland,Census Tract 4015; Alameda County; California,2024.0,2739.0,702.0,1293.0,122.0,434.0,0.2562979189485213,0.4720700985761227,0.0445418035779481,0.1584519897772909,0.7437020810514787,78598.0,798500.0,1233.0,435.0,798.0,0.3527980535279805,0.1806449491934095,15162.339230793874,244549056.54,89284.066,Census Tract 4015; Alameda County; California,325,839,639,936,Census Tract 4015; Alameda County; California,204,530,557,922
93,893,6001402400,1,Census Tract 4024,31279.0,9152.0,1017,Oakland,Alameda County,Oakland,653000,City,City of Oakland,2411292,Oakland,Census Tract 4024; Alameda County; California,2024.0,2666.0,542.0,1363.0,291.0,272.0,0.2033008252063015,0.5112528132033008,0.109152288072018,0.1020255063765941,0.7966991747936985,40741.0,686600.0,1252.0,376.0,876.0,0.3003194888178914,0.1301848248446684,20478.57730869147,201436200.0,75557.464,Census Tract 4024; Alameda County; California,477,665,531,993,Census Tract 4024; Alameda County; California,415,387,657,554
94,899,6001402600,1,Census Tract 4026,45560.0,4926.0,1017,Oakland,Alameda County,Oakland,653000,City,City of Oakland,2411292,Oakland,Census Tract 4026; Alameda County; California,2024.0,1192.0,219.0,393.0,472.0,14.0,0.1837248322147651,0.3296979865771812,0.3959731543624161,0.011744966442953,0.8162751677852349,47940.0,518900.0,635.0,181.0,454.0,0.2850393700787401,0.1234431998704376,9656.262971561722,234132700.0,196420.05,Census Tract 4026; Alameda County; California,131,247,272,542,Census Tract 4026; Alameda County; California,171,96,208,534
95,900,6001402700,1,Census Tract 4027,115750.0,46013.0,1017,Oakland,Alameda County,Oakland,653000,City,City of Oakland,2411292,Oakland,Census Tract 4027; Alameda County; California,2024.0,1637.0,421.0,684.0,152.0,208.0,0.25717776420281,0.4178375076359193,0.0928527794746487,0.1270616982284667,0.74282223579719,88958.0,919400.0,744.0,166.0,578.0,0.2231182795698924,0.149134814539031,10976.645560997227,273211900.0,166897.923,Census Tract 4027; Alameda County; California,135,542,425,535,Census Tract 4027; Alameda County; California,137,151,342,622
96,51,6001402802,1,Census Tract 4028.02,,,1017,Oakland,Alameda County,Oakland,653000,City,City of Oakland,2411292,Oakland,Census Tract 4028.02; Alameda County; California,2024.0,1602.0,396.0,655.0,325.0,127.0,0.247191011235955,0.4088639200998751,0.2028714107365792,0.0792759051186017,0.752808988764045,19981.0,785700.0,935.0,36.0,899.0,0.0385026737967914,0.0465495017199151,34414.97633291788,283014400.0,176663.171,Census Tract 4028.02; Alameda County; California,67,348,292,895,Census Tract 4028.02; Alameda County; California,303,239,493,367
97,47,6001403302,1,Census Tract 4033.02,148235.0,28657.0,1017,Oakland,Alameda County,Oakland,653000,City,City of Oakland,2411292,Oakland,Census Tract 4033.02; Alameda County; California,2024.0,2819.0,995.0,121.0,691.0,310.0,0.3529620432777581,0.0429230223483504,0.245122383824051,0.1099680737850301,0.647037956722242,144813.0,647100.0,1726.0,402.0,1324.0,0.2329084588644264,0.3196644848926302,8818.621189485137,277773000.0,98536.006,Census Tract 4033.02; Alameda County; California,85,1664,607,463,Census Tract 4033.02; Alameda County; California,36,45,504,1937
98,50,6001402801,1,Census Tract 4028.01,74931.0,55222.0,1017,Oakland,Alameda County,Oakland,653000,City,City of Oakland,2411292,Oakland,Census Tract 4028.01; Alameda County; California,2024.0,2891.0,643.0,1227.0,617.0,252.0,0.2224143894846074,0.4244206157039086,0.2134209616049809,0.0871670702179176,0.7775856105153927,50469.0,847000.0,1647.0,175.0,1472.0,0.1062537947783849,0.1114638255558469,25936.665869695247,330940900.0,114472.812,Census Tract 4028.01; Alameda County; California,361,997,564,969,Census Tract 4028.01; Alameda County; California,572,368,285,986
99,53,6001403301,1,Census Tract 4033.01,34417.0,16976.0,1017,Oakland,Alameda County,Oakland,653000,City,City of Oakland,2411292,Oakland,Census Tract 4033.01; Alameda County; California,2024.0,1900.0,106.0,112.0,1372.0,34.0,0.0557894736842105,0.0589473684210526,0.7221052631578947,0.0178947368421052,0.9442105263157896,40720.0,583300.0,867.0,170.0,697.0,0.196078431372549,0.0758835826268613,25038.353939386037,284391400.0,149679.684,Census Tract 4033.01; Alameda County; California,275,419,241,965,Census Tract 4033.01; Alameda County; California,513,538,199,338
100,46,6001403402,1,Census Tract 4034.02,89021.0,15101.0,1017,Oakland,Alameda County,Oakland,653000,City,City of Oakland,2411292,Oakland,Census Tract 4034.02; Alameda County; California,2024.0,998.0,339.0,291.0,76.0,238.0,0.3396793587174349,0.2915831663326653,0.0761523046092184,0.2384769539078156,0.6603206412825651,103362.0,,760.0,0.0,760.0,0.0,0.0383166225567287,26046.136987215803,211807200.0,212231.663,Census Tract 4034.02; Alameda County; California,18,404,272,304,Census Tract 4034.02; Alameda County; California,50,40,252,568
101,901,6001403000,1,Census Tract 4030,32077.0,14958.0,1017,Oakland,Alameda County,Oakland,653000,City,City of Oakland,2411292,Oakland,Census Tract 4030; Alameda County; California,2024.0,3387.0,433.0,320.0,2178.0,145.0,0.1278417478594626,0.094478889873044,0.6430469441984057,0.042810746973723,0.8721582521405373,58794.0,573000.0,2034.0,353.0,1681.0,0.1735496558505408,0.1362820156848716,24852.87572963293,269841900.0,79669.885,Census Tract 4030; Alameda County; California,99,1289,580,1419,Census Tract 4030; Alameda County; California,749,695,208,1372
102,903,6001403100,1,Census Tract 4031,136071.0,12013.0,1017,Oakland,Alameda County,Oakland,653000,City,City of Oakland,2411292,Oakland,Census Tract 4031; Alameda County; California,2024.0,2251.0,680.0,514.0,733.0,283.0,0.3020879609062639,0.2283429586850288,0.3256330519768992,0.1257219013771657,0.6979120390937361,139375.0,666700.0,1224.0,390.0,834.0,0.3186274509803921,0.1330015608871233,16924.61340292385,266100300.0,118214.26,Census Tract 4031; Alameda County; California,67,1117,376,691,Census Tract 4031; Alameda County; California,229,146,360,1255
103,926,6001400600,1,Census Tract 4006,155893.0,33824.0,1017,Oakland,Alameda County,Oakland,653000,City,City of Oakland,2411292,Oakland,Census Tract 4006; Alameda County; California,2024.0,2052.0,969.0,443.0,138.0,211.0,0.4722222222222222,0.2158869395711501,0.067251461988304,0.1028265107212475,0.5277777777777778,139238.0,1189600.0,835.0,357.0,478.0,0.4275449101796407,0.1146898074216105,17891.738125051124,357752300.0,174343.226,Census Tract 4006; Alameda County; California,357,379,621,695,Census Tract 4006; Alameda County; California,71,149,355,1017
104,950,6001400900,1,Census Tract 4009,114583.0,31849.0,1017,Oakland,Alameda County,Oakland,653000,City,City of Oakland,2411292,Oakland,Census Tract 4009; Alameda County; California,2024.0,2855.0,962.0,863.0,303.0,420.0,0.3369527145359019,0.302276707530648,0.1061295971978984,0.1471103327495621,0.6630472854640981,115673.0,1129200.0,1167.0,527.0,640.0,0.4515852613538988,0.1629443065368387,17521.324068813276,214646556.54,75182.682,Census Tract 4009; Alameda County; California,656,711,858,630,Census Tract 4009; Alameda County; California,16,356,570,1079
105,996,6001401000,1,Census Tract 4010,153654.0,31601.0,1017,Oakland,Alameda County,Oakland,653000,City,City of Oakland,2411292,Oakland,Census Tract 4010; Alameda County; California,2024.0,6361.0,1692.0,2462.0,377.0,853.0,0.2659959125923597,0.3870460619399465,0.0592674107844678,0.1340984121993397,0.7340040874076403,136728.0,927800.0,2461.0,893.0,1568.0,0.3628606257618854,0.4431407635611191,14354.355372054764,410294456.54,64501.565,Census Tract 4010; Alameda County; California,1289,2090,1332,1650,Census Tract 4010; Alameda County; California,415,582,1039,2763
106,1002,6001401400,1,Census Tract 4014,95011.0,13183.0,1017,Oakland,Alameda County,Oakland,653000,City,City of Oakland,2411292,Oakland,Census Tract 4014; Alameda County; California,2024.0,4214.0,1178.0,1310.0,486.0,1027.0,0.2795443758898908,0.3108685334598955,0.1153298528713811,0.2437114380635975,0.7204556241101092,70208.0,889700.0,1739.0,427.0,1312.0,0.2455434157561817,0.2899186180311194,14535.113434997387,391488156.54,92901.793,Census Tract 4014; Alameda County; California,468,1809,838,1099,Census Tract 4014; Alameda County; California,446,536,721,1400
107,1014,6001401100,1,Census Tract 4011,93121.0,8351.0,1017,Oakland,Alameda County,Oakland,653000,City,City of Oakland,2411292,Oakland,Census Tract 4011; Alameda County; California,2024.0,5722.0,2053.0,1515.0,793.0,740.0,0.358790632645928,0.264767563788885,0.1385879063264593,0.129325410695561,0.641209367354072,96599.0,1157100.0,2885.0,463.0,2422.0,0.1604852686308492,0.3360129896737261,17029.10356399064,461337628.27,80625.241,Census Tract 4011; Alameda County; California,783,2244,1456,1239,Census Tract 4011; Alameda County; California,423,347,920,2747
108,1018,6001401300,1,Census Tract 4013,104226.0,12036.0,1017,Oakland,Alameda County,Oakland,653000,City,City of Oakland,2411292,Oakland,Census Tract 4013; Alameda County; California,2024.0,4778.0,1494.0,1362.0,915.0,654.0,0.312683131017162,0.2850565089995814,0.1915027208036835,0.1368773545416492,0.687316868982838,106938.0,639100.0,2644.0,229.0,2415.0,0.0866111951588502,0.3342541265322852,14294.513128586608,514016828.27,107579.914,Census Tract 4013; Alameda County; California,399,1990,1115,1274,Census Tract 4013; Alameda County; California,269,535,973,2361
109,1022,6001402900,1,Census Tract 4029,37973.0,26861.0,1017,Oakland,Alameda County,Oakland,653000,City,City of Oakland,2411292,Oakland,Census Tract 4029; Alameda County; California,2024.0,2431.0,629.0,603.0,692.0,224.0,0.2587412587412587,0.2480460715754833,0.2846565199506376,0.0921431509666803,0.7412587412587412,66050.0,,1715.0,12.0,1703.0,0.0069970845481049,0.1608196116173489,15116.31557589055,302305800.0,124354.504,Census Tract 4029; Alameda County; California,151,897,666,717,Census Tract 4029; Alameda County; California,181,280,389,1332
110,1210,6001983200,1,Census Tract 9832,176103.0,11908.0,1017,Oakland,Alameda County,Oakland,653000,City,City of Oakland,2411292,Oakland,Census Tract 9832; Alameda County; California,2024.0,1220.0,410.0,339.0,231.0,90.0,0.3360655737704918,0.2778688524590164,0.1893442622950819,0.0737704918032786,0.6639344262295082,196688.0,898900.0,668.0,352.0,316.0,0.5269461077844312,0.2520726656421371,4839.874235836468,284210700.0,232959.59,Census Tract 9832; Alameda County; California,38,511,311,360,Census Tract 9832; Alameda County; California,14,33,179,897
111,75,6001982000,1,Census Tract 9820,129167.0,64258.0,1017,Oakland,Alameda County,Oakland,653000,City,City of Oakland,2411292,Oakland,Census Tract 9820; Alameda County; California,2024.0,54.0,27.0,0.0,27.0,0.0,0.5,0.0,0.5,0.0,0.5,137750.0,1056300.0,37.0,31.0,6.0,0.8378378378378378,0.6728384280804207,80.25700932995116,207395700.0,3840661.111,Census Tract 9820; Alameda County; California,0,0,18,36,Census Tract 9820; Alameda County; California,0,0,5,49
112,896,6001402200,1,Census Tract 4022,96200.0,30965.0,1017,Oakland,Alameda County,Oakland,653000,City,City of Oakland,2411292,Oakland,Census Tract 4022; Alameda County; California,2024.0,2775.0,632.0,1269.0,169.0,588.0,0.2277477477477477,0.4572972972972973,0.0609009009009009,0.2118918918918919,0.7722522522522522,125351.0,676400.0,1050.0,344.0,706.0,0.3276190476190476,0.2711125596644004,10235.60104863848,179613928.27,64725.74,Census Tract 4022; Alameda County; California,366,1114,591,704,Census Tract 4022; Alameda County; California,236,431,347,1146
113,992,6001401800,1,Census Tract 4018,72401.0,16109.0,1017,Oakland,Alameda County,Oakland,653000,City,City of Oakland,2411292,Oakland,Census Tract 4018; Alameda County; California,2024.0,1792.0,448.0,533.0,78.0,609.0,0.25,0.2974330357142857,0.0435267857142857,0.33984375,0.75,68299.0,1008700.0,737.0,214.0,523.0,0.2903663500678426,0.1156129428383387,15499.99468922566,111638600.0,62298.326,Census Tract 4018; Alameda County; California,340,574,504,374,Census Tract 4018; Alameda County; California,78,137,369,666
114,1184,6001401700,1,Census Tract 4017,145833.0,23719.0,1017,Oakland,Alameda County,Oakland,653000,City,City of Oakland,2411292,Oakland,Census Tract 4017; Alameda County; California,2024.0,3626.0,1366.0,596.0,566.0,727.0,0.3767236624379481,0.1643684500827358,0.1560948703805846,0.200496414782129,0.6232763375620518,148387.0,757500.0,1574.0,713.0,861.0,0.4529860228716645,2.397820282461379,1512.206743150027,311661156.54,85951.781,Census Tract 4017; Alameda County; California,510,974,1468,674,Census Tract 4017; Alameda County; California,282,416,542,1830
115,1214,6001410500,1,Census Tract 4105,46031.0,11540.0,1017,Oakland,Alameda County,Oakland,653000,City,City of Oakland,2411292,Oakland,Census Tract 4105; Alameda County; California,2024.0,2750.0,362.0,1680.0,251.0,120.0,0.1316363636363636,0.610909090909091,0.0912727272727272,0.0436363636363636,0.8683636363636363,58991.0,1482100.0,1077.0,77.0,1000.0,0.0714948932219127,0.2765619573605545,9943.522334906018,198825128.27,72300.047,Census Tract 4105; Alameda County; California,727,709,588,726,Census Tract 4105; Alameda County; California,295,442,646,432
116,1222,6001981900,1,Census Tract 9819,,,1017,Oakland,Alameda County,Oakland,653000,City,City of Oakland,2411292,Oakland,Census Tract 9819; Alameda County; California,2024.0,33.0,5.0,24.0,0.0,0.0,0.1515151515151515,0.7272727272727273,0.0,0.0,0.8484848484848485,,,29.0,0.0,29.0,0.0,1.82173801330563,18.11456958079276,144605600.0,4381987.879,Census Tract 9819; Alameda County; California,0,0,24,9,Census Tract 9819; Alameda County; California,0,5,0,28
117,67,6001432400,1,Census Tract 4324,82424.0,27334.0,1017,Oakland,Alameda County,Oakland,653000,City,City of Oakland,2411292,Oakland,Census Tract 4324; Alameda County; California,2024.0,5818.0,950.0,235.0,1514.0,2879.0,0.1632863526985218,0.0403918872464764,0.2602268820900653,0.4948435888621519,0.8367136473014782,100000.0,698800.0,1746.0,836.0,910.0,0.4788087056128293,2.7616692448135574,2106.696886647908,58048800.0,9977.449,Census Tract 4324; Alameda County; California,1291,1268,1308,1951,Census Tract 4324; Alameda County; California,1062,1191,1202,583
118,456,6001430400,1,Census Tract 4304,206750.0,34262.0,1017,Oakland,Alameda County,Oakland,653000,City,City of Oakland,2411292,Oakland,Census Tract 4304; Alameda County; California,2024.0,2160.0,761.0,64.0,986.0,220.0,0.3523148148148148,0.0296296296296296,0.4564814814814815,0.1018518518518518,0.6476851851851853,193958.0,1165100.0,707.0,646.0,61.0,0.9137199434229136,1.1215069615150006,1925.980019849488,,,Census Tract 4304; Alameda County; California,461,255,656,788,Census Tract 4304; Alameda County; California,51,168,317,1092
119,310,6001409200,1,Census Tract 4092,73621.0,9788.0,1017,Oakland,Alameda County,Oakland,653000,City,City of Oakland,2411292,Oakland,Census Tract 4092; Alameda County; California,2024.0,3785.0,100.0,999.0,150.0,2340.0,0.0264200792602377,0.2639365918097754,0.0396301188903566,0.618229854689564,0.9735799207397622,85769.0,607100.0,1046.0,600.0,446.0,0.5736137667304015,0.2750166313373732,13762.80402241128,70921300.0,18737.464,Census Tract 4092; Alameda County; California,982,1002,802,999,Census Tract 4092; Alameda County; California,755,645,525,451
120,309,6001409100,1,Census Tract 4091,72204.0,13022.0,1017,Oakland,Alameda County,Oakland,653000,City,City of Oakland,2411292,Oakland,Census Tract 4091; Alameda County; California,2024.0,2455.0,211.0,441.0,129.0,1632.0,0.0859470468431772,0.1796334012219959,0.0525458248472505,0.664765784114053,0.9140529531568228,85707.0,567500.0,683.0,433.0,250.0,0.6339677891654466,0.1862666669853786,13180.02861023282,65382300.0,26632.301,Census Tract 4091; Alameda County; California,566,649,507,733,Census Tract 4091; Alameda County; California,555,394,554,219
121,619,6001432502,1,Census Tract 4325.02,97412.0,19363.0,1017,Oakland,Alameda County,Oakland,653000,City,City of Oakland,2411292,Oakland,Census Tract 4325.02; Alameda County; California,2024.0,5104.0,456.0,619.0,2314.0,1599.0,0.0893416927899686,0.1212774294670846,0.4533699059561129,0.3132836990595611,0.9106583072100314,104089.0,767600.0,1416.0,594.0,822.0,0.4194915254237288,0.3184174245588032,16029.27354579312,54506400.0,10679.154,Census Tract 4325.02; Alameda County; California,932,1447,1149,1576,Census Tract 4325.02; Alameda County; California,558,747,972,1282
122,877,6001432800,1,Census Tract 4328,135313.0,27831.0,1017,Oakland,Alameda County,Oakland,653000,City,City of Oakland,2411292,Oakland,Census Tract 4328; Alameda County; California,2024.0,3930.0,1317.0,352.0,1222.0,629.0,0.3351145038167939,0.0895674300254452,0.310941475826972,0.1600508905852417,0.664885496183206,134211.0,1118400.0,1474.0,1222.0,252.0,0.8290366350067843,1.488062301371277,2641.018454925195,49416000.0,12574.046,Census Tract 4328; Alameda County; California,740,426,935,1829,Census Tract 4328; Alameda County; California,245,483,843,1428
123,45,6001403401,1,Census Tract 4034.01,69984.0,15753.0,1017,Oakland,Alameda County,Oakland,653000,City,City of Oakland,2411292,Oakland,Census Tract 4034.01; Alameda County; California,2024.0,2724.0,1188.0,443.0,611.0,208.0,0.4361233480176211,0.1626284875183553,0.224302496328928,0.0763582966226138,0.5638766519823788,70472.0,949000.0,1969.0,360.0,1609.0,0.1828339258506856,0.4409519069066329,6177.544438143862,369241800.0,135551.322,Census Tract 4034.01; Alameda County; California,84,673,658,1309,Census Tract 4034.01; Alameda County; California,280,129,466,1671
124,1017,6001401200,1,Census Tract 4012,115045.0,41439.0,1017,Oakland,Alameda County,Oakland,653000,City,City of Oakland,2411292,Oakland,Census Tract 4012; Alameda County; California,2024.0,3073.0,1814.0,136.0,476.0,366.0,0.5903026358607224,0.044256426944354,0.1548974943052392,0.1191018548649528,0.4096973641392776,123750.0,1301600.0,1578.0,649.0,929.0,0.4112801013941698,0.2566051378766553,11975.598093741704,438572200.0,142717.93,Census Tract 4012; Alameda County; California,322,975,1115,661,Census Tract 4012; Alameda County; California,27,145,353,2102
125,162,6001403502,1,Census Tract 4035.02,108478.0,38557.0,1017,Oakland,Alameda County,Oakland,653000,City,City of Oakland,2411292,Oakland,Census Tract 4035.02; Alameda County; California,2024.0,2052.0,922.0,406.0,215.0,298.0,0.449317738791423,0.1978557504873294,0.1047758284600389,0.145224171539961,0.550682261208577,115000.0,769000.0,1180.0,119.0,1061.0,0.1008474576271186,0.0657453041307516,31211.354592246826,344694400.0,167979.727,Census Tract 4035.02; Alameda County; California,156,810,520,566,Census Tract 4035.02; Alameda County; California,58,70,476,1154
126,654,6001405302,1,Census Tract 4053.02,63709.0,10356.0,1017,Oakland,Alameda County,Oakland,653000,City,City of Oakland,2411292,Oakland,Census Tract 4053.02; Alameda County; California,2024.0,2501.0,812.0,428.0,729.0,286.0,0.3246701319472211,0.1711315473810475,0.291483406637345,0.1143542582966813,0.6753298680527788,61806.0,739600.0,1558.0,62.0,1496.0,0.0397946084724005,0.078594507881643,31821.561931099608,177196700.0,70850.34,Census Tract 4053.02; Alameda County; California,119,1042,382,958,Census Tract 4053.02; Alameda County; California,230,295,424,1315
127,920,6001403600,1,Census Tract 4036,99925.0,11672.0,1017,Oakland,Alameda County,Oakland,653000,City,City of Oakland,2411292,Oakland,Census Tract 4036; Alameda County; California,2024.0,4839.0,1762.0,992.0,480.0,853.0,0.364124819177516,0.205001033271337,0.0991940483570985,0.1762760901012605,0.6358751808224841,103459.0,896400.0,2842.0,440.0,2402.0,0.1548205489092188,0.1532862378780539,31568.391702911,333286600.0,68875.098,Census Tract 4036; Alameda County; California,595,1302,1519,1423,Census Tract 4036; Alameda County; California,329,318,739,2810
128,910,6001404000,1,Census Tract 4040,98214.0,30785.0,1017,Oakland,Alameda County,Oakland,653000,City,City of Oakland,2411292,Oakland,Census Tract 4040; Alameda County; California,2024.0,2847.0,1433.0,545.0,254.0,421.0,0.5033368458025992,0.1914295749912188,0.0892167193537056,0.1478749560941341,0.4966631541974008,92500.0,866700.0,1734.0,471.0,1263.0,0.2716262975778546,0.1455729760147861,19557.20132911774,361293600.0,126903.267,Census Tract 4040; Alameda County; California,304,865,757,921,Census Tract 4040; Alameda County; California,167,145,335,1768
129,168,6001403702,1,Census Tract 4037.02,115156.0,24746.0,1017,Oakland,Alameda County,Oakland,653000,City,City of Oakland,2411292,Oakland,Census Tract 4037.02; Alameda County; California,2024.0,2198.0,1189.0,243.0,219.0,309.0,0.5409463148316651,0.1105550500454959,0.0996360327570518,0.140582347588717,0.4590536851683349,117470.0,897100.0,1259.0,230.0,1029.0,0.1826846703733121,0.0780184470001004,28172.82430650243,316544200.0,144014.65,Census Tract 4037.02; Alameda County; California,191,874,584,549,Census Tract 4037.02; Alameda County; California,24,200,240,1356
130,653,6001404101,1,Census Tract 4041.01,128711.0,23998.0,1017,Oakland,Alameda County,Oakland,653000,City,City of Oakland,2411292,Oakland,Census Tract 4041.01; Alameda County; California,2024.0,3267.0,2180.0,238.0,269.0,305.0,0.667278849097031,0.0728497092133455,0.0823385368839914,0.0933578206305479,0.332721150902969,125729.0,1158400.0,1768.0,667.0,1101.0,0.377262443438914,0.2248052173027029,14532.580868000694,304424900.0,93181.788,Census Tract 4041.01; Alameda County; California,367,801,891,1208,Census Tract 4041.01; Alameda County; California,59,159,390,2166
131,74,6001405301,1,Census Tract 4053.01,112656.0,34438.0,1017,Oakland,Alameda County,Oakland,653000,City,City of Oakland,2411292,Oakland,Census Tract 4053.01; Alameda County; California,2024.0,2979.0,1215.0,796.0,363.0,278.0,0.4078549848942598,0.2672037596508895,0.1218529707955689,0.0933199060087277,0.5921450151057401,110913.0,815800.0,1542.0,104.0,1438.0,0.0674448767833981,0.0898522211257231,33154.43917442752,163997400.0,55051.158,Census Tract 4053.01; Alameda County; California,286,1206,860,627,Census Tract 4053.01; Alameda County; California,99,235,387,1903
132,669,6001405401,1,Census Tract 4054.01,70231.0,13508.0,1017,Oakland,Alameda County,Oakland,653000,City,City of Oakland,2411292,Oakland,Census Tract 4054.01; Alameda County; California,2024.0,3796.0,626.0,545.0,1315.0,920.0,0.1649104320337197,0.1435721812434141,0.3464172813487882,0.2423603793466807,0.8350895679662803,76071.0,665200.0,1598.0,171.0,1427.0,0.1070087609511889,0.1227290698626981,30929.917453515583,168602500.0,44415.832,Census Tract 4054.01; Alameda County; California,419,1105,1035,1237,Census Tract 4054.01; Alameda County; California,539,376,701,1404
133,909,6001403900,1,Census Tract 4039,126075.0,35815.0,1017,Oakland,Alameda County,Oakland,653000,City,City of Oakland,2411292,Oakland,Census Tract 4039; Alameda County; California,2024.0,3767.0,2351.0,272.0,459.0,523.0,0.6241040615874701,0.0722059994690735,0.1218476241040616,0.1388372710379612,0.3758959384125299,107219.0,573300.0,2259.0,756.0,1503.0,0.3346613545816733,0.1907802883307748,19745.2264747015,352457000.0,93564.375,Census Tract 4039; Alameda County; California,383,1129,997,1258,Census Tract 4039; Alameda County; California,156,137,569,2494
134,1224,6001403701,1,Census Tract 4037.01,84063.0,16264.0,1017,Oakland,Alameda County,Oakland,653000,City,City of Oakland,2411292,Oakland,Census Tract 4037.01; Alameda County; California,2024.0,2602.0,1183.0,451.0,518.0,235.0,0.4546502690238278,0.1733282090699462,0.1990776325903151,0.090315142198309,0.5453497309761721,94366.0,686000.0,1636.0,234.0,1402.0,0.1430317848410758,0.0654067253888458,39781.84176827374,250078100.0,96109.954,Census Tract 4037.01; Alameda County; California,265,806,525,1006,Census Tract 4037.01; Alameda County; California,58,134,547,1502
135,1225,6001404102,1,Census Tract 4041.02,98472.0,20083.0,1017,Oakland,Alameda County,Oakland,653000,City,City of Oakland,2411292,Oakland,Census Tract 4041.02; Alameda County; California,2024.0,2546.0,1437.0,107.0,291.0,427.0,0.5644147682639434,0.0420267085624509,0.1142969363707776,0.1677140612725844,0.4355852317360565,110920.0,644100.0,1567.0,336.0,1231.0,0.2144224633056796,0.0835543357524205,30471.189520841133,262734200.0,103194.894,Census Tract 4041.02; Alameda County; California,265,486,643,1152,Census Tract 4041.02; Alameda County; California,48,167,391,1665
136,976,6001404200,1,Census Tract 4042,247619.0,38018.0,1017,Oakland,Alameda County,Oakland,653000,City,City of Oakland,2411292,Oakland,Census Tract 4042; Alameda County; California,2024.0,3661.0,2456.0,191.0,314.0,303.0,0.670854957661841,0.0521715378311936,0.0857689155968314,0.082764272056815,0.329145042338159,250001.0,1761900.0,1448.0,1240.0,208.0,0.856353591160221,1.0442593884498974,3505.8339340711145,343523900.0,93833.352,Census Tract 4042; Alameda County; California,810,586,640,1625,Census Tract 4042; Alameda County; California,78,49,288,2139
137,663,6001405200,1,Census Tract 4052,105222.0,17818.0,1017,Oakland,Alameda County,Oakland,653000,City,City of Oakland,2411292,Oakland,Census Tract 4052; Alameda County; California,2024.0,5254.0,1549.0,593.0,1738.0,664.0,0.2948229920060906,0.1128663875142748,0.3307955843167111,0.1263799010277883,0.7051770079939095,131563.0,1106400.0,2367.0,568.0,1799.0,0.2399662019433882,0.3290783211326417,15965.804073378227,305298900.0,58107.899,Census Tract 4052; Alameda County; California,787,1370,1472,1625,Census Tract 4052; Alameda County; California,183,463,738,2893
138,476,6001426200,1,Census Tract 4262,250001.0,,1017,Oakland,Alameda County,Oakland,653000,City,City of Oakland,2411292,Oakland,Census Tract 4262; Alameda County; California,2024.0,4843.0,3121.0,54.0,922.0,264.0,0.644435267396242,0.0111501135659715,0.1903778649597357,0.0545116663225273,0.355564732603758,250001.0,2000001.0,1692.0,1418.0,274.0,0.8380614657210402,0.5260267588877612,9206.75596473478,270120100.0,55775.367,Census Tract 4262; Alameda County; California,1360,354,1068,2061,Census Tract 4262; Alameda County; California,74,151,236,2841
139,664,6001405500,1,Census Tract 4055,82222.0,20399.0,1017,Oakland,Alameda County,Oakland,653000,City,City of Oakland,2411292,Oakland,Census Tract 4055; Alameda County; California,2024.0,3674.0,818.0,848.0,1246.0,561.0,0.2226456178551986,0.230811105062602,0.3391399020141535,0.1526946107784431,0.7773543821448013,92837.0,869700.0,1657.0,538.0,1119.0,0.3246831623415812,0.1574941343118264,23327.85291372033,205852600.0,56029.559,Census Tract 4055; Alameda County; California,364,1025,989,1296,Census Tract 4055; Alameda County; California,423,601,889,1211
140,908,6001403800,1,Census Tract 4038,154524.0,14436.0,1017,Oakland,Alameda County,Oakland,653000,City,City of Oakland,2411292,Oakland,Census Tract 4038; Alameda County; California,2024.0,4056.0,2475.0,353.0,490.0,360.0,0.610207100591716,0.0870315581854043,0.1208086785009862,0.0887573964497041,0.389792899408284,159917.0,1515600.0,1941.0,759.0,1182.0,0.3910355486862442,0.2472845690179896,16402.155686895814,326647600.0,80534.418,Census Tract 4038; Alameda County; California,699,695,1457,1205,Census Tract 4038; Alameda County; California,55,175,540,2496
141,949,6001405000,1,Census Tract 4050,152857.0,46578.0,1017,Oakland,Alameda County,Oakland,653000,City,City of Oakland,2411292,Oakland,Census Tract 4050; Alameda County; California,2024.0,3566.0,1970.0,313.0,436.0,462.0,0.5524397083567022,0.0877734155916993,0.1222658440830061,0.129556926528323,0.4475602916432978,136406.0,1404000.0,1581.0,1047.0,534.0,0.6622390891840607,0.3108658745714607,11471.18513704939,300833400.0,84361.582,Census Tract 4050; Alameda County; California,759,489,904,1414,Census Tract 4050; Alameda County; California,106,236,541,1792
142,667,6001405100,1,Census Tract 4051,250001.0,,1017,Oakland,Alameda County,Oakland,653000,City,City of Oakland,2411292,Oakland,Census Tract 4051; Alameda County; California,2024.0,4476.0,2966.0,181.0,551.0,311.0,0.662645218945487,0.040437890974084,0.123100983020554,0.0694816800714924,0.337354781054513,250001.0,1900100.0,1708.0,1597.0,111.0,0.9350117096018736,0.4864791676020199,9200.805087016051,288877800.0,64539.276,Census Tract 4051; Alameda County; California,1068,511,1139,1758,Census Tract 4051; Alameda County; California,9,159,411,2694
143,655,6001405600,1,Census Tract 4056,80669.0,18556.0,1017,Oakland,Alameda County,Oakland,653000,City,City of Oakland,2411292,Oakland,Census Tract 4056; Alameda County; California,2024.0,3277.0,864.0,358.0,1086.0,767.0,0.2636557827281049,0.1092462618248397,0.3314006713457431,0.2340555386023802,0.736344217271895,95455.0,890900.0,1504.0,471.0,1033.0,0.3131648936170212,0.1659465578861851,19747.32131682743,226832500.0,69219.561,Census Tract 4056; Alameda County; California,363,986,1015,913,Census Tract 4056; Alameda County; California,380,241,617,1506
144,658,6001405800,1,Census Tract 4058,67222.0,10099.0,1017,Oakland,Alameda County,Oakland,653000,City,City of Oakland,2411292,Oakland,Census Tract 4058; Alameda County; California,2024.0,4590.0,479.0,820.0,2250.0,829.0,0.1043572984749455,0.1786492374727669,0.4901960784313725,0.1806100217864923,0.8956427015250544,68378.0,790500.0,1378.0,603.0,775.0,0.4375907111756168,0.2007328701774708,22866.210182427592,188208800.0,41004.096,Census Tract 4058; Alameda County; California,946,1250,1185,1209,Census Tract 4058; Alameda County; California,1010,865,729,663
145,928,6001426100,1,Census Tract 4261,250001.0,,1017,Oakland,Alameda County,Oakland,653000,City,City of Oakland,2411292,Oakland,Census Tract 4261; Alameda County; California,2024.0,6102.0,4225.0,31.0,1269.0,151.0,0.6923959357587676,0.0050803015404785,0.2079646017699115,0.024745984922976,0.3076040642412324,250001.0,2000001.0,2172.0,2094.0,78.0,0.9640883977900552,1.182313326574156,5161.06844340579,218579200.0,35820.911,Census Tract 4261; Alameda County; California,1910,309,1468,2415,Census Tract 4261; Alameda County; California,0,115,277,3668
146,657,6001405700,1,Census Tract 4057,74547.0,16003.0,1017,Oakland,Alameda County,Oakland,653000,City,City of Oakland,2411292,Oakland,Census Tract 4057; Alameda County; California,2024.0,3927.0,487.0,846.0,885.0,1472.0,0.1240132416603004,0.215431627196333,0.2253628724216959,0.3748408454290807,0.8759867583396995,89500.0,845300.0,1472.0,479.0,993.0,0.3254076086956521,0.2121730632143368,18508.47577212453,237040500.0,60361.727,Census Tract 4057; Alameda County; California,904,1035,695,1293,Census Tract 4057; Alameda County; California,622,436,727,982
147,1008,6001404400,1,Census Tract 4044,184737.0,48773.0,1017,Oakland,Alameda County,Oakland,653000,City,City of Oakland,2411292,Oakland,Census Tract 4044; Alameda County; California,2024.0,5567.0,2958.0,74.0,1294.0,167.0,0.53134542841746,0.0132926172085503,0.232441171187354,0.0299982037003772,0.46865457158254,231597.0,1412800.0,2407.0,2146.0,261.0,0.891566265060241,1.6143318826511976,3448.485444552692,248791200.0,44690.354,Census Tract 4044; Alameda County; California,1075,672,1526,2294,Census Tract 4044; Alameda County; California,77,151,342,3746
148,668,6001404900,1,Census Tract 4049,151860.0,35377.0,1017,Oakland,Alameda County,Oakland,653000,City,City of Oakland,2411292,Oakland,Census Tract 4049; Alameda County; California,2024.0,4929.0,2384.0,188.0,823.0,768.0,0.483668086833029,0.0381416108744167,0.1669709880300263,0.1558125380401704,0.516331913166971,132849.0,1219900.0,2113.0,1271.0,842.0,0.6015144344533838,0.3927331613277191,12550.506260628596,285404200.0,57903.064,Census Tract 4049; Alameda County; California,938,911,1111,1969,Census Tract 4049; Alameda County; California,240,255,672,2500
149,682,6001406300,1,Census Tract 4063,62837.0,24190.0,1017,Oakland,Alameda County,Oakland,653000,City,City of Oakland,2411292,Oakland,Census Tract 4063; Alameda County; California,2024.0,4378.0,411.0,638.0,1024.0,1715.0,0.0938784833257195,0.1457286432160804,0.2338967565098218,0.3917313841936957,0.9061215166742804,68399.0,747300.0,1441.0,603.0,838.0,0.4184594031922276,0.1879148445244605,23297.78688362283,212862200.0,48620.877,Census Tract 4063; Alameda County; California,1115,775,1144,1344,Census Tract 4063; Alameda County; California,836,586,751,857
150,656,6001406400,1,Census Tract 4064,72955.0,34494.0,1017,Oakland,Alameda County,Oakland,653000,City,City of Oakland,2411292,Oakland,Census Tract 4064; Alameda County; California,2024.0,2370.0,743.0,308.0,409.0,746.0,0.3135021097046414,0.1299578059071729,0.1725738396624472,0.3147679324894514,0.6864978902953587,80104.0,810900.0,772.0,394.0,378.0,0.5103626943005182,0.218474268684735,10847.959415394502,275398900.0,116202.068,Census Tract 4064; Alameda County; California,525,256,419,1170,Census Tract 4064; Alameda County; California,393,368,356,637
151,907,6001404501,1,Census Tract 4045.01,232112.0,54641.0,1017,Oakland,Alameda County,Oakland,653000,City,City of Oakland,2411292,Oakland,Census Tract 4045.01; Alameda County; California,2024.0,1794.0,1098.0,67.0,213.0,158.0,0.6120401337792643,0.0373467112597547,0.1187290969899665,0.0880713489409141,0.3879598662207357,250001.0,2000001.0,702.0,585.0,117.0,0.8333333333333334,0.4263251826440865,4208.055430536703,300904100.0,167728.038,Census Tract 4045.01; Alameda County; California,330,195,300,969,Census Tract 4045.01; Alameda County; California,57,110,133,1062
152,676,6001406602,1,Census Tract 4066.02,58869.0,21718.0,1017,Oakland,Alameda County,Oakland,653000,City,City of Oakland,2411292,Oakland,Census Tract 4066.02; Alameda County; California,2024.0,2837.0,413.0,563.0,474.0,1066.0,0.1455763130066972,0.1984490659146986,0.1670778991892844,0.3757490306661967,0.8544236869933028,74551.0,877700.0,980.0,280.0,700.0,0.2857142857142857,0.1613884623946873,17578.70394143732,248383500.0,87551.463,Census Tract 4066.02; Alameda County; California,721,597,770,749,Census Tract 4066.02; Alameda County; California,406,401,370,729
153,662,6001404800,1,Census Tract 4048,114083.0,51184.0,1017,Oakland,Alameda County,Oakland,653000,City,City of Oakland,2411292,Oakland,Census Tract 4048; Alameda County; California,2024.0,2755.0,1512.0,245.0,384.0,323.0,0.5488203266787659,0.0889292196007259,0.1393829401088929,0.1172413793103448,0.4511796733212341,101607.0,1218800.0,1184.0,731.0,453.0,0.6173986486486487,0.2379900814240949,11576.11268299299,244827800.0,88866.715,Census Tract 4048; Alameda County; California,597,399,624,1135,Census Tract 4048; Alameda County; California,143,73,386,1460
154,936,6001404502,1,Census Tract 4045.02,227361.0,30663.0,1017,Oakland,Alameda County,Oakland,653000,City,City of Oakland,2411292,Oakland,Census Tract 4045.02; Alameda County; California,2024.0,6286.0,3830.0,326.0,1213.0,335.0,0.6092904867960547,0.0518612790327712,0.1929685014317531,0.0532930321349029,0.3907095132039453,250001.0,1420300.0,2590.0,2487.0,103.0,0.9602316602316602,1.1973172763772286,5250.07040658413,273877300.0,43569.408,Census Tract 4045.02; Alameda County; California,1267,678,1445,2896,Census Tract 4045.02; Alameda County; California,27,173,435,4202
155,661,6001404700,1,Census Tract 4047,250001.0,,1017,Oakland,Alameda County,Oakland,653000,City,City of Oakland,2411292,Oakland,Census Tract 4047; Alameda County; California,2024.0,2211.0,1414.0,70.0,300.0,225.0,0.6395296246042514,0.031659882406151,0.1356852103120759,0.1017639077340569,0.3604703753957485,250001.0,1571600.0,857.0,808.0,49.0,0.942823803967328,0.4610731614780932,4795.334417019739,233401100.0,105563.591,Census Tract 4047; Alameda County; California,439,168,465,1139,Census Tract 4047; Alameda County; California,9,42,236,1448
156,1010,6001406700,1,Census Tract 4067,143887.0,21641.0,1017,Oakland,Alameda County,Oakland,653000,City,City of Oakland,2411292,Oakland,Census Tract 4067; Alameda County; California,2024.0,5778.0,2537.0,540.0,1044.0,1126.0,0.4390792661820699,0.0934579439252336,0.1806853582554517,0.1948771201107649,0.5609207338179301,134087.0,1175900.0,2186.0,1449.0,737.0,0.6628545288197621,0.6637536953966978,8705.036280885384,284086700.0,49166.961,Census Tract 4067; Alameda County; California,1035,1206,1388,2149,Census Tract 4067; Alameda County; California,439,522,780,2499
157,354,6001407000,1,Census Tract 4070,89755.0,23660.0,1017,Oakland,Alameda County,Oakland,653000,City,City of Oakland,2411292,Oakland,Census Tract 4070; Alameda County; California,2024.0,6290.0,978.0,819.0,1632.0,2538.0,0.1554848966613672,0.1302066772655008,0.2594594594594595,0.4034976152623211,0.8445151033386328,70956.0,720900.0,2195.0,1165.0,1030.0,0.530751708428246,0.3326802939108602,18907.041129659967,238522600.0,37920.922,Census Tract 4070; Alameda County; California,1443,1553,1444,1850,Census Tract 4070; Alameda County; California,1434,800,1086,1341
158,1009,6001404600,1,Census Tract 4046,222617.0,36712.0,1017,Oakland,Alameda County,Oakland,653000,City,City of Oakland,2411292,Oakland,Census Tract 4046; Alameda County; California,2024.0,4697.0,2699.0,412.0,590.0,224.0,0.5746220992122631,0.0877155631253991,0.1256120928252075,0.0476900149031296,0.4253779007877368,233194.0,1315700.0,1885.0,1678.0,207.0,0.890185676392573,1.89070476416626,2484.2588271951736,243100500.0,51756.547,Census Tract 4046; Alameda County; California,853,371,1235,2238,Census Tract 4046; Alameda County; California,88,179,437,3067
159,938,6001406800,1,Census Tract 4068,131161.0,33849.0,1017,Oakland,Alameda County,Oakland,653000,City,City of Oakland,2411292,Oakland,Census Tract 4068; Alameda County; California,2024.0,3747.0,1288.0,806.0,536.0,672.0,0.3437416599946624,0.2151054176674673,0.1430477715505738,0.1793434747798238,0.6562583400053377,127966.0,1044000.0,1439.0,1024.0,415.0,0.7116052814454482,0.3474006828894673,10785.816449279071,287809200.0,76810.568,Census Tract 4068; Alameda County; California,825,780,748,1394,Census Tract 4068; Alameda County; California,282,289,600,1673
160,65,6001408000,1,Census Tract 4080,192159.0,29195.0,1017,Oakland,Alameda County,Oakland,653000,City,City of Oakland,2411292,Oakland,Census Tract 4080; Alameda County; California,2024.0,2758.0,1673.0,175.0,551.0,286.0,0.6065989847715736,0.0634517766497461,0.1997824510514866,0.103698332124728,0.3934010152284264,216989.0,1298200.0,1005.0,864.0,141.0,0.8597014925373134,0.7493601151589151,3680.4734388820752,216453100.0,78481.907,Census Tract 4080; Alameda County; California,309,728,443,1278,Census Tract 4080; Alameda County; California,11,117,253,1616
161,870,6001407900,1,Census Tract 4079,124523.0,40242.0,1017,Oakland,Alameda County,Oakland,653000,City,City of Oakland,2411292,Oakland,Census Tract 4079; Alameda County; California,2024.0,3047.0,1191.0,481.0,400.0,510.0,0.3908762717426977,0.157860190351165,0.1312766655726944,0.1673777486051854,0.6091237282573023,89987.0,1108800.0,1277.0,935.0,342.0,0.7321848081440877,0.4199293544279832,7255.982388157988,274336100.0,90034.821,Census Tract 4079; Alameda County; California,643,652,682,1070,Census Tract 4079; Alameda County; California,67,205,619,1356
162,1213,6001405902,1,Census Tract 4059.02,69097.0,13382.0,1017,Oakland,Alameda County,Oakland,653000,City,City of Oakland,2411292,Oakland,Census Tract 4059.02; Alameda County; California,2024.0,2969.0,338.0,270.0,1151.0,925.0,0.1138430447962276,0.0909397103401818,0.3876726170427753,0.3115527113506231,0.8861569552037724,78438.0,801800.0,937.0,347.0,590.0,0.3703308431163287,0.1875423113507538,15831.09421343956,196275500.0,66108.286,Census Tract 4059.02; Alameda County; California,618,892,623,836,Census Tract 4059.02; Alameda County; California,647,450,427,646
163,1239,6001406900,1,Census Tract 4069,137943.0,18046.0,1017,Oakland,Alameda County,Oakland,653000,City,City of Oakland,2411292,Oakland,Census Tract 4069; Alameda County; California,2024.0,4142.0,1599.0,531.0,744.0,623.0,0.3860453887011105,0.1281989377112506,0.1796233703524867,0.1504104297440849,0.6139546112988894,166579.0,1097700.0,1620.0,1072.0,548.0,0.6617283950617284,0.3317803658271676,12484.162496094385,276930600.0,66859.15,Census Tract 4069; Alameda County; California,767,754,924,1697,Census Tract 4069; Alameda County; California,127,166,675,2101
164,1268,6001406601,1,Census Tract 4066.01,75000.0,15335.0,1017,Oakland,Alameda County,Oakland,653000,City,City of Oakland,2411292,Oakland,Census Tract 4066.01; Alameda County; California,2024.0,4426.0,1034.0,1220.0,816.0,1163.0,0.2336195210122006,0.2756439222774514,0.184365115228197,0.2627654767284229,0.7663804789877994,80729.0,788300.0,1891.0,882.0,1009.0,0.4664198836594394,0.2836465081469101,15603.92909087964,274464900.0,62011.952,Census Tract 4066.01; Alameda County; California,638,1144,1056,1588,Census Tract 4066.01; Alameda County; California,325,826,872,1272
165,1269,6001405402,1,Census Tract 4054.02,61204.0,28532.0,1017,Oakland,Alameda County,Oakland,653000,City,City of Oakland,2411292,Oakland,Census Tract 4054.02; Alameda County; California,2024.0,3212.0,424.0,315.0,1393.0,968.0,0.1320049813200498,0.0980697384806973,0.4336861768368618,0.3013698630136986,0.8679950186799502,38552.0,728400.0,1257.0,143.0,1114.0,0.1137629276054097,0.1101921224467578,29149.089142483484,170240100.0,53001.276,Census Tract 4054.02; Alameda County; California,538,865,667,1142,Census Tract 4054.02; Alameda County; California,687,459,549,648
166,1380,6001405901,1,Census Tract 4059.01,51292.0,16184.0,1017,Oakland,Alameda County,Oakland,653000,City,City of Oakland,2411292,Oakland,Census Tract 4059.01; Alameda County; California,2024.0,4114.0,175.0,658.0,1274.0,1612.0,0.0425376762275158,0.1599416626154594,0.309674282936315,0.3918327661643169,0.9574623237724842,53233.0,729000.0,1165.0,308.0,857.0,0.2643776824034334,0.1747671819842302,23539.88862949807,187949200.0,45685.27,Census Tract 4059.01; Alameda County; California,1169,1053,751,1141,Census Tract 4059.01; Alameda County; California,833,670,782,372
167,883,6001409000,1,Census Tract 4090,70769.0,24912.0,1017,Oakland,Alameda County,Oakland,653000,City,City of Oakland,2411292,Oakland,Census Tract 4090; Alameda County; California,2024.0,4204.0,187.0,1063.0,318.0,2521.0,0.0444814462416746,0.2528544243577545,0.0756422454804947,0.5996669838249287,0.9555185537583254,75987.0,597000.0,1005.0,582.0,423.0,0.5791044776119403,7.160864912725535,587.079919986913,136124300.0,32379.71,Census Tract 4090; Alameda County; California,1166,974,805,1259,Census Tract 4090; Alameda County; California,959,861,594,355
168,934,6001408100,1,Census Tract 4081,166786.0,35801.0,1017,Oakland,Alameda County,Oakland,653000,City,City of Oakland,2411292,Oakland,Census Tract 4081; Alameda County; California,2024.0,7745.0,2382.0,2117.0,2123.0,667.0,0.3075532601678502,0.2733376371852808,0.2741123305358295,0.086120077469335,0.6924467398321498,189891.0,1094800.0,3024.0,2733.0,291.0,0.9037698412698412,3.4371857139115023,2253.296925055069,244358300.0,31550.458,Census Tract 4081; Alameda County; California,1550,1376,1860,2959,Census Tract 4081; Alameda County; California,237,384,899,4268
169,973,6001406000,1,Census Tract 4060,56763.0,11845.0,1017,Oakland,Alameda County,Oakland,653000,City,City of Oakland,2411292,Oakland,Census Tract 4060; Alameda County; California,2024.0,5157.0,741.0,1106.0,2052.0,910.0,0.1436881908086096,0.2144657746751987,0.3979057591623036,0.1764591816947837,0.8563118091913904,60441.0,697100.0,2310.0,257.0,2053.0,0.1112554112554112,1.0179448903680106,5066.089577929533,292658700.0,56749.796,Census Tract 4060; Alameda County; California,750,1238,1069,2100,Census Tract 4060; Alameda County; California,1231,653,1030,1146
170,892,6001401600,1,Census Tract 4016,88304.0,38815.0,1017,Oakland,Alameda County,Oakland,653000,City,City of Oakland,2411292,Oakland,Census Tract 4016; Alameda County; California,2024.0,2668.0,626.0,822.0,365.0,646.0,0.2346326836581709,0.308095952023988,0.1368065967016491,0.2421289355322338,0.7653673163418291,174414.0,745100.0,999.0,396.0,603.0,0.3963963963963964,0.2443667181220035,10918.017070835169,282413928.27,105852.297,Census Tract 4016; Alameda County; California,537,866,663,602,Census Tract 4016; Alameda County; California,187,221,509,1049
171,1215,6001425104,1,Census Tract 4251.04,119083.0,31345.0,1017,Oakland,Alameda County,Oakland,653000,City,City of Oakland,2411292,Oakland,Census Tract 4251.04; Alameda County; California,2024.0,4424.0,1489.0,1113.0,792.0,734.0,0.3365732368896926,0.2515822784810126,0.1790235081374321,0.1659132007233273,0.6634267631103075,101341.0,540100.0,2465.0,462.0,2003.0,0.1874239350912779,0.4162945956567367,10627.089676772768,322689656.54,72940.7,Census Tract 4251.04; Alameda County; California,428,1870,617,1509,Census Tract 4251.04; Alameda County; California,168,387,705,2442
172,1309,6001403501,1,Census Tract 4035.01,104167.0,37849.0,1017,Oakland,Alameda County,Oakland,653000,City,City of Oakland,2411292,Oakland,Census Tract 4035.01; Alameda County; California,2024.0,6063.0,2329.0,1090.0,1528.0,638.0,0.384133267359393,0.1797789873000164,0.252020451921491,0.1052284347682665,0.615866732640607,127997.0,912300.0,3362.0,635.0,2727.0,0.1888756692444973,0.2564736881439062,23639.851884525782,460271100.0,75914.745,Census Tract 4035.01; Alameda County; California,582,2049,1593,1839,Census Tract 4035.01; Alameda County; California,298,504,914,3517
173,1313,6001406500,1,Census Tract 4065,67717.0,9290.0,1017,Oakland,Alameda County,Oakland,653000,City,City of Oakland,2411292,Oakland,Census Tract 4065; Alameda County; California,2024.0,6046.0,603.0,1137.0,1305.0,2704.0,0.0997353622229573,0.1880582203109493,0.21584518690043,0.4472378432021171,0.9002646377770427,75969.0,759200.0,2029.0,858.0,1171.0,0.4228684080827994,0.2879832164917982,20994.279019632348,231042500.0,38214.109,Census Tract 4065; Alameda County; California,1236,1417,1161,2232,Census Tract 4065; Alameda County; California,1020,852,1121,1356
174,1051,6075017903,75,Census Tract 179.03,96000.0,51237.0,38001,San Francisco,San Francisco County,San Francisco,667000,City,City of San Francisco,2411786,San Francisco,Census Tract 179.03; San Francisco County; California,2024.0,2429.0,710.0,429.0,150.0,778.0,0.2923013585837793,0.1766158913132976,0.0617538081515026,0.3202964182791272,0.7076986414162207,93269.0,,616.0,0.0,616.0,0.0,1.1265250131772695,2156.188252890372,153844442.857143,63336.535,Census Tract 179.03; San Francisco County; California,356,879,686,508,Census Tract 179.03; San Francisco County; California,235,342,532,580
175,289,6075980401,75,Census Tract 9804.01,,,38001,San Francisco,San Francisco County,San Francisco,667000,City,City of San Francisco,2411786,San Francisco,Census Tract 9804.01; San Francisco County; California,2024.0,0.0,0.0,0.0,0.0,0.0,,,,,,,,0.0,0.0,0.0,,0.3329609300952361,0.0,,,Census Tract 9804.01; San Francisco County; California,0,0,0,0,Census Tract 9804.01; San Francisco County; California,0,0,0,0
176,700,6075060400,75,Census Tract 604,99556.0,17325.0,38001,San Francisco,San Francisco County,San Francisco,667000,City,City of San Francisco,2411786,San Francisco,Census Tract 604; San Francisco County; California,2024.0,1935.0,471.0,86.0,662.0,350.0,0.2434108527131783,0.0444444444444444,0.3421188630490956,0.1808785529715762,0.7565891472868217,77045.0,1024000.0,1124.0,342.0,782.0,0.304270462633452,2.1575783057815663,896.838828428552,272429700.0,140790.543,Census Tract 604; San Francisco County; California,340,404,477,714,Census Tract 604; San Francisco County; California,65,266,264,937
177,1253,6075031302,75,Census Tract 313.02,117014.0,18974.0,38001,San Francisco,San Francisco County,San Francisco,667000,City,City of San Francisco,2411786,San Francisco,Census Tract 313.02; San Francisco County; California,2024.0,4890.0,729.0,271.0,2646.0,907.0,0.149079754601227,0.0554192229038854,0.5411042944785276,0.185480572597137,0.850920245398773,138000.0,1068800.0,1716.0,1041.0,675.0,0.6066433566433567,0.2694710602967521,18146.661072305647,230031000.0,47041.104,Census Tract 313.02; San Francisco County; California,696,1245,885,2064,Census Tract 313.02; San Francisco County; California,510,587,707,2040
178,282,6075033203,75,Census Tract 332.03,62813.0,18192.0,38001,San Francisco,San Francisco County,San Francisco,667000,City,City of San Francisco,2411786,San Francisco,Census Tract 332.03; San Francisco County; California,2024.0,2895.0,690.0,158.0,1261.0,632.0,0.238341968911917,0.0545768566493955,0.4355785837651122,0.218307426597582,0.7616580310880829,76923.0,1455900.0,1424.0,178.0,1246.0,0.125,0.1620762442383699,17861.96375418377,156325300.0,53998.377,Census Tract 332.03; San Francisco County; California,531,661,784,919,Census Tract 332.03; San Francisco County; California,147,292,638,1095
179,1252,6075031301,75,Census Tract 313.01,128571.0,58419.0,38001,San Francisco,San Francisco County,San Francisco,667000,City,City of San Francisco,2411786,San Francisco,Census Tract 313.01; San Francisco County; California,2024.0,3697.0,712.0,317.0,2097.0,376.0,0.1925885853394644,0.0857451988098458,0.5672166621585069,0.1017040843927508,0.8074114146605356,147938.0,1365500.0,1522.0,1220.0,302.0,0.8015768725361366,0.1750680151534658,21117.50679733921,177855300.0,48108.006,Census Tract 313.01; San Francisco County; California,474,901,752,1570,Census Tract 313.01; San Francisco County; California,280,463,819,1408
180,283,6075033204,75,Census Tract 332.04,69769.0,53121.0,38001,San Francisco,San Francisco County,San Francisco,667000,City,City of San Francisco,2411786,San Francisco,Census Tract 332.04; San Francisco County; California,2024.0,3816.0,794.0,494.0,1206.0,1171.0,0.2080712788259958,0.1294549266247379,0.3160377358490566,0.3068658280922431,0.7919287211740043,58114.0,,1648.0,0.0,1648.0,0.0,0.1559343607936126,24471.83533237217,177202000.0,46436.583,Census Tract 332.04; San Francisco County; California,553,773,808,1682,Census Tract 332.04; San Francisco County; California,268,302,759,1431
181,1324,6075030900,75,Census Tract 309,178516.0,43841.0,38001,San Francisco,San Francisco County,San Francisco,667000,City,City of San Francisco,2411786,San Francisco,Census Tract 309; San Francisco County; California,2024.0,6548.0,2415.0,35.0,2332.0,691.0,0.3688149053145999,0.005345143555284,0.3561392791692119,0.1055284056200366,0.6311850946854001,235109.0,2000001.0,2274.0,2117.0,157.0,0.9309586631486368,0.7257081571442701,9022.910843068095,373964700.0,57111.286,Census Tract 309; San Francisco County; California,1483,672,1387,3006,Census Tract 309; San Francisco County; California,363,181,1192,3135
182,1326,6075031000,75,Census Tract 310,190000.0,34890.0,38001,San Francisco,San Francisco County,San Francisco,667000,City,City of San Francisco,2411786,San Francisco,Census Tract 310; San Francisco County; California,2024.0,4374.0,1767.0,293.0,1268.0,520.0,0.4039780521262002,0.066986739826246,0.2898948331047096,0.1188843164151806,0.5960219478737998,206130.0,1623300.0,1576.0,1188.0,388.0,0.7538071065989848,0.3157467511801646,13852.874126657924,402584100.0,92040.261,Census Tract 310; San Francisco County; California,767,734,812,2061,Census Tract 310; San Francisco County; California,164,228,882,2107
183,1328,6075033100,75,Census Tract 331,165592.0,29206.0,38001,San Francisco,San Francisco County,San Francisco,667000,City,City of San Francisco,2411786,San Francisco,Census Tract 331; San Francisco County; California,2024.0,3755.0,1015.0,64.0,2279.0,106.0,0.270306258322237,0.0170439414114513,0.6069241011984021,0.0282290279627163,0.7296937416777629,176806.0,1814000.0,1383.0,1226.0,157.0,0.8864786695589298,0.3404066532705742,11030.92423112928,330157800.0,87924.847,Census Tract 331; San Francisco County; California,869,346,763,1777,Census Tract 331; San Francisco County; California,164,108,491,2004
184,1111,6075033001,75,Census Tract 330.01,148239.0,43703.0,38001,San Francisco,San Francisco County,San Francisco,667000,City,City of San Francisco,2411786,San Francisco,Census Tract 330.01; San Francisco County; California,2024.0,3911.0,668.0,3.0,2563.0,441.0,0.1708003068268984,0.000767067246228586,0.6553311173612887,0.1127588851956021,0.8291996931731015,183021.0,1549300.0,1419.0,1246.0,173.0,0.8780831571529246,0.226814358075642,17243.176460176706,257349900.0,65801.56,Census Tract 330.01; San Francisco County; California,600,650,707,1954,Census Tract 330.01; San Francisco County; California,289,504,476,1908
185,718,6075030800,75,Census Tract 308,208750.0,60926.0,38001,San Francisco,San Francisco County,San Francisco,667000,City,City of San Francisco,2411786,San Francisco,Census Tract 308; San Francisco County; California,2024.0,5694.0,2990.0,110.0,1509.0,718.0,0.5251141552511416,0.0193185809624165,0.2650158061116965,0.1260976466455918,0.4748858447488584,186667.0,2000001.0,2010.0,1526.0,484.0,0.7592039800995025,0.4795048042046273,11874.750680433435,351650100.0,61758.008,Census Tract 308; San Francisco County; California,1053,1275,1114,2252,Census Tract 308; San Francisco County; California,138,315,617,3487
186,1112,6075033002,75,Census Tract 330.02,173281.0,49430.0,38001,San Francisco,San Francisco County,San Francisco,667000,City,City of San Francisco,2411786,San Francisco,Census Tract 330.02; San Francisco County; California,2024.0,4015.0,1570.0,24.0,1732.0,341.0,0.3910336239103362,0.0059775840597758,0.4313823163138232,0.084931506849315,0.6089663760896638,181000.0,1524000.0,1448.0,896.0,552.0,0.6187845303867403,0.3593315889429517,11173.523629834366,347728300.0,86607.298,Census Tract 330.02; San Francisco County; California,655,710,850,1800,Census Tract 330.02; San Francisco County; California,320,342,514,1931
187,281,6075032901,75,Census Tract 329.01,154291.0,8694.0,38001,San Francisco,San Francisco County,San Francisco,667000,City,City of San Francisco,2411786,San Francisco,Census Tract 329.01; San Francisco County; California,2024.0,6013.0,975.0,225.0,3769.0,354.0,0.1621486778646266,0.0374189256610676,0.6268085814069516,0.0588724430400798,0.8378513221353734,176000.0,1532000.0,1722.0,1249.0,473.0,0.7253193960511034,0.2594315378681673,23177.59841155305,176559500.0,29362.964,Census Tract 329.01; San Francisco County; California,1478,944,1360,2231,Census Tract 329.01; San Francisco County; California,606,438,1067,2212
188,279,6075032801,75,Census Tract 328.01,136250.0,37429.0,38001,San Francisco,San Francisco County,San Francisco,667000,City,City of San Francisco,2411786,San Francisco,Census Tract 328.01; San Francisco County; California,2024.0,4021.0,745.0,13.0,2783.0,303.0,0.1852772942054215,0.0032330266102959,0.6921163889579707,0.0753543894553593,0.8147227057945785,154257.0,1562100.0,1250.0,749.0,501.0,0.5992,0.2259984292231068,17792.15905978907,281621700.0,70037.727,Census Tract 328.01; San Francisco County; California,615,788,658,1960,Census Tract 328.01; San Francisco County; California,333,645,721,1543
189,713,6075030400,75,Census Tract 304,137418.0,24082.0,38001,San Francisco,San Francisco County,San Francisco,667000,City,City of San Francisco,2411786,San Francisco,Census Tract 304; San Francisco County; California,2024.0,5116.0,1585.0,51.0,2448.0,731.0,0.3098123534010946,0.0099687255668491,0.4784988272087568,0.1428850664581704,0.6901876465989054,137448.0,1839700.0,2105.0,1725.0,380.0,0.8194774346793349,0.3738724585322354,13683.810837750963,412086100.0,80548.495,Census Tract 304; San Francisco County; California,807,492,1038,2779,Census Tract 304; San Francisco County; California,364,354,536,2979
190,280,6075032802,75,Census Tract 328.02,110926.0,30084.0,38001,San Francisco,San Francisco County,San Francisco,667000,City,City of San Francisco,2411786,San Francisco,Census Tract 328.02; San Francisco County; California,2024.0,4268.0,1085.0,103.0,2626.0,124.0,0.2542174320524836,0.0241330834114339,0.6152764761012184,0.0290534208059981,0.7457825679475164,105195.0,1411300.0,1511.0,1030.0,481.0,0.6816677696889477,0.2498201258898903,17084.29208734426,253928800.0,59495.97,Census Tract 328.02; San Francisco County; California,621,817,759,2071,Census Tract 328.02; San Francisco County; California,329,557,777,1818
191,712,6075030302,75,Census Tract 303.02,194625.0,36826.0,38001,San Francisco,San Francisco County,San Francisco,667000,City,City of San Francisco,2411786,San Francisco,Census Tract 303.02; San Francisco County; California,2024.0,3552.0,1307.0,71.0,1650.0,244.0,0.3679617117117117,0.0199887387387387,0.464527027027027,0.0686936936936937,0.6320382882882882,216188.0,1738600.0,1313.0,920.0,393.0,0.7006854531607006,0.2311815312092742,15364.549155030016,324360200.0,91317.624,Census Tract 303.02; San Francisco County; California,550,864,677,1461,Census Tract 303.02; San Francisco County; California,293,213,427,1899
192,1053,6075035102,75,Census Tract 351.02,162721.0,50102.0,38001,San Francisco,San Francisco County,San Francisco,667000,City,City of San Francisco,2411786,San Francisco,Census Tract 351.02; San Francisco County; California,2024.0,3755.0,1123.0,0.0,2319.0,195.0,0.2990679094540612,0.0,0.6175765645805592,0.0519307589880159,0.7009320905459387,167279.0,1272700.0,1259.0,930.0,329.0,0.73868149324861,0.2098108622286756,17897.071486734447,181538900.0,48345.912,Census Tract 351.02; San Francisco County; California,739,594,759,1663,Census Tract 351.02; San Francisco County; California,514,160,570,1609
193,1257,6075032902,75,Census Tract 329.02,107582.0,24753.0,38001,San Francisco,San Francisco County,San Francisco,667000,City,City of San Francisco,2411786,San Francisco,Census Tract 329.02; San Francisco County; California,2024.0,3720.0,654.0,41.0,2568.0,377.0,0.1758064516129032,0.011021505376344,0.6903225806451613,0.1013440860215053,0.8241935483870968,126471.0,1520500.0,1310.0,1113.0,197.0,0.849618320610687,0.1946933322129677,19106.971757670835,193157500.0,51924.059,Census Tract 329.02; San Francisco County; California,524,507,567,2122,Census Tract 329.02; San Francisco County; California,175,730,451,1537
194,711,6075030301,75,Census Tract 303.01,179107.0,19551.0,38001,San Francisco,San Francisco County,San Francisco,667000,City,City of San Francisco,2411786,San Francisco,Census Tract 303.01; San Francisco County; California,2024.0,6160.0,2554.0,115.0,2419.0,778.0,0.4146103896103896,0.0186688311688311,0.3926948051948052,0.1262987012987013,0.5853896103896103,199167.0,1740800.0,2552.0,1463.0,1089.0,0.5732758620689655,0.2910454318150139,21165.080522257584,326236300.0,52960.438,Census Tract 303.01; San Francisco County; California,994,1512,1163,2491,Census Tract 303.01; San Francisco County; California,290,303,479,3861
195,1327,6075032700,75,Census Tract 327,145147.0,53555.0,38001,San Francisco,San Francisco County,San Francisco,667000,City,City of San Francisco,2411786,San Francisco,Census Tract 327; San Francisco County; California,2024.0,6573.0,1677.0,11.0,3469.0,735.0,0.2551346417161114,0.0016735128556214,0.5277650996500837,0.1118210862619808,0.7448653582838887,128244.0,1547100.0,2503.0,1497.0,1006.0,0.5980823012385138,0.3260792876222821,20157.67406733884,257973800.0,39247.497,Census Tract 327; San Francisco County; California,790,1125,1418,3240,Census Tract 327; San Francisco County; California,944,648,1113,2767
196,278,6075032602,75,Census Tract 326.02,154609.0,45771.0,38001,San Francisco,San Francisco County,San Francisco,667000,City,City of San Francisco,2411786,San Francisco,Census Tract 326.02; San Francisco County; California,2024.0,4118.0,1168.0,225.0,1889.0,354.0,0.2836328314715881,0.054638173870811,0.4587178241864983,0.0859640602234094,0.7163671685284119,163796.0,1635000.0,1472.0,768.0,704.0,0.5217391304347826,0.1822426003998325,22596.25351572729,276331000.0,67103.205,Census Tract 326.02; San Francisco County; California,638,978,775,1727,Census Tract 326.02; San Francisco County; California,314,403,619,1904
197,442,6075035202,75,Census Tract 352.02,100701.0,25069.0,38001,San Francisco,San Francisco County,San Francisco,667000,City,City of San Francisco,2411786,San Francisco,Census Tract 352.02; San Francisco County; California,2024.0,4188.0,1498.0,90.0,1691.0,746.0,0.3576886341929322,0.0214899713467048,0.4037726838586437,0.1781279847182426,0.6423113658070678,104877.0,1216500.0,1677.0,568.0,1109.0,0.3387000596302922,0.1442678046913681,29029.34586798061,141462800.0,33778.128,Census Tract 352.02; San Francisco County; California,796,773,1117,1502,Census Tract 352.02; San Francisco County; California,328,587,622,1731
198,1329,6075033201,75,Census Tract 332.01,53906.0,48049.0,38001,San Francisco,San Francisco County,San Francisco,667000,City,City of San Francisco,2411786,San Francisco,Census Tract 332.01; San Francisco County; California,2024.0,3316.0,816.0,270.0,1026.0,977.0,0.2460796139927623,0.0814234016887816,0.3094089264173703,0.2946320868516284,0.7539203860072377,,,638.0,6.0,632.0,0.0094043887147335,0.3620091531674108,9159.989384209077,303524300.0,91533.263,Census Tract 332.01; San Francisco County; California,75,2638,147,456,Census Tract 332.01; San Francisco County; California,47,84,275,531
199,1330,6075035201,75,Census Tract 352.01,132277.0,20735.0,38001,San Francisco,San Francisco County,San Francisco,667000,City,City of San Francisco,2411786,San Francisco,Census Tract 352.01; San Francisco County; California,2024.0,5020.0,1722.0,20.0,2649.0,279.0,0.3430278884462151,0.0039840637450199,0.5276892430278884,0.0555776892430278,0.6569721115537849,136295.0,1367700.0,1915.0,1309.0,606.0,0.68355091383812,0.3445173293036959,14571.11028390335,148383000.0,29558.367,Census Tract 352.01; San Francisco County; California,710,884,1185,2241,Census Tract 352.01; San Francisco County; California,709,492,854,2035
200,1331,6075035300,75,Census Tract 353,146620.0,26316.0,38001,San Francisco,San Francisco County,San Francisco,667000,City,City of San Francisco,2411786,San Francisco,Census Tract 353; San Francisco County; California,2024.0,6525.0,2009.0,6.0,3513.0,578.0,0.3078927203065134,0.0009195402298850574,0.5383908045977012,0.0885823754789272,0.6921072796934866,161074.0,1355900.0,2537.0,1818.0,719.0,0.7165944028379977,0.4339956822729191,15034.711787516677,204026100.0,31268.368,Census Tract 353; San Francisco County; California,1016,987,1851,2671,Census Tract 353; San Francisco County; California,345,917,995,2941
201,1332,6075035400,75,Census Tract 354,139477.0,46222.0,38001,San Francisco,San Francisco County,San Francisco,667000,City,City of San Francisco,2411786,San Francisco,Census Tract 354; San Francisco County; California,2024.0,7140.0,2154.0,76.0,2906.0,629.0,0.3016806722689075,0.0106442577030812,0.4070028011204482,0.0880952380952381,0.6983193277310924,149794.0,1335600.0,2477.0,1878.0,599.0,0.7581752119499394,0.3943298159563864,18106.67038373202,129842900.0,18185.28,Census Tract 354; San Francisco County; California,1417,1634,1215,2874,Census Tract 354; San Francisco County; California,497,889,1086,2931
202,1117,6075061507,75,Census Tract 615.07,118370.0,53854.0,38001,San Francisco,San Francisco County,San Francisco,667000,City,City of San Francisco,2411786,San Francisco,Census Tract 615.07; San Francisco County; California,2024.0,1387.0,325.0,10.0,876.0,176.0,0.2343186733958183,0.0072098053352559,0.631578947368421,0.1268925739005046,0.7656813266041818,118661.0,,789.0,213.0,576.0,0.2699619771863117,0.1084011484581495,12795.067392994268,407921128.571429,294103.193,Census Tract 615.07; San Francisco County; California,146,538,340,363,Census Tract 615.07; San Francisco County; California,66,109,101,786
203,512,6075011300,75,Census Tract 113,31801.0,14841.0,38001,San Francisco,San Francisco County,San Francisco,667000,City,City of San Francisco,2411786,San Francisco,Census Tract 113; San Francisco County; California,2024.0,2589.0,479.0,55.0,1856.0,133.0,0.1850135187331016,0.0212437234453456,0.7168791039011201,0.0513711857860177,0.8149864812668984,32623.0,1420500.0,1362.0,99.0,1263.0,0.0726872246696035,0.0394947490321206,65553.01814665024,452341128.571429,174716.543,Census Tract 113; San Francisco County; California,212,748,416,1213,Census Tract 113; San Francisco County; California,830,215,334,821
204,508,6075010500,75,Census Tract 105,187763.0,35599.0,38001,San Francisco,San Francisco County,San Francisco,667000,City,City of San Francisco,2411786,San Francisco,Census Tract 105; San Francisco County; California,2024.0,3473.0,1432.0,31.0,1760.0,124.0,0.4123236395047509,0.008926000575871,0.5067664843075151,0.035704002303484,0.5876763604952491,179896.0,1215300.0,1848.0,411.0,1437.0,0.2224025974025974,0.21357989319177,16260.893982570013,408057528.571429,117494.25,Census Tract 105; San Francisco County; California,419,908,598,1548,Census Tract 105; San Francisco County; California,309,352,201,2033
205,1124,6075061101,75,Census Tract 611.01,19531.0,10785.0,38001,San Francisco,San Francisco County,San Francisco,667000,City,City of San Francisco,2411786,San Francisco,Census Tract 611.01; San Francisco County; California,2024.0,1723.0,48.0,26.0,1590.0,6.0,0.0278583865351131,0.0150899593731863,0.922809053975624,0.0034822983168891,0.9721416134648868,24167.0,2000001.0,862.0,65.0,797.0,0.0754060324825986,0.0743226280436761,23182.71090989233,458629142.857143,266180.582,Census Tract 611.01; San Francisco County; California,256,278,240,949,Census Tract 611.01; San Francisco County; California,646,338,51,269
206,510,6075010800,75,Census Tract 108,145402.0,80096.0,38001,San Francisco,San Francisco County,San Francisco,667000,City,City of San Francisco,2411786,San Francisco,Census Tract 108; San Francisco County; California,2024.0,4047.0,1732.0,277.0,1446.0,271.0,0.4279713367926859,0.0684457622930565,0.3573017049666419,0.0669631826043983,0.572028663207314,123750.0,996600.0,2402.0,520.0,1882.0,0.2164862614487926,0.0873598687248642,46325.6190636668,498788728.571429,123249.006,Census Tract 108; San Francisco County; California,71,1214,1118,1644,Census Tract 108; San Francisco County; California,387,244,234,2872
207,1126,6075061102,75,Census Tract 611.02,27450.0,11305.0,38001,San Francisco,San Francisco County,San Francisco,667000,City,City of San Francisco,2411786,San Francisco,Census Tract 611.02; San Francisco County; California,2024.0,1982.0,91.0,92.0,1653.0,109.0,0.0459132189707366,0.0464177598385469,0.8340060544904138,0.0549949545913219,0.9540867810292634,28958.0,1051300.0,928.0,162.0,766.0,0.1745689655172413,0.0163521704271874,121207.15160262074,430615028.571429,217262.88,Census Tract 611.02; San Francisco County; California,233,355,370,1024,Census Tract 611.02; San Francisco County; California,888,260,116,279
208,1122,6075012801,75,Census Tract 128.01,250001.0,,38001,San Francisco,San Francisco County,San Francisco,667000,City,City of San Francisco,2411786,San Francisco,Census Tract 128.01; San Francisco County; California,2024.0,2568.0,1937.0,20.0,113.0,419.0,0.7542834890965732,0.0077881619937694,0.0440031152647975,0.1631619937694704,0.2457165109034268,215568.0,2000001.0,1162.0,437.0,725.0,0.3760757314974182,0.1151165207366987,22307.8319564025,369796142.857143,144001.613,Census Tract 128.01; San Francisco County; California,484,799,379,906,Census Tract 128.01; San Francisco County; California,132,67,245,1366
209,1156,6075013002,75,Census Tract 130.02,210637.0,34141.0,38001,San Francisco,San Francisco County,San Francisco,667000,City,City of San Francisco,2411786,San Francisco,Census Tract 130.02; San Francisco County; California,2024.0,2843.0,2035.0,0.0,331.0,191.0,0.7157931762223004,0.0,0.1164263102356665,0.0671825536405205,0.2842068237776995,244215.0,2000001.0,1285.0,324.0,961.0,0.2521400778210116,0.0682067090775285,41682.11659015019,504459342.857143,177439.094,Census Tract 130.02; San Francisco County; California,624,879,831,509,Census Tract 130.02; San Francisco County; California,25,27,78,1892
210,1155,6075012802,75,Census Tract 128.02,250001.0,,38001,San Francisco,San Francisco County,San Francisco,667000,City,City of San Francisco,2411786,San Francisco,Census Tract 128.02; San Francisco County; California,2024.0,1855.0,1203.0,3.0,390.0,238.0,0.6485175202156335,0.0016172506738544,0.2102425876010781,0.1283018867924528,0.3514824797843665,250001.0,2000001.0,1001.0,296.0,705.0,0.2957042957042957,0.0769104396547474,24118.96237139109,446244842.857143,240563.258,Census Tract 128.02; San Francisco County; California,152,933,357,413,Census Tract 128.02; San Francisco County; California,7,34,110,1467
211,1141,6075010902,75,Census Tract 109.02,137141.0,56249.0,38001,San Francisco,San Francisco County,San Francisco,667000,City,City of San Francisco,2411786,San Francisco,Census Tract 109.02; San Francisco County; California,2024.0,2589.0,1563.0,0.0,571.0,304.0,0.6037079953650057,0.0,0.2205484743144071,0.1174198532251834,0.3962920046349942,155234.0,1319100.0,1461.0,184.0,1277.0,0.1259411362080766,0.0490625786212736,52769.342190208525,490437128.571429,189431.104,Census Tract 109.02; San Francisco County; California,197,1086,471,835,Census Tract 109.02; San Francisco County; California,188,143,287,1573
212,1161,6075013001,75,Census Tract 130.01,191541.0,63973.0,38001,San Francisco,San Francisco County,San Francisco,667000,City,City of San Francisco,2411786,San Francisco,Census Tract 130.01; San Francisco County; California,2024.0,1427.0,1132.0,7.0,120.0,92.0,0.7932725998598459,0.004905395935529,0.0840925017519271,0.0644709180098108,0.2067274001401541,154659.0,2000001.0,911.0,289.0,622.0,0.3172338090010977,0.0700521249539733,20370.54551789241,516813028.571429,362167.504,Census Tract 130.01; San Francisco County; California,57,668,284,418,Census Tract 130.01; San Francisco County; California,40,34,115,1085
213,1138,6075010901,75,Census Tract 109.01,183194.0,64699.0,38001,San Francisco,San Francisco County,San Francisco,667000,City,City of San Francisco,2411786,San Francisco,Census Tract 109.01; San Francisco County; California,2024.0,2067.0,1351.0,13.0,205.0,281.0,0.6536042573778423,0.0062893081761006,0.0991775520077406,0.1359458151910982,0.3463957426221576,183468.0,2000001.0,1058.0,152.0,906.0,0.1436672967863894,0.0476232279045276,43403.18980779301,452230728.571429,218786.032,Census Tract 109.01; San Francisco County; California,155,985,456,471,Census Tract 109.01; San Francisco County; California,30,17,113,1484
214,1148,6075010701,75,Census Tract 107.01,24085.0,8439.0,38001,San Francisco,San Francisco County,San Francisco,667000,City,City of San Francisco,2411786,San Francisco,Census Tract 107.01; San Francisco County; California,2024.0,3021.0,124.0,0.0,2784.0,38.0,0.0410460112545514,0.0,0.9215491559086396,0.0125786163522012,0.9589539887454486,24854.0,1120400.0,1792.0,110.0,1682.0,0.0613839285714285,0.0378498808000862,79815.31080523552,414920928.571429,137345.557,Census Tract 107.01; San Francisco County; California,84,368,250,2319,Census Tract 107.01; San Francisco County; California,1483,661,306,327
215,509,6075010600,75,Census Tract 106,58060.0,40541.0,38001,San Francisco,San Francisco County,San Francisco,667000,City,City of San Francisco,2411786,San Francisco,Census Tract 106; San Francisco County; California,2024.0,2957.0,787.0,104.0,1480.0,390.0,0.2661481230977341,0.0351707811971592,0.5005072708826513,0.1318904294893473,0.7338518769022658,75938.0,1560200.0,1723.0,161.0,1562.0,0.0934416715031921,0.0721436905702321,40987.64530380308,426847828.571429,144351.65,Census Tract 106; San Francisco County; California,209,995,453,1300,Census Tract 106; San Francisco County; California,401,279,753,1080
216,231,6075012902,75,Census Tract 129.02,205463.0,15824.0,38001,San Francisco,San Francisco County,San Francisco,667000,City,City of San Francisco,2411786,San Francisco,Census Tract 129.02; San Francisco County; California,2024.0,2589.0,1751.0,18.0,436.0,172.0,0.6763229045963692,0.0069524913093858,0.1684047894940131,0.0664349169563538,0.3236770954036307,189444.0,1976600.0,1734.0,403.0,1331.0,0.2324106113033448,0.1368856740067953,18913.59354282373,566424528.571429,218781.201,Census Tract 129.02; San Francisco County; California,124,1372,405,688,Census Tract 129.02; San Francisco County; California,0,157,419,1657
217,1149,6075010702,75,Census Tract 107.02,77524.0,22275.0,38001,San Francisco,San Francisco County,San Francisco,667000,City,City of San Francisco,2411786,San Francisco,Census Tract 107.02; San Francisco County; California,2024.0,1398.0,415.0,0.0,707.0,208.0,0.2968526466380544,0.0,0.505722460658083,0.1487839771101573,0.7031473533619457,84904.0,1716900.0,660.0,129.0,531.0,0.1954545454545454,0.0328702914611179,42530.80632563559,472647928.571429,338088.647,Census Tract 107.02; San Francisco County; California,131,347,266,654,Census Tract 107.02; San Francisco County; California,199,220,115,554
218,507,6075010300,75,Census Tract 103,149766.0,34614.0,38001,San Francisco,San Francisco County,San Francisco,667000,City,City of San Francisco,2411786,San Francisco,Census Tract 103; San Francisco County; California,2024.0,3824.0,2238.0,0.0,925.0,435.0,0.5852510460251046,0.0,0.2418933054393305,0.113755230125523,0.4147489539748954,158144.0,1202500.0,2060.0,440.0,1620.0,0.2135922330097087,0.1036251409364008,36902.24172864529,484551328.571429,126713.214,Census Tract 103; San Francisco County; California,220,1422,583,1599,Census Tract 103; San Francisco County; California,217,155,321,2667
219,1123,6075010402,75,Census Tract 104.02,202050.0,62943.0,38001,San Francisco,San Francisco County,San Francisco,667000,City,City of San Francisco,2411786,San Francisco,Census Tract 104.02; San Francisco County; California,2024.0,1924.0,1292.0,31.0,431.0,82.0,0.6715176715176715,0.0161122661122661,0.224012474012474,0.0426195426195426,0.3284823284823285,203354.0,1341500.0,1233.0,391.0,842.0,0.3171127331711273,0.0748452639750273,25706.36935213371,380717128.571429,197877.925,Census Tract 104.02; San Francisco County; California,137,559,416,812,Census Tract 104.02; San Francisco County; California,63,46,169,1449
220,1162,6075010201,75,Census Tract 102.01,147427.0,34200.0,38001,San Francisco,San Francisco County,San Francisco,667000,City,City of San Francisco,2411786,San Francisco,Census Tract 102.01; San Francisco County; California,2024.0,2650.0,1711.0,153.0,189.0,344.0,0.6456603773584906,0.0577358490566037,0.0713207547169811,0.129811320754717,0.3543396226415094,156017.0,1927600.0,1399.0,406.0,993.0,0.2902072909220872,0.0721485127773553,36729.793837576304,444459928.571429,167720.728,Census Tract 102.01; San Francisco County; California,235,1193,348,874,Census Tract 102.01; San Francisco County; California,53,67,403,1717
221,229,6075012601,75,Census Tract 126.01,180123.0,11356.0,38001,San Francisco,San Francisco County,San Francisco,667000,City,City of San Francisco,2411786,San Francisco,Census Tract 126.01; San Francisco County; California,2024.0,2105.0,1504.0,0.0,197.0,133.0,0.7144893111638955,0.0,0.0935866983372921,0.0631828978622327,0.2855106888361045,171058.0,2000001.0,1282.0,286.0,996.0,0.2230889235569422,0.0661630007687762,31815.364713527277,473883542.857143,225122.823,Census Tract 126.01; San Francisco County; California,221,956,432,496,Census Tract 126.01; San Francisco County; California,50,106,134,1448
222,1147,6075010401,75,Census Tract 104.01,173750.0,108948.0,38001,San Francisco,San Francisco County,San Francisco,667000,City,City of San Francisco,2411786,San Francisco,Census Tract 104.01; San Francisco County; California,2024.0,2427.0,1266.0,7.0,585.0,467.0,0.5216316440049443,0.0028842192006592,0.2410383189122373,0.1924186238154099,0.4783683559950556,181705.0,2000001.0,953.0,233.0,720.0,0.2444910807974816,0.0548634617341898,44237.091923923246,409858928.571429,168874.713,Census Tract 104.01; San Francisco County; California,538,553,538,798,Census Tract 104.01; San Francisco County; California,113,177,143,1323
223,1115,6075010202,75,Census Tract 102.02,208750.0,53160.0,38001,San Francisco,San Francisco County,San Francisco,667000,City,City of San Francisco,2411786,San Francisco,Census Tract 102.02; San Francisco County; California,2024.0,1839.0,1240.0,30.0,277.0,51.0,0.6742794997281131,0.0163132137030995,0.1506253398586188,0.0277324632952691,0.3257205002718869,176958.0,1417300.0,1099.0,299.0,800.0,0.2720655141037306,0.145938798479346,12601.172677602,451075928.571429,245283.267,Census Tract 102.02; San Francisco County; California,110,712,360,657,Census Tract 102.02; San Francisco County; California,11,22,165,1369
224,230,6075012602,75,Census Tract 126.02,189500.0,56360.0,38001,San Francisco,San Francisco County,San Francisco,667000,City,City of San Francisco,2411786,San Francisco,Census Tract 126.02; San Francisco County; California,2024.0,3071.0,2508.0,8.0,212.0,137.0,0.8166720937805275,0.0026050146532074,0.0690328883099967,0.0446108759361771,0.1833279062194724,244000.0,1945300.0,1470.0,454.0,1016.0,0.308843537414966,0.2331651084656492,13170.92433001154,488813342.857143,159170.74,Census Tract 126.02; San Francisco County; California,367,1463,716,525,Census Tract 126.02; San Francisco County; California,87,42,109,2183
225,1109,6075010102,75,Census Tract 101.02,,,38001,San Francisco,San Francisco County,San Francisco,667000,City,City of San Francisco,2411786,San Francisco,Census Tract 101.02; San Francisco County; California,2024.0,1917.0,617.0,385.0,770.0,112.0,0.3218570683359416,0.2008346374543557,0.4016692749087115,0.0584246218049034,0.6781429316640584,102826.0,1300000.0,930.0,264.0,666.0,0.2838709677419355,0.0307738158287547,62293.217411432524,375256228.571429,195751.815,Census Tract 101.02; San Francisco County; California,303,334,541,739,Census Tract 101.02; San Francisco County; California,189,187,369,784
226,1108,6075010101,75,Census Tract 101.01,83816.0,37733.0,38001,San Francisco,San Francisco County,San Francisco,667000,City,City of San Francisco,2411786,San Francisco,Census Tract 101.01; San Francisco County; California,2024.0,1911.0,717.0,113.0,561.0,373.0,0.3751962323390895,0.0591313448456305,0.2935635792778649,0.195185766614338,0.6248037676609105,89022.0,1531300.0,1216.0,101.0,1115.0,0.0830592105263157,0.1917473112912064,9966.241441048243,408696628.571429,213865.321,Census Tract 101.01; San Francisco County; California,45,764,472,630,Census Tract 101.01; San Francisco County; California,192,35,341,1121
227,1189,6075020402,75,Census Tract 204.02,152138.0,33034.0,38001,San Francisco,San Francisco County,San Francisco,667000,City,City of San Francisco,2411786,San Francisco,Census Tract 204.02; San Francisco County; California,2024.0,4061.0,2277.0,86.0,748.0,715.0,0.5606993351391283,0.0211770499876877,0.1841910859394238,0.1760650086185668,0.4393006648608717,152097.0,1215200.0,2442.0,816.0,1626.0,0.3341523341523341,0.234009861456012,17353.96950680801,559844500.0,137858.779,Census Tract 204.02; San Francisco County; California,202,1018,1200,1641,Census Tract 204.02; San Francisco County; California,29,305,473,2863
228,1245,6075012901,75,Census Tract 129.01,220096.0,46949.0,38001,San Francisco,San Francisco County,San Francisco,667000,City,City of San Francisco,2411786,San Francisco,Census Tract 129.01; San Francisco County; California,2024.0,2830.0,1882.0,3.0,464.0,320.0,0.665017667844523,0.001060070671378,0.1639575971731448,0.1130742049469964,0.334982332155477,219125.0,1641100.0,1459.0,306.0,1153.0,0.209732693625771,0.0697627388039237,40566.06791132504,504422142.857143,178241.04,Census Tract 129.01; San Francisco County; California,361,1482,573,414,Census Tract 129.01; San Francisco County; California,58,63,115,2026
229,1325,6075031100,75,Census Tract 311,188591.0,36737.0,38001,San Francisco,San Francisco County,San Francisco,667000,City,City of San Francisco,2411786,San Francisco,Census Tract 311; San Francisco County; California,2024.0,6073.0,2354.0,195.0,2295.0,874.0,0.3876173225753334,0.0321093364070475,0.3779021900214062,0.1439156924090235,0.6123826774246666,200545.0,1521100.0,2372.0,1432.0,940.0,0.6037099494097807,0.4151071781814429,14629.95659724655,507694400.0,83598.617,Census Tract 311; San Francisco County; California,676,1786,1125,2486,Census Tract 311; San Francisco County; California,457,429,798,2968
230,1368,6075021700,75,Census Tract 217,141250.0,43288.0,38001,San Francisco,San Francisco County,San Francisco,667000,City,City of San Francisco,2411786,San Francisco,Census Tract 217; San Francisco County; California,2024.0,4432.0,2048.0,355.0,818.0,549.0,0.4620938628158845,0.0800992779783393,0.1845667870036101,0.1238718411552346,0.5379061371841155,133300.0,1632700.0,1802.0,1239.0,563.0,0.6875693673695893,0.4756329229645343,9318.110219065877,548744700.0,123814.237,Census Tract 217; San Francisco County; California,1046,634,1008,1744,Census Tract 217; San Francisco County; California,181,199,521,2306
231,473,6075026001,75,Census Tract 260.01,114563.0,21784.0,38001,San Francisco,San Francisco County,San Francisco,667000,City,City of San Francisco,2411786,San Francisco,Census Tract 260.01; San Francisco County; California,2024.0,5625.0,802.0,55.0,2585.0,1955.0,0.1425777777777777,0.0097777777777777,0.4595555555555555,0.3475555555555555,0.8574222222222222,120650.0,1178700.0,1754.0,906.0,848.0,0.5165336374002281,0.1568051244376133,35872.55212592218,312678500.0,55587.289,Census Tract 260.01; San Francisco County; California,703,1568,1555,1799,Census Tract 260.01; San Francisco County; California,899,788,1305,1411
232,691,6075026002,75,Census Tract 260.02,136324.0,37319.0,38001,San Francisco,San Francisco County,San Francisco,667000,City,City of San Francisco,2411786,San Francisco,Census Tract 260.02; San Francisco County; California,2024.0,3641.0,986.0,146.0,1194.0,1094.0,0.2708047239769294,0.0400988739357319,0.3279318868442735,0.3004669046965119,0.7291952760230707,127768.0,1151400.0,1069.0,798.0,271.0,0.7464920486435921,0.1375753026695591,26465.50601269826,314857000.0,86475.419,Census Tract 260.02; San Francisco County; California,668,379,984,1610,Census Tract 260.02; San Francisco County; California,598,644,586,1052
233,1114,6075025501,75,Census Tract 255.01,150438.0,30933.0,38001,San Francisco,San Francisco County,San Francisco,667000,City,City of San Francisco,2411786,San Francisco,Census Tract 255.01; San Francisco County; California,2024.0,4235.0,476.0,78.0,1498.0,1744.0,0.112396694214876,0.0184179456906729,0.3537190082644628,0.411806375442739,0.8876033057851239,113920.0,1301000.0,1028.0,752.0,276.0,0.7315175097276264,0.204860182905666,20672.63603855187,399220200.0,94266.871,Census Tract 255.01; San Francisco County; California,1127,927,918,1263,Census Tract 255.01; San Francisco County; California,507,452,779,1153
234,688,6075025600,75,Census Tract 256,115739.0,33192.0,38001,San Francisco,San Francisco County,San Francisco,667000,City,City of San Francisco,2411786,San Francisco,Census Tract 256; San Francisco County; California,2024.0,5419.0,839.0,116.0,2811.0,1470.0,0.1548256135818416,0.0214061634988005,0.5187303930614504,0.2712677615796272,0.8451743864181583,144100.0,1038100.0,1610.0,1110.0,500.0,0.6894409937888198,0.2216549281639874,24447.91119641089,353293900.0,65195.405,Census Tract 256; San Francisco County; California,1027,1187,1022,2183,Census Tract 256; San Francisco County; California,589,816,943,1534
235,1118,6075025502,75,Census Tract 255.02,161400.0,41829.0,38001,San Francisco,San Francisco County,San Francisco,667000,City,City of San Francisco,2411786,San Francisco,Census Tract 255.02; San Francisco County; California,2024.0,3739.0,832.0,58.0,1314.0,1253.0,0.2225193902112864,0.0155121690291521,0.3514308638673442,0.3351163412677186,0.7774806097887136,180341.0,1203000.0,1201.0,818.0,383.0,0.6810990840965861,0.2094430037484997,17852.11218843009,399292500.0,106791.254,Census Tract 255.02; San Francisco County; California,560,703,1099,1377,Census Tract 255.02; San Francisco County; California,390,609,653,1371
236,444,6075025403,75,Census Tract 254.03,166935.0,45014.0,38001,San Francisco,San Francisco County,San Francisco,667000,City,City of San Francisco,2411786,San Francisco,Census Tract 254.03; San Francisco County; California,2024.0,4410.0,1079.0,246.0,1242.0,1596.0,0.2446712018140589,0.05578231292517,0.2816326530612245,0.3619047619047619,0.755328798185941,147083.0,1550800.0,1325.0,762.0,563.0,0.5750943396226416,0.1956566333670636,22539.486262786573,403253100.0,91440.612,Census Tract 254.03; San Francisco County; California,875,754,1248,1533,Census Tract 254.03; San Francisco County; California,552,411,651,1527
237,492,6075025401,75,Census Tract 254.01,165278.0,61536.0,38001,San Francisco,San Francisco County,San Francisco,667000,City,City of San Francisco,2411786,San Francisco,Census Tract 254.01; San Francisco County; California,2024.0,3567.0,1529.0,137.0,296.0,743.0,0.4286515278945892,0.0384076254555649,0.0829828987945051,0.2082982898794505,0.5713484721054107,204844.0,1487900.0,1329.0,762.0,567.0,0.5733634311512416,0.1498655611605559,23801.33215648226,491117400.0,137683.6,Census Tract 254.01; San Francisco County; California,974,546,985,1062,Census Tract 254.01; San Francisco County; California,63,320,329,1714
238,686,6075025300,75,Census Tract 253,168720.0,19595.0,38001,San Francisco,San Francisco County,San Francisco,667000,City,City of San Francisco,2411786,San Francisco,Census Tract 253; San Francisco County; California,2024.0,4302.0,2018.0,55.0,378.0,1495.0,0.4690841469084147,0.0127847512784751,0.0878661087866108,0.3475127847512785,0.5309158530915853,181578.0,1523400.0,1753.0,889.0,864.0,0.5071306332002282,0.1535589212221993,28015.304912014966,541645900.0,125905.602,Census Tract 253; San Francisco County; California,532,1301,922,1547,Census Tract 253; San Francisco County; California,369,481,565,2177
239,1143,6075020701,75,Census Tract 207.01,246500.0,59332.0,38001,San Francisco,San Francisco County,San Francisco,667000,City,City of San Francisco,2411786,San Francisco,Census Tract 207.01; San Francisco County; California,2024.0,3357.0,1924.0,146.0,524.0,404.0,0.5731307715221924,0.0434912123920166,0.1560917485850461,0.120345546619005,0.4268692284778076,223707.0,1581300.0,1514.0,466.0,1048.0,0.3077939233817701,0.0805203574240423,41691.32015051939,601094700.0,179057.105,Census Tract 207.01; San Francisco County; California,319,1085,1136,817,Census Tract 207.01; San Francisco County; California,27,87,230,2441
240,1098,6075020801,75,Census Tract 208.01,101696.0,23574.0,38001,San Francisco,San Francisco County,San Francisco,667000,City,City of San Francisco,2411786,San Francisco,Census Tract 208.01; San Francisco County; California,2024.0,3767.0,1046.0,154.0,408.0,1789.0,0.2776745420759224,0.040881337934696,0.1083089992036103,0.4749137244491638,0.7223254579240775,133953.0,1125000.0,1418.0,318.0,1100.0,0.2242595204513399,0.0801996412842602,46970.28490000614,607437842.857143,161252.414,Census Tract 208.01; San Francisco County; California,650,1048,891,1178,Census Tract 208.01; San Francisco County; California,676,174,382,1482
241,693,6075020500,75,Census Tract 205,250001.0,,38001,San Francisco,San Francisco County,San Francisco,667000,City,City of San Francisco,2411786,San Francisco,Census Tract 205; San Francisco County; California,2024.0,2789.0,1940.0,59.0,338.0,223.0,0.6955898171387594,0.0211545356758694,0.1211903908210828,0.0799569738257439,0.3044101828612405,250001.0,1934100.0,1246.0,583.0,663.0,0.4678972712680578,0.1095473160773932,25459.31840109729,584384400.0,209531.875,Census Tract 205; San Francisco County; California,413,552,874,950,Census Tract 205; San Francisco County; California,76,177,355,1726
242,58,6075020602,75,Census Tract 206.02,196417.0,72402.0,38001,San Francisco,San Francisco County,San Francisco,667000,City,City of San Francisco,2411786,San Francisco,Census Tract 206.02; San Francisco County; California,2024.0,2379.0,1658.0,68.0,237.0,175.0,0.6969314838167298,0.0285834384195039,0.0996216897856242,0.0735603194619588,0.3030685161832702,207958.0,1584800.0,1317.0,633.0,684.0,0.4806378132118451,0.0950670070921448,25024.45456912434,595620700.0,250365.994,Census Tract 206.02; San Francisco County; California,176,403,413,1387,Census Tract 206.02; San Francisco County; California,22,30,249,1832
243,1100,6075020702,75,Census Tract 207.02,144048.0,28675.0,38001,San Francisco,San Francisco County,San Francisco,667000,City,City of San Francisco,2411786,San Francisco,Census Tract 207.02; San Francisco County; California,2024.0,1995.0,1233.0,25.0,349.0,340.0,0.6180451127819548,0.012531328320802,0.174937343358396,0.1704260651629072,0.3819548872180451,160179.0,1697200.0,1121.0,245.0,876.0,0.2185548617305976,0.0535523603490866,37253.25993094205,644223442.857143,322919.019,Census Tract 207.02; San Francisco County; California,183,607,575,630,Census Tract 207.02; San Francisco County; California,96,89,260,1309
244,1097,6075020802,75,Census Tract 208.02,119030.0,25098.0,38001,San Francisco,San Francisco County,San Francisco,667000,City,City of San Francisco,2411786,San Francisco,Census Tract 208.02; San Francisco County; California,2024.0,2188.0,609.0,19.0,560.0,866.0,0.2783363802559415,0.0086837294332723,0.2559414990859232,0.3957952468007312,0.7216636197440585,119667.0,,1018.0,149.0,869.0,0.1463654223968565,0.0534339858065974,40947.722071855074,691411342.857143,316001.528,Census Tract 208.02; San Francisco County; California,163,730,680,615,Census Tract 208.02; San Francisco County; California,685,41,213,795
245,697,6075017000,75,Census Tract 170,250001.0,,38001,San Francisco,San Francisco County,San Francisco,667000,City,City of San Francisco,2411786,San Francisco,Census Tract 170; San Francisco County; California,2024.0,4061.0,2753.0,76.0,578.0,342.0,0.6779118443733071,0.0187146023147008,0.1423294754986456,0.0842157104161536,0.3220881556266929,229013.0,1821400.0,2201.0,1120.0,1081.0,0.5088596092685143,0.1846001875558997,21998.89422523077,650161300.0,160098.818,Census Tract 170; San Francisco County; California,401,799,1106,1755,Census Tract 170; San Francisco County; California,15,211,198,3175
246,696,6075016900,75,Census Tract 169,150139.0,44708.0,38001,San Francisco,San Francisco County,San Francisco,667000,City,City of San Francisco,2411786,San Francisco,Census Tract 169; San Francisco County; California,2024.0,2889.0,2034.0,32.0,376.0,235.0,0.7040498442367601,0.0110764970578054,0.1301488404292142,0.0813430252682589,0.2959501557632399,201827.0,1742500.0,1507.0,511.0,996.0,0.3390842733908427,0.114548688608313,25220.71649269269,809674542.857143,280261.178,Census Tract 169; San Francisco County; California,318,902,714,955,Census Tract 169; San Francisco County; California,73,206,288,1760
247,1091,6075020102,75,Census Tract 201.02,116076.0,74559.0,38001,San Francisco,San Francisco County,San Francisco,667000,City,City of San Francisco,2411786,San Francisco,Census Tract 201.02; San Francisco County; California,2024.0,3463.0,954.0,272.0,623.0,1453.0,0.2754836846664741,0.0785446144961016,0.1799018192318798,0.4195784002310135,0.7245163153335259,100761.0,1098000.0,1306.0,221.0,1085.0,0.169218989280245,0.0541460960718756,63956.59615797747,826903242.857143,238782.34,Census Tract 201.02; San Francisco County; California,412,390,1359,1302,Census Tract 201.02; San Francisco County; California,698,513,406,1268
248,552,6075016700,75,Census Tract 167,232895.0,32995.0,38001,San Francisco,San Francisco County,San Francisco,667000,City,City of San Francisco,2411786,San Francisco,Census Tract 167; San Francisco County; California,2024.0,4852.0,2932.0,42.0,952.0,394.0,0.6042868920032977,0.0086562242374278,0.1962077493816982,0.0812036273701566,0.3957131079967023,239839.0,1822100.0,2392.0,767.0,1625.0,0.3206521739130434,0.1897154314697119,25575.146746956223,832271942.857143,171531.728,Census Tract 167; San Francisco County; California,333,2149,1437,933,Census Tract 167; San Francisco County; California,76,160,587,3322
249,1040,6075020101,75,Census Tract 201.01,135223.0,54637.0,38001,San Francisco,San Francisco County,San Francisco,667000,City,City of San Francisco,2411786,San Francisco,Census Tract 201.01; San Francisco County; California,2024.0,3943.0,1350.0,233.0,789.0,1227.0,0.3423788993152422,0.0590920618818158,0.2001014455997971,0.3111843773776312,0.6576211006847579,135759.0,766800.0,1901.0,480.0,1421.0,0.2524986849026828,0.1193496765137164,33037.37483986263,998171142.857143,253150.176,Census Tract 201.01; San Francisco County; California,394,1372,1012,1165,Census Tract 201.01; San Francisco County; California,517,461,443,1913
250,226,6075016801,75,Census Tract 168.01,182344.0,48166.0,38001,San Francisco,San Francisco County,San Francisco,667000,City,City of San Francisco,2411786,San Francisco,Census Tract 168.01; San Francisco County; California,2024.0,4223.0,1704.0,230.0,833.0,1102.0,0.4035046175704475,0.0544636514326308,0.1972531375799195,0.2609519299076486,0.5964953824295525,123147.0,1169400.0,2061.0,364.0,1697.0,0.1766132945172246,0.0911409445805352,46334.82809988228,880513942.857143,208504.367,Census Tract 168.01; San Francisco County; California,609,1146,1391,1077,Census Tract 168.01; San Francisco County; California,277,314,493,2329
251,270,6075016802,75,Census Tract 168.02,141518.0,61607.0,38001,San Francisco,San Francisco County,San Francisco,667000,City,City of San Francisco,2411786,San Francisco,Census Tract 168.02; San Francisco County; California,2024.0,3943.0,2049.0,196.0,789.0,348.0,0.5196550849606898,0.0497083439005833,0.2001014455997971,0.0882576718234846,0.4803449150393102,135588.0,1322000.0,1924.0,300.0,1624.0,0.1559251559251559,0.0791286097897903,49830.27011942714,923824542.857143,234294.837,Census Tract 168.02; San Francisco County; California,202,2056,751,934,Census Tract 168.02; San Francisco County; California,219,278,919,1842
252,549,6075016400,75,Census Tract 164,212667.0,31860.0,38001,San Francisco,San Francisco County,San Francisco,667000,City,City of San Francisco,2411786,San Francisco,Census Tract 164; San Francisco County; California,2024.0,3571.0,2223.0,257.0,647.0,308.0,0.6225147017642118,0.0719686362363483,0.181181741809017,0.086250350042005,0.3774852982357882,161612.0,954400.0,1753.0,281.0,1472.0,0.1602966343411294,0.1192656416112003,29941.565330619447,719807742.857143,201570.356,Census Tract 164; San Francisco County; California,326,1585,893,767,Census Tract 164; San Francisco County; California,114,139,285,2566
253,548,6075016300,75,Census Tract 163,129962.0,21621.0,38001,San Francisco,San Francisco County,San Francisco,667000,City,City of San Francisco,2411786,San Francisco,Census Tract 163; San Francisco County; California,2024.0,3925.0,2258.0,444.0,514.0,565.0,0.5752866242038217,0.1131210191082802,0.1309554140127388,0.1439490445859872,0.4247133757961783,135658.0,1161800.0,1994.0,344.0,1650.0,0.1725175526579739,0.0950069243583382,41312.778268624425,811478742.857143,206746.177,Census Tract 163; San Francisco County; California,340,1549,1001,1035,Census Tract 163; San Francisco County; California,49,256,594,2312
254,547,6075016200,75,Census Tract 162,181425.0,87050.0,38001,San Francisco,San Francisco County,San Francisco,667000,City,City of San Francisco,2411786,San Francisco,Census Tract 162; San Francisco County; California,2024.0,3209.0,1489.0,135.0,841.0,371.0,0.4640074789654098,0.0420691804300405,0.2620754129012153,0.1156123402929261,0.5359925210345902,102035.0,,2010.0,344.0,1666.0,0.1711442786069651,0.1054192089971787,30440.372589836817,769067342.857143,239659.502,Census Tract 162; San Francisco County; California,109,1479,634,987,Census Tract 162; San Francisco County; California,233,270,381,1820
255,1039,6075012405,75,Census Tract 124.05,102358.0,44956.0,38001,San Francisco,San Francisco County,San Francisco,667000,City,City of San Francisco,2411786,San Francisco,Census Tract 124.05; San Francisco County; California,2024.0,3764.0,1271.0,590.0,667.0,857.0,0.337672688629118,0.1567481402763018,0.1772051009564293,0.227683315621679,0.6623273113708821,113665.0,,2579.0,37.0,2542.0,0.0143466459868165,0.1145086989441721,32870.86513693698,695584428.571429,184799.264,Census Tract 124.05; San Francisco County; California,270,1896,1044,554,Census Tract 124.05; San Francisco County; California,71,327,377,2400
256,1119,6075016101,75,Census Tract 161.01,28522.0,5646.0,38001,San Francisco,San Francisco County,San Francisco,667000,City,City of San Francisco,2411786,San Francisco,Census Tract 161.01; San Francisco County; California,2024.0,2426.0,943.0,183.0,984.0,36.0,0.3887056883759274,0.0754328112118714,0.4056059356966199,0.0148392415498763,0.6112943116240726,31690.0,735100.0,1496.0,205.0,1291.0,0.1370320855614973,0.0473477085977145,51237.96001644527,628056242.857143,258885.508,Census Tract 161.01; San Francisco County; California,154,673,296,1303,Census Tract 161.01; San Francisco County; California,108,292,511,1280
257,1121,6075016102,75,Census Tract 161.02,,,38001,San Francisco,San Francisco County,San Francisco,667000,City,City of San Francisco,2411786,San Francisco,Census Tract 161.02; San Francisco County; California,2024.0,2989.0,186.0,1013.0,1005.0,334.0,0.0622281699565071,0.3389093342254934,0.3362328537972566,0.1117430578788892,0.9377718300434928,34575.0,,1192.0,43.0,1149.0,0.0360738255033557,0.0950856753066728,31434.808559331326,652403142.857143,218268.03,Census Tract 161.02; San Francisco County; California,511,288,561,1629,Census Tract 161.02; San Francisco County; California,520,820,638,405
258,234,6075015801,75,Census Tract 158.01,121058.0,45413.0,38001,San Francisco,San Francisco County,San Francisco,667000,City,City of San Francisco,2411786,San Francisco,Census Tract 158.01; San Francisco County; California,2024.0,3384.0,1126.0,640.0,919.0,481.0,0.33274231678487,0.1891252955082742,0.2715721040189125,0.1421394799054373,0.66725768321513,121563.0,1170000.0,1527.0,443.0,1084.0,0.2901113294040602,0.132198568116665,25597.85668036605,707656742.857143,209118.423,Census Tract 158.01; San Francisco County; California,598,979,812,995,Census Tract 158.01; San Francisco County; California,134,302,500,1619
259,546,6075016000,75,Census Tract 160,135246.0,59453.0,38001,San Francisco,San Francisco County,San Francisco,667000,City,City of San Francisco,2411786,San Francisco,Census Tract 160; San Francisco County; California,2024.0,2892.0,903.0,201.0,986.0,446.0,0.3122406639004149,0.0695020746887966,0.3409405255878285,0.1542185338865837,0.6877593360995851,131771.0,752400.0,1766.0,444.0,1322.0,0.2514156285390713,0.0611498895098732,47293.625927697874,686955128.571429,237536.352,Census Tract 160; San Francisco County; California,106,771,628,1387,Census Tract 160; San Francisco County; California,351,341,477,1533
260,1090,6075012504,75,Census Tract 125.04,25667.0,9435.0,38001,San Francisco,San Francisco County,San Francisco,667000,City,City of San Francisco,2411786,San Francisco,Census Tract 125.04; San Francisco County; California,2024.0,693.0,121.0,58.0,239.0,221.0,0.1746031746031746,0.0836940836940837,0.3448773448773449,0.3189033189033189,0.8253968253968254,19333.0,,342.0,42.0,300.0,0.1228070175438596,0.0062413282858402,111034.05689654558,541313328.571429,781115.914,Census Tract 125.04; San Francisco County; California,23,96,148,426,Census Tract 125.04; San Francisco County; California,259,162,159,79
261,545,6075015900,75,Census Tract 159,114323.0,42747.0,38001,San Francisco,San Francisco County,San Francisco,667000,City,City of San Francisco,2411786,San Francisco,Census Tract 159; San Francisco County; California,2024.0,4861.0,1502.0,576.0,1519.0,984.0,0.3089899197695947,0.1184941370088459,0.3124871425632586,0.2024274840567784,0.6910100802304053,83866.0,915500.0,2081.0,427.0,1654.0,0.2051898125901009,0.1136130886205295,42785.56334504606,700909228.571429,144190.337,Census Tract 159; San Francisco County; California,763,1139,1148,1811,Census Tract 159; San Francisco County; California,511,495,669,1966
262,1128,6075012403,75,Census Tract 124.03,34732.0,23955.0,38001,San Francisco,San Francisco County,San Francisco,667000,City,City of San Francisco,2411786,San Francisco,Census Tract 124.03; San Francisco County; California,2024.0,2481.0,339.0,82.0,866.0,1005.0,0.1366384522370012,0.0330511890366787,0.3490528012898025,0.4050785973397823,0.8633615477629988,,,1222.0,17.0,1205.0,0.013911620294599,0.01773924913689,139859.35824310518,591867428.571429,238560.028,Census Tract 124.03; San Francisco County; California,390,330,658,1103,Census Tract 124.03; San Francisco County; California,925,344,224,387
263,1135,6075012404,75,Census Tract 124.04,27852.0,7395.0,38001,San Francisco,San Francisco County,San Francisco,667000,City,City of San Francisco,2411786,San Francisco,Census Tract 124.04; San Francisco County; California,2024.0,2714.0,698.0,103.0,572.0,1197.0,0.2571849668386146,0.0379513633014001,0.210759027266028,0.4410464259395726,0.7428150331613854,,,1541.0,17.0,1524.0,0.0110317975340687,0.0177513462384278,152889.81261177696,558437528.571429,205761.801,Census Tract 124.04; San Francisco County; California,55,730,509,1420,Census Tract 124.04; San Francisco County; California,748,510,710,562
264,1134,6075012406,75,Census Tract 124.06,32589.0,19309.0,38001,San Francisco,San Francisco County,San Francisco,667000,City,City of San Francisco,2411786,San Francisco,Census Tract 124.06; San Francisco County; California,2024.0,1529.0,442.0,69.0,648.0,370.0,0.289077828646174,0.0451275343361674,0.4238064094179202,0.2419882275997384,0.7109221713538261,,452100.0,951.0,119.0,832.0,0.1251314405888538,0.024151770725619,63307.98753310914,596627428.571429,390207.605,Census Tract 124.06; San Francisco County; California,0,366,380,783,Census Tract 124.06; San Francisco County; California,466,257,245,468
265,1157,6075020202,75,Census Tract 202.02,164327.0,29843.0,38001,San Francisco,San Francisco County,San Francisco,667000,City,City of San Francisco,2411786,San Francisco,Census Tract 202.02; San Francisco County; California,2024.0,3979.0,1492.0,407.0,803.0,674.0,0.374968585071626,0.1022870067856245,0.2018094998743403,0.1693892937924101,0.625031414928374,166985.0,1325900.0,2195.0,476.0,1719.0,0.2168564920273348,0.0762102098516609,52210.85216462347,928482342.857143,233345.65,Census Tract 202.02; San Francisco County; California,214,1777,1014,974,Census Tract 202.02; San Francisco County; California,135,407,599,2413
266,1158,6075020601,75,Census Tract 206.01,149781.0,49602.0,38001,San Francisco,San Francisco County,San Francisco,667000,City,City of San Francisco,2411786,San Francisco,Census Tract 206.01; San Francisco County; California,2024.0,3007.0,1642.0,61.0,783.0,308.0,0.546059195211174,0.0202859993348852,0.2603924176920519,0.1024276687728633,0.453940804788826,235568.0,1701800.0,1435.0,598.0,837.0,0.4167247386759581,0.1250292265354148,24050.37672650289,750620000.0,249624.21,Census Tract 206.01; San Francisco County; California,284,776,763,1184,Census Tract 206.01; San Francisco County; California,121,188,302,2080
267,1159,6075020201,75,Census Tract 202.01,116103.0,113669.0,38001,San Francisco,San Francisco County,San Francisco,667000,City,City of San Francisco,2411786,San Francisco,Census Tract 202.01; San Francisco County; California,2024.0,1905.0,862.0,49.0,299.0,635.0,0.45249343832021,0.0257217847769028,0.1569553805774278,0.3333333333333333,0.5475065616797901,94265.0,1510200.0,976.0,220.0,756.0,0.2254098360655737,0.0542300827977179,35128.10421303958,825193842.857143,433172.621,Census Tract 202.01; San Francisco County; California,107,665,457,676,Census Tract 202.01; San Francisco County; California,170,192,162,1147
268,1246,6075015802,75,Census Tract 158.02,158523.0,42807.0,38001,San Francisco,San Francisco County,San Francisco,667000,City,City of San Francisco,2411786,San Francisco,Census Tract 158.02; San Francisco County; California,2024.0,3095.0,1566.0,184.0,531.0,322.0,0.5059773828756058,0.0594507269789983,0.1715670436187399,0.1040387722132471,0.4940226171243942,152917.0,1517900.0,1570.0,333.0,1237.0,0.2121019108280254,0.0638288241846839,48489.06492535173,683769942.857143,220927.284,Census Tract 158.02; San Francisco County; California,138,1563,628,766,Census Tract 158.02; San Francisco County; California,86,131,208,2264
269,1359,6075020300,75,Census Tract 203,172151.0,59771.0,38001,San Francisco,San Francisco County,San Francisco,667000,City,City of San Francisco,2411786,San Francisco,Census Tract 203; San Francisco County; California,2024.0,3419.0,1965.0,79.0,690.0,339.0,0.5747294530564493,0.0231061713951447,0.2018133957297455,0.0991517987715706,0.4252705469435507,182547.0,1248400.0,2232.0,854.0,1378.0,0.3826164874551971,0.1087085649031781,31451.06370454941,865276742.857143,253078.895,Census Tract 203; San Francisco County; California,204,1083,896,1236,Census Tract 203; San Francisco County; California,66,84,436,2566
270,1360,6075020900,75,Census Tract 209,117813.0,37260.0,38001,San Francisco,San Francisco County,San Francisco,667000,City,City of San Francisco,2411786,San Francisco,Census Tract 209; San Francisco County; California,2024.0,3746.0,1134.0,38.0,612.0,1742.0,0.3027229044313935,0.0101441537640149,0.1633742658836091,0.4650293646556326,0.6972770955686065,96250.0,1296100.0,1607.0,223.0,1384.0,0.1387678904791537,0.120718961755274,31030.75064209076,601536400.0,160580.993,Census Tract 209; San Francisco County; California,418,1169,1129,1030,Census Tract 209; San Francisco County; California,497,207,390,1885
271,1361,6075021000,75,Census Tract 210,151118.0,51643.0,38001,San Francisco,San Francisco County,San Francisco,667000,City,City of San Francisco,2411786,San Francisco,Census Tract 210; San Francisco County; California,2024.0,3609.0,2261.0,28.0,585.0,476.0,0.626489332224993,0.0077583818232197,0.1620947630922693,0.1318924909947353,0.3735106677750069,178558.0,1622000.0,1793.0,736.0,1057.0,0.4104852203011712,0.1204248476087817,29968.8982104788,592634500.0,164210.169,Census Tract 210; San Francisco County; California,521,789,1342,957,Census Tract 210; San Francisco County; California,0,218,470,2351
272,1362,6075021100,75,Census Tract 211,228125.0,21062.0,38001,San Francisco,San Francisco County,San Francisco,667000,City,City of San Francisco,2411786,San Francisco,Census Tract 211; San Francisco County; California,2024.0,4086.0,2705.0,0.0,612.0,381.0,0.6620166421928536,0.0,0.1497797356828193,0.093245227606461,0.3379833578071464,250001.0,2000001.0,2006.0,984.0,1022.0,0.4905284147557328,0.1637972455864463,24945.47442095756,565205600.0,138327.362,Census Tract 211; San Francisco County; California,626,1041,1044,1375,Census Tract 211; San Francisco County; California,19,213,180,3001
273,1363,6075021200,75,Census Tract 212,191156.0,27818.0,38001,San Francisco,San Francisco County,San Francisco,667000,City,City of San Francisco,2411786,San Francisco,Census Tract 212; San Francisco County; California,2024.0,2917.0,1666.0,7.0,356.0,387.0,0.5711347274597189,0.002399725745629,0.1220431950634213,0.1326705519369214,0.428865272540281,201786.0,2000001.0,1420.0,735.0,685.0,0.5176056338028169,0.1308606434823046,22290.888401404245,520620800.0,178478.162,Census Tract 212; San Francisco County; California,488,653,731,1045,Census Tract 212; San Francisco County; California,9,63,279,1948
274,1364,6075021300,75,Census Tract 213,183417.0,41237.0,38001,San Francisco,San Francisco County,San Francisco,667000,City,City of San Francisco,2411786,San Francisco,Census Tract 213; San Francisco County; California,2024.0,2427.0,1555.0,80.0,280.0,123.0,0.6407086938607334,0.0329625051503914,0.11536876802637,0.0506798516687268,0.3592913061392666,208641.0,1984100.0,1134.0,568.0,566.0,0.5008818342151675,0.1197729212294893,20263.344795187702,504337900.0,207803.008,Census Tract 213; San Francisco County; California,390,374,812,851,Census Tract 213; San Francisco County; California,6,85,153,1721
275,1365,6075021400,75,Census Tract 214,217353.0,24271.0,38001,San Francisco,San Francisco County,San Francisco,667000,City,City of San Francisco,2411786,San Francisco,Census Tract 214; San Francisco County; California,2024.0,3460.0,2306.0,0.0,502.0,416.0,0.6664739884393064,0.0,0.1450867052023121,0.1202312138728323,0.3335260115606936,213462.0,1719100.0,1714.0,710.0,1004.0,0.4142357059509918,0.136897848160795,25274.3198412879,539433900.0,155905.751,Census Tract 214; San Francisco County; California,385,990,943,1142,Census Tract 214; San Francisco County; California,31,176,511,2287
276,1366,6075021500,75,Census Tract 215,200938.0,57516.0,38001,San Francisco,San Francisco County,San Francisco,667000,City,City of San Francisco,2411786,San Francisco,Census Tract 215; San Francisco County; California,2024.0,5181.0,2621.0,102.0,1192.0,945.0,0.5058868944219262,0.0196873190503763,0.2300714147847905,0.1823972206137811,0.4941131055780737,178488.0,1952200.0,2492.0,897.0,1595.0,0.3599518459069021,0.1830390040951058,28305.44246901599,486510700.0,93902.857,Census Tract 215; San Francisco County; California,753,1377,1496,1555,Census Tract 215; San Francisco County; California,109,171,413,3551
277,1367,6075021600,75,Census Tract 216,218988.0,42901.0,38001,San Francisco,San Francisco County,San Francisco,667000,City,City of San Francisco,2411786,San Francisco,Census Tract 216; San Francisco County; California,2024.0,4531.0,2367.0,233.0,1036.0,543.0,0.5224012359302582,0.0514235268152725,0.2286470977709115,0.1198410946810858,0.4775987640697418,237083.0,2000001.0,2098.0,1259.0,839.0,0.600095328884652,0.2320244895269534,19528.111059473533,486370000.0,107342.75,Census Tract 216; San Francisco County; California,841,735,1444,1511,Census Tract 216; San Francisco County; California,35,219,622,2742
278,1369,6075021800,75,Census Tract 218,232500.0,50232.0,38001,San Francisco,San Francisco County,San Francisco,667000,City,City of San Francisco,2411786,San Francisco,Census Tract 218; San Francisco County; California,2024.0,4208.0,2662.0,46.0,605.0,473.0,0.6326045627376425,0.0109315589353612,0.1437737642585551,0.1124049429657794,0.3673954372623574,250001.0,1865200.0,1792.0,1065.0,727.0,0.5943080357142857,0.1939638317134073,21694.766301676085,502193400.0,119342.538,Census Tract 218; San Francisco County; California,651,787,1412,1358,Census Tract 218; San Francisco County; California,81,91,582,2677
279,475,6075026404,75,Census Tract 264.04,91463.0,15070.0,38001,San Francisco,San Francisco County,San Francisco,667000,City,City of San Francisco,2411786,San Francisco,Census Tract 264.04; San Francisco County; California,2024.0,2422.0,164.0,177.0,1518.0,481.0,0.0677126341866226,0.0730800990916597,0.6267547481420314,0.1985962014863748,0.9322873658133772,84415.0,913900.0,668.0,374.0,294.0,0.5598802395209581,0.0759992764561706,31868.72445288061,66544900.0,27475.186,Census Tract 264.04; San Francisco County; California,471,482,478,991,Census Tract 264.04; San Francisco County; California,645,294,482,314
280,694,6075061000,75,Census Tract 610,107882.0,33701.0,38001,San Francisco,San Francisco County,San Francisco,667000,City,City of San Francisco,2411786,San Francisco,Census Tract 610; San Francisco County; California,2024.0,4295.0,560.0,628.0,2431.0,555.0,0.1303841676367869,0.1462165308498254,0.5660069848661234,0.129220023282887,0.869615832363213,155968.0,966000.0,1588.0,1105.0,483.0,0.6958438287153652,0.8425976842933207,5097.331834708493,127341500.0,29648.778,Census Tract 610; San Francisco County; California,787,965,1130,1413,Census Tract 610; San Francisco County; California,355,513,1039,1374
281,493,6075060502,75,Census Tract 605.02,37891.0,14458.0,38001,San Francisco,San Francisco County,San Francisco,667000,City,City of San Francisco,2411786,San Francisco,Census Tract 605.02; San Francisco County; California,2024.0,2595.0,108.0,266.0,1040.0,813.0,0.0416184971098265,0.102504816955684,0.4007707129094412,0.3132947976878613,0.9583815028901734,39559.0,958700.0,800.0,236.0,564.0,0.295,0.1227993301104697,21132.037102039147,72871200.0,28081.387,Census Tract 605.02; San Francisco County; California,632,582,487,894,Census Tract 605.02; San Francisco County; California,398,467,586,338
282,692,6075026004,75,Census Tract 260.04,111089.0,43312.0,38001,San Francisco,San Francisco County,San Francisco,667000,City,City of San Francisco,2411786,San Francisco,Census Tract 260.04; San Francisco County; California,2024.0,3840.0,734.0,35.0,1570.0,1328.0,0.1911458333333333,0.0091145833333333,0.4088541666666667,0.3458333333333333,0.8088541666666667,146136.0,1089300.0,1112.0,757.0,355.0,0.6807553956834532,0.1294667345259378,29660.12863505629,229300700.0,59713.724,Census Tract 260.04; San Francisco County; California,517,892,936,1495,Census Tract 260.04; San Francisco County; California,559,641,699,1179
283,474,6075026003,75,Census Tract 260.03,98177.0,15263.0,38001,San Francisco,San Francisco County,San Francisco,667000,City,City of San Francisco,2411786,San Francisco,Census Tract 260.03; San Francisco County; California,2024.0,4639.0,453.0,70.0,2057.0,1831.0,0.0976503556801034,0.0150894589351153,0.4434145289933175,0.3946971330028023,0.9023496443198964,105250.0,1169700.0,1403.0,936.0,467.0,0.6671418389166073,0.154768258706276,29973.846309171426,189904500.0,40936.516,Census Tract 260.03; San Francisco County; California,1066,613,1103,1857,Census Tract 260.03; San Francisco County; California,520,657,1067,1133
284,277,6075031202,75,Census Tract 312.02,120667.0,43092.0,38001,San Francisco,San Francisco County,San Francisco,667000,City,City of San Francisco,2411786,San Francisco,Census Tract 312.02; San Francisco County; California,2024.0,2869.0,283.0,86.0,1978.0,446.0,0.0986406413384454,0.0299756012547926,0.68943882886023,0.1554548623213663,0.9013593586615546,181875.0,1209800.0,804.0,525.0,279.0,0.6529850746268657,0.1201565456410273,23877.18442382038,354270300.0,123482.154,Census Tract 312.02; San Francisco County; California,510,628,686,1045,Census Tract 312.02; San Francisco County; California,596,318,322,941
285,689,6075025800,75,Census Tract 258,87614.0,39917.0,38001,San Francisco,San Francisco County,San Francisco,667000,City,City of San Francisco,2411786,San Francisco,Census Tract 258; San Francisco County; California,2024.0,1603.0,107.0,75.0,1201.0,129.0,0.0667498440424204,0.0467872738615096,0.7492202121023082,0.0804741110417966,0.9332501559575797,82188.0,1118100.0,612.0,307.0,305.0,0.5016339869281046,0.0953187438788705,16817.258964690784,214468800.0,133792.14,Census Tract 258; San Francisco County; California,151,365,267,820,Census Tract 258; San Francisco County; California,421,175,439,346
286,276,6075031201,75,Census Tract 312.01,101800.0,15717.0,38001,San Francisco,San Francisco County,San Francisco,667000,City,City of San Francisco,2411786,San Francisco,Census Tract 312.01; San Francisco County; California,2024.0,6176.0,1156.0,250.0,3701.0,884.0,0.1871761658031088,0.0404792746113989,0.5992551813471503,0.1431347150259067,0.8128238341968912,120962.0,1115600.0,1784.0,849.0,935.0,0.4758968609865471,0.197626469207276,31250.87456540269,352278200.0,57039.864,Census Tract 312.01; San Francisco County; California,835,1414,1238,2689,Census Tract 312.01; San Francisco County; California,741,1013,1364,1567
287,699,6075026100,75,Census Tract 261,116444.0,20612.0,38001,San Francisco,San Francisco County,San Francisco,667000,City,City of San Francisco,2411786,San Francisco,Census Tract 261; San Francisco County; California,2024.0,6811.0,488.0,0.0,4324.0,1830.0,0.0716488034062545,0.0,0.6348553810013214,0.2686830127734547,0.9283511965937454,122222.0,1234000.0,2146.0,1401.0,745.0,0.6528424976700838,0.2893207024318464,23541.350282752155,410253700.0,60233.989,Census Tract 261; San Francisco County; California,1388,1122,1674,2627,Census Tract 261; San Francisco County; California,1161,701,1360,1861
288,701,6075026301,75,Census Tract 263.01,95458.0,15013.0,38001,San Francisco,San Francisco County,San Francisco,667000,City,City of San Francisco,2411786,San Francisco,Census Tract 263.01; San Francisco County; California,2024.0,5019.0,654.0,43.0,2958.0,1182.0,0.1303048416019127,0.0085674437138872,0.5893604303646145,0.2355050806933652,0.8696951583980873,115125.0,1093600.0,1317.0,726.0,591.0,0.55125284738041,0.144491494517892,34735.60860275072,203964100.0,40638.394,Census Tract 263.01; San Francisco County; California,909,1157,779,2174,Census Tract 263.01; San Francisco County; California,884,1024,1057,860
289,702,6075026302,75,Census Tract 263.02,93370.0,17885.0,38001,San Francisco,San Francisco County,San Francisco,667000,City,City of San Francisco,2411786,San Francisco,Census Tract 263.02; San Francisco County; California,2024.0,4302.0,444.0,166.0,2204.0,1347.0,0.103207810320781,0.0385867038586703,0.5123198512319851,0.3131101813110181,0.8967921896792189,92031.0,1121300.0,1526.0,979.0,547.0,0.6415465268676278,0.2917684331634445,14744.569703296453,112677900.0,26191.98,Census Tract 263.02; San Francisco County; California,493,1032,669,2108,Census Tract 263.02; San Francisco County; California,481,730,1247,981
290,704,6075026303,75,Census Tract 263.03,110074.0,51698.0,38001,San Francisco,San Francisco County,San Francisco,667000,City,City of San Francisco,2411786,San Francisco,Census Tract 263.03; San Francisco County; California,2024.0,4600.0,440.0,20.0,3254.0,808.0,0.0956521739130434,0.0043478260869565,0.707391304347826,0.1756521739130434,0.9043478260869564,96146.0,1159300.0,1357.0,1029.0,328.0,0.7582903463522476,0.1630696054994322,28208.812953901543,148190000.0,32215.217,Census Tract 263.03; San Francisco County; California,708,872,1036,1984,Census Tract 263.03; San Francisco County; California,760,839,1178,925
291,705,6075026401,75,Census Tract 264.01,94093.0,21761.0,38001,San Francisco,San Francisco County,San Francisco,667000,City,City of San Francisco,2411786,San Francisco,Census Tract 264.01; San Francisco County; California,2024.0,3194.0,178.0,340.0,1873.0,614.0,0.0557294927989981,0.1064495929868503,0.5864120225422668,0.1922354414527238,0.944270507201002,82045.0,984800.0,1018.0,654.0,364.0,0.6424361493123772,0.1262008468131675,25308.863455793748,86134700.0,26967.658,Census Tract 264.01; San Francisco County; California,677,412,853,1252,Census Tract 264.01; San Francisco County; California,694,667,562,430
292,706,6075026402,75,Census Tract 264.02,118182.0,26651.0,38001,San Francisco,San Francisco County,San Francisco,667000,City,City of San Francisco,2411786,San Francisco,Census Tract 264.02; San Francisco County; California,2024.0,4660.0,966.0,208.0,2572.0,691.0,0.2072961373390558,0.0446351931330472,0.551931330472103,0.1482832618025751,0.7927038626609442,151250.0,967100.0,1241.0,918.0,323.0,0.7397260273972602,0.1471410534465505,31670.29113117475,144766300.0,31065.73,Census Tract 264.02; San Francisco County; California,674,960,1024,2002,Census Tract 264.02; San Francisco County; California,597,907,624,1544
293,707,6075026403,75,Census Tract 264.03,92788.0,46053.0,38001,San Francisco,San Francisco County,San Francisco,667000,City,City of San Francisco,2411786,San Francisco,Census Tract 264.03; San Francisco County; California,2024.0,3685.0,166.0,10.0,2544.0,876.0,0.0450474898236092,0.0027137042062415,0.6903663500678426,0.2377204884667571,0.9549525101763908,75156.0,1049300.0,1149.0,714.0,435.0,0.6214099216710183,0.1439662726094737,25596.272885358478,87231100.0,23671.94,Census Tract 264.03; San Francisco County; California,484,763,673,1765,Census Tract 264.03; San Francisco County; California,748,627,853,673
294,944,6075980501,75,Census Tract 9805.01,12169.0,1109.0,38001,San Francisco,San Francisco County,San Francisco,667000,City,City of San Francisco,2411786,San Francisco,Census Tract 9805.01; San Francisco County; California,2024.0,146.0,0.0,0.0,146.0,0.0,0.0,0.0,1.0,0.0,1.0,12908.0,,115.0,0.0,115.0,0.0,0.5810706606118375,251.2603197798173,147652500.0,1011318.493,Census Tract 9805.01; San Francisco County; California,0,8,0,138,Census Tract 9805.01; San Francisco County; California,113,20,10,0
295,1037,6075026201,75,Census Tract 262.01,124250.0,46974.0,38001,San Francisco,San Francisco County,San Francisco,667000,City,City of San Francisco,2411786,San Francisco,Census Tract 262.01; San Francisco County; California,2024.0,3856.0,300.0,6.0,2742.0,679.0,0.0778008298755186,0.0015560165975103,0.7110995850622407,0.1760892116182572,0.9221991701244814,160417.0,1128300.0,996.0,694.0,302.0,0.6967871485943775,0.1660922709503142,23216.01106383514,254119300.0,65902.308,Census Tract 262.01; San Francisco County; California,743,1029,624,1460,Census Tract 262.01; San Francisco County; California,499,521,895,1036
296,1038,6075026202,75,Census Tract 262.02,138545.0,21711.0,38001,San Francisco,San Francisco County,San Francisco,667000,City,City of San Francisco,2411786,San Francisco,Census Tract 262.02; San Francisco County; California,2024.0,3706.0,316.0,37.0,2595.0,751.0,0.0852671343766864,0.0099838100377765,0.7002158661629789,0.2026443604964921,0.9147328656233136,148429.0,1142100.0,1040.0,717.0,323.0,0.6894230769230769,0.1306083997437931,28374.897841714945,269151700.0,72625.931,Census Tract 262.02; San Francisco County; California,558,629,996,1523,Census Tract 262.02; San Francisco County; California,698,731,557,1002
297,1113,6075031401,75,Census Tract 314.01,97143.0,8707.0,38001,San Francisco,San Francisco County,San Francisco,667000,City,City of San Francisco,2411786,San Francisco,Census Tract 314.01; San Francisco County; California,2024.0,2533.0,216.0,197.0,1465.0,603.0,0.0852743782076589,0.0777733912356889,0.5783655744176865,0.2380576391630477,0.9147256217923412,99500.0,1095300.0,628.0,355.0,273.0,0.5652866242038217,0.1256368732281791,20161.278571455823,281879200.0,111282.748,Census Tract 314.01; San Francisco County; California,538,414,730,851,Census Tract 314.01; San Francisco County; California,554,387,466,453
298,1152,6075031402,75,Census Tract 314.02,139643.0,24183.0,38001,San Francisco,San Francisco County,San Francisco,667000,City,City of San Francisco,2411786,San Francisco,Census Tract 314.02; San Francisco County; California,2024.0,4199.0,670.0,736.0,1900.0,830.0,0.1595618004286735,0.1752798285306025,0.4524886877828054,0.1976661109788045,0.8404381995713265,155568.0,1140900.0,1149.0,997.0,152.0,0.8677110530896431,0.1701018745301198,24685.207094860594,311958100.0,74293.427,Census Tract 314.02; San Francisco County; California,801,866,970,1562,Census Tract 314.02; San Francisco County; California,510,542,607,1344
299,690,6075025900,75,Census Tract 259,147944.0,15360.0,38001,San Francisco,San Francisco County,San Francisco,667000,City,City of San Francisco,2411786,San Francisco,Census Tract 259; San Francisco County; California,2024.0,4034.0,760.0,112.0,2206.0,749.0,0.1883986117997025,0.0277640059494298,0.5468517600396628,0.1856717897868121,0.8116013882002975,175524.0,1161100.0,1422.0,1196.0,226.0,0.8410689170182841,0.301456857764191,13381.682639163975,213974200.0,53042.687,Census Tract 259; San Francisco County; California,687,661,1135,1551,Census Tract 259; San Francisco County; California,349,555,672,1624
300,274,6075025701,75,Census Tract 257.01,118443.0,4099.0,38001,San Francisco,San Francisco County,San Francisco,667000,City,City of San Francisco,2411786,San Francisco,Census Tract 257.01; San Francisco County; California,2024.0,4604.0,457.0,106.0,3235.0,674.0,0.0992615117289313,0.023023457862728,0.7026498696785404,0.1463944396177237,0.9007384882710686,130538.0,1192100.0,1553.0,931.0,622.0,0.5994848679974243,0.2405870298293538,19136.526201207005,370246700.0,80418.484,Census Tract 257.01; San Francisco County; California,877,955,1072,1700,Census Tract 257.01; San Francisco County; California,905,517,831,1240
301,685,6075025200,75,Census Tract 252,147868.0,63971.0,38001,San Francisco,San Francisco County,San Francisco,667000,City,City of San Francisco,2411786,San Francisco,Census Tract 252; San Francisco County; California,2024.0,5415.0,3228.0,74.0,532.0,1025.0,0.5961218836565096,0.0136657433056325,0.0982456140350877,0.1892890120036934,0.4038781163434903,197853.0,1597500.0,2477.0,1804.0,673.0,0.7283003633427533,0.2560448710454203,21148.636869353348,586303700.0,108273.998,Census Tract 252; San Francisco County; California,1052,630,1132,2601,Census Tract 252; San Francisco County; California,149,673,464,2924
302,1041,6075017603,75,Census Tract 176.03,90590.0,14068.0,38001,San Francisco,San Francisco County,San Francisco,667000,City,City of San Francisco,2411786,San Francisco,Census Tract 176.03; San Francisco County; California,2024.0,4964.0,1301.0,433.0,1935.0,993.0,0.2620870265914585,0.0872280419016921,0.3898066075745366,0.2000402900886382,0.7379129734085415,124291.0,677000.0,2517.0,540.0,1977.0,0.2145411203814064,0.0957032687378098,51868.656791644746,794175828.571429,159987.073,Census Tract 176.03; San Francisco County; California,619,1766,1050,1529,Census Tract 176.03; San Francisco County; California,621,711,570,2048
303,499,6075022801,75,Census Tract 228.01,164539.0,32051.0,38001,San Francisco,San Francisco County,San Francisco,667000,City,City of San Francisco,2411786,San Francisco,Census Tract 228.01; San Francisco County; California,2024.0,4765.0,1774.0,780.0,523.0,1427.0,0.3722980062959076,0.1636935991605456,0.1097586568730325,0.2994753410283315,0.6277019937040924,160417.0,1311900.0,2017.0,841.0,1176.0,0.4169558750619732,0.2230293910624265,21364.89714338261,795357542.857143,166916.588,Census Tract 228.01; San Francisco County; California,597,1297,1318,1553,Census Tract 228.01; San Francisco County; California,234,885,655,2210
304,687,6075025402,75,Census Tract 254.02,166094.0,31994.0,38001,San Francisco,San Francisco County,San Francisco,667000,City,City of San Francisco,2411786,San Francisco,Census Tract 254.02; San Francisco County; California,2024.0,2901.0,1284.0,54.0,455.0,888.0,0.4426059979317476,0.0186142709410548,0.1568424681144433,0.3061013443640124,0.5573940020682524,190625.0,1366700.0,1048.0,764.0,284.0,0.7290076335877863,0.1130627099138903,25658.327154987077,362200200.0,124853.568,Census Tract 254.02; San Francisco County; California,424,538,625,1314,Census Tract 254.02; San Francisco County; California,114,274,414,1541
305,440,6075022803,75,Census Tract 228.03,153750.0,20792.0,38001,San Francisco,San Francisco County,San Francisco,667000,City,City of San Francisco,2411786,San Francisco,Census Tract 228.03; San Francisco County; California,2024.0,4117.0,1281.0,129.0,634.0,1651.0,0.3111488948263298,0.0313334952635414,0.1539956278843818,0.401020160310906,0.6888511051736701,164665.0,1696600.0,1439.0,557.0,882.0,0.3870743571924948,0.1089369585503468,37792.499944793926,559813642.857143,135976.11,Census Tract 228.03; San Francisco County; California,905,1025,1200,987,Census Tract 228.03; San Francisco County; California,422,494,446,1539
306,353,6075022901,75,Census Tract 229.01,96964.0,27582.0,38001,San Francisco,San Francisco County,San Francisco,667000,City,City of San Francisco,2411786,San Francisco,Census Tract 229.01; San Francisco County; California,2024.0,4542.0,1089.0,62.0,429.0,2813.0,0.2397622192866578,0.0136503742844561,0.09445178335535,0.6193306913254073,0.7602377807133421,101617.0,920500.0,1479.0,347.0,1132.0,0.2346179851250845,0.0960710223596154,47277.52332017735,517788642.857143,114000.142,Census Tract 229.01; San Francisco County; California,824,1468,1320,930,Census Tract 229.01; San Francisco County; California,1130,355,504,1458
307,511,6075011200,75,Census Tract 112,158750.0,20195.0,38001,San Francisco,San Francisco County,San Francisco,667000,City,City of San Francisco,2411786,San Francisco,Census Tract 112; San Francisco County; California,2024.0,2676.0,1319.0,68.0,1020.0,43.0,0.4928998505231689,0.0254110612855007,0.3811659192825112,0.0160687593423019,0.507100149476831,121855.0,2000001.0,1660.0,352.0,1308.0,0.2120481927710843,0.068451493210157,39093.37655767785,526893628.571429,196895.975,Census Tract 112; San Francisco County; California,88,943,368,1277,Census Tract 112; San Francisco County; California,138,184,360,1566
308,1244,6075011901,75,Census Tract 119.01,119464.0,32181.0,38001,San Francisco,San Francisco County,San Francisco,667000,City,City of San Francisco,2411786,San Francisco,Census Tract 119.01; San Francisco County; California,2024.0,2022.0,759.0,38.0,690.0,412.0,0.3753709198813056,0.0187932739861523,0.3412462908011869,0.2037586547972304,0.6246290801186943,96518.0,889900.0,1219.0,175.0,1044.0,0.1435602953240361,0.0240497920392663,84075.5710776483,500798828.571429,247674.989,Census Tract 119.01; San Francisco County; California,143,653,616,610,Census Tract 119.01; San Francisco County; California,77,162,415,961
309,1042,6075017803,75,Census Tract 178.03,87132.0,54979.0,38001,San Francisco,San Francisco County,San Francisco,667000,City,City of San Francisco,2411786,San Francisco,Census Tract 178.03; San Francisco County; California,2024.0,2415.0,676.0,348.0,969.0,313.0,0.2799171842650103,0.1440993788819875,0.4012422360248447,0.1296066252587991,0.7200828157349897,85909.0,1046200.0,1208.0,254.0,954.0,0.2102649006622516,0.0732901944070184,32951.2019928376,997171028.571429,412907.258,Census Tract 178.03; San Francisco County; California,270,790,436,919,Census Tract 178.03; San Francisco County; California,158,383,631,918
310,535,6075012100,75,Census Tract 121,83906.0,22686.0,38001,San Francisco,San Francisco County,San Francisco,667000,City,City of San Francisco,2411786,San Francisco,Census Tract 121; San Francisco County; California,2024.0,3203.0,1348.0,46.0,870.0,668.0,0.4208554480174836,0.0143615360599438,0.2716203559163284,0.2085544801748361,0.5791445519825165,108000.0,693500.0,1984.0,192.0,1792.0,0.0967741935483871,0.0476362107821599,67238.7653721513,487568328.571429,152222.394,Census Tract 121; San Francisco County; California,51,1408,632,1112,Census Tract 121; San Francisco County; California,223,281,345,1632
311,225,6075012302,75,Census Tract 123.02,43879.0,14641.0,38001,San Francisco,San Francisco County,San Francisco,667000,City,City of San Francisco,2411786,San Francisco,Census Tract 123.02; San Francisco County; California,2024.0,2700.0,1034.0,195.0,832.0,457.0,0.3829629629629629,0.0722222222222222,0.3081481481481481,0.1692592592592592,0.617037037037037,44954.0,,1889.0,0.0,1889.0,0.0,0.0357689269929829,75484.51203273945,534747728.571429,198054.714,Census Tract 123.02; San Francisco County; California,146,772,737,1045,Census Tract 123.02; San Francisco County; California,305,452,632,1013
312,1136,6075017604,75,Census Tract 176.04,100036.0,42729.0,38001,San Francisco,San Francisco County,San Francisco,667000,City,City of San Francisco,2411786,San Francisco,Census Tract 176.04; San Francisco County; California,2024.0,3965.0,921.0,432.0,1544.0,889.0,0.2322824716267339,0.1089533417402269,0.3894073139974779,0.2242118537200504,0.767717528373266,101761.0,,2301.0,209.0,2092.0,0.0908300738809213,0.0430663931366178,92067.14821512878,591541228.571429,149190.726,Census Tract 176.04; San Francisco County; California,253,2037,730,945,Census Tract 176.04; San Francisco County; California,255,572,495,2060
313,1259,6075012301,75,Census Tract 123.01,25625.0,13733.0,38001,San Francisco,San Francisco County,San Francisco,667000,City,City of San Francisco,2411786,San Francisco,Census Tract 123.01; San Francisco County; California,2024.0,1924.0,535.0,167.0,483.0,641.0,0.278066528066528,0.0867983367983368,0.251039501039501,0.3331600831600831,0.721933471933472,23385.0,,1190.0,36.0,1154.0,0.0302521008403361,0.0355186099618644,54168.786505602446,552186728.571429,286999.339,Census Tract 123.01; San Francisco County; California,188,339,343,1054,Census Tract 123.01; San Francisco County; California,523,322,546,298
314,290,6075012502,75,Census Tract 125.02,21653.0,10376.0,38001,San Francisco,San Francisco County,San Francisco,667000,City,City of San Francisco,2411786,San Francisco,Census Tract 125.02; San Francisco County; California,2024.0,4517.0,911.0,616.0,1371.0,1232.0,0.2016825326544166,0.1363736993579809,0.3035200354217401,0.2727473987159619,0.7983174673455833,18217.0,,2250.0,0.0,2250.0,0.0,0.0237120360205057,190493.97513118532,525210528.571429,116274.193,Census Tract 125.02; San Francisco County; California,305,468,971,2773,Census Tract 125.02; San Francisco County; California,1776,778,965,510
315,1043,6075012503,75,Census Tract 125.03,39133.0,23341.0,38001,San Francisco,San Francisco County,San Francisco,667000,City,City of San Francisco,2411786,San Francisco,Census Tract 125.03; San Francisco County; California,2024.0,4772.0,696.0,391.0,1956.0,1541.0,0.1458507963118189,0.0819362950544844,0.4098910310142498,0.3229253981559095,0.854149203688181,50696.0,,2224.0,45.0,2179.0,0.0202338129496402,0.0456897796357956,104443.4890699577,579107228.571429,121355.245,Census Tract 125.03; San Francisco County; California,429,1151,1309,1883,Census Tract 125.03; San Francisco County; California,1135,1107,954,781
316,1372,6075022902,75,Census Tract 229.02,190875.0,41490.0,38001,San Francisco,San Francisco County,San Francisco,667000,City,City of San Francisco,2411786,San Francisco,Census Tract 229.02; San Francisco County; California,2024.0,1891.0,568.0,139.0,322.0,666.0,0.3003701745108408,0.0735060814383923,0.1702802749867794,0.3521946060285563,0.6996298254891592,205583.0,1319400.0,725.0,317.0,408.0,0.4372413793103448,0.0626281093684129,30194.10962697436,495270442.857143,261909.277,Census Tract 229.02; San Francisco County; California,344,431,595,521,Census Tract 229.02; San Francisco County; California,190,173,196,902
317,1373,6075022903,75,Census Tract 229.03,209659.0,94906.0,38001,San Francisco,San Francisco County,San Francisco,667000,City,City of San Francisco,2411786,San Francisco,Census Tract 229.03; San Francisco County; California,2024.0,2798.0,1226.0,85.0,408.0,664.0,0.4381701215153681,0.0303788420300214,0.1458184417441029,0.2373123659756969,0.5618298784846318,189875.0,1260400.0,1139.0,481.0,658.0,0.4223002633889376,0.1182588833232989,23659.95620261999,499039242.857143,178355.698,Census Tract 229.03; San Francisco County; California,373,855,821,749,Census Tract 229.03; San Francisco County; California,247,330,518,1172
318,1417,6075017700,75,Census Tract 177,156806.0,32446.0,38001,San Francisco,San Francisco County,San Francisco,667000,City,City of San Francisco,2411786,San Francisco,Census Tract 177; San Francisco County; California,2024.0,2946.0,884.0,55.0,827.0,1070.0,0.3000678886625934,0.0186693822131704,0.2807196198234895,0.3632043448744059,0.6999321113374066,124679.0,1206100.0,1296.0,287.0,1009.0,0.2214506172839506,0.344235365321138,8558.098024738596,1255176642.857143,426061.318,Census Tract 177; San Francisco County; California,376,898,907,765,Census Tract 177; San Francisco County; California,377,181,709,1109
319,550,6075015500,75,Census Tract 155,92829.0,37418.0,38001,San Francisco,San Francisco County,San Francisco,667000,City,City of San Francisco,2411786,San Francisco,Census Tract 155; San Francisco County; California,2024.0,4011.0,1757.0,137.0,1575.0,450.0,0.43804537521815,0.0341560708052854,0.3926701570680628,0.1121914734480179,0.5619546247818499,95841.0,1351900.0,2209.0,192.0,2017.0,0.0869171570846537,0.1214145185979061,33035.58788783248,703685828.571429,175439.0,Census Tract 155; San Francisco County; California,199,1255,526,2031,Census Tract 155; San Francisco County; California,299,418,404,2241
320,228,6075012202,75,Census Tract 122.02,50583.0,21523.0,38001,San Francisco,San Francisco County,San Francisco,667000,City,City of San Francisco,2411786,San Francisco,Census Tract 122.02; San Francisco County; California,2024.0,2915.0,1044.0,373.0,766.0,504.0,0.358147512864494,0.1279588336192109,0.262778730703259,0.1728987993138936,0.641852487135506,57897.0,1849700.0,1374.0,149.0,1225.0,0.1084425036390101,0.0365521669102257,79749.0339535659,646627128.571429,221827.488,Census Tract 122.02; San Francisco County; California,184,828,671,1232,Census Tract 122.02; San Francisco County; California,243,694,808,966
321,1151,6075012203,75,Census Tract 122.03,33750.0,29266.0,38001,San Francisco,San Francisco County,San Francisco,667000,City,City of San Francisco,2411786,San Francisco,Census Tract 122.03; San Francisco County; California,2024.0,1524.0,612.0,98.0,371.0,280.0,0.4015748031496063,0.0643044619422572,0.2434383202099737,0.1837270341207349,0.5984251968503937,23440.0,,1058.0,0.0,1058.0,0.0,0.0177478572158293,85869.5211183431,604971628.571429,396963.011,Census Tract 122.03; San Francisco County; California,176,172,490,686,Census Tract 122.03; San Francisco County; California,338,53,424,488
322,1139,6075012204,75,Census Tract 122.04,62704.0,14148.0,38001,San Francisco,San Francisco County,San Francisco,667000,City,City of San Francisco,2411786,San Francisco,Census Tract 122.04; San Francisco County; California,2024.0,2571.0,988.0,0.0,823.0,511.0,0.3842862699338779,0.0,0.3201089070400622,0.1987553481135744,0.6157137300661222,64707.0,383800.0,1519.0,119.0,1400.0,0.0783410138248847,0.0177856285165067,144554.91396403936,547822928.571429,213077.763,Census Tract 122.04; San Francisco County; California,156,921,606,888,Census Tract 122.04; San Francisco County; California,326,207,522,1233
323,536,6075015100,75,Census Tract 151,170583.0,24058.0,38001,San Francisco,San Francisco County,San Francisco,667000,City,City of San Francisco,2411786,San Francisco,Census Tract 151; San Francisco County; California,2024.0,2641.0,1229.0,144.0,939.0,138.0,0.4653540325634229,0.0545248012116622,0.3555471412343809,0.0522529344945096,0.5346459674365771,159921.0,973400.0,1566.0,548.0,1018.0,0.3499361430395913,0.066303717250689,39831.8542234154,685894228.571429,259710.045,Census Tract 151; San Francisco County; California,121,885,593,1042,Census Tract 151; San Francisco County; California,64,59,418,1900
324,496,6075015300,75,Census Tract 153,176090.0,50695.0,38001,San Francisco,San Francisco County,San Francisco,667000,City,City of San Francisco,2411786,San Francisco,Census Tract 153; San Francisco County; California,2024.0,2377.0,1546.0,185.0,211.0,302.0,0.6503996634413126,0.0778291964661337,0.0887673538073201,0.1270509045014724,0.3496003365586874,214688.0,1421500.0,1062.0,433.0,629.0,0.4077212806026365,0.0902300000052208,26343.78809556093,560409742.857143,235763.459,Census Tract 153; San Francisco County; California,224,1084,418,651,Census Tract 153; San Francisco County; California,0,141,203,1723
325,1140,6075015202,75,Census Tract 152.02,146250.0,65769.0,38001,San Francisco,San Francisco County,San Francisco,667000,City,City of San Francisco,2411786,San Francisco,Census Tract 152.02; San Francisco County; California,2024.0,2413.0,1212.0,404.0,577.0,127.0,0.5022793203481144,0.1674264401160381,0.2391214256112722,0.0526315789473684,0.4977206796518856,156713.0,1688700.0,1123.0,523.0,600.0,0.4657168299198575,0.0718841789846815,33567.88703831768,544780028.571429,225768.764,Census Tract 152.02; San Francisco County; California,189,906,359,959,Census Tract 152.02; San Francisco County; California,47,171,450,1300
326,1146,6075012002,75,Census Tract 120.02,53125.0,13166.0,38001,San Francisco,San Francisco County,San Francisco,667000,City,City of San Francisco,2411786,San Francisco,Census Tract 120.02; San Francisco County; California,2024.0,2126.0,457.0,159.0,574.0,667.0,0.2149576669802446,0.0747883349012229,0.2699905926622766,0.3137347130761994,0.7850423330197553,72549.0,1888200.0,1363.0,168.0,1195.0,0.1232575201760821,0.0240534213777401,88386.59443132166,595750228.571429,280221.18,Census Tract 120.02; San Francisco County; California,158,883,625,460,Census Tract 120.02; San Francisco County; California,160,137,354,1075
327,1142,6075015201,75,Census Tract 152.01,92254.0,44801.0,38001,San Francisco,San Francisco County,San Francisco,667000,City,City of San Francisco,2411786,San Francisco,Census Tract 152.01; San Francisco County; California,2024.0,1615.0,773.0,173.0,506.0,90.0,0.4786377708978328,0.1071207430340557,0.313312693498452,0.0557275541795665,0.5213622291021671,91420.0,1541700.0,1063.0,151.0,912.0,0.1420507996237064,0.0359238605944792,44956.19271633053,577191128.571429,357393.888,Census Tract 152.01; San Francisco County; California,109,564,415,527,Census Tract 152.01; San Francisco County; California,46,128,196,1010
328,1107,6075012001,75,Census Tract 120.01,87796.0,22896.0,38001,San Francisco,San Francisco County,San Francisco,667000,City,City of San Francisco,2411786,San Francisco,Census Tract 120.01; San Francisco County; California,2024.0,1746.0,607.0,21.0,330.0,371.0,0.347651775486827,0.0120274914089347,0.1890034364261168,0.2124856815578465,0.652348224513173,80300.0,1586800.0,1002.0,47.0,955.0,0.0469061876247504,0.0242676983518,71947.49063915604,582402428.571429,333563.819,Census Tract 120.01; San Francisco County; California,107,740,379,520,Census Tract 120.01; San Francisco County; California,104,109,472,787
329,1153,6075013401,75,Census Tract 134.01,197581.0,55322.0,38001,San Francisco,San Francisco County,San Francisco,667000,City,City of San Francisco,2411786,San Francisco,Census Tract 134.01; San Francisco County; California,2024.0,1390.0,908.0,3.0,159.0,81.0,0.6532374100719425,0.0021582733812949,0.114388489208633,0.058273381294964,0.3467625899280575,212593.0,2000001.0,874.0,234.0,640.0,0.2677345537757437,0.0686928616637658,20234.999188179077,505329842.857143,363546.65,Census Tract 134.01; San Francisco County; California,85,562,187,556,Census Tract 134.01; San Francisco County; California,7,47,122,1102
330,1145,6075011102,75,Census Tract 111.02,92000.0,35706.0,38001,San Francisco,San Francisco County,San Francisco,667000,City,City of San Francisco,2411786,San Francisco,Census Tract 111.02; San Francisco County; California,2024.0,2207.0,743.0,231.0,729.0,357.0,0.3366560942455822,0.1046669687358405,0.3303126415949252,0.1617580425917535,0.6633439057544177,104966.0,975000.0,1321.0,119.0,1202.0,0.0900832702498107,0.0487121063626569,45307.01225623665,573490728.571429,259850.806,Census Tract 111.02; San Francisco County; California,73,765,613,756,Census Tract 111.02; San Francisco County; California,381,314,349,966
331,497,6075013500,75,Census Tract 135,175118.0,38867.0,38001,San Francisco,San Francisco County,San Francisco,667000,City,City of San Francisco,2411786,San Francisco,Census Tract 135; San Francisco County; California,2024.0,2807.0,1995.0,0.0,266.0,401.0,0.7107231920199502,0.0,0.0947630922693266,0.1428571428571428,0.2892768079800498,179194.0,2000001.0,1718.0,514.0,1204.0,0.2991850989522701,0.090805428460702,30912.24883339202,565337228.571429,201402.646,Census Tract 135; San Francisco County; California,285,1019,691,812,Census Tract 135; San Francisco County; California,88,77,186,1968
332,233,6075013102,75,Census Tract 131.02,242969.0,80413.0,38001,San Francisco,San Francisco County,San Francisco,667000,City,City of San Francisco,2411786,San Francisco,Census Tract 131.02; San Francisco County; California,2024.0,2550.0,1534.0,101.0,317.0,419.0,0.6015686274509804,0.0396078431372549,0.124313725490196,0.164313725490196,0.3984313725490196,250001.0,2000001.0,1482.0,411.0,1071.0,0.2773279352226721,0.0918771771630581,27754.444343391304,591505728.571429,231963.031,Census Tract 131.02; San Francisco County; California,253,885,621,791,Census Tract 131.02; San Francisco County; California,11,39,250,1887
333,232,6075013101,75,Census Tract 131.01,219107.0,37009.0,38001,San Francisco,San Francisco County,San Francisco,667000,City,City of San Francisco,2411786,San Francisco,Census Tract 131.01; San Francisco County; California,2024.0,3768.0,2056.0,48.0,1254.0,270.0,0.5456475583864119,0.0127388535031847,0.3328025477707006,0.071656050955414,0.4543524416135881,197014.0,1301600.0,2233.0,508.0,1725.0,0.2274966412897447,0.0668969768694778,56325.415232914274,551331228.571429,146319.328,Census Tract 131.01; San Francisco County; California,269,1755,638,1106,Census Tract 131.01; San Francisco County; California,161,45,379,2711
334,533,6075013200,75,Census Tract 132,201464.0,26063.0,38001,San Francisco,San Francisco County,San Francisco,667000,City,City of San Francisco,2411786,San Francisco,Census Tract 132; San Francisco County; California,2024.0,3481.0,2412.0,1.0,540.0,195.0,0.6929043378339558,0.0002872737719046251,0.1551278368284975,0.0560183855214019,0.3070956621660442,164375.0,2000001.0,2224.0,891.0,1333.0,0.4006294964028777,0.214023939524939,16264.535676367072,543354128.571429,156091.39,Census Tract 132; San Francisco County; California,365,701,659,1756,Census Tract 132; San Francisco County; California,61,112,338,2579
335,1144,6075011001,75,Census Tract 110.01,114137.0,24044.0,38001,San Francisco,San Francisco County,San Francisco,667000,City,City of San Francisco,2411786,San Francisco,Census Tract 110.01; San Francisco County; California,2024.0,2402.0,1428.0,90.0,696.0,142.0,0.5945045795170691,0.0374687760199833,0.2897585345545378,0.0591174021648626,0.4054954204829308,129423.0,1115800.0,1418.0,241.0,1177.0,0.1699576868829337,0.0455537042778632,52728.97205787165,584042828.571429,243148.555,Census Tract 110.01; San Francisco County; California,54,1139,300,909,Census Tract 110.01; San Francisco County; California,223,142,236,1478
336,1150,6075011002,75,Census Tract 110.02,,,38001,San Francisco,San Francisco County,San Francisco,667000,City,City of San Francisco,2411786,San Francisco,Census Tract 110.02; San Francisco County; California,2024.0,1992.0,897.0,0.0,620.0,303.0,0.4503012048192771,0.0,0.3112449799196787,0.1521084337349397,0.5496987951807228,157980.0,1177400.0,1204.0,417.0,787.0,0.3463455149501661,0.0468318335320304,42535.16998512518,500284228.571429,251146.701,Census Tract 110.02; San Francisco County; California,157,609,454,772,Census Tract 110.02; San Francisco County; California,132,297,323,909
337,1154,6075013402,75,Census Tract 134.02,213607.0,40305.0,38001,San Francisco,San Francisco County,San Francisco,667000,City,City of San Francisco,2411786,San Francisco,Census Tract 134.02; San Francisco County; California,2024.0,2420.0,1429.0,100.0,668.0,121.0,0.5904958677685951,0.0413223140495867,0.2760330578512396,0.05,0.4095041322314049,175201.0,2000001.0,1201.0,275.0,926.0,0.2289758534554538,0.0680711180267301,35551.05410564454,518557342.857143,214279.894,Census Tract 134.02; San Francisco County; California,235,709,625,851,Census Tract 134.02; San Francisco County; California,35,33,295,1730
338,1163,6075011101,75,Census Tract 111.01,116897.0,19673.0,38001,San Francisco,San Francisco County,San Francisco,667000,City,City of San Francisco,2411786,San Francisco,Census Tract 111.01; San Francisco County; California,2024.0,2477.0,1083.0,76.0,1082.0,152.0,0.4372224465078724,0.0306822769479208,0.436818732337505,0.0613645538958417,0.5627775534921275,93056.0,985200.0,1448.0,159.0,1289.0,0.1098066298342541,0.0466853961836906,53057.277060558205,585601428.571429,236415.595,Census Tract 111.01; San Francisco County; California,102,847,479,1049,Census Tract 111.01; San Francisco County; California,342,297,264,1136
339,709,6075030102,75,Census Tract 301.02,209167.0,26995.0,38001,San Francisco,San Francisco County,San Francisco,667000,City,City of San Francisco,2411786,San Francisco,Census Tract 301.02; San Francisco County; California,2024.0,5120.0,2544.0,224.0,1418.0,453.0,0.496875,0.04375,0.276953125,0.0884765625,0.503125,208712.0,1854800.0,2080.0,983.0,1097.0,0.4725961538461538,0.497068795642379,10300.385067188234,528708200.0,103263.32,Census Tract 301.02; San Francisco County; California,524,2101,977,1518,Census Tract 301.02; San Francisco County; California,13,279,415,3192
340,716,6075030600,75,Census Tract 306,229297.0,20234.0,38001,San Francisco,San Francisco County,San Francisco,667000,City,City of San Francisco,2411786,San Francisco,Census Tract 306; San Francisco County; California,2024.0,2258.0,1140.0,27.0,605.0,184.0,0.5048715677590788,0.0119574844995571,0.2679362267493357,0.0814880425155004,0.4951284322409212,247500.0,2000001.0,888.0,783.0,105.0,0.8817567567567568,0.1980887339925602,11398.931955841595,355275500.0,157340.788,Census Tract 306; San Francisco County; California,432,297,548,981,Census Tract 306; San Francisco County; California,35,92,174,1473
341,715,6075030500,75,Census Tract 305,174797.0,51359.0,38001,San Francisco,San Francisco County,San Francisco,667000,City,City of San Francisco,2411786,San Francisco,Census Tract 305; San Francisco County; California,2024.0,3641.0,1610.0,312.0,924.0,618.0,0.4421862125789618,0.0856907443010162,0.2537764350453172,0.1697335896731667,0.5578137874210382,177361.0,1512200.0,1019.0,734.0,285.0,0.7203140333660452,0.42807475274912,8505.523805403833,490449900.0,134701.977,Census Tract 305; San Francisco County; California,542,532,640,1927,Census Tract 305; San Francisco County; California,475,380,542,1512
342,717,6075030700,75,Census Tract 307,183388.0,47872.0,38001,San Francisco,San Francisco County,San Francisco,667000,City,City of San Francisco,2411786,San Francisco,Census Tract 307; San Francisco County; California,2024.0,6624.0,3205.0,24.0,2198.0,853.0,0.4838466183574879,0.0036231884057971,0.3318236714975845,0.1287741545893719,0.5161533816425121,185104.0,1669500.0,2751.0,2435.0,316.0,0.8851326790258088,0.5604408691158116,11819.266518607858,517276900.0,78091.319,Census Tract 307; San Francisco County; California,1409,692,1513,3010,Census Tract 307; San Francisco County; California,31,365,764,3837
343,443,6075013300,75,Census Tract 133,173851.0,34096.0,38001,San Francisco,San Francisco County,San Francisco,667000,City,City of San Francisco,2411786,San Francisco,Census Tract 133; San Francisco County; California,2024.0,3952.0,2592.0,64.0,901.0,195.0,0.6558704453441295,0.0161943319838056,0.2279858299595141,0.0493421052631578,0.3441295546558705,176250.0,2000001.0,1958.0,802.0,1156.0,0.4096016343207354,0.2238259052719101,17656.579988804235,501848142.857143,126985.866,Census Tract 133; San Francisco County; California,705,871,628,1748,Census Tract 133; San Francisco County; California,177,133,287,2421
344,1086,6075015402,75,Census Tract 154.02,231313.0,52283.0,38001,San Francisco,San Francisco County,San Francisco,667000,City,City of San Francisco,2411786,San Francisco,Census Tract 154.02; San Francisco County; California,2024.0,2688.0,1640.0,40.0,398.0,523.0,0.6101190476190477,0.0148809523809523,0.1480654761904762,0.1945684523809523,0.3898809523809523,171960.0,2000001.0,1359.0,325.0,1034.0,0.2391464311994113,0.1290686541058684,20826.125588906903,632893742.857143,235451.541,Census Tract 154.02; San Francisco County; California,474,465,975,774,Census Tract 154.02; San Francisco County; California,0,115,325,1705
345,1137,6075015401,75,Census Tract 154.01,133925.0,26840.0,38001,San Francisco,San Francisco County,San Francisco,667000,City,City of San Francisco,2411786,San Francisco,Census Tract 154.01; San Francisco County; California,2024.0,3205.0,1642.0,28.0,1098.0,278.0,0.5123244929797192,0.0087363494539781,0.3425897035881435,0.0867394695787831,0.4876755070202808,165833.0,1236600.0,1732.0,561.0,1171.0,0.3239030023094688,0.1508111586557737,21251.743097574155,664043942.857143,207189.998,Census Tract 154.01; San Francisco County; California,329,1044,657,1175,Census Tract 154.01; San Francisco County; California,11,56,309,2305
346,551,6075015600,75,Census Tract 156,99028.0,33880.0,38001,San Francisco,San Francisco County,San Francisco,667000,City,City of San Francisco,2411786,San Francisco,Census Tract 156; San Francisco County; California,2024.0,2964.0,1180.0,151.0,1151.0,218.0,0.398110661268556,0.050944669365722,0.3883265856950067,0.073549257759784,0.601889338731444,92963.0,1127400.0,1418.0,388.0,1030.0,0.2736248236953456,0.1134829243765144,26118.46686437177,549297642.857143,185323.091,Census Tract 156; San Francisco County; California,224,1007,498,1235,Census Tract 156; San Francisco County; California,264,150,322,1409
347,1085,6075015701,75,Census Tract 157.01,148542.0,40798.0,38001,San Francisco,San Francisco County,San Francisco,667000,City,City of San Francisco,2411786,San Francisco,Census Tract 157.01; San Francisco County; California,2024.0,4777.0,2323.0,141.0,1334.0,630.0,0.4862884655641616,0.0295164329076826,0.2792547624031819,0.1318819342683692,0.5137115344358384,182353.0,2000001.0,1230.0,420.0,810.0,0.3414634146341463,0.1838429002457057,25984.1418603359,686235142.857143,143653.997,Census Tract 157.01; San Francisco County; California,319,2943,626,889,Census Tract 157.01; San Francisco County; California,63,278,287,1889
348,495,6075016500,75,Census Tract 165,177159.0,36907.0,38001,San Francisco,San Francisco County,San Francisco,667000,City,City of San Francisco,2411786,San Francisco,Census Tract 165; San Francisco County; California,2024.0,5206.0,3360.0,241.0,358.0,723.0,0.6454091432961967,0.0462927391471379,0.0687668075297733,0.1388782174414137,0.3545908567038033,153096.0,1537400.0,2259.0,731.0,1528.0,0.3235945108455069,0.1423323651349466,36576.36121667859,741502142.857143,142432.221,Census Tract 165; San Francisco County; California,350,2229,1205,1422,Census Tract 165; San Francisco County; California,372,504,680,3070
349,1088,6075016602,75,Census Tract 166.02,207640.0,28297.0,38001,San Francisco,San Francisco County,San Francisco,667000,City,City of San Francisco,2411786,San Francisco,Census Tract 166.02; San Francisco County; California,2024.0,1912.0,1237.0,166.0,89.0,226.0,0.6469665271966527,0.0868200836820083,0.0465481171548117,0.1182008368200836,0.3530334728033473,223877.0,1905000.0,1048.0,247.0,801.0,0.2356870229007633,0.0527365904986297,36255.66199714181,582608500.0,304711.559,Census Tract 166.02; San Francisco County; California,162,984,415,351,Census Tract 166.02; San Francisco County; California,0,41,150,1496
350,224,6075017102,75,Census Tract 171.02,171205.0,32468.0,38001,San Francisco,San Francisco County,San Francisco,667000,City,City of San Francisco,2411786,San Francisco,Census Tract 171.02; San Francisco County; California,2024.0,3165.0,2216.0,39.0,283.0,412.0,0.7001579778830964,0.0123222748815165,0.0894154818325434,0.130173775671406,0.2998420221169036,173594.0,1614800.0,1509.0,516.0,993.0,0.341948310139165,0.113081978337143,27988.544651773384,547109900.0,172862.528,Census Tract 171.02; San Francisco County; California,405,1216,659,885,Census Tract 171.02; San Francisco County; California,98,114,190,2063
351,532,6075012700,75,Census Tract 127,236158.0,52772.0,38001,San Francisco,San Francisco County,San Francisco,667000,City,City of San Francisco,2411786,San Francisco,Census Tract 127; San Francisco County; California,2024.0,4027.0,3342.0,35.0,251.0,207.0,0.8298981872361559,0.0086913334988825,0.0623292773777005,0.0514030295505339,0.170101812763844,234886.0,2000001.0,1996.0,713.0,1283.0,0.3572144288577154,0.1676843424699308,24015.360889894186,353373842.857143,87751.141,Census Tract 127; San Francisco County; California,728,1659,517,1123,Census Tract 127; San Francisco County; California,101,201,349,2454
352,271,6075017101,75,Census Tract 171.01,199676.0,26515.0,38001,San Francisco,San Francisco County,San Francisco,667000,City,City of San Francisco,2411786,San Francisco,Census Tract 171.01; San Francisco County; California,2024.0,4003.0,2595.0,36.0,517.0,278.0,0.6482638021483887,0.0089932550587059,0.1291531351486385,0.0694479140644516,0.3517361978516112,201944.0,2000001.0,1710.0,552.0,1158.0,0.3228070175438596,0.1184364273487629,33798.722990961694,559516400.0,139774.269,Census Tract 171.01; San Francisco County; California,860,1397,666,1080,Census Tract 171.01; San Francisco County; California,32,89,339,2497
353,1089,6075016601,75,Census Tract 166.01,158854.0,55528.0,38001,San Francisco,San Francisco County,San Francisco,667000,City,City of San Francisco,2411786,San Francisco,Census Tract 166.01; San Francisco County; California,2024.0,2836.0,2030.0,110.0,403.0,123.0,0.7157968970380818,0.038787023977433,0.1421015514809591,0.0433709449929478,0.2842031029619182,134211.0,1283700.0,1469.0,277.0,1192.0,0.1885636487406398,0.0784213595167291,36163.61687015913,622805842.857143,219607.138,Census Tract 166.01; San Francisco County; California,212,938,846,840,Census Tract 166.01; San Francisco County; California,63,106,260,2094
354,703,6075020401,75,Census Tract 204.01,157237.0,24433.0,38001,San Francisco,San Francisco County,San Francisco,667000,City,City of San Francisco,2411786,San Francisco,Census Tract 204.01; San Francisco County; California,2024.0,3400.0,2154.0,69.0,529.0,332.0,0.6335294117647059,0.0202941176470588,0.1555882352941176,0.0976470588235294,0.3664705882352941,196667.0,1662600.0,1678.0,797.0,881.0,0.4749702026221692,0.124412222604181,27328.504618208943,523332300.0,153921.265,Census Tract 204.01; San Francisco County; California,268,1179,701,1252,Census Tract 204.01; San Francisco County; California,6,110,423,2331
355,1087,6075015702,75,Census Tract 157.02,209803.0,61458.0,38001,San Francisco,San Francisco County,San Francisco,667000,City,City of San Francisco,2411786,San Francisco,Census Tract 157.02; San Francisco County; California,2024.0,3080.0,1655.0,65.0,458.0,287.0,0.5373376623376623,0.0211038961038961,0.1487012987012987,0.0931818181818181,0.4626623376623376,216071.0,1416700.0,1386.0,588.0,798.0,0.4242424242424242,0.1395396958716023,22072.572114777053,733954042.857143,238296.767,Census Tract 157.02; San Francisco County; California,346,1144,814,776,Census Tract 157.02; San Francisco County; California,97,45,330,2088
356,708,6075030101,75,Census Tract 301.01,144753.0,9578.0,38001,San Francisco,San Francisco County,San Francisco,667000,City,City of San Francisco,2411786,San Francisco,Census Tract 301.01; San Francisco County; California,2024.0,4389.0,1884.0,93.0,1477.0,478.0,0.429254955570745,0.0211893369788106,0.3365231259968102,0.1089086352244247,0.570745044429255,156156.0,1647800.0,2115.0,527.0,1588.0,0.2491725768321513,0.1332740514697974,32932.14209065022,547046200.0,124640.283,Census Tract 301.01; San Francisco County; California,378,2017,844,1150,Census Tract 301.01; San Francisco County; California,38,199,482,2917
357,1130,6075035101,75,Census Tract 351.01,98580.0,28519.0,38001,San Francisco,San Francisco County,San Francisco,667000,City,City of San Francisco,2411786,San Francisco,Census Tract 351.01; San Francisco County; California,2024.0,3748.0,1722.0,101.0,1422.0,342.0,0.4594450373532551,0.0269477054429028,0.37940234791889,0.0912486659551761,0.540554962646745,136176.0,1289900.0,1452.0,661.0,791.0,0.4552341597796143,0.1477433362750717,25368.31842636809,160468400.0,42814.408,Census Tract 351.01; San Francisco County; California,502,632,1123,1491,Census Tract 351.01; San Francisco County; California,353,340,451,1815
358,1254,6075032601,75,Census Tract 326.01,145903.0,23243.0,38001,San Francisco,San Francisco County,San Francisco,667000,City,City of San Francisco,2411786,San Francisco,Census Tract 326.01; San Francisco County; California,2024.0,4338.0,1487.0,41.0,1913.0,624.0,0.3427846934071,0.0094513600737667,0.4409866297833102,0.1438450899031811,0.6572153065929,154444.0,1460200.0,1774.0,763.0,1011.0,0.4301014656144307,0.1612926980247109,26895.20389407457,300376700.0,69243.13,Census Tract 326.01; San Francisco County; California,452,1257,1088,1541,Census Tract 326.01; San Francisco County; California,396,231,559,2373
359,710,6075030201,75,Census Tract 302.01,127009.0,30228.0,38001,San Francisco,San Francisco County,San Francisco,667000,City,City of San Francisco,2411786,San Francisco,Census Tract 302.01; San Francisco County; California,2024.0,3841.0,1892.0,25.0,1036.0,714.0,0.4925800572767508,0.0065087216870606,0.2697214267117938,0.1858890913824525,0.5074199427232491,109659.0,1484200.0,1922.0,528.0,1394.0,0.2747138397502601,0.1392786203966451,27577.814807910898,372003700.0,96850.742,Census Tract 302.01; San Francisco County; California,600,891,892,1458,Census Tract 302.01; San Francisco County; California,334,227,359,2168
360,472,6075030202,75,Census Tract 302.02,153412.0,35009.0,38001,San Francisco,San Francisco County,San Francisco,667000,City,City of San Francisco,2411786,San Francisco,Census Tract 302.02; San Francisco County; California,2024.0,4082.0,1918.0,65.0,1341.0,276.0,0.4698677119059284,0.0159235668789808,0.328515433610975,0.0676139147476727,0.5301322880940715,122697.0,1270800.0,2041.0,471.0,1570.0,0.2307692307692307,0.1377077188589283,29642.49232958188,347988000.0,85249.388,Census Tract 302.02; San Francisco County; California,488,1141,808,1645,Census Tract 302.02; San Francisco County; California,355,185,624,2251
361,288,6075980300,75,Census Tract 9803,,,38001,San Francisco,San Francisco County,San Francisco,667000,City,City of San Francisco,2411786,San Francisco,Census Tract 9803; San Francisco County; California,2024.0,58.0,34.0,0.0,8.0,11.0,0.5862068965517241,0.0,0.1379310344827586,0.1896551724137931,0.4137931034482759,107188.0,,46.0,0.0,46.0,0.0,1.713716073089234,33.84457957230113,1081019942.857143,18638274.877,Census Tract 9803; San Francisco County; California,0,33,21,4,Census Tract 9803; San Francisco County; California,0,5,4,49
362,1125,6075047904,75,Census Tract 479.04,84880.0,30787.0,38001,San Francisco,San Francisco County,San Francisco,667000,City,City of San Francisco,2411786,San Francisco,Census Tract 479.04; San Francisco County; California,2024.0,3077.0,1550.0,93.0,867.0,243.0,0.5037374065648359,0.0302242443938901,0.281767955801105,0.0789730256743581,0.4962625934351641,105577.0,1631000.0,1380.0,695.0,685.0,0.5036231884057971,0.2844829995377299,10816.112052389652,239314000.0,77775.106,Census Tract 479.04; San Francisco County; California,494,632,759,1192,Census Tract 479.04; San Francisco County; California,119,211,628,1468
363,1258,6075047802,75,Census Tract 478.02,125682.0,13514.0,38001,San Francisco,San Francisco County,San Francisco,667000,City,City of San Francisco,2411786,San Francisco,Census Tract 478.02; San Francisco County; California,2024.0,3581.0,1355.0,15.0,1542.0,558.0,0.3783859257190728,0.0041887740854509,0.4306059759843619,0.1558223959787768,0.6216140742809271,129415.0,1540000.0,1418.0,685.0,733.0,0.4830747531734838,0.1310707502006794,27321.12232910252,209480700.0,58497.822,Census Tract 478.02; San Francisco County; California,636,718,783,1444,Census Tract 478.02; San Francisco County; California,314,255,499,1565
364,286,6075047801,75,Census Tract 478.01,163178.0,27295.0,38001,San Francisco,San Francisco County,San Francisco,667000,City,City of San Francisco,2411786,San Francisco,Census Tract 478.01; San Francisco County; California,2024.0,4132.0,1570.0,47.0,1987.0,348.0,0.3799612778315586,0.0113746369796708,0.4808809293320426,0.0842207163601161,0.6200387221684414,172375.0,1656400.0,1732.0,891.0,841.0,0.5144341801385681,0.1839167432399474,22466.687519630428,255101700.0,61738.069,Census Tract 478.01; San Francisco County; California,603,825,1012,1692,Census Tract 478.01; San Francisco County; California,289,400,314,2370
365,441,6075047702,75,Census Tract 477.02,114892.0,17552.0,38001,San Francisco,San Francisco County,San Francisco,667000,City,City of San Francisco,2411786,San Francisco,Census Tract 477.02; San Francisco County; California,2024.0,3135.0,1317.0,1.0,1450.0,166.0,0.4200956937799043,0.0003189792663476874,0.4625199362041467,0.0529505582137161,0.5799043062200957,112500.0,1558500.0,1552.0,608.0,944.0,0.3917525773195876,0.1362192274856449,23014.37218420852,240468000.0,76704.306,Census Tract 477.02; San Francisco County; California,356,596,605,1578,Census Tract 477.02; San Francisco County; California,270,141,547,1620
366,1052,6075045201,75,Census Tract 452.01,139659.0,68743.0,38001,San Francisco,San Francisco County,San Francisco,667000,City,City of San Francisco,2411786,San Francisco,Census Tract 452.01; San Francisco County; California,2024.0,3045.0,1210.0,130.0,1194.0,286.0,0.3973727422003284,0.0426929392446633,0.3921182266009852,0.0939244663382594,0.6026272577996716,166944.0,1690300.0,1324.0,674.0,650.0,0.5090634441087614,0.1367782881909629,22262.30522602188,376908300.0,123779.409,Census Tract 452.01; San Francisco County; California,513,507,694,1331,Census Tract 452.01; San Francisco County; California,210,62,282,1875
367,1129,6075047903,75,Census Tract 479.03,147768.0,30841.0,38001,San Francisco,San Francisco County,San Francisco,667000,City,City of San Francisco,2411786,San Francisco,Census Tract 479.03; San Francisco County; California,2024.0,3348.0,1781.0,28.0,1143.0,201.0,0.5319593787335722,0.008363201911589,0.3413978494623655,0.0600358422939068,0.4680406212664277,144766.0,1545500.0,1405.0,897.0,508.0,0.6384341637010676,0.1514074389186892,22112.51985972753,235533600.0,70350.538,Census Tract 479.03; San Francisco County; California,366,887,531,1564,Census Tract 479.03; San Francisco County; California,171,243,426,1953
368,1133,6075045202,75,Census Tract 452.02,154375.0,55571.0,38001,San Francisco,San Francisco County,San Francisco,667000,City,City of San Francisco,2411786,San Francisco,Census Tract 452.02; San Francisco County; California,2024.0,3332.0,1428.0,37.0,1230.0,358.0,0.4285714285714285,0.0111044417767106,0.3691476590636254,0.1074429771908763,0.5714285714285714,133977.0,1708300.0,1489.0,425.0,1064.0,0.2854264607118871,0.0919229897267613,36247.73312861432,378509000.0,113598.139,Census Tract 452.02; San Francisco County; California,723,734,807,1068,Census Tract 452.02; San Francisco County; California,180,137,369,1776
369,494,6075045100,75,Census Tract 451,190389.0,48005.0,38001,San Francisco,San Francisco County,San Francisco,667000,City,City of San Francisco,2411786,San Francisco,Census Tract 451; San Francisco County; California,2024.0,4713.0,2481.0,5.0,1299.0,529.0,0.5264162953532782,0.0010608953957139,0.2756206238064926,0.1122427328665393,0.4735837046467218,211111.0,1752400.0,1904.0,482.0,1422.0,0.2531512605042016,0.1483493565615942,31769.60189944049,407849442.857143,86537.119,Census Tract 451; San Francisco County; California,714,1621,1166,1212,Census Tract 451; San Francisco County; California,256,296,460,2776
370,284,6075042601,75,Census Tract 426.01,124324.0,14834.0,38001,San Francisco,San Francisco County,San Francisco,667000,City,City of San Francisco,2411786,San Francisco,Census Tract 426.01; San Francisco County; California,2024.0,4342.0,1867.0,26.0,1550.0,438.0,0.4299861814831874,0.0059880239520958,0.356978350990327,0.1008751727314601,0.5700138185168125,138646.0,2000001.0,1735.0,466.0,1269.0,0.2685878962536023,0.1132643664866225,38335.09279825288,199804900.0,46016.789,Census Tract 426.01; San Francisco County; California,535,948,1144,1715,Census Tract 426.01; San Francisco County; California,275,244,792,2164
371,285,6075042602,75,Census Tract 426.02,155750.0,24419.0,38001,San Francisco,San Francisco County,San Francisco,667000,City,City of San Francisco,2411786,San Francisco,Census Tract 426.02; San Francisco County; California,2024.0,3202.0,1468.0,20.0,1156.0,395.0,0.4584634603372892,0.0062460961898813,0.3610243597751405,0.1233603997501561,0.5415365396627108,156726.0,1712500.0,1367.0,495.0,872.0,0.3621068032187271,0.1282008599851194,24976.431518257086,231995400.0,72453.279,Census Tract 426.02; San Francisco County; California,701,756,817,928,Census Tract 426.02; San Francisco County; California,71,106,344,1718
372,291,6075980200,75,Census Tract 9802,,,38001,San Francisco,San Francisco County,San Francisco,667000,City,City of San Francisco,2411786,San Francisco,Census Tract 9802; San Francisco County; California,2024.0,160.0,22.0,47.0,30.0,30.0,0.1375,0.29375,0.1875,0.1875,0.8625,,,0.0,0.0,0.0,,0.3844684212268571,416.15901636194815,173344300.0,1083401.875,Census Tract 9802; San Francisco County; California,0,0,25,135,Census Tract 9802; San Francisco County; California,19,82,15,44
373,1333,6075040100,75,Census Tract 401,136429.0,27800.0,38001,San Francisco,San Francisco County,San Francisco,667000,City,City of San Francisco,2411786,San Francisco,Census Tract 401; San Francisco County; California,2024.0,4315.0,1896.0,8.0,1518.0,470.0,0.4393974507531865,0.0018539976825028,0.3517960602549246,0.1089223638470451,0.5606025492468134,175144.0,1669600.0,1742.0,709.0,1033.0,0.4070034443168771,0.162056567751248,26626.504928966508,391653642.857143,90765.618,Census Tract 401; San Francisco County; California,691,1174,995,1455,Census Tract 401; San Francisco County; California,193,192,470,2321
374,1334,6075040200,75,Census Tract 402,184617.0,52422.0,38001,San Francisco,San Francisco County,San Francisco,667000,City,City of San Francisco,2411786,San Francisco,Census Tract 402; San Francisco County; California,2024.0,4719.0,2372.0,51.0,1551.0,406.0,0.5026488662852299,0.010807374443738,0.3286713286713286,0.0860351769442678,0.4973511337147701,187679.0,2000001.0,2213.0,716.0,1497.0,0.3235427022141889,0.2056927963061855,22941.97990762641,323535342.857143,68560.149,Census Tract 402; San Francisco County; California,744,1100,1054,1821,Census Tract 402; San Francisco County; California,298,143,782,2570
375,1335,6075042700,75,Census Tract 427,104414.0,30689.0,38001,San Francisco,San Francisco County,San Francisco,667000,City,City of San Francisco,2411786,San Francisco,Census Tract 427; San Francisco County; California,2024.0,5134.0,1520.0,263.0,2406.0,563.0,0.2960654460459681,0.051227113361901,0.4686404363069731,0.1096610829762368,0.7039345539540319,102584.0,1461900.0,2707.0,590.0,2117.0,0.217953454008127,0.1582319079843267,32446.04748435781,244765700.0,47675.438,Census Tract 427; San Francisco County; California,713,1084,970,2367,Census Tract 427; San Francisco County; California,532,320,876,2609
376,1336,6075042800,75,Census Tract 428,250001.0,,38001,San Francisco,San Francisco County,San Francisco,667000,City,City of San Francisco,2411786,San Francisco,Census Tract 428; San Francisco County; California,2024.0,2471.0,1562.0,31.0,551.0,169.0,0.632132739781465,0.0125455281262646,0.2229866450829623,0.0683933630109267,0.367867260218535,250001.0,2000001.0,959.0,734.0,225.0,0.7653806047966631,0.2252543782899853,10969.820070795306,257614600.0,104255.2,Census Tract 428; San Francisco County; California,518,331,421,1201,Census Tract 428; San Francisco County; California,45,117,135,1515
377,1337,6075047600,75,Census Tract 476,169563.0,38204.0,38001,San Francisco,San Francisco County,San Francisco,667000,City,City of San Francisco,2411786,San Francisco,Census Tract 476; San Francisco County; California,2024.0,5098.0,1821.0,78.0,2370.0,282.0,0.3571989015300117,0.015300117693213,0.4648881914476265,0.0553158101216163,0.6428010984699882,180000.0,1203000.0,2230.0,1024.0,1206.0,0.4591928251121076,0.2052045733996325,24843.50088080995,297115900.0,58280.875,Census Tract 476; San Francisco County; California,853,1061,1145,2039,Census Tract 476; San Francisco County; California,280,323,764,2668
378,1340,6075047701,75,Census Tract 477.01,125658.0,39388.0,38001,San Francisco,San Francisco County,San Francisco,667000,City,City of San Francisco,2411786,San Francisco,Census Tract 477.01; San Francisco County; California,2024.0,4724.0,1327.0,38.0,2278.0,718.0,0.2809060118543607,0.0080440304826418,0.4822184589331075,0.1519898391193903,0.7190939881456393,121923.0,1546400.0,2002.0,926.0,1076.0,0.4625374625374625,0.1409223707769986,33522.00203525849,235108300.0,49768.903,Census Tract 477.01; San Francisco County; California,767,1219,1045,1693,Census Tract 477.01; San Francisco County; California,431,122,690,2485
379,1341,6075060100,75,Census Tract 601,236445.0,20396.0,38001,San Francisco,San Francisco County,San Francisco,667000,City,City of San Francisco,2411786,San Francisco,Census Tract 601; San Francisco County; California,2024.0,3901.0,2193.0,57.0,196.0,867.0,0.5621635478082543,0.0146116380415278,0.0502435273006921,0.2222507049474493,0.4378364521917457,219750.0,,1346.0,9.0,1337.0,0.0066864784546805,2.3230244508969715,1679.2763410190266,457697842.857143,117328.337,Census Tract 601; San Francisco County; California,1157,1135,957,652,Census Tract 601; San Francisco County; California,39,151,228,2148
380,1344,6075047902,75,Census Tract 479.02,126944.0,58029.0,38001,San Francisco,San Francisco County,San Francisco,667000,City,City of San Francisco,2411786,San Francisco,Census Tract 479.02; San Francisco County; California,2024.0,3236.0,1398.0,0.0,1083.0,521.0,0.4320148331273177,0.0,0.334672435105068,0.1610012360939431,0.5679851668726823,125750.0,1562500.0,1514.0,774.0,740.0,0.5112285336856011,0.1587758419081302,20380.934285156494,184084100.0,56886.31,Census Tract 479.02; San Francisco County; California,306,643,716,1571,Census Tract 479.02; San Francisco County; California,155,183,845,1597
381,500,6075018000,75,Census Tract 180,183507.0,31969.0,38001,San Francisco,San Francisco County,San Francisco,667000,City,City of San Francisco,2411786,San Francisco,Census Tract 180; San Francisco County; California,2024.0,3492.0,1092.0,235.0,1029.0,924.0,0.3127147766323024,0.0672966781214203,0.2946735395189003,0.2646048109965636,0.6872852233676976,212439.0,1085600.0,1648.0,320.0,1328.0,0.1941747572815534,0.3643910311821258,9583.11182542434,1154627228.571429,330649.264,Census Tract 180; San Francisco County; California,365,1369,1028,730,Census Tract 180; San Francisco County; California,413,215,450,1753
382,227,6075011902,75,Census Tract 119.02,81995.0,14042.0,38001,San Francisco,San Francisco County,San Francisco,667000,City,City of San Francisco,2411786,San Francisco,Census Tract 119.02; San Francisco County; California,2024.0,3032.0,1074.0,54.0,1174.0,529.0,0.354221635883905,0.0178100263852242,0.3872031662269129,0.1744722955145118,0.645778364116095,75625.0,778600.0,1745.0,120.0,1625.0,0.0687679083094555,0.0359440320644556,84353.3634335444,453856942.857143,149688.965,Census Tract 119.02; San Francisco County; California,187,1246,573,1026,Census Tract 119.02; San Francisco County; California,435,352,440,1381
383,1044,6075017804,75,Census Tract 178.04,124674.0,23390.0,38001,San Francisco,San Francisco County,San Francisco,667000,City,City of San Francisco,2411786,San Francisco,Census Tract 178.04; San Francisco County; California,2024.0,4380.0,1555.0,359.0,1561.0,709.0,0.3550228310502283,0.0819634703196347,0.3563926940639269,0.1618721461187214,0.6449771689497716,134264.0,961900.0,2322.0,854.0,1468.0,0.367786391042205,0.1236279766758112,35428.8739310653,709462828.571429,161977.815,Census Tract 178.04; San Francisco County; California,189,1745,1236,1210,Census Tract 178.04; San Francisco County; California,198,310,641,2642
384,1046,6075017602,75,Census Tract 176.02,69671.0,42665.0,38001,San Francisco,San Francisco County,San Francisco,667000,City,City of San Francisco,2411786,San Francisco,Census Tract 176.02; San Francisco County; California,2024.0,3560.0,979.0,639.0,1480.0,211.0,0.275,0.1794943820224719,0.4157303370786517,0.0592696629213483,0.725,,864100.0,1546.0,161.0,1385.0,0.1041397153945666,0.1047993029450911,33969.691591033166,632665728.571429,177715.092,Census Tract 176.02; San Francisco County; California,314,884,1313,1049,Census Tract 176.02; San Francisco County; California,377,627,975,1032
385,1339,6075025100,75,Census Tract 251,131801.0,31645.0,38001,San Francisco,San Francisco County,San Francisco,667000,City,City of San Francisco,2411786,San Francisco,Census Tract 251; San Francisco County; California,2024.0,3504.0,1875.0,55.0,716.0,658.0,0.5351027397260274,0.0156963470319634,0.204337899543379,0.1877853881278539,0.4648972602739726,165759.0,1597200.0,1319.0,791.0,528.0,0.599696739954511,0.2144750660175975,16337.563452305916,529731142.857143,151178.979,Census Tract 251; San Francisco County; California,686,608,1237,973,Census Tract 251; San Francisco County; California,222,158,520,1750
386,275,6075025702,75,Census Tract 257.02,91513.0,17409.0,38001,San Francisco,San Francisco County,San Francisco,667000,City,City of San Francisco,2411786,San Francisco,Census Tract 257.02; San Francisco County; California,2024.0,4545.0,347.0,2.0,2923.0,1099.0,0.0763476347634763,0.00044004400440044,0.6431243124312431,0.2418041804180418,0.9236523652365236,125473.0,1113500.0,1150.0,777.0,373.0,0.6756521739130434,0.2039875461513442,22280.771967460863,371462200.0,81729.857,Census Tract 257.02; San Francisco County; California,1147,406,1174,1818,Census Tract 257.02; San Francisco County; California,832,717,743,1073
387,513,6075011700,75,Census Tract 117,93500.0,35927.0,38001,San Francisco,San Francisco County,San Francisco,667000,City,City of San Francisco,2411786,San Francisco,Census Tract 117; San Francisco County; California,2024.0,1914.0,855.0,27.0,568.0,335.0,0.4467084639498432,0.0141065830721003,0.296760710553814,0.1750261233019853,0.5532915360501567,51464.0,1182500.0,1105.0,194.0,911.0,0.1755656108597285,0.212615318296206,9002.173574970273,615265342.857143,321455.247,Census Tract 117; San Francisco County; California,193,224,616,881,Census Tract 117; San Francisco County; California,230,220,291,942
388,1371,6075022802,75,Census Tract 228.02,131042.0,65952.0,38001,San Francisco,San Francisco County,San Francisco,667000,City,City of San Francisco,2411786,San Francisco,Census Tract 228.02; San Francisco County; California,2024.0,2103.0,1003.0,105.0,267.0,624.0,0.4769377080361388,0.0499286733238231,0.1269614835948644,0.2967189728958631,0.5230622919638612,107083.0,1166200.0,754.0,386.0,368.0,0.5119363395225465,0.1143103065211369,18397.29123297503,752189242.857143,357674.39,Census Tract 228.02; San Francisco County; California,295,558,482,768,Census Tract 228.02; San Francisco County; California,164,277,334,974
389,514,6075011800,75,Census Tract 118,41471.0,4031.0,38001,San Francisco,San Francisco County,San Francisco,667000,City,City of San Francisco,2411786,San Francisco,Census Tract 118; San Francisco County; California,2024.0,1376.0,84.0,20.0,1098.0,76.0,0.0610465116279069,0.0145348837209302,0.7979651162790697,0.0552325581395348,0.938953488372093,43487.0,,654.0,9.0,645.0,0.0137614678899082,0.0218480499387966,62980.44923252246,435231242.857143,316301.775,Census Tract 118; San Francisco County; California,104,327,171,774,Census Tract 118; San Francisco County; California,478,274,87,329
390,1190,6075980900,75,Census Tract 9809,,,38001,San Francisco,San Francisco County,San Francisco,667000,City,City of San Francisco,2411786,San Francisco,Census Tract 9809; San Francisco County; California,2024.0,439.0,80.0,60.0,241.0,23.0,0.1822323462414578,0.1366742596810934,0.5489749430523918,0.0523917995444191,0.8177676537585421,,,238.0,23.0,215.0,0.0966386554621848,1.4421016840369605,304.4168139177824,574925942.857143,1309626.294,Census Tract 9809; San Francisco County; California,47,118,140,134,Census Tract 9809; San Francisco County; California,73,17,57,202
391,273,6075022704,75,Census Tract 227.04,250001.0,,38001,San Francisco,San Francisco County,San Francisco,667000,City,City of San Francisco,2411786,San Francisco,Census Tract 227.04; San Francisco County; California,2024.0,4026.0,1946.0,108.0,1037.0,493.0,0.483358171882762,0.0268256333830104,0.2575757575757575,0.1224540486835568,0.516641828117238,250001.0,1675800.0,1855.0,958.0,897.0,0.5164420485175202,0.208528847940174,19306.68125666258,572362542.857143,142166.553,Census Tract 227.04; San Francisco County; California,757,1192,923,1154,Census Tract 227.04; San Francisco County; California,153,42,235,2747
392,1127,6075061501,75,Census Tract 615.01,239147.0,77197.0,38001,San Francisco,San Francisco County,San Francisco,667000,City,City of San Francisco,2411786,San Francisco,Census Tract 615.01; San Francisco County; California,2024.0,1862.0,686.0,36.0,775.0,288.0,0.3684210526315789,0.0193340494092373,0.416219119226638,0.154672395273899,0.631578947368421,229363.0,1540200.0,1314.0,783.0,531.0,0.5958904109589042,0.1618081713056846,11507.453455378029,527209542.857143,283141.538,Census Tract 615.01; San Francisco County; California,84,339,555,884,Census Tract 615.01; San Francisco County; California,0,111,329,1271
393,1101,6075060702,75,Census Tract 607.02,141333.0,90395.0,38001,San Francisco,San Francisco County,San Francisco,667000,City,City of San Francisco,2411786,San Francisco,Census Tract 607.02; San Francisco County; California,2024.0,2608.0,376.0,370.0,1514.0,250.0,0.1441717791411043,0.1418711656441718,0.5805214723926381,0.0958588957055214,0.8558282208588956,147903.0,486900.0,1428.0,333.0,1095.0,0.2331932773109243,0.2127147314878676,12260.55187507664,808379842.857143,309961.596,Census Tract 607.02; San Francisco County; California,332,1043,704,529,Census Tract 607.02; San Francisco County; California,105,198,343,1474
394,272,6075017801,75,Census Tract 178.01,25625.0,11814.0,38001,San Francisco,San Francisco County,San Francisco,667000,City,City of San Francisco,2411786,San Francisco,Census Tract 178.01; San Francisco County; California,2024.0,3019.0,463.0,34.0,2247.0,189.0,0.153362040410732,0.0112620072871811,0.7442861874792978,0.0626035110963895,0.8466379595892679,28408.0,919600.0,2247.0,447.0,1800.0,0.198931909212283,0.0826607670694186,36522.76777766455,560852628.571429,185774.306,Census Tract 178.01; San Francisco County; California,0,562,367,2090,Census Tract 178.01; San Francisco County; California,813,462,451,1233
395,1099,6075061401,75,Census Tract 614.01,139038.0,61995.0,38001,San Francisco,San Francisco County,San Francisco,667000,City,City of San Francisco,2411786,San Francisco,Census Tract 614.01; San Francisco County; California,2024.0,2815.0,1423.0,225.0,440.0,453.0,0.5055062166962699,0.0799289520426287,0.1563055062166962,0.1609236234458259,0.49449378330373,148598.0,1164800.0,1313.0,927.0,386.0,0.7060167555217061,0.1630502920343911,17264.61182544985,493502142.857143,175311.596,Census Tract 614.01; San Francisco County; California,422,708,465,1220,Census Tract 614.01; San Francisco County; California,114,154,271,1688
396,352,6075023300,75,Census Tract 233,74844.0,18195.0,38001,San Francisco,San Francisco County,San Francisco,667000,City,City of San Francisco,2411786,San Francisco,Census Tract 233; San Francisco County; California,2024.0,3818.0,394.0,398.0,2083.0,699.0,0.1031953902566788,0.1042430591932949,0.5455735987427973,0.1830801466736511,0.8968046097433211,89531.0,928800.0,1270.0,725.0,545.0,0.5708661417322834,0.244277379033306,15629.77306826038,257349300.0,67404.217,Census Tract 233; San Francisco County; California,654,638,849,1677,Census Tract 233; San Francisco County; California,712,765,673,690
397,1048,6075060703,75,Census Tract 607.03,235371.0,29217.0,38001,San Francisco,San Francisco County,San Francisco,667000,City,City of San Francisco,2411786,San Francisco,Census Tract 607.03; San Francisco County; California,2024.0,6388.0,2607.0,262.0,2466.0,553.0,0.4081089542892924,0.041014402003757,0.3860363180964308,0.086568566061365,0.5918910457107076,179727.0,921200.0,2807.0,1059.0,1748.0,0.3772711079444246,0.134742801466157,47408.84062444298,509519742.857143,79762.014,Census Tract 607.03; San Francisco County; California,915,2150,1775,1548,Census Tract 607.03; San Francisco County; California,392,412,614,3397
398,1047,6075061503,75,Census Tract 615.03,221781.0,71508.0,38001,San Francisco,San Francisco County,San Francisco,667000,City,City of San Francisco,2411786,San Francisco,Census Tract 615.03; San Francisco County; California,2024.0,3552.0,1052.0,17.0,1714.0,721.0,0.2961711711711711,0.004786036036036,0.482545045045045,0.2029842342342342,0.7038288288288288,188441.0,923100.0,2087.0,244.0,1843.0,0.1169142309535218,0.0906753769389314,39172.70729839063,523799828.571429,147466.168,Census Tract 615.03; San Francisco County; California,58,1920,971,603,Census Tract 615.03; San Francisco County; California,221,51,270,2627
399,445,6075022702,75,Census Tract 227.02,240922.0,38650.0,38001,San Francisco,San Francisco County,San Francisco,667000,City,City of San Francisco,2411786,San Francisco,Census Tract 227.02; San Francisco County; California,2024.0,1960.0,841.0,1.0,605.0,279.0,0.4290816326530612,0.0005102040816326531,0.3086734693877551,0.1423469387755102,0.5709183673469388,250001.0,1730100.0,966.0,396.0,570.0,0.4099378881987577,0.1162053998764863,16866.686075546113,417600942.857143,213061.706,Census Tract 227.02; San Francisco County; California,176,859,432,493,Census Tract 227.02; San Francisco County; California,31,40,182,1432
400,1049,6075061402,75,Census Tract 614.02,174675.0,77546.0,38001,San Francisco,San Francisco County,San Francisco,667000,City,City of San Francisco,2411786,San Francisco,Census Tract 614.02; San Francisco County; California,2024.0,2760.0,1561.0,108.0,606.0,327.0,0.5655797101449276,0.0391304347826087,0.2195652173913043,0.1184782608695652,0.4344202898550724,226290.0,2000001.0,1228.0,451.0,777.0,0.3672638436482084,0.1528997497338384,18051.043280348684,397082042.857143,143870.305,Census Tract 614.02; San Francisco County; California,679,916,683,482,Census Tract 614.02; San Francisco County; California,16,109,204,1568
401,1110,6075060701,75,Census Tract 607.01,222692.0,53095.0,38001,San Francisco,San Francisco County,San Francisco,667000,City,City of San Francisco,2411786,San Francisco,Census Tract 607.01; San Francisco County; California,2024.0,8602.0,1568.0,1397.0,4123.0,871.0,0.1822831899558242,0.1624040920716112,0.4793071378749128,0.1012555219716345,0.8177168100441757,231225.0,1587400.0,3635.0,1308.0,2327.0,0.3598349381017882,0.4160449509944168,20675.65050228295,448188642.857143,52102.842,Census Tract 607.01; San Francisco County; California,1259,3945,2206,1192,Census Tract 607.01; San Francisco County; California,475,281,460,5466
402,1050,6075061502,75,Census Tract 615.02,93403.0,60966.0,38001,San Francisco,San Francisco County,San Francisco,667000,City,City of San Francisco,2411786,San Francisco,Census Tract 615.02; San Francisco County; California,2024.0,2500.0,1646.0,53.0,294.0,330.0,0.6584,0.0212,0.1176,0.132,0.3416,122422.0,1554100.0,1556.0,346.0,1210.0,0.2223650385604113,0.0829303402046238,30145.78251857469,480214828.571429,192085.931,Census Tract 615.02; San Francisco County; California,260,842,562,836,Census Tract 615.02; San Francisco County; California,62,190,65,1653
403,1338,6075023400,75,Census Tract 234,78664.0,52582.0,38001,San Francisco,San Francisco County,San Francisco,667000,City,City of San Francisco,2411786,San Francisco,Census Tract 234; San Francisco County; California,2024.0,3536.0,114.0,905.0,955.0,1151.0,0.0322398190045248,0.2559389140271493,0.270079185520362,0.3255090497737556,0.9677601809954752,62647.0,986900.0,1136.0,514.0,622.0,0.4524647887323944,0.3297614873247919,10722.901660487987,107403400.0,30374.265,Census Tract 234; San Francisco County; California,911,812,676,1137,Census Tract 234; San Francisco County; California,608,693,730,249
404,287,6075061200,75,Census Tract 612,107652.0,26722.0,38001,San Francisco,San Francisco County,San Francisco,667000,City,City of San Francisco,2411786,San Francisco,Census Tract 612; San Francisco County; California,2024.0,4086.0,372.0,820.0,1124.0,1714.0,0.0910425844346549,0.2006852667645619,0.2750856583455702,0.4194811551639745,0.908957415565345,128380.0,1046900.0,1197.0,577.0,620.0,0.4820384294068504,0.1641987635567417,24884.474837035,256837500.0,62857.93,Census Tract 612; San Francisco County; California,727,879,927,1553,Census Tract 612; San Francisco County; California,443,911,824,941
405,1116,6075061504,75,Census Tract 615.04,247063.0,42666.0,38001,San Francisco,San Francisco County,San Francisco,667000,City,City of San Francisco,2411786,San Francisco,Census Tract 615.04; San Francisco County; California,2024.0,2133.0,335.0,99.0,1502.0,148.0,0.1570557899671823,0.0464135021097046,0.7041725269573371,0.0693858415377402,0.8429442100328176,231414.0,1837400.0,1233.0,371.0,862.0,0.3008921330089213,0.0369315981039935,57755.42108938281,381498628.571429,178855.428,Census Tract 615.04; San Francisco County; California,163,1081,365,524,Census Tract 615.04; San Francisco County; California,157,57,98,1433
406,1131,6075061506,75,Census Tract 615.06,250001.0,,38001,San Francisco,San Francisco County,San Francisco,667000,City,City of San Francisco,2411786,San Francisco,Census Tract 615.06; San Francisco County; California,2024.0,4429.0,1402.0,216.0,2470.0,133.0,0.31655001128923,0.0487694739218785,0.5576879656807405,0.0300293519981937,0.6834499887107699,250001.0,1322700.0,2587.0,1118.0,1469.0,0.4321608040201005,0.0497441237137325,89035.64218937706,357581828.571429,80736.471,Census Tract 615.06; San Francisco County; California,253,2256,1365,555,Census Tract 615.06; San Francisco County; California,0,53,253,3550
407,1370,6075022600,75,Census Tract 226,239625.0,26732.0,38001,San Francisco,San Francisco County,San Francisco,667000,City,City of San Francisco,2411786,San Francisco,Census Tract 226; San Francisco County; California,2024.0,4452.0,1957.0,74.0,1519.0,478.0,0.4395777178796046,0.0166217430368373,0.3411949685534591,0.1073674752920035,0.5604222821203954,232036.0,1350000.0,2257.0,508.0,1749.0,0.2250775365529463,0.4545320081920539,9794.689746291511,375564642.857143,84358.635,Census Tract 226; San Francisco County; California,358,2330,1231,533,Census Tract 226; San Francisco County; California,53,11,353,3164
408,1160,6075061508,75,Census Tract 615.08,171915.0,126601.0,38001,San Francisco,San Francisco County,San Francisco,667000,City,City of San Francisco,2411786,San Francisco,Census Tract 615.08; San Francisco County; California,2024.0,2307.0,640.0,171.0,824.0,217.0,0.2774165583008235,0.0741222366710013,0.3571738188123103,0.0940615517988729,0.7225834416991764,157314.0,1290800.0,1197.0,356.0,841.0,0.2974101921470342,0.0598048291334213,38575.48016487443,382590328.571429,165838.894,Census Tract 615.08; San Francisco County; California,333,848,327,799,Census Tract 615.08; San Francisco County; California,163,119,383,1049
409,351,6075023200,75,Census Tract 232,122803.0,35360.0,38001,San Francisco,San Francisco County,San Francisco,667000,City,City of San Francisco,2411786,San Francisco,Census Tract 232; San Francisco County; California,2024.0,3570.0,308.0,808.0,1166.0,1124.0,0.0862745098039215,0.2263305322128851,0.3266106442577031,0.3148459383753501,0.9137254901960784,82019.0,1058500.0,1143.0,705.0,438.0,0.6167979002624672,0.3283338708983367,10873.078644710988,161242100.0,45165.854,Census Tract 232; San Francisco County; California,897,678,662,1333,Census Tract 232; San Francisco County; California,838,493,540,572
410,1132,6075061505,75,Census Tract 615.05,250001.0,,38001,San Francisco,San Francisco County,San Francisco,667000,City,City of San Francisco,2411786,San Francisco,Census Tract 615.05; San Francisco County; California,2024.0,925.0,296.0,93.0,415.0,77.0,0.32,0.1005405405405405,0.4486486486486487,0.0832432432432432,0.6799999999999999,250001.0,1381300.0,506.0,299.0,207.0,0.5909090909090909,0.0082174419860812,112565.44330544389,301979028.571429,326463.815,Census Tract 615.05; San Francisco County; California,75,194,364,292,Census Tract 615.05; San Francisco County; California,10,0,61,760
411,350,6075023102,75,Census Tract 231.02,46786.0,15041.0,38001,San Francisco,San Francisco County,San Francisco,667000,City,City of San Francisco,2411786,San Francisco,Census Tract 231.02; San Francisco County; California,2024.0,3231.0,36.0,1291.0,378.0,1094.0,0.011142061281337,0.3995666976168369,0.116991643454039,0.3385948622717425,0.9888579387186628,43882.0,1122400.0,1114.0,426.0,688.0,0.3824057450628366,0.1912796641501306,16891.497663149745,206952600.0,64052.182,Census Tract 231.02; San Francisco County; California,934,643,630,1024,Census Tract 231.02; San Francisco County; California,351,366,966,367
412,1054,6075980600,75,Census Tract 9806,136250.0,21729.0,38001,San Francisco,San Francisco County,San Francisco,667000,City,City of San Francisco,2411786,San Francisco,Census Tract 9806; San Francisco County; California,2024.0,1295.0,238.0,285.0,473.0,186.0,0.1837837837837838,0.22007722007722,0.3652509652509652,0.1436293436293436,0.8162162162162162,154375.0,893200.0,577.0,382.0,195.0,0.6620450606585788,0.7076897220341426,1829.8979901498733,32944600.0,25439.846,Census Tract 9806; San Francisco County; California,282,375,292,346,Census Tract 9806; San Francisco County; California,119,128,251,437
413,498,6075023103,75,Census Tract 231.03,29799.0,4427.0,38001,San Francisco,San Francisco County,San Francisco,667000,City,City of San Francisco,2411786,San Francisco,Census Tract 231.03; San Francisco County; California,2024.0,4545.0,56.0,2145.0,598.0,1092.0,0.0123212321232123,0.4719471947194719,0.1315731573157315,0.2402640264026402,0.9876787678767877,30486.0,,1550.0,47.0,1503.0,0.0303225806451612,0.4563513967348003,9959.43045758056,107227600.0,23592.431,Census Tract 231.03; San Francisco County; California,1671,1029,702,1143,Census Tract 231.03; San Francisco County; California,585,861,691,224
414,1374,6075023001,75,Census Tract 230.01,95052.0,16391.0,38001,San Francisco,San Francisco County,San Francisco,667000,City,City of San Francisco,2411786,San Francisco,Census Tract 230.01; San Francisco County; California,2024.0,5108.0,529.0,302.0,3341.0,775.0,0.1035630383711824,0.0591229444009397,0.65407204385278,0.1517227877838684,0.8964369616288176,129866.0,1115700.0,1271.0,864.0,407.0,0.6797797010228167,0.2587911079578389,19737.92701112502,398903442.857143,78093.861,Census Tract 230.01; San Francisco County; California,780,1094,1306,1928,Census Tract 230.01; San Francisco County; California,1161,1031,518,1213
415,1375,6075023003,75,Census Tract 230.03,103472.0,43678.0,38001,San Francisco,San Francisco County,San Francisco,667000,City,City of San Francisco,2411786,San Francisco,Census Tract 230.03; San Francisco County; California,2024.0,3812.0,439.0,324.0,2287.0,555.0,0.1151626442812172,0.0849947534102833,0.5999475341028332,0.1455928646379853,0.8848373557187827,102137.0,1082500.0,1195.0,976.0,219.0,0.8167364016736401,0.156101476916779,24420.01238740526,243785200.0,63952.046,Census Tract 230.03; San Francisco County; California,642,453,1079,1638,Census Tract 230.03; San Francisco County; California,502,669,777,1073
