{
"type": "FeatureCollection",
"name": "oakk",
"crs": { "type": "name", "properties": { "name": "urn:ogc:def:crs:OGC:1.3:CRS84" } },
"features": [
{ "type": "Feature", "properties": { "company_business_name": "3 Rings Market", "address": "E 18th St", "city": "Oakland", "state_abbreviation": "CA", "zip_code": "94606", "primary_naics": "44511003", "primary_sic": "541105", "industry_description": "Grocers-Retail", "affiliated_orgs": "NA", "brands": "NA", "headquarters_name": "NA", "location_confidence": "High", "naics_industry_sector": "Retail Trade", "business_category": "Independent", "square_footage": "1500 - 2499", "employee_count": "3", "sales_volume": "827000", "corporate_parent_name": "NA", "query": "3 Rings Market, E 18th St, Oakland, CA, 94606", "formatted_address": "501 E 18th St, Oakland, CA 94606, United States", "latitude": "37.79818909999999", "longitude": "-122.2501792", "place_id": "ChIJuXSIpDuHj4AR_tEutvQnDBc", "google_status": "OK", "match_status": "matched" }, "geometry": { "type": "Point", "coordinates": [ -122.2501792, 37.798189099999988 ] } },
{ "type": "Feature", "properties": { "company_business_name": "4M Food", "address": "Macarthur Blvd", "city": "Oakland", "state_abbreviation": "CA", "zip_code": "94605", "primary_naics": "44511003", "primary_sic": "541105", "industry_description": "Grocers-Retail", "affiliated_orgs": "NA", "brands": "NA", "headquarters_name": "NA", "location_confidence": "Medium", "naics_industry_sector": "Retail Trade", "business_category": "Independent", "square_footage": "1500 - 2499", "employee_count": "3", "sales_volume": "827000", "corporate_parent_name": "NA", "query": "4M Food, Macarthur Blvd, Oakland, CA, 94605", "formatted_address": "6349 MacArthur Blvd, Oakland, CA 94605, United States", "latitude": "37.7739374", "longitude": "-122.1799118", "place_id": "ChIJo7ky_AOGj4ARD3JbHNH8lX0", "google_status": "OK", "match_status": "matched" }, "geometry": { "type": "Point", "coordinates": [ -122.1799118, 37.7739374 ] } },
{ "type": "Feature", "properties": { "company_business_name": "5 Star Food & Liquor Inc", "address": "Adeline St", "city": "Oakland", "state_abbreviation": "CA", "zip_code": "94607", "primary_naics": "44511003", "primary_sic": "541105", "industry_description": "Grocers-Retail", "affiliated_orgs": "NA", "brands": "NA", "headquarters_name": "NA", "location_confidence": "High", "naics_industry_sector": "Retail Trade", "business_category": "Independent", "square_footage": "1500 - 2499", "employee_count": "4", "sales_volume": "1103000", "corporate_parent_name": "NA", "query": "5 Star Food & Liquor Inc, Adeline St, Oakland, CA, 94607", "formatted_address": "5702 Adeline St, Oakland, CA 94608, United States", "latitude": "37.8417158", "longitude": "-122.2740827", "place_id": "ChIJ-bemCnF-hYARV3JBvF1YBXk", "google_status": "OK", "match_status": "matched" }, "geometry": { "type": "Point", "coordinates": [ -122.2740827, 37.8417158 ] } },
{ "type": "Feature", "properties": { "company_business_name": "7-Eleven", "address": "Macarthur Blvd", "city": "Oakland", "state_abbreviation": "CA", "zip_code": "94619", "primary_naics": "44513101", "primary_sic": "541103", "industry_description": "Convenience Stores, Grocers-Retail", "affiliated_orgs": "NA", "brands": "NA", "headquarters_name": "7-Eleven, Inc", "location_confidence": "High", "naics_industry_sector": "Retail Trade", "business_category": "Branch", "square_footage": "1500 - 2499", "employee_count": "2", "sales_volume": "552000", "corporate_parent_name": "7-Eleven", "query": "7-Eleven, Macarthur Blvd, Oakland, CA, 94619", "formatted_address": "2411 MacArthur Blvd, Oakland, CA 94602, United States", "latitude": "37.7995045", "longitude": "-122.2140285", "place_id": "ChIJCR6hfqyHj4ARAaA3HV1SX64", "google_status": "OK", "match_status": "matched" }, "geometry": { "type": "Point", "coordinates": [ -122.2140285, 37.7995045 ] } },
{ "type": "Feature", "properties": { "company_business_name": "A & G Market", "address": "E 21st St", "city": "Oakland", "state_abbreviation": "CA", "zip_code": "94606", "primary_naics": "44511003", "primary_sic": "541105", "industry_description": "Grocers-Retail", "affiliated_orgs": "NA", "brands": "NA", "headquarters_name": "NA", "location_confidence": "High", "naics_industry_sector": "Retail Trade", "business_category": "Independent", "square_footage": "1 - 1499", "employee_count": "2", "sales_volume": "552000", "corporate_parent_name": "NA", "query": "A & G Market, E 21st St, Oakland, CA, 94606", "formatted_address": "1849 E 21st St, Oakland, CA 94606, United States", "latitude": "37.7914907", "longitude": "-122.2366013", "place_id": "ChIJm7dv3B2Hj4ARNbd5TtoEQIo", "google_status": "OK", "match_status": "matched" }, "geometry": { "type": "Point", "coordinates": [ -122.2366013, 37.7914907 ] } },
{ "type": "Feature", "properties": { "company_business_name": "A & M Market", "address": "82nd Ave", "city": "Oakland", "state_abbreviation": "CA", "zip_code": "94621", "primary_naics": "44511003", "primary_sic": "541105", "industry_description": "Grocers-Retail", "affiliated_orgs": "NA", "brands": "NA", "headquarters_name": "NA", "location_confidence": "High", "naics_industry_sector": "Retail Trade", "business_category": "Independent", "square_footage": "1500 - 2499", "employee_count": "2", "sales_volume": "552000", "corporate_parent_name": "NA", "query": "A & M Market, 82nd Ave, Oakland, CA, 94621", "formatted_address": "1774 82nd Ave, Oakland, CA 94621, United States", "latitude": "37.7581762", "longitude": "-122.1741223", "place_id": "ChIJbxSkm1iPj4ARg5alFQSWeps", "google_status": "OK", "match_status": "matched" }, "geometry": { "type": "Point", "coordinates": [ -122.1741223, 37.7581762 ] } },
{ "type": "Feature", "properties": { "company_business_name": "A & R Market", "address": "Foothill Blvd", "city": "Oakland", "state_abbreviation": "CA", "zip_code": "94601", "primary_naics": "44511003", "primary_sic": "541105", "industry_description": "Grocers-Retail", "affiliated_orgs": "NA", "brands": "NA", "headquarters_name": "NA", "location_confidence": "High", "naics_industry_sector": "Retail Trade", "business_category": "Independent", "square_footage": "1500 - 2499", "employee_count": "2", "sales_volume": "552000", "corporate_parent_name": "NA", "query": "A & R Market, Foothill Blvd, Oakland, CA, 94601", "formatted_address": "3615 Foothill Blvd, Oakland, CA 94601, United States", "latitude": "37.7805159", "longitude": "-122.2187411", "place_id": "ChIJLXP4R1-Gj4ARS6AUuJKxXFg", "google_status": "OK", "match_status": "matched" }, "geometry": { "type": "Point", "coordinates": [ -122.2187411, 37.7805159 ] } },
{ "type": "Feature", "properties": { "company_business_name": "Abadi", "address": "Lakeshore Ave", "city": "Oakland", "state_abbreviation": "CA", "zip_code": "94606", "primary_naics": "44511003", "primary_sic": "541105", "industry_description": "Grocers-Retail", "affiliated_orgs": "NA", "brands": "NA", "headquarters_name": "NA", "location_confidence": "Medium", "naics_industry_sector": "Retail Trade", "business_category": "Independent", "square_footage": "1500 - 2499", "employee_count": "2", "sales_volume": "552000", "corporate_parent_name": "NA", "query": "Abadi, Lakeshore Ave, Oakland, CA, 94606", "formatted_address": "1300 Lakeshore Ave, Oakland, CA 94606, United States", "latitude": "37.7990464", "longitude": "-122.2582899", "place_id": "ChIJLYOxHDeHj4ARqbEOBETLb38", "google_status": "OK", "match_status": "matched" }, "geometry": { "type": "Point", "coordinates": [ -122.2582899, 37.7990464 ] } },
{ "type": "Feature", "properties": { "company_business_name": "Abyssinia Market", "address": "Telegraph Ave", "city": "Oakland", "state_abbreviation": "CA", "zip_code": "94612", "primary_naics": "72251117", "primary_sic": "581208", "industry_description": "Restaurants, Grocers-Retail", "affiliated_orgs": "NA", "brands": "NA", "headquarters_name": "NA", "location_confidence": "High", "naics_industry_sector": "Accommodation & Food Services", "business_category": "Independent", "square_footage": "1 - 1499", "employee_count": "2", "sales_volume": "119000", "corporate_parent_name": "NA", "query": "Abyssinia Market, Telegraph Ave, Oakland, CA, 94612", "formatted_address": "2525 Telegraph Ave Ste. A, Oakland, CA 94612, United States", "latitude": "37.8148432", "longitude": "-122.2686362", "place_id": "ChIJReXEU_19hYARB9MXiPEZEf0", "google_status": "OK", "match_status": "matched" }, "geometry": { "type": "Point", "coordinates": [ -122.2686362, 37.8148432 ] } },
{ "type": "Feature", "properties": { "company_business_name": "Al-Shuja Market", "address": "Macarthur Blvd", "city": "Oakland", "state_abbreviation": "CA", "zip_code": "94605", "primary_naics": "44511003", "primary_sic": "541105", "industry_description": "Grocers-Retail", "affiliated_orgs": "NA", "brands": "NA", "headquarters_name": "NA", "location_confidence": "High", "naics_industry_sector": "Retail Trade", "business_category": "Independent", "square_footage": "1 - 1499", "employee_count": "2", "sales_volume": "552000", "corporate_parent_name": "NA", "query": "Al-Shuja Market, Macarthur Blvd, Oakland, CA, 94605", "formatted_address": "8017 MacArthur Blvd, Oakland, CA 94605, United States", "latitude": "37.7637831", "longitude": "-122.1660091", "place_id": "ChIJKVS3f1CPj4ARprU30Jqykwg", "google_status": "OK", "match_status": "matched" }, "geometry": { "type": "Point", "coordinates": [ -122.1660091, 37.7637831 ] } },
{ "type": "Feature", "properties": { "company_business_name": "All Green Produce", "address": "Foothill Blvd", "city": "Oakland", "state_abbreviation": "CA", "zip_code": "94601", "primary_naics": "44511003", "primary_sic": "541105", "industry_description": "Grocers-Retail", "affiliated_orgs": "NA", "brands": "NA", "headquarters_name": "NA", "location_confidence": "High", "naics_industry_sector": "Retail Trade", "business_category": "Independent", "square_footage": "1500 - 2499", "employee_count": "2", "sales_volume": "552000", "corporate_parent_name": "NA", "query": "All Green Produce, Foothill Blvd, Oakland, CA, 94601", "formatted_address": "4095 Foothill Blvd, Oakland, CA 94601, United States", "latitude": "37.7765066", "longitude": "-122.2140878", "place_id": "ChIJVSVpNmeGj4ARVyLC186enuw", "google_status": "OK", "match_status": "matched" }, "geometry": { "type": "Point", "coordinates": [ -122.2140878, 37.7765066 ] } },
{ "type": "Feature", "properties": { "company_business_name": "Aloha Market", "address": "9th St", "city": "Oakland", "state_abbreviation": "CA", "zip_code": "94607", "primary_naics": "44511003", "primary_sic": "541105", "industry_description": "Grocers-Retail", "affiliated_orgs": "NA", "brands": "NA", "headquarters_name": "NA", "location_confidence": "High", "naics_industry_sector": "Retail Trade", "business_category": "Independent", "square_footage": "1500 - 2499", "employee_count": "2", "sales_volume": "552000", "corporate_parent_name": "NA", "query": "Aloha Market, 9th St, Oakland, CA, 94607", "formatted_address": "415 9th St, Oakland, CA 94607, United States", "latitude": "37.8004664", "longitude": "-122.2726196", "place_id": "ChIJn9haBraAj4AR4N9aN0Kqhk0", "google_status": "OK", "match_status": "matched" }, "geometry": { "type": "Point", "coordinates": [ -122.2726196, 37.8004664 ] } },
{ "type": "Feature", "properties": { "company_business_name": "Amigos Market 7", "address": "Bancroft Ave", "city": "Oakland", "state_abbreviation": "CA", "zip_code": "94605", "primary_naics": "44511003", "primary_sic": "541105", "industry_description": "Grocers-Retail, Shopping Service-Personal", "affiliated_orgs": "NA", "brands": "NA", "headquarters_name": "NA", "location_confidence": "High", "naics_industry_sector": "Retail Trade", "business_category": "Independent", "square_footage": "1 - 1499", "employee_count": "2", "sales_volume": "552000", "corporate_parent_name": "NA", "query": "Amigos Market 7, Bancroft Ave, Oakland, CA, 94605", "formatted_address": "8135 Bancroft Ave, Oakland, CA 94605, United States", "latitude": "37.7599454", "longitude": "-122.1709384", "place_id": "ChIJLWk2plmPj4ARDUzG8CF8_5Q", "google_status": "OK", "match_status": "matched" }, "geometry": { "type": "Point", "coordinates": [ -122.1709384, 37.7599454 ] } },
{ "type": "Feature", "properties": { "company_business_name": "Arco", "address": "Park Blvd", "city": "Oakland", "state_abbreviation": "CA", "zip_code": "94610", "primary_naics": "45712003", "primary_sic": "554101", "industry_description": "Service Stations-Gasoline & Oil, Grocers-Retail", "affiliated_orgs": "NA", "brands": "Arco", "headquarters_name": "Marathon Petroleum Company LP", "location_confidence": "High", "naics_industry_sector": "Retail Trade", "business_category": "Branch", "square_footage": "1 - 1499", "employee_count": "6", "sales_volume": "6093000", "corporate_parent_name": "NA", "query": "Arco, Park Blvd, Oakland, CA, 94610", "formatted_address": "3310 Park Blvd, Oakland, CA 94610, United States", "latitude": "37.803187", "longitude": "-122.23467049999999", "place_id": "ChIJs_9PBhGHj4ARIufkjjhAVoM", "google_status": "OK", "match_status": "matched" }, "geometry": { "type": "Point", "coordinates": [ -122.2346705, 37.803187 ] } },
{ "type": "Feature", "properties": { "company_business_name": "Bay Area Liquor", "address": "Peralta St", "city": "Oakland", "state_abbreviation": "CA", "zip_code": "94607", "primary_naics": "44532004", "primary_sic": "592102", "industry_description": "Liquors-Retail, Grocers-Retail", "affiliated_orgs": "NA", "brands": "NA", "headquarters_name": "NA", "location_confidence": "High", "naics_industry_sector": "Retail Trade", "business_category": "Independent", "square_footage": "1 - 1499", "employee_count": "2", "sales_volume": "687000", "corporate_parent_name": "NA", "query": "Bay Area Liquor, Peralta St, Oakland, CA, 94607", "formatted_address": "3148 San Pablo Ave, Oakland, CA 94608, United States", "latitude": "37.8224382", "longitude": "-122.2769159", "place_id": "ChIJOTVxMht-hYARChEhGSbySnY", "google_status": "OK", "match_status": "matched" }, "geometry": { "type": "Point", "coordinates": [ -122.2769159, 37.8224382 ] } },
{ "type": "Feature", "properties": { "company_business_name": "Bayview Market & Liquor", "address": "Edes Ave", "city": "Oakland", "state_abbreviation": "CA", "zip_code": "94603", "primary_naics": "44511003", "primary_sic": "541105", "industry_description": "Grocers-Retail, Authorized Retailer-Cellular Services", "affiliated_orgs": "NA", "brands": "NA", "headquarters_name": "NA", "location_confidence": "Medium", "naics_industry_sector": "Retail Trade", "business_category": "Independent", "square_footage": "1500 - 2499", "employee_count": "3", "sales_volume": "827000", "corporate_parent_name": "NA", "query": "Bayview Market & Liquor, Edes Ave, Oakland, CA, 94603", "formatted_address": "10495 Edes Ave, Oakland, CA 94603, United States", "latitude": "37.7333263", "longitude": "-122.1786337", "place_id": "ChIJM1wOpIGFj4ARUN3eAkf8pGU", "google_status": "OK", "match_status": "matched" }, "geometry": { "type": "Point", "coordinates": [ -122.1786337, 37.7333263 ] } },
{ "type": "Feature", "properties": { "company_business_name": "Big Dish", "address": "9 Th St", "city": "Oakland", "state_abbreviation": "CA", "zip_code": "94607", "primary_naics": "44511003", "primary_sic": "541105", "industry_description": "Grocers-Retail, Restaurants", "affiliated_orgs": "NA", "brands": "NA", "headquarters_name": "NA", "location_confidence": "Medium", "naics_industry_sector": "Retail Trade", "business_category": "Independent", "square_footage": "2500 - 4999", "employee_count": "6", "sales_volume": "1654000", "corporate_parent_name": "NA", "query": "Big Dish, 9 Th St, Oakland, CA, 94607", "formatted_address": "339 9th St, Oakland, CA 94607, United States", "latitude": "37.7996701", "longitude": "-122.2705215", "place_id": "ChIJtdBL5rWAj4ARv08MgSsneVw", "google_status": "OK", "match_status": "matched" }, "geometry": { "type": "Point", "coordinates": [ -122.2705215, 37.7996701 ] } },
{ "type": "Feature", "properties": { "company_business_name": "C J United Food Corp", "address": "Jackson St", "city": "Oakland", "state_abbreviation": "CA", "zip_code": "94607", "primary_naics": "42442005", "primary_sic": "514101", "industry_description": "Food Products (Whls), Grocers-Retail", "affiliated_orgs": "NA", "brands": "NA", "headquarters_name": "NA", "location_confidence": "High", "naics_industry_sector": "Wholesale Trade", "business_category": "Independent", "square_footage": "10000 - 19999", "employee_count": "10", "sales_volume": "18189000", "corporate_parent_name": "NA", "query": "C J United Food Corp, Jackson St, Oakland, CA, 94607", "formatted_address": "105 Jackson St, Oakland, CA 94607, United States", "latitude": "37.7932462", "longitude": "-122.2708674", "place_id": "ChIJHzwLAsyAj4AReYR6kRWpbp0", "google_status": "OK", "match_status": "matched" }, "geometry": { "type": "Point", "coordinates": [ -122.2708674, 37.7932462 ] } },
{ "type": "Feature", "properties": { "company_business_name": "California Market", "address": "35 Th Ave", "city": "Oakland", "state_abbreviation": "CA", "zip_code": "94601", "primary_naics": "44511003", "primary_sic": "541105", "industry_description": "Grocers-Retail", "affiliated_orgs": "NA", "brands": "NA", "headquarters_name": "NA", "location_confidence": "Medium", "naics_industry_sector": "Retail Trade", "business_category": "Independent", "square_footage": "1500 - 2499", "employee_count": "1", "sales_volume": "276000", "corporate_parent_name": "NA", "query": "California Market, 35 Th Ave, Oakland, CA, 94601", "formatted_address": "1546 35th Ave, Oakland, CA 94601, United States", "latitude": "37.7782432", "longitude": "-122.2214707", "place_id": "ChIJZwAEovWGj4ARbvRLLqc332g", "google_status": "OK", "match_status": "matched" }, "geometry": { "type": "Point", "coordinates": [ -122.2214707, 37.7782432 ] } },
{ "type": "Feature", "properties": { "company_business_name": "Cardenas Market", "address": "High St", "city": "Oakland", "state_abbreviation": "CA", "zip_code": "94601", "primary_naics": "44511003", "primary_sic": "541105", "industry_description": "Grocers-Retail, Restaurants, Mexican & Latin American Food Products, Mexican Goods, Bakers-Retail, Juice Bars", "affiliated_orgs": "NA", "brands": "NA", "headquarters_name": "Cardenas Markets, LLC", "location_confidence": "High", "naics_industry_sector": "Retail Trade", "business_category": "Branch", "square_footage": "100000+", "employee_count": "200", "sales_volume": "55121000", "corporate_parent_name": "NA", "query": "Cardenas Market, High St, Oakland, CA, 94601", "formatted_address": "1630 High St, Oakland, CA 94601, United States", "latitude": "37.7733434", "longitude": "-122.21213", "place_id": "ChIJ8TutmGaGj4ARJoiSsRR87_E", "google_status": "OK", "match_status": "matched" }, "geometry": { "type": "Point", "coordinates": [ -122.21213, 37.7733434 ] } },
{ "type": "Feature", "properties": { "company_business_name": "Cathay Chinese Herbs", "address": "8th St", "city": "Oakland", "state_abbreviation": "CA", "zip_code": "94607", "primary_naics": "44511003", "primary_sic": "541105", "industry_description": "Grocers-Retail, Herbs", "affiliated_orgs": "NA", "brands": "NA", "headquarters_name": "NA", "location_confidence": "High", "naics_industry_sector": "Retail Trade", "business_category": "Independent", "square_footage": "1 - 1499", "employee_count": "2", "sales_volume": "552000", "corporate_parent_name": "NA", "query": "Cathay Chinese Herbs, 8th St, Oakland, CA, 94607", "formatted_address": "388 8th St, Oakland, CA 94607, United States", "latitude": "37.7997144", "longitude": "-122.2721853", "place_id": "ChIJ0TRZabaAj4ARcrbfVcyvhpg", "google_status": "OK", "match_status": "matched" }, "geometry": { "type": "Point", "coordinates": [ -122.2721853, 37.7997144 ] } },
{ "type": "Feature", "properties": { "company_business_name": "Central De Salud Y Nutricion", "address": "International Blvd", "city": "Oakland", "state_abbreviation": "CA", "zip_code": "94601", "primary_naics": "44511007", "primary_sic": "541108", "industry_description": "Grocers-Health Foods", "affiliated_orgs": "NA", "brands": "NA", "headquarters_name": "NA", "location_confidence": "High", "naics_industry_sector": "Retail Trade", "business_category": "Independent", "square_footage": "1 - 1499", "employee_count": "2", "sales_volume": "552000", "corporate_parent_name": "NA", "query": "Central De Salud Y Nutricion, International Blvd, Oakland, CA, 94601", "formatted_address": "3416 International Blvd, Oakland, CA 94601, United States", "latitude": "37.7766319", "longitude": "-122.2234144", "place_id": "ChIJE5PP5PSGj4ARaFHIY33wVQ0", "google_status": "OK", "match_status": "matched" }, "geometry": { "type": "Point", "coordinates": [ -122.2234144, 37.7766319 ] } },
{ "type": "Feature", "properties": { "company_business_name": "Chong Long Market", "address": "8 Th St", "city": "Oakland", "state_abbreviation": "CA", "zip_code": "94607", "primary_naics": "44511003", "primary_sic": "541105", "industry_description": "Grocers-Retail, Fruits & Vegetables-Wholesale", "affiliated_orgs": "NA", "brands": "NA", "headquarters_name": "NA", "location_confidence": "Medium", "naics_industry_sector": "Retail Trade", "business_category": "Independent", "square_footage": "1 - 1499", "employee_count": "1", "sales_volume": "276000", "corporate_parent_name": "NA", "query": "Chong Long Market, 8 Th St, Oakland, CA, 94607", "formatted_address": "279 8th St, Oakland, CA 94607, United States", "latitude": "37.798411", "longitude": "-122.2698639", "place_id": "ChIJS9u4bcqAj4ARIxhGthd_GEc", "google_status": "OK", "match_status": "matched" }, "geometry": { "type": "Point", "coordinates": [ -122.2698639, 37.798411 ] } },
{ "type": "Feature", "properties": { "company_business_name": "Church St Market", "address": "Church St", "city": "Oakland", "state_abbreviation": "CA", "zip_code": "94621", "primary_naics": "44511003", "primary_sic": "541105", "industry_description": "Grocers-Retail", "affiliated_orgs": "NA", "brands": "NA", "headquarters_name": "NA", "location_confidence": "High", "naics_industry_sector": "Retail Trade", "business_category": "Independent", "square_footage": "1500 - 2499", "employee_count": "3", "sales_volume": "552000", "corporate_parent_name": "NA", "query": "Church St Market, Church St, Oakland, CA, 94621", "formatted_address": "1854 Church St, Oakland, CA 94621, United States", "latitude": "37.764099", "longitude": "-122.1857707", "place_id": "ChIJkQ-8c4WFj4ARjwkxdhpEtGc", "google_status": "OK", "match_status": "matched" }, "geometry": { "type": "Point", "coordinates": [ -122.1857707, 37.764099 ] } },
{ "type": "Feature", "properties": { "company_business_name": "Circle K", "address": "Hegenberger Rd", "city": "Oakland", "state_abbreviation": "CA", "zip_code": "94621", "primary_naics": "44513101", "primary_sic": "541103", "industry_description": "Convenience Stores, Grocers-Retail", "affiliated_orgs": "NA", "brands": "NA", "headquarters_name": "Circle K Stores Inc", "location_confidence": "High", "naics_industry_sector": "Retail Trade", "business_category": "Branch", "square_footage": "1 - 1499", "employee_count": "10", "sales_volume": "2757000", "corporate_parent_name": "NA", "query": "Circle K, Hegenberger Rd, Oakland, CA, 94621", "formatted_address": "566 Hegenberger Rd, Oakland, CA 94621, United States", "latitude": "37.7450218", "longitude": "-122.1956676", "place_id": "ChIJTb36NpWFj4AR4jnnV4cGu4w", "google_status": "OK", "match_status": "matched" }, "geometry": { "type": "Point", "coordinates": [ -122.1956676, 37.7450218 ] } },
{ "type": "Feature", "properties": { "company_business_name": "D & K Market", "address": "8th St", "city": "Oakland", "state_abbreviation": "CA", "zip_code": "94607", "primary_naics": "44511003", "primary_sic": "541105", "industry_description": "Grocers-Retail", "affiliated_orgs": "NA", "brands": "NA", "headquarters_name": "NA", "location_confidence": "High", "naics_industry_sector": "Retail Trade", "business_category": "Independent", "square_footage": "1 - 1499", "employee_count": "1", "sales_volume": "276000", "corporate_parent_name": "NA", "query": "D & K Market, 8th St, Oakland, CA, 94607", "formatted_address": "378 8th St, Oakland, CA 94607, United States", "latitude": "37.7996498", "longitude": "-122.2720198", "place_id": "ChIJpY7rbLaAj4ARmdyF5UkzvAQ", "google_status": "OK", "match_status": "matched" }, "geometry": { "type": "Point", "coordinates": [ -122.2720198, 37.7996498 ] } },
{ "type": "Feature", "properties": { "company_business_name": "Dover Market", "address": "60 Th St", "city": "Oakland", "state_abbreviation": "CA", "zip_code": "94609", "primary_naics": "44511003", "primary_sic": "541105", "industry_description": "Grocers-Retail, Convenience Stores", "affiliated_orgs": "NA", "brands": "NA", "headquarters_name": "NA", "location_confidence": "High", "naics_industry_sector": "Retail Trade", "business_category": "Independent", "square_footage": "NA", "employee_count": "34", "sales_volume": "9371000", "corporate_parent_name": "NA", "query": "Dover Market, 60 Th St, Oakland, CA, 94609", "formatted_address": "701 60th St, Oakland, CA 94609, United States", "latitude": "37.8453713", "longitude": "-122.2684847", "place_id": "ChIJ8SG9CXd-hYARfTqcNI5k9Ns", "google_status": "OK", "match_status": "matched" }, "geometry": { "type": "Point", "coordinates": [ -122.2684847, 37.8453713 ] } },
{ "type": "Feature", "properties": { "company_business_name": "East Bay Market", "address": "International Blvd", "city": "Oakland", "state_abbreviation": "CA", "zip_code": "94621", "primary_naics": "44511003", "primary_sic": "541105", "industry_description": "Grocers-Retail", "affiliated_orgs": "NA", "brands": "NA", "headquarters_name": "NA", "location_confidence": "High", "naics_industry_sector": "Retail Trade", "business_category": "Independent", "square_footage": "1 - 1499", "employee_count": "3", "sales_volume": "827000", "corporate_parent_name": "NA", "query": "East Bay Market, International Blvd, Oakland, CA, 94621", "formatted_address": "8432 International Blvd, Oakland, CA 94621, United States", "latitude": "37.7538985", "longitude": "-122.1772713", "place_id": "ChIJr8_0sfWFj4AR3Elt_oFQ5SQ", "google_status": "OK", "match_status": "matched" }, "geometry": { "type": "Point", "coordinates": [ -122.1772713, 37.7538985 ] } },
{ "type": "Feature", "properties": { "company_business_name": "East Town Liquor", "address": "Macarthur Blvd", "city": "Oakland", "state_abbreviation": "CA", "zip_code": "94602", "primary_naics": "44511003", "primary_sic": "541105", "industry_description": "Grocers-Retail, Convenience Stores, Liquors-Retail", "affiliated_orgs": "NA", "brands": "NA", "headquarters_name": "NA", "location_confidence": "High", "naics_industry_sector": "Retail Trade", "business_category": "Independent", "square_footage": "1 - 1499", "employee_count": "2", "sales_volume": "552000", "corporate_parent_name": "NA", "query": "East Town Liquor, Macarthur Blvd, Oakland, CA, 94602", "formatted_address": "2833 MacArthur Blvd, Oakland, CA 94602, United States", "latitude": "37.7983731", "longitude": "-122.2080405", "place_id": "ChIJnxYKTk2Gj4ARrjoNrDz45WM", "google_status": "OK", "match_status": "matched" }, "geometry": { "type": "Point", "coordinates": [ -122.2080405, 37.7983731 ] } },
{ "type": "Feature", "properties": { "company_business_name": "El Charro Super Mercado", "address": "Fruitvale Ave", "city": "Oakland", "state_abbreviation": "CA", "zip_code": "94601", "primary_naics": "72251117", "primary_sic": "581208", "industry_description": "Restaurants, Grocers-Retail", "affiliated_orgs": "NA", "brands": "NA", "headquarters_name": "NA", "location_confidence": "High", "naics_industry_sector": "Accommodation & Food Services", "business_category": "Independent", "square_footage": "1500 - 2499", "employee_count": "5", "sales_volume": "297000", "corporate_parent_name": "NA", "query": "El Charro Super Mercado, Fruitvale Ave, Oakland, CA, 94601", "formatted_address": "1502 Fruitvale Ave, Oakland, CA 94601, United States", "latitude": "37.7788362", "longitude": "-122.2250755", "place_id": "ChIJ-43sGvSGj4ARAaqSgx1OO6k", "google_status": "OK", "match_status": "matched" }, "geometry": { "type": "Point", "coordinates": [ -122.2250755, 37.7788362 ] } },
{ "type": "Feature", "properties": { "company_business_name": "El Ranchito Market", "address": "23rd Ave", "city": "Oakland", "state_abbreviation": "CA", "zip_code": "94606", "primary_naics": "44511003", "primary_sic": "541105", "industry_description": "Grocers-Retail", "affiliated_orgs": "NA", "brands": "NA", "headquarters_name": "NA", "location_confidence": "High", "naics_industry_sector": "Retail Trade", "business_category": "Independent", "square_footage": "1 - 1499", "employee_count": "3", "sales_volume": "827000", "corporate_parent_name": "NA", "query": "El Ranchito Market, 23rd Ave, Oakland, CA, 94606", "formatted_address": "1536 23rd Ave, Oakland, CA 94606, United States", "latitude": "37.7847625", "longitude": "-122.2344589", "place_id": "ChIJO1GHYOSGj4ARKBNjLE8RCUE", "google_status": "OK", "match_status": "matched" }, "geometry": { "type": "Point", "coordinates": [ -122.2344589, 37.7847625 ] } },
{ "type": "Feature", "properties": { "company_business_name": "El Torito Carniceria", "address": "Foothill Blvd", "city": "Oakland", "state_abbreviation": "CA", "zip_code": "94601", "primary_naics": "44524006", "primary_sic": "542107", "industry_description": "Meat-Retail, Grocers-Retail", "affiliated_orgs": "NA", "brands": "NA", "headquarters_name": "NA", "location_confidence": "Medium", "naics_industry_sector": "Retail Trade", "business_category": "Independent", "square_footage": "1500 - 2499", "employee_count": "1", "sales_volume": "180000", "corporate_parent_name": "NA", "query": "El Torito Carniceria, Foothill Blvd, Oakland, CA, 94601", "formatted_address": "3326 Foothill Blvd, Oakland, CA 94601, United States", "latitude": "37.7831645", "longitude": "-122.2207114", "place_id": "ChIJ5-YL0veGj4AR0RddBW_qLnA", "google_status": "OK", "match_status": "matched" }, "geometry": { "type": "Point", "coordinates": [ -122.2207114, 37.7831645 ] } },
{ "type": "Feature", "properties": { "company_business_name": "Em Deli & Catering", "address": "La Salle Ave", "city": "Oakland", "state_abbreviation": "CA", "zip_code": "94611", "primary_naics": "72232001", "primary_sic": "581212", "industry_description": "Caterers, Grocers-Retail", "affiliated_orgs": "NA", "brands": "NA", "headquarters_name": "NA", "location_confidence": "Medium", "naics_industry_sector": "Accommodation & Food Services", "business_category": "Independent", "square_footage": "2500 - 4999", "employee_count": "4", "sales_volume": "237000", "corporate_parent_name": "NA", "query": "Em Deli & Catering, La Salle Ave, Oakland, CA, 94611", "formatted_address": "6119 La Salle Ave, Oakland, CA 94611, United States", "latitude": "37.8266015", "longitude": "-122.2101005", "place_id": "ChIJrxqNYLSAj4ARSj7JhCHaZ3s", "google_status": "OK", "match_status": "matched" }, "geometry": { "type": "Point", "coordinates": [ -122.2101005, 37.8266015 ] } },
{ "type": "Feature", "properties": { "company_business_name": "Euromix Deli", "address": "Piedmont Ave", "city": "Oakland", "state_abbreviation": "CA", "zip_code": "94611", "primary_naics": "44511003", "primary_sic": "541105", "industry_description": "Grocers-Retail", "affiliated_orgs": "NA", "brands": "NA", "headquarters_name": "NA", "location_confidence": "High", "naics_industry_sector": "Retail Trade", "business_category": "Independent", "square_footage": "1500 - 2499", "employee_count": "2", "sales_volume": "552000", "corporate_parent_name": "NA", "query": "Euromix Deli, Piedmont Ave, Oakland, CA, 94611", "formatted_address": "4301 Piedmont Ave C, Oakland, CA 94611, United States", "latitude": "37.8292413", "longitude": "-122.2489397", "place_id": "ChIJxQoDU_F9hYAREYFsHULYcTw", "google_status": "OK", "match_status": "matched" }, "geometry": { "type": "Point", "coordinates": [ -122.2489397, 37.8292413 ] } },
{ "type": "Feature", "properties": { "company_business_name": "Family Market", "address": "62 Nd Ave", "city": "Oakland", "state_abbreviation": "CA", "zip_code": "94605", "primary_naics": "45521908", "primary_sic": "539901", "industry_description": "General Merchandise-Retail, Grocers-Retail", "affiliated_orgs": "NA", "brands": "NA", "headquarters_name": "NA", "location_confidence": "Medium", "naics_industry_sector": "Retail Trade", "business_category": "Independent", "square_footage": "1 - 1499", "employee_count": "2", "sales_volume": "357000", "corporate_parent_name": "NA", "query": "Family Market, 62 Nd Ave, Oakland, CA, 94605", "formatted_address": "7475 Bancroft Ave, Oakland, CA 94605, United States", "latitude": "37.764983", "longitude": "-122.1760042", "place_id": "ChIJAxrit_iFj4AR8IdHz-lwPOA", "google_status": "OK", "match_status": "matched" }, "geometry": { "type": "Point", "coordinates": [ -122.1760042, 37.764983 ] } },
{ "type": "Feature", "properties": { "company_business_name": "Farmer City Market", "address": "8th St", "city": "Oakland", "state_abbreviation": "CA", "zip_code": "94607", "primary_naics": "44511003", "primary_sic": "541105", "industry_description": "Grocers-Retail", "affiliated_orgs": "NA", "brands": "NA", "headquarters_name": "NA", "location_confidence": "High", "naics_industry_sector": "Retail Trade", "business_category": "Independent", "square_footage": "1500 - 2499", "employee_count": "2", "sales_volume": "552000", "corporate_parent_name": "NA", "query": "Farmer City Market, 8th St, Oakland, CA, 94607", "formatted_address": "374 8th St, Oakland, CA 94607, United States", "latitude": "37.7996107", "longitude": "-122.2719182", "place_id": "ChIJqz61bgCBj4ARskOhGb83jII", "google_status": "OK", "match_status": "matched" }, "geometry": { "type": "Point", "coordinates": [ -122.2719182, 37.7996107 ] } },
{ "type": "Feature", "properties": { "company_business_name": "Farmer Joe's Marketplace", "address": "Macarthur Blvd", "city": "Oakland", "state_abbreviation": "CA", "zip_code": "94619", "primary_naics": "44511003", "primary_sic": "541105", "industry_description": "Grocers-Retail", "affiliated_orgs": "NA", "brands": "NA", "headquarters_name": "NA", "location_confidence": "High", "naics_industry_sector": "Retail Trade", "business_category": "Independent", "square_footage": "2500 - 4999", "employee_count": "10", "sales_volume": "2757000", "corporate_parent_name": "NA", "query": "Farmer Joe's Marketplace, Macarthur Blvd, Oakland, CA, 94619", "formatted_address": "3501 MacArthur Blvd, Oakland, CA 94619, United States", "latitude": "37.7935181", "longitude": "-122.2007217", "place_id": "ChIJ0X9u-0iGj4ARcb1-9aP51kA", "google_status": "OK", "match_status": "matched" }, "geometry": { "type": "Point", "coordinates": [ -122.2007217, 37.7935181 ] } },
{ "type": "Feature", "properties": { "company_business_name": "Farmer Joes Marketplace", "address": "Fruitvale Ave", "city": "Oakland", "state_abbreviation": "CA", "zip_code": "94602", "primary_naics": "44511003", "primary_sic": "541105", "industry_description": "Grocers-Retail, Shopping Service-Personal", "affiliated_orgs": "NA", "brands": "NA", "headquarters_name": "NA", "location_confidence": "High", "naics_industry_sector": "Retail Trade", "business_category": "Independent", "square_footage": "1500 - 2499", "employee_count": "3", "sales_volume": "827000", "corporate_parent_name": "NA", "query": "Farmer Joes Marketplace, Fruitvale Ave, Oakland, CA, 94602", "formatted_address": "3426 Fruitvale Ave, Oakland, CA 94602, United States", "latitude": "37.79946530000001", "longitude": "-122.2160735", "place_id": "ChIJ9T3IuauHj4ARpXnQaOulsJ8", "google_status": "OK", "match_status": "matched" }, "geometry": { "type": "Point", "coordinates": [ -122.2160735, 37.7994653 ] } },
{ "type": "Feature", "properties": { "company_business_name": "Fleuret's Market & Spirits", "address": "San Pablo Ave", "city": "Oakland", "state_abbreviation": "CA", "zip_code": "94612", "primary_naics": "44511003", "primary_sic": "541105", "industry_description": "Grocers-Retail, Liquors-Retail", "affiliated_orgs": "NA", "brands": "NA", "headquarters_name": "NA", "location_confidence": "High", "naics_industry_sector": "Retail Trade", "business_category": "Independent", "square_footage": "1 - 1499", "employee_count": "2", "sales_volume": "552000", "corporate_parent_name": "NA", "query": "Fleuret's Market & Spirits, San Pablo Ave, Oakland, CA, 94612", "formatted_address": "Mash Building, 1913 San Pablo Ave, Oakland, CA 94612, United States", "latitude": "37.8092689", "longitude": "-122.2730783", "place_id": "ChIJ4zogW66Aj4ARHH1WuFIWnq4", "google_status": "OK", "match_status": "matched" }, "geometry": { "type": "Point", "coordinates": [ -122.2730783, 37.8092689 ] } },
{ "type": "Feature", "properties": { "company_business_name": "Food & Water Watch-SF", "address": "Franklin St", "city": "Oakland", "state_abbreviation": "CA", "zip_code": "94612", "primary_naics": "44511003", "primary_sic": "541105", "industry_description": "Grocers-Retail", "affiliated_orgs": "NA", "brands": "NA", "headquarters_name": "NA", "location_confidence": "High", "naics_industry_sector": "Retail Trade", "business_category": "Independent", "square_footage": "5000 - 9999", "employee_count": "5", "sales_volume": "1379000", "corporate_parent_name": "NA", "query": "Food & Water Watch-SF, Franklin St, Oakland, CA, 94612", "formatted_address": "1814 Franklin St, Oakland, CA 94612, United States", "latitude": "37.8069308", "longitude": "-122.2675353", "place_id": "ChIJS-bT_LKAj4AReijkFPi4cno", "google_status": "OK", "match_status": "matched" }, "geometry": { "type": "Point", "coordinates": [ -122.2675353, 37.8069308 ] } },
{ "type": "Feature", "properties": { "company_business_name": "Food Sprout", "address": "12th St", "city": "Oakland", "state_abbreviation": "CA", "zip_code": "94607", "primary_naics": "44511003", "primary_sic": "541105", "industry_description": "Grocers-Retail", "affiliated_orgs": "NA", "brands": "NA", "headquarters_name": "NA", "location_confidence": "High", "naics_industry_sector": "Retail Trade", "business_category": "Independent", "square_footage": "2500 - 4999", "employee_count": "4", "sales_volume": "1103000", "corporate_parent_name": "NA", "query": "Food Sprout, 12th St, Oakland, CA, 94607", "formatted_address": "3035 Broadway, Oakland, CA 94611, United States", "latitude": "37.8193096", "longitude": "-122.2624368", "place_id": "ChIJrdt8l1WHj4ARUWnuX-4e4zI", "google_status": "OK", "match_status": "matched" }, "geometry": { "type": "Point", "coordinates": [ -122.2624368, 37.8193096 ] } },
{ "type": "Feature", "properties": { "company_business_name": "Food Town Supermarket", "address": "International Blvd", "city": "Oakland", "state_abbreviation": "CA", "zip_code": "94621", "primary_naics": "44511003", "primary_sic": "541105", "industry_description": "Grocers-Retail", "affiliated_orgs": "NA", "brands": "NA", "headquarters_name": "NA", "location_confidence": "High", "naics_industry_sector": "Retail Trade", "business_category": "Independent", "square_footage": "1 - 1499", "employee_count": "2", "sales_volume": "552000", "corporate_parent_name": "NA", "query": "Food Town Supermarket, International Blvd, Oakland, CA, 94621", "formatted_address": "6421 International Blvd, Oakland, CA 94621, United States", "latitude": "37.7629563", "longitude": "-122.1953632", "place_id": "ChIJFZOJRuCFj4AROGxotmgeVVI", "google_status": "OK", "match_status": "matched" }, "geometry": { "type": "Point", "coordinates": [ -122.1953632, 37.7629563 ] } },
{ "type": "Feature", "properties": { "company_business_name": "FoodMaxx", "address": "E 9 Th St", "city": "Oakland", "state_abbreviation": "CA", "zip_code": "94601", "primary_naics": "44511003", "primary_sic": "541105", "industry_description": "Grocers-Retail, Meat-Retail, Pharmacies, Pharmacists", "affiliated_orgs": "NA", "brands": "NA", "headquarters_name": "The Save Mart Companies", "location_confidence": "Medium", "naics_industry_sector": "Retail Trade", "business_category": "Branch", "square_footage": "100000+", "employee_count": "120", "sales_volume": "33073000", "corporate_parent_name": "NA", "query": "FoodMaxx, E 9 Th St, Oakland, CA, 94601", "formatted_address": "3000 E 9th St, Oakland, CA 94606, United States", "latitude": "37.7754633", "longitude": "-122.2306101", "place_id": "ChIJS53IevKGj4ARcWN0fAkZVIY", "google_status": "OK", "match_status": "matched" }, "geometry": { "type": "Point", "coordinates": [ -122.2306101, 37.7754633 ] } },
{ "type": "Feature", "properties": { "company_business_name": "FoodMaxx", "address": "International Blvd", "city": "Oakland", "state_abbreviation": "CA", "zip_code": "94603", "primary_naics": "44511003", "primary_sic": "541105", "industry_description": "Grocers-Retail, Meat-Retail, Pharmacies, Pharmacists", "affiliated_orgs": "NA", "brands": "NA", "headquarters_name": "The Save Mart Companies", "location_confidence": "High", "naics_industry_sector": "Retail Trade", "business_category": "Branch", "square_footage": "100000+", "employee_count": "75", "sales_volume": "20671000", "corporate_parent_name": "NA", "query": "FoodMaxx, International Blvd, Oakland, CA, 94603", "formatted_address": "10950 International Blvd, Oakland, CA 94603, United States", "latitude": "37.73688500000001", "longitude": "-122.16334", "place_id": "ChIJX03qGHiPj4ARvN7DEdCen8E", "google_status": "OK", "match_status": "matched" }, "geometry": { "type": "Point", "coordinates": [ -122.16334, 37.736885 ] } },
{ "type": "Feature", "properties": { "company_business_name": "Foods Co", "address": "Macarthur Blvd", "city": "Oakland", "state_abbreviation": "CA", "zip_code": "94605", "primary_naics": "44511003", "primary_sic": "541105", "industry_description": "Grocers-Retail, Foods-Natural, Organic Foods & Services, Cheese", "affiliated_orgs": "NA", "brands": "NA", "headquarters_name": "Food 4 Less/Foods Co", "location_confidence": "High", "naics_industry_sector": "Retail Trade", "business_category": "Branch", "square_footage": "100000+", "employee_count": "102", "sales_volume": "28112000", "corporate_parent_name": "The Kroger Co.", "query": "Foods Co, Macarthur Blvd, Oakland, CA, 94605", "formatted_address": "10790 MacArthur Blvd, Oakland, CA 94605, United States", "latitude": "37.7431343", "longitude": "-122.1484101", "place_id": "ChIJPVgi3AqPj4AREn4UhmjE5BE", "google_status": "OK", "match_status": "matched" }, "geometry": { "type": "Point", "coordinates": [ -122.1484101, 37.7431343 ] } },
{ "type": "Feature", "properties": { "company_business_name": "Foothill Discounts", "address": "Foothill Blvd", "city": "Oakland", "state_abbreviation": "CA", "zip_code": "94605", "primary_naics": "44511003", "primary_sic": "541105", "industry_description": "Grocers-Retail", "affiliated_orgs": "NA", "brands": "NA", "headquarters_name": "NA", "location_confidence": "Medium", "naics_industry_sector": "Retail Trade", "business_category": "Independent", "square_footage": "1 - 1499", "employee_count": "1", "sales_volume": "276000", "corporate_parent_name": "NA", "query": "Foothill Discounts, Foothill Blvd, Oakland, CA, 94605", "formatted_address": "6510 Foothill Blvd, Oakland, CA 94605, United States", "latitude": "37.7706504", "longitude": "-122.1827334", "place_id": "ChIJM82PAgeGj4ARCgDKEk6HguM", "google_status": "OK", "match_status": "matched" }, "geometry": { "type": "Point", "coordinates": [ -122.1827334, 37.7706504 ] } },
{ "type": "Feature", "properties": { "company_business_name": "Foothill Market", "address": "Foothill Blvd", "city": "Oakland", "state_abbreviation": "CA", "zip_code": "94606", "primary_naics": "44511003", "primary_sic": "541105", "industry_description": "Grocers-Retail, Farm Markets", "affiliated_orgs": "NA", "brands": "NA", "headquarters_name": "NA", "location_confidence": "Medium", "naics_industry_sector": "Retail Trade", "business_category": "Independent", "square_footage": "1500 - 2499", "employee_count": "1", "sales_volume": "276000", "corporate_parent_name": "NA", "query": "Foothill Market, Foothill Blvd, Oakland, CA, 94606", "formatted_address": "1906 Foothill Blvd, Oakland, CA 94606, United States", "latitude": "37.788063", "longitude": "-122.2391108", "place_id": "ChIJSWLjx-GGj4ARrZOzd1OqMK8", "google_status": "OK", "match_status": "matched" }, "geometry": { "type": "Point", "coordinates": [ -122.2391108, 37.788063 ] } },
{ "type": "Feature", "properties": { "company_business_name": "Fourteenth Street Market LLC", "address": "14th St", "city": "Oakland", "state_abbreviation": "CA", "zip_code": "94612", "primary_naics": "44511003", "primary_sic": "541105", "industry_description": "Grocers-Retail", "affiliated_orgs": "NA", "brands": "NA", "headquarters_name": "NA", "location_confidence": "High", "naics_industry_sector": "Retail Trade", "business_category": "Independent", "square_footage": "1500 - 2499", "employee_count": "2", "sales_volume": "552000", "corporate_parent_name": "NA", "query": "Fourteenth Street Market LLC, 14th St, Oakland, CA, 94612", "formatted_address": "416 14th St, Oakland, CA 94612, United States", "latitude": "37.8042701", "longitude": "-122.2702607", "place_id": "ChIJWea1WhaBj4ARYM6tBgJSjsc", "google_status": "OK", "match_status": "matched" }, "geometry": { "type": "Point", "coordinates": [ -122.2702607, 37.8042701 ] } },
{ "type": "Feature", "properties": { "company_business_name": "Friends Market", "address": "International Blvd", "city": "Oakland", "state_abbreviation": "CA", "zip_code": "94601", "primary_naics": "45521993", "primary_sic": "599999", "industry_description": "Miscellaneous Retail Stores NEC, Grocers-Retail", "affiliated_orgs": "NA", "brands": "NA", "headquarters_name": "NA", "location_confidence": "High", "naics_industry_sector": "Retail Trade", "business_category": "Independent", "square_footage": "1 - 1499", "employee_count": "2", "sales_volume": "383000", "corporate_parent_name": "NA", "query": "Friends Market, International Blvd, Oakland, CA, 94601", "formatted_address": "3501 International Blvd, Oakland, CA 94601, United States", "latitude": "37.7758205", "longitude": "-122.2227556", "place_id": "ChIJLwOWJ_WGj4ARa6k5Z43xUs4", "google_status": "OK", "match_status": "matched" }, "geometry": { "type": "Point", "coordinates": [ -122.2227556, 37.7758205 ] } },
{ "type": "Feature", "properties": { "company_business_name": "Gazzali's Express", "address": "San Pablo Ave", "city": "Oakland", "state_abbreviation": "CA", "zip_code": "94608", "primary_naics": "45511003", "primary_sic": "531104", "industry_description": "Retail Shops, Grocers-Retail, Software/Application/Platform Publishing", "affiliated_orgs": "NA", "brands": "NA", "headquarters_name": "NA", "location_confidence": "High", "naics_industry_sector": "Retail Trade", "business_category": "Independent", "square_footage": "5000 - 9999", "employee_count": "8", "sales_volume": "1556000", "corporate_parent_name": "NA", "query": "Gazzali's Express, San Pablo Ave, Oakland, CA, 94608", "formatted_address": "5908 San Pablo Ave, Oakland, CA 94608, United States", "latitude": "37.8423811", "longitude": "-122.2831502", "place_id": "ChIJN4oSp2h-hYAR8DZxat0qjPA", "google_status": "OK", "match_status": "matched" }, "geometry": { "type": "Point", "coordinates": [ -122.2831502, 37.8423811 ] } },
{ "type": "Feature", "properties": { "company_business_name": "Gazzali's Supermarket", "address": "Bancroft Ave", "city": "Oakland", "state_abbreviation": "CA", "zip_code": "94605", "primary_naics": "45511003", "primary_sic": "531104", "industry_description": "Retail Shops, Grocers-Retail, Meat-Retail, Bakers-Retail, Liquors-Retail, Wines-Retail, Money Order Service, Check Cashing Service, Money Transfer Service, Fruits & Vegetables & Produce-Retail", "affiliated_orgs": "NA", "brands": "NA", "headquarters_name": "NA", "location_confidence": "High", "naics_industry_sector": "Retail Trade", "business_category": "Independent", "square_footage": "40000 - 99999", "employee_count": "14", "sales_volume": "2723000", "corporate_parent_name": "NA", "query": "Gazzali's Supermarket, Bancroft Ave, Oakland, CA, 94605", "formatted_address": "7000 Bancroft Ave, Oakland, CA 94605, United States", "latitude": "37.7675218", "longitude": "-122.1769006", "place_id": "ChIJHbMw9v6Fj4AR347q-Ivlw6E", "google_status": "OK", "match_status": "matched" }, "geometry": { "type": "Point", "coordinates": [ -122.1769006, 37.7675218 ] } },
{ "type": "Feature", "properties": { "company_business_name": "Gazzali's Supermarket", "address": "International Blvd", "city": "Oakland", "state_abbreviation": "CA", "zip_code": "94621", "primary_naics": "44511003", "primary_sic": "541105", "industry_description": "Grocers-Retail, Retail Shops, Meat-Retail, Bakers-Retail, Liquors-Retail, Wines-Retail, Money Order Service, Check Cashing Service, Money Transfer Service, Fruits & Vegetables & Produce-Retail", "affiliated_orgs": "NA", "brands": "NA", "headquarters_name": "NA", "location_confidence": "High", "naics_industry_sector": "Retail Trade", "business_category": "Independent", "square_footage": "1 - 1499", "employee_count": "2", "sales_volume": "552000", "corporate_parent_name": "NA", "query": "Gazzali's Supermarket, International Blvd, Oakland, CA, 94621", "formatted_address": "79th Ave, Oakland, CA 94621, United States", "latitude": "37.7572348", "longitude": "-122.1825145", "place_id": "ChIJqcWV8fCFj4ARndgFlA7EiMs", "google_status": "OK", "match_status": "matched" }, "geometry": { "type": "Point", "coordinates": [ -122.1825145, 37.7572348 ] } },
{ "type": "Feature", "properties": { "company_business_name": "Gazzalis Supermarket", "address": "Coolidge Ave", "city": "Oakland", "state_abbreviation": "CA", "zip_code": "94602", "primary_naics": "44511003", "primary_sic": "541105", "industry_description": "Grocers-Retail", "affiliated_orgs": "NA", "brands": "NA", "headquarters_name": "NA", "location_confidence": "Medium", "naics_industry_sector": "Retail Trade", "business_category": "Independent", "square_footage": "1 - 1499", "employee_count": "2", "sales_volume": "552000", "corporate_parent_name": "NA", "query": "Gazzalis Supermarket, Coolidge Ave, Oakland, CA, 94602", "formatted_address": "2941 Coolidge Ave, Oakland, CA 94602, United States", "latitude": "37.7917218", "longitude": "-122.2149822", "place_id": "ChIJG-xyqFaGj4AR-MlV-YLHpbc", "google_status": "OK", "match_status": "matched" }, "geometry": { "type": "Point", "coordinates": [ -122.2149822, 37.7917218 ] } },
{ "type": "Feature", "properties": { "company_business_name": "Good Luck Market", "address": "Webster St", "city": "Oakland", "state_abbreviation": "CA", "zip_code": "94607", "primary_naics": "44511003", "primary_sic": "541105", "industry_description": "Grocers-Retail, Shopping Service-Personal", "affiliated_orgs": "NA", "brands": "NA", "headquarters_name": "NA", "location_confidence": "Medium", "naics_industry_sector": "Retail Trade", "business_category": "Independent", "square_footage": "1500 - 2499", "employee_count": "2", "sales_volume": "552000", "corporate_parent_name": "NA", "query": "Good Luck Market, Webster St, Oakland, CA, 94607", "formatted_address": "717 Webster St, Oakland, CA 94607, United States", "latitude": "37.7988908", "longitude": "-122.2717501", "place_id": "ChIJ_610BbaAj4ARPKcLV15Bv6U", "google_status": "OK", "match_status": "matched" }, "geometry": { "type": "Point", "coordinates": [ -122.2717501, 37.7988908 ] } },
{ "type": "Feature", "properties": { "company_business_name": "Gourmet Market", "address": "Jackson St", "city": "Oakland", "state_abbreviation": "CA", "zip_code": "94612", "primary_naics": "44511003", "primary_sic": "541105", "industry_description": "Grocers-Retail", "affiliated_orgs": "NA", "brands": "NA", "headquarters_name": "NA", "location_confidence": "Medium", "naics_industry_sector": "Retail Trade", "business_category": "Independent", "square_footage": "1 - 1499", "employee_count": "1", "sales_volume": "276000", "corporate_parent_name": "NA", "query": "Gourmet Market, Jackson St, Oakland, CA, 94612", "formatted_address": "1549 Jackson St, Oakland, CA 94612, United States", "latitude": "37.8040622", "longitude": "-122.2641178", "place_id": "ChIJXUhuFUuHj4AR32urAn2U0ks", "google_status": "OK", "match_status": "matched" }, "geometry": { "type": "Point", "coordinates": [ -122.2641178, 37.8040622 ] } },
{ "type": "Feature", "properties": { "company_business_name": "Grand Express", "address": "Grand Ave", "city": "Oakland", "state_abbreviation": "CA", "zip_code": "94610", "primary_naics": "44513101", "primary_sic": "541103", "industry_description": "Convenience Stores, Grocers-Retail, Service Stations-Gasoline & Oil", "affiliated_orgs": "NA", "brands": "NA", "headquarters_name": "NA", "location_confidence": "High", "naics_industry_sector": "Retail Trade", "business_category": "Independent", "square_footage": "1500 - 2499", "employee_count": "4", "sales_volume": "1103000", "corporate_parent_name": "NA", "query": "Grand Express, Grand Ave, Oakland, CA, 94610", "formatted_address": "363 Grand Ave, Oakland, CA 94610, United States", "latitude": "37.8086895", "longitude": "-122.2554529", "place_id": "ChIJK0yKSE-Hj4ARdYFMPdrdcEo", "google_status": "OK", "match_status": "matched" }, "geometry": { "type": "Point", "coordinates": [ -122.2554529, 37.8086895 ] } },
{ "type": "Feature", "properties": { "company_business_name": "Green Valley Meat", "address": "Adeline St", "city": "Oakland", "state_abbreviation": "CA", "zip_code": "94607", "primary_naics": "44511003", "primary_sic": "541105", "industry_description": "Grocers-Retail, Meat-Retail", "affiliated_orgs": "NA", "brands": "NA", "headquarters_name": "NA", "location_confidence": "High", "naics_industry_sector": "Retail Trade", "business_category": "Independent", "square_footage": "1500 - 2499", "employee_count": "1", "sales_volume": "276000", "corporate_parent_name": "NA", "query": "Green Valley Meat, Adeline St, Oakland, CA, 94607", "formatted_address": "749 Adeline St Suite B, Oakland, CA 94607, United States", "latitude": "37.8047295", "longitude": "-122.2881336", "place_id": "ChIJLTyxeZiAj4ARc5bL-5hTLF0", "google_status": "OK", "match_status": "matched" }, "geometry": { "type": "Point", "coordinates": [ -122.2881336, 37.8047295 ] } },
{ "type": "Feature", "properties": { "company_business_name": "Grocery Outlet", "address": "Broadway", "city": "Oakland", "state_abbreviation": "CA", "zip_code": "94611", "primary_naics": "44511003", "primary_sic": "541105", "industry_description": "Grocers-Retail, Organic Foods & Services, Clothes Posts", "affiliated_orgs": "NA", "brands": "NA", "headquarters_name": "Grocery Outlet Inc", "location_confidence": "Medium", "naics_industry_sector": "Retail Trade", "business_category": "Branch", "square_footage": "1500 - 2499", "employee_count": "8", "sales_volume": "2205000", "corporate_parent_name": "NA", "query": "Grocery Outlet, Broadway, Oakland, CA, 94611", "formatted_address": "2900 Broadway, Oakland, CA 94611, United States", "latitude": "37.81750299999999", "longitude": "-122.2614095", "place_id": "ChIJl08tVVSHj4ARrjNg_0LOCjc", "google_status": "OK", "match_status": "matched" }, "geometry": { "type": "Point", "coordinates": [ -122.2614095, 37.817503 ] } },
{ "type": "Feature", "properties": { "company_business_name": "Happy Heart", "address": "Piedmont Ave", "city": "Oakland", "state_abbreviation": "CA", "zip_code": "94611", "primary_naics": "44511003", "primary_sic": "541105", "industry_description": "Grocers-Retail", "affiliated_orgs": "NA", "brands": "NA", "headquarters_name": "NA", "location_confidence": "Medium", "naics_industry_sector": "Retail Trade", "business_category": "Independent", "square_footage": "1 - 1499", "employee_count": "2", "sales_volume": "552000", "corporate_parent_name": "NA", "query": "Happy Heart, Piedmont Ave, Oakland, CA, 94611", "formatted_address": "3812 Piedmont Ave, Oakland, CA 94611, United States", "latitude": "37.823997", "longitude": "-122.2554294", "place_id": "ChIJs9KKOPh9hYAR3dFSsMMRyzM", "google_status": "OK", "match_status": "matched" }, "geometry": { "type": "Point", "coordinates": [ -122.2554294, 37.823997 ] } },
{ "type": "Feature", "properties": { "company_business_name": "Hapuku Fish Shop", "address": "College Ave", "city": "Oakland", "state_abbreviation": "CA", "zip_code": "94618", "primary_naics": "44511003", "primary_sic": "541105", "industry_description": "Grocers-Retail, Seafood-Retail", "affiliated_orgs": "NA", "brands": "NA", "headquarters_name": "NA", "location_confidence": "High", "naics_industry_sector": "Retail Trade", "business_category": "Independent", "square_footage": "10000 - 19999", "employee_count": "7", "sales_volume": "1930000", "corporate_parent_name": "NA", "query": "Hapuku Fish Shop, College Ave, Oakland, CA, 94618", "formatted_address": "5655 College Ave, Oakland, CA 94618, United States", "latitude": "37.8437009", "longitude": "-122.2522196", "place_id": "ChIJ_af28sJ9hYAR5_10sCKlYxw", "google_status": "OK", "match_status": "matched" }, "geometry": { "type": "Point", "coordinates": [ -122.2522196, 37.8437009 ] } },
{ "type": "Feature", "properties": { "company_business_name": "Harry's Market", "address": "Macarthur Blvd", "city": "Oakland", "state_abbreviation": "CA", "zip_code": "94605", "primary_naics": "44511003", "primary_sic": "541105", "industry_description": "Grocers-Retail, Liquors-Retail", "affiliated_orgs": "NA", "brands": "NA", "headquarters_name": "NA", "location_confidence": "Medium", "naics_industry_sector": "Retail Trade", "business_category": "Independent", "square_footage": "NA", "employee_count": "44", "sales_volume": "12127000", "corporate_parent_name": "NA", "query": "Harry's Market, Macarthur Blvd, Oakland, CA, 94605", "formatted_address": "9002 MacArthur Blvd, Oakland, CA 94605, United States", "latitude": "37.7554237", "longitude": "-122.1610332", "place_id": "ChIJwUqDJWiPj4ARTvYYNdn0d0Q", "google_status": "OK", "match_status": "matched" }, "geometry": { "type": "Point", "coordinates": [ -122.1610332, 37.7554237 ] } },
{ "type": "Feature", "properties": { "company_business_name": "Hien's Market", "address": "Harrison St", "city": "Oakland", "state_abbreviation": "CA", "zip_code": "94612", "primary_naics": "44511003", "primary_sic": "541105", "industry_description": "Grocers-Retail", "affiliated_orgs": "NA", "brands": "NA", "headquarters_name": "NA", "location_confidence": "High", "naics_industry_sector": "Retail Trade", "business_category": "Independent", "square_footage": "1 - 1499", "employee_count": "2", "sales_volume": "552000", "corporate_parent_name": "NA", "query": "Hien's Market, Harrison St, Oakland, CA, 94612", "formatted_address": "1451 Harrison St, Oakland, CA 94612, United States", "latitude": "37.8038727", "longitude": "-122.2671872", "place_id": "ChIJd9hMl7SAj4ARJFzlVJ6qliI", "google_status": "OK", "match_status": "matched" }, "geometry": { "type": "Point", "coordinates": [ -122.2671872, 37.8038727 ] } },
{ "type": "Feature", "properties": { "company_business_name": "Highwire Coffee Roasters", "address": "College Ave", "city": "Oakland", "state_abbreviation": "CA", "zip_code": "94618", "primary_naics": "72251505", "primary_sic": "581228", "industry_description": "Coffee Shops, Grocers-Retail, Coffee Roasting (Whls)", "affiliated_orgs": "NA", "brands": "NA", "headquarters_name": "NA", "location_confidence": "High", "naics_industry_sector": "Accommodation & Food Services", "business_category": "Independent", "square_footage": "1 - 1499", "employee_count": "6", "sales_volume": "356000", "corporate_parent_name": "NA", "query": "Highwire Coffee Roasters, College Ave, Oakland, CA, 94618", "formatted_address": "Rockridge Market Hall, 5615 College Ave, Oakland, CA 94618, United States", "latitude": "37.8436039", "longitude": "-122.2518447", "place_id": "ChIJ8xdRjcJ9hYARM0sJ4KjvIe4", "google_status": "OK", "match_status": "matched" }, "geometry": { "type": "Point", "coordinates": [ -122.2518447, 37.8436039 ] } },
{ "type": "Feature", "properties": { "company_business_name": "Holly Market", "address": "Holly St", "city": "Oakland", "state_abbreviation": "CA", "zip_code": "94621", "primary_naics": "44511003", "primary_sic": "541105", "industry_description": "Grocers-Retail", "affiliated_orgs": "NA", "brands": "NA", "headquarters_name": "NA", "location_confidence": "High", "naics_industry_sector": "Retail Trade", "business_category": "Independent", "square_footage": "1 - 1499", "employee_count": "2", "sales_volume": "552000", "corporate_parent_name": "NA", "query": "Holly Market, Holly St, Oakland, CA, 94621", "formatted_address": "7900 Holly St, Oakland, CA 94621, United States", "latitude": "37.7586824", "longitude": "-122.1789251", "place_id": "ChIJ1RhbFfeFj4ARwG7o6BhCCPA", "google_status": "OK", "match_status": "matched" }, "geometry": { "type": "Point", "coordinates": [ -122.1789251, 37.7586824 ] } },
{ "type": "Feature", "properties": { "company_business_name": "Hometown Donuts Liquor & Food", "address": "8th St", "city": "Oakland", "state_abbreviation": "CA", "zip_code": "94607", "primary_naics": "44511003", "primary_sic": "541105", "industry_description": "Grocers-Retail, Liquors-Retail, Bakers-Retail, Doughnuts", "affiliated_orgs": "NA", "brands": "NA", "headquarters_name": "NA", "location_confidence": "High", "naics_industry_sector": "Retail Trade", "business_category": "Independent", "square_footage": "1500 - 2499", "employee_count": "2", "sales_volume": "552000", "corporate_parent_name": "NA", "query": "Hometown Donuts Liquor & Food, 8th St, Oakland, CA, 94607", "formatted_address": "93 8th St, Oakland, CA 94607, United States", "latitude": "37.79671039999999", "longitude": "-122.2652504", "place_id": "ChIJRb36yjSHj4ARXWT-aVqkc3o", "google_status": "OK", "match_status": "matched" }, "geometry": { "type": "Point", "coordinates": [ -122.2652504, 37.796710399999988 ] } },
{ "type": "Feature", "properties": { "company_business_name": "Hong Kong Trading Co", "address": "9th St", "city": "Oakland", "state_abbreviation": "CA", "zip_code": "94607", "primary_naics": "44511003", "primary_sic": "541105", "industry_description": "Grocers-Retail, Herbs", "affiliated_orgs": "NA", "brands": "NA", "headquarters_name": "NA", "location_confidence": "High", "naics_industry_sector": "Retail Trade", "business_category": "Independent", "square_footage": "2500 - 4999", "employee_count": "6", "sales_volume": "1654000", "corporate_parent_name": "NA", "query": "Hong Kong Trading Co, 9th St, Oakland, CA, 94607", "formatted_address": "449 9th St, Oakland, CA 94607, United States", "latitude": "37.8006773", "longitude": "-122.2731466", "place_id": "ChIJ8YiO8LaAj4ARc6gV_PBQjDU", "google_status": "OK", "match_status": "matched" }, "geometry": { "type": "Point", "coordinates": [ -122.2731466, 37.8006773 ] } },
{ "type": "Feature", "properties": { "company_business_name": "Howden Market", "address": "Webster St", "city": "Oakland", "state_abbreviation": "CA", "zip_code": "94612", "primary_naics": "44511003", "primary_sic": "541105", "industry_description": "Grocers-Retail, Foods-Carry Out", "affiliated_orgs": "NA", "brands": "NA", "headquarters_name": "NA", "location_confidence": "Medium", "naics_industry_sector": "Retail Trade", "business_category": "Independent", "square_footage": "2500 - 4999", "employee_count": "5", "sales_volume": "1379000", "corporate_parent_name": "NA", "query": "Howden Market, Webster St, Oakland, CA, 94612", "formatted_address": "1630 Webster St, Oakland, CA 94612, United States", "latitude": "37.80555409999999", "longitude": "-122.2672541", "place_id": "ChIJ69iKbLOAj4ARe5wtNqsUugI", "google_status": "OK", "match_status": "matched" }, "geometry": { "type": "Point", "coordinates": [ -122.2672541, 37.805554099999988 ] } },
{ "type": "Feature", "properties": { "company_business_name": "Hung Wan Supermarket", "address": "8th St", "city": "Oakland", "state_abbreviation": "CA", "zip_code": "94607", "primary_naics": "44511003", "primary_sic": "541105", "industry_description": "Grocers-Retail", "affiliated_orgs": "NA", "brands": "NA", "headquarters_name": "NA", "location_confidence": "High", "naics_industry_sector": "Retail Trade", "business_category": "Independent", "square_footage": "1500 - 2499", "employee_count": "5", "sales_volume": "1379000", "corporate_parent_name": "NA", "query": "Hung Wan Supermarket, 8th St, Oakland, CA, 94607", "formatted_address": "333 8th St, Oakland, CA 94607, United States", "latitude": "37.7989719", "longitude": "-122.2709628", "place_id": "ChIJV0mc_bWAj4ARBYUM2vluVPg", "google_status": "OK", "match_status": "matched" }, "geometry": { "type": "Point", "coordinates": [ -122.2709628, 37.7989719 ] } },
{ "type": "Feature", "properties": { "company_business_name": "International Food King Meat & Grocery", "address": "International Blvd", "city": "Oakland", "state_abbreviation": "CA", "zip_code": "94621", "primary_naics": "44511003", "primary_sic": "541105", "industry_description": "Grocers-Retail", "affiliated_orgs": "NA", "brands": "NA", "headquarters_name": "NA", "location_confidence": "Medium", "naics_industry_sector": "Retail Trade", "business_category": "Independent", "square_footage": "5000 - 9999", "employee_count": "5", "sales_volume": "1379000", "corporate_parent_name": "NA", "query": "International Food King Meat & Grocery, International Blvd, Oakland, CA, 94621", "formatted_address": "8824 International Blvd, Oakland, CA 94621, United States", "latitude": "37.750712", "longitude": "-122.174907", "place_id": "ChIJ53_do4qFj4ARQGkVf421F_c", "google_status": "OK", "match_status": "matched" }, "geometry": { "type": "Point", "coordinates": [ -122.174907, 37.750712 ] } },
{ "type": "Feature", "properties": { "company_business_name": "International Lao Market", "address": "International Blvd", "city": "Oakland", "state_abbreviation": "CA", "zip_code": "94606", "primary_naics": "44511003", "primary_sic": "541105", "industry_description": "Grocers-Retail, Markets & Grocers Equip & Supls (Whls)", "affiliated_orgs": "NA", "brands": "NA", "headquarters_name": "NA", "location_confidence": "High", "naics_industry_sector": "Retail Trade", "business_category": "Independent", "square_footage": "1500 - 2499", "employee_count": "2", "sales_volume": "552000", "corporate_parent_name": "NA", "query": "International Lao Market, International Blvd, Oakland, CA, 94606", "formatted_address": "1619 International Blvd, Oakland, CA 94606, United States", "latitude": "37.7880038", "longitude": "-122.2438705", "place_id": "ChIJM-jkCiCHj4ARi3glJNodr04", "google_status": "OK", "match_status": "matched" }, "geometry": { "type": "Point", "coordinates": [ -122.2438705, 37.7880038 ] } },
{ "type": "Feature", "properties": { "company_business_name": "Island Market Meat Department", "address": "High St", "city": "Oakland", "state_abbreviation": "CA", "zip_code": "94601", "primary_naics": "45521908", "primary_sic": "539901", "industry_description": "General Merchandise-Retail, Grocers-Retail, Meat-Retail", "affiliated_orgs": "NA", "brands": "NA", "headquarters_name": "NA", "location_confidence": "Medium", "naics_industry_sector": "Retail Trade", "business_category": "Independent", "square_footage": "1500 - 2499", "employee_count": "4", "sales_volume": "713000", "corporate_parent_name": "NA", "query": "Island Market Meat Department, High St, Oakland, CA, 94601", "formatted_address": "2314 High St, Oakland, CA 94601, United States", "latitude": "37.7799533", "longitude": "-122.2064661", "place_id": "ChIJOXBGKGiGj4ARWHV0lTlOISM", "google_status": "OK", "match_status": "matched" }, "geometry": { "type": "Point", "coordinates": [ -122.2064661, 37.7799533 ] } },
{ "type": "Feature", "properties": { "company_business_name": "Jalos Market", "address": "38 Th Ave", "city": "Oakland", "state_abbreviation": "CA", "zip_code": "94601", "primary_naics": "44511003", "primary_sic": "541105", "industry_description": "Grocers-Retail", "affiliated_orgs": "NA", "brands": "NA", "headquarters_name": "NA", "location_confidence": "Medium", "naics_industry_sector": "Retail Trade", "business_category": "Independent", "square_footage": "1 - 1499", "employee_count": "2", "sales_volume": "552000", "corporate_parent_name": "NA", "query": "Jalos Market, 38 Th Ave, Oakland, CA, 94601", "formatted_address": "2267 38th Ave, Oakland, CA 94601, United States", "latitude": "37.7832486", "longitude": "-122.2109671", "place_id": "ChIJrWxMB-CHj4ARh3Skb7M_ehU", "google_status": "OK", "match_status": "matched" }, "geometry": { "type": "Point", "coordinates": [ -122.2109671, 37.7832486 ] } },
{ "type": "Feature", "properties": { "company_business_name": "Keller Market", "address": "Keller Ave", "city": "Oakland", "state_abbreviation": "CA", "zip_code": "94605", "primary_naics": "44511003", "primary_sic": "541105", "industry_description": "Grocers-Retail", "affiliated_orgs": "NA", "brands": "NA", "headquarters_name": "NA", "location_confidence": "High", "naics_industry_sector": "Retail Trade", "business_category": "Independent", "square_footage": "5000 - 9999", "employee_count": "2", "sales_volume": "552000", "corporate_parent_name": "NA", "query": "Keller Market, Keller Ave, Oakland, CA, 94605", "formatted_address": "4400 Keller Ave #100, Oakland, CA 94605, United States", "latitude": "37.7724373", "longitude": "-122.1455212", "place_id": "ChIJF1h6IDGPj4AR8n2MPCJDdZM", "google_status": "OK", "match_status": "matched" }, "geometry": { "type": "Point", "coordinates": [ -122.1455212, 37.7724373 ] } },
{ "type": "Feature", "properties": { "company_business_name": "Key Food Company", "address": "Hegenberger Loop", "city": "Oakland", "state_abbreviation": "CA", "zip_code": "94621", "primary_naics": "44511003", "primary_sic": "541105", "industry_description": "Grocers-Retail, Frozen Foods-Wholesale", "affiliated_orgs": "NA", "brands": "NA", "headquarters_name": "NA", "location_confidence": "High", "naics_industry_sector": "Retail Trade", "business_category": "Independent", "square_footage": "1500 - 2499", "employee_count": "6", "sales_volume": "1654000", "corporate_parent_name": "NA", "query": "Key Food Company, Hegenberger Loop, Oakland, CA, 94621", "formatted_address": "8824 International Blvd, Oakland, CA 94621, United States", "latitude": "37.750712", "longitude": "-122.174907", "place_id": "ChIJ53_do4qFj4ARQGkVf421F_c", "google_status": "OK", "match_status": "matched" }, "geometry": { "type": "Point", "coordinates": [ -122.174907, 37.750712 ] } },
{ "type": "Feature", "properties": { "company_business_name": "King of Ginseng", "address": "8 Th St", "city": "Oakland", "state_abbreviation": "CA", "zip_code": "94607", "primary_naics": "45511003", "primary_sic": "531104", "industry_description": "Retail Shops, Grocers-Retail", "affiliated_orgs": "NA", "brands": "NA", "headquarters_name": "NA", "location_confidence": "Medium", "naics_industry_sector": "Retail Trade", "business_category": "Independent", "square_footage": "5000 - 9999", "employee_count": "4", "sales_volume": "778000", "corporate_parent_name": "NA", "query": "King of Ginseng, 8 Th St, Oakland, CA, 94607", "formatted_address": "383 8th St, Oakland, CA 94607, United States", "latitude": "37.7993925", "longitude": "-122.2720392", "place_id": "ChIJZ4eRBbaAj4ARaxlY7_XIWYc", "google_status": "OK", "match_status": "matched" }, "geometry": { "type": "Point", "coordinates": [ -122.2720392, 37.7993925 ] } },
{ "type": "Feature", "properties": { "company_business_name": "Koreana Plaza Market", "address": "Telegraph Ave", "city": "Oakland", "state_abbreviation": "CA", "zip_code": "94612", "primary_naics": "53112008", "primary_sic": "651201", "industry_description": "Shopping Centers & Malls, Childrens & Infants Wear-Retail, Grocers-Retail", "affiliated_orgs": "NA", "brands": "NA", "headquarters_name": "NA", "location_confidence": "High", "naics_industry_sector": "Real Estate, Rental & Leasing", "business_category": "Independent", "square_footage": "2500 - 4999", "employee_count": "4", "sales_volume": "2088000", "corporate_parent_name": "NA", "query": "Koreana Plaza Market, Telegraph Ave, Oakland, CA, 94612", "formatted_address": "2370 Telegraph Ave, Oakland, CA 94612, United States", "latitude": "37.813596", "longitude": "-122.2680618", "place_id": "ChIJjxxUgKuAj4ARxUZEvTrR88M", "google_status": "OK", "match_status": "matched" }, "geometry": { "type": "Point", "coordinates": [ -122.2680618, 37.813596 ] } },
{ "type": "Feature", "properties": { "company_business_name": "KV Discount", "address": "10 Th St", "city": "Oakland", "state_abbreviation": "CA", "zip_code": "94607", "primary_naics": "45942013", "primary_sic": "594712", "industry_description": "Gift Shops, Convenience Stores, Grocers-Retail", "affiliated_orgs": "NA", "brands": "NA", "headquarters_name": "NA", "location_confidence": "Medium", "naics_industry_sector": "Retail Trade", "business_category": "Independent", "square_footage": "1500 - 2499", "employee_count": "3", "sales_volume": "256000", "corporate_parent_name": "NA", "query": "KV Discount, 10 Th St, Oakland, CA, 94607", "formatted_address": "305 10th St, Oakland, CA 94607, United States", "latitude": "37.8001902", "longitude": "-122.26974", "place_id": "ChIJb2ad6rWAj4AR1XG3pCp7yTE", "google_status": "OK", "match_status": "matched" }, "geometry": { "type": "Point", "coordinates": [ -122.26974, 37.8001902 ] } },
{ "type": "Feature", "properties": { "company_business_name": "La Estrella Market", "address": "Foothill Blvd", "city": "Oakland", "state_abbreviation": "CA", "zip_code": "94601", "primary_naics": "44511003", "primary_sic": "541105", "industry_description": "Grocers-Retail", "affiliated_orgs": "NA", "brands": "NA", "headquarters_name": "NA", "location_confidence": "High", "naics_industry_sector": "Retail Trade", "business_category": "Independent", "square_footage": "1500 - 2499", "employee_count": "2", "sales_volume": "552000", "corporate_parent_name": "NA", "query": "La Estrella Market, Foothill Blvd, Oakland, CA, 94601", "formatted_address": "3800 Foothill Blvd, Oakland, CA 94601, United States", "latitude": "37.7789817", "longitude": "-122.2164346", "place_id": "ChIJfxSAWl6Gj4ARXhs4SugTSSY", "google_status": "OK", "match_status": "matched" }, "geometry": { "type": "Point", "coordinates": [ -122.2164346, 37.7789817 ] } },
{ "type": "Feature", "properties": { "company_business_name": "La Raza Market II", "address": "Seminary Ave", "city": "Oakland", "state_abbreviation": "CA", "zip_code": "94621", "primary_naics": "44511003", "primary_sic": "541105", "industry_description": "Grocers-Retail", "affiliated_orgs": "NA", "brands": "NA", "headquarters_name": "NA", "location_confidence": "High", "naics_industry_sector": "Retail Trade", "business_category": "Independent", "square_footage": "1 - 1499", "employee_count": "3", "sales_volume": "827000", "corporate_parent_name": "NA", "query": "La Raza Market II, Seminary Ave, Oakland, CA, 94621", "formatted_address": "1700 Seminary Ave, Oakland, CA 94621, United States", "latitude": "37.7666015", "longitude": "-122.1972273", "place_id": "ChIJ7ZrTLAuGj4ARzRQE2GMLO5Q", "google_status": "OK", "match_status": "matched" }, "geometry": { "type": "Point", "coordinates": [ -122.1972273, 37.7666015 ] } },
{ "type": "Feature", "properties": { "company_business_name": "Lakeshore Natural Foods", "address": "Lakeshore Ave", "city": "Oakland", "state_abbreviation": "CA", "zip_code": "94610", "primary_naics": "45619106", "primary_sic": "549904", "industry_description": "Vitamin & Food Supplements, Health & Diet Foods-Retail, Grocers-Retail", "affiliated_orgs": "NA", "brands": "NA", "headquarters_name": "NA", "location_confidence": "High", "naics_industry_sector": "Retail Trade", "business_category": "Independent", "square_footage": "1500 - 2499", "employee_count": "8", "sales_volume": "732000", "corporate_parent_name": "NA", "query": "Lakeshore Natural Foods, Lakeshore Ave, Oakland, CA, 94610", "formatted_address": "3321 Lakeshore Ave, Oakland, CA 94610, United States", "latitude": "37.8110082", "longitude": "-122.2438887", "place_id": "ChIJDZ_y7UGHj4ARh4SPU2F-f60", "google_status": "OK", "match_status": "matched" }, "geometry": { "type": "Point", "coordinates": [ -122.2438887, 37.8110082 ] } },
{ "type": "Feature", "properties": { "company_business_name": "Lakeshore Produce", "address": "Lakeshore Ave", "city": "Oakland", "state_abbreviation": "CA", "zip_code": "94610", "primary_naics": "44523003", "primary_sic": "543101", "industry_description": "Fruits & Vegetables & Produce-Retail, Grocers-Retail", "affiliated_orgs": "NA", "brands": "NA", "headquarters_name": "NA", "location_confidence": "Medium", "naics_industry_sector": "Retail Trade", "business_category": "Independent", "square_footage": "1 - 1499", "employee_count": "2", "sales_volume": "315000", "corporate_parent_name": "NA", "query": "Lakeshore Produce, Lakeshore Ave, Oakland, CA, 94610", "formatted_address": "3312 Lakeshore Ave, Oakland, CA 94610, United States", "latitude": "37.8106753", "longitude": "-122.2437953", "place_id": "ChIJlUDRmkGHj4ARy08KMtT2-1Q", "google_status": "OK", "match_status": "matched" }, "geometry": { "type": "Point", "coordinates": [ -122.2437953, 37.8106753 ] } },
{ "type": "Feature", "properties": { "company_business_name": "Layonna Vegetarian", "address": "8th St", "city": "Oakland", "state_abbreviation": "CA", "zip_code": "94607", "primary_naics": "72251117", "primary_sic": "581208", "industry_description": "Restaurants, Fruits & Vegetables & Produce-Retail, Frozen Foods-Retail, Health Food Products-Manufacturers, Health Food Products-Wholesale, Grocers-Retail, Health & Diet Foods-Retail", "affiliated_orgs": "NA", "brands": "NA", "headquarters_name": "NA", "location_confidence": "High", "naics_industry_sector": "Accommodation & Food Services", "business_category": "Independent", "square_footage": "1500 - 2499", "employee_count": "2", "sales_volume": "119000", "corporate_parent_name": "NA", "query": "Layonna Vegetarian, 8th St, Oakland, CA, 94607", "formatted_address": "443 8th St, Oakland, CA 94607, United States", "latitude": "37.8000021", "longitude": "-122.273602", "place_id": "ChIJ09LzVbaAj4ARVt5FHjn_GqM", "google_status": "OK", "match_status": "matched" }, "geometry": { "type": "Point", "coordinates": [ -122.273602, 37.8000021 ] } },
{ "type": "Feature", "properties": { "company_business_name": "Long Hing Supermarket Inc", "address": "International Blvd", "city": "Oakland", "state_abbreviation": "CA", "zip_code": "94606", "primary_naics": "45511003", "primary_sic": "531104", "industry_description": "Retail Shops, Grocers-Retail", "affiliated_orgs": "NA", "brands": "NA", "headquarters_name": "NA", "location_confidence": "High", "naics_industry_sector": "Retail Trade", "business_category": "Independent", "square_footage": "5000 - 9999", "employee_count": "6", "sales_volume": "973000", "corporate_parent_name": "NA", "query": "Long Hing Supermarket Inc, International Blvd, Oakland, CA, 94606", "formatted_address": "830 International Blvd, Oakland, CA 94606, United States", "latitude": "37.79330849999999", "longitude": "-122.2508295", "place_id": "ChIJITXc-iSHj4ARbDTxb7mlVH8", "google_status": "OK", "match_status": "matched" }, "geometry": { "type": "Point", "coordinates": [ -122.2508295, 37.793308499999988 ] } },
{ "type": "Feature", "properties": { "company_business_name": "Lucky Spot Market", "address": "Foothill Blvd", "city": "Oakland", "state_abbreviation": "CA", "zip_code": "94606", "primary_naics": "44511003", "primary_sic": "541105", "industry_description": "Grocers-Retail", "affiliated_orgs": "NA", "brands": "NA", "headquarters_name": "NA", "location_confidence": "High", "naics_industry_sector": "Retail Trade", "business_category": "Independent", "square_footage": "1 - 1499", "employee_count": "1", "sales_volume": "276000", "corporate_parent_name": "NA", "query": "Lucky Spot Market, Foothill Blvd, Oakland, CA, 94606", "formatted_address": "700 Foothill Blvd, Oakland, CA 94606, United States", "latitude": "37.79557459999999", "longitude": "-122.2501771", "place_id": "ChIJ12w4NDuHj4ARQZNB3deGFsY", "google_status": "OK", "match_status": "matched" }, "geometry": { "type": "Point", "coordinates": [ -122.2501771, 37.795574599999988 ] } },
{ "type": "Feature", "properties": { "company_business_name": "Lucky Supermarkets", "address": "Mountain Blvd", "city": "Oakland", "state_abbreviation": "CA", "zip_code": "94611", "primary_naics": "44511003", "primary_sic": "541105", "industry_description": "Grocers-Retail, Cleaners, Meat-Retail, Pharmacies, Pharmacists, Coffee Shops, Coffee & Tea", "affiliated_orgs": "NA", "brands": "NA", "headquarters_name": "The Save Mart Companies", "location_confidence": "Medium", "naics_industry_sector": "Retail Trade", "business_category": "Branch", "square_footage": "100000+", "employee_count": "100", "sales_volume": "27561000", "corporate_parent_name": "Albertsons Companies", "query": "Lucky Supermarkets, Mountain Blvd, Oakland, CA, 94611", "formatted_address": "1963 Mountain Blvd, Oakland, CA 94611, United States", "latitude": "37.8275406", "longitude": "-122.2109058", "place_id": "ChIJ869NPYWHj4ARct7-GtMZyVI", "google_status": "OK", "match_status": "matched" }, "geometry": { "type": "Point", "coordinates": [ -122.2109058, 37.8275406 ] } },
{ "type": "Feature", "properties": { "company_business_name": "Lucky Supermarkets", "address": "E 18 Th St", "city": "Oakland", "state_abbreviation": "CA", "zip_code": "94606", "primary_naics": "44511003", "primary_sic": "541105", "industry_description": "Grocers-Retail, Meat-Retail, Coffee Shops, Coffee & Tea", "affiliated_orgs": "NA", "brands": "NA", "headquarters_name": "The Save Mart Companies", "location_confidence": "High", "naics_industry_sector": "Retail Trade", "business_category": "Branch", "square_footage": "40000 - 99999", "employee_count": "30", "sales_volume": "8269000", "corporate_parent_name": "Albertsons Companies", "query": "Lucky Supermarkets, E 18 Th St, Oakland, CA, 94606", "formatted_address": "247 E 18th St, Oakland, CA 94606, United States", "latitude": "37.799664", "longitude": "-122.25334", "place_id": "ChIJ0wDd7TmHj4ARXLafwbSG1F0", "google_status": "OK", "match_status": "matched" }, "geometry": { "type": "Point", "coordinates": [ -122.25334, 37.799664 ] } },
{ "type": "Feature", "properties": { "company_business_name": "Lucky Two", "address": "103rd Ave", "city": "Oakland", "state_abbreviation": "CA", "zip_code": "94603", "primary_naics": "44511003", "primary_sic": "541105", "industry_description": "Grocers-Retail", "affiliated_orgs": "NA", "brands": "NA", "headquarters_name": "NA", "location_confidence": "High", "naics_industry_sector": "Retail Trade", "business_category": "Independent", "square_footage": "1 - 1499", "employee_count": "2", "sales_volume": "552000", "corporate_parent_name": "NA", "query": "Lucky Two, 103rd Ave, Oakland, CA, 94603", "formatted_address": "1901 103rd Ave, Oakland, CA 94603, United States", "latitude": "37.7424033", "longitude": "-122.1623218", "place_id": "ChIJJQT6lnCPj4ARGB06IDoZkV0", "google_status": "OK", "match_status": "matched" }, "geometry": { "type": "Point", "coordinates": [ -122.1623218, 37.7424033 ] } },
{ "type": "Feature", "properties": { "company_business_name": "Lyons Liquors & Groceries No 2", "address": "Foothill Blvd", "city": "Oakland", "state_abbreviation": "CA", "zip_code": "94601", "primary_naics": "44511003", "primary_sic": "541105", "industry_description": "Grocers-Retail", "affiliated_orgs": "NA", "brands": "NA", "headquarters_name": "NA", "location_confidence": "High", "naics_industry_sector": "Retail Trade", "business_category": "Independent", "square_footage": "1 - 1499", "employee_count": "2", "sales_volume": "552000", "corporate_parent_name": "NA", "query": "Lyons Liquors & Groceries No 2, Foothill Blvd, Oakland, CA, 94601", "formatted_address": "4100 Foothill Blvd, Oakland, CA 94601, United States", "latitude": "37.77656959999999", "longitude": "-122.2133407", "place_id": "ChIJ1-VrOWeGj4ARaMMbM7-SOQQ", "google_status": "OK", "match_status": "matched" }, "geometry": { "type": "Point", "coordinates": [ -122.2133407, 37.776569599999988 ] } },
{ "type": "Feature", "properties": { "company_business_name": "M & A Cash & Carry", "address": "9th St", "city": "Oakland", "state_abbreviation": "CA", "zip_code": "94607", "primary_naics": "44513101", "primary_sic": "541103", "industry_description": "Convenience Stores, Grocers-Retail", "affiliated_orgs": "NA", "brands": "NA", "headquarters_name": "NA", "location_confidence": "High", "naics_industry_sector": "Retail Trade", "business_category": "Independent", "square_footage": "1500 - 2499", "employee_count": "3", "sales_volume": "827000", "corporate_parent_name": "NA", "query": "M & A Cash & Carry, 9th St, Oakland, CA, 94607", "formatted_address": "443 9th St, Oakland, CA 94607, United States", "latitude": "37.8006499", "longitude": "-122.2730783", "place_id": "ChIJb85d8LaAj4ARpLVKoEX7ZLA", "google_status": "OK", "match_status": "matched" }, "geometry": { "type": "Point", "coordinates": [ -122.2730783, 37.8006499 ] } },
{ "type": "Feature", "properties": { "company_business_name": "Maineline Grocery", "address": "International Blvd", "city": "Oakland", "state_abbreviation": "CA", "zip_code": "94621", "primary_naics": "44511003", "primary_sic": "541105", "industry_description": "Grocers-Retail", "affiliated_orgs": "NA", "brands": "NA", "headquarters_name": "NA", "location_confidence": "Medium", "naics_industry_sector": "Retail Trade", "business_category": "Independent", "square_footage": "1500 - 2499", "employee_count": "2", "sales_volume": "552000", "corporate_parent_name": "NA", "query": "Maineline Grocery, International Blvd, Oakland, CA, 94621", "formatted_address": "7618 International Blvd, Oakland, CA 94621, United States", "latitude": "37.7580976", "longitude": "-122.184398", "place_id": "ChIJEwaEnD2Fj4ARSH763NR6DUE", "google_status": "OK", "match_status": "matched" }, "geometry": { "type": "Point", "coordinates": [ -122.184398, 37.7580976 ] } },
{ "type": "Feature", "properties": { "company_business_name": "Maria's Market & Deli", "address": "International Blvd", "city": "Oakland", "state_abbreviation": "CA", "zip_code": "94621", "primary_naics": "44511003", "primary_sic": "541105", "industry_description": "Grocers-Retail", "affiliated_orgs": "NA", "brands": "NA", "headquarters_name": "NA", "location_confidence": "Medium", "naics_industry_sector": "Retail Trade", "business_category": "Independent", "square_footage": "1500 - 2499", "employee_count": "1", "sales_volume": "276000", "corporate_parent_name": "NA", "query": "Maria's Market & Deli, International Blvd, Oakland, CA, 94621", "formatted_address": "7229 International Blvd, Oakland, CA 94621, United States", "latitude": "37.7591955", "longitude": "-122.1874215", "place_id": "ChIJvauiGOWFj4ARdmHvmKqaSoE", "google_status": "OK", "match_status": "matched" }, "geometry": { "type": "Point", "coordinates": [ -122.1874215, 37.7591955 ] } },
{ "type": "Feature", "properties": { "company_business_name": "Marin Sun Farms Butcher Shop", "address": "College Ave", "city": "Oakland", "state_abbreviation": "CA", "zip_code": "94618", "primary_naics": "44524006", "primary_sic": "542107", "industry_description": "Meat-Retail, Grocers-Retail, Butchering (Whls)", "affiliated_orgs": "NA", "brands": "NA", "headquarters_name": "NA", "location_confidence": "High", "naics_industry_sector": "Retail Trade", "business_category": "Independent", "square_footage": "2500 - 4999", "employee_count": "3", "sales_volume": "538000", "corporate_parent_name": "NA", "query": "Marin Sun Farms Butcher Shop, College Ave, Oakland, CA, 94618", "formatted_address": "5655 College Ave, Oakland, CA 94618, United States", "latitude": "37.8437998", "longitude": "-122.2520532", "place_id": "ChIJ_af28sJ9hYARAe7pvKnyEEs", "google_status": "OK", "match_status": "matched" }, "geometry": { "type": "Point", "coordinates": [ -122.2520532, 37.8437998 ] } },
{ "type": "Feature", "properties": { "company_business_name": "Market Hall Caterers", "address": "College Ave", "city": "Oakland", "state_abbreviation": "CA", "zip_code": "94618", "primary_naics": "44511003", "primary_sic": "541105", "industry_description": "Grocers-Retail, Caterers", "affiliated_orgs": "NA", "brands": "NA", "headquarters_name": "NA", "location_confidence": "High", "naics_industry_sector": "Retail Trade", "business_category": "Independent", "square_footage": "2500 - 4999", "employee_count": "5", "sales_volume": "1379000", "corporate_parent_name": "NA", "query": "Market Hall Caterers, College Ave, Oakland, CA, 94618", "formatted_address": "5655 College Ave, Oakland, CA 94618, United States", "latitude": "37.8436925", "longitude": "-122.2518899", "place_id": "ChIJ_af28sJ9hYAR4aKe_kKSdzk", "google_status": "OK", "match_status": "matched" }, "geometry": { "type": "Point", "coordinates": [ -122.2518899, 37.8436925 ] } },
{ "type": "Feature", "properties": { "company_business_name": "Market Hall Foods", "address": "College Ave", "city": "Oakland", "state_abbreviation": "CA", "zip_code": "94618", "primary_naics": "72251301", "primary_sic": "581206", "industry_description": "Foods-Carry Out, Grocers-Retail, Cheese, Caterers, Gourmet Shops", "affiliated_orgs": "NA", "brands": "NA", "headquarters_name": "NA", "location_confidence": "High", "naics_industry_sector": "Accommodation & Food Services", "business_category": "Independent", "square_footage": "100000+", "employee_count": "76", "sales_volume": "4502000", "corporate_parent_name": "NA", "query": "Market Hall Foods, College Ave, Oakland, CA, 94618", "formatted_address": "5655 College Ave Ste 201, Oakland, CA 94618, United States", "latitude": "37.8437656", "longitude": "-122.2520589", "place_id": "ChIJo2BSjcJ9hYARearCP8HQBZ0", "google_status": "OK", "match_status": "matched" }, "geometry": { "type": "Point", "coordinates": [ -122.2520589, 37.8437656 ] } },
{ "type": "Feature", "properties": { "company_business_name": "Marwa Market", "address": "Telegraph Ave", "city": "Oakland", "state_abbreviation": "CA", "zip_code": "94609", "primary_naics": "44511003", "primary_sic": "541105", "industry_description": "Grocers-Retail, Restaurants, Marketing Consultants", "affiliated_orgs": "NA", "brands": "NA", "headquarters_name": "NA", "location_confidence": "High", "naics_industry_sector": "Retail Trade", "business_category": "Independent", "square_footage": "1 - 1499", "employee_count": "2", "sales_volume": "552000", "corporate_parent_name": "NA", "query": "Marwa Market, Telegraph Ave, Oakland, CA, 94609", "formatted_address": "2517 Telegraph Ave, Oakland, CA 94609, United States", "latitude": "37.8146933", "longitude": "-122.2685158", "place_id": "ChIJ01-EIQB-hYARrTfDrpHx6Dw", "google_status": "OK", "match_status": "matched" }, "geometry": { "type": "Point", "coordinates": [ -122.2685158, 37.8146933 ] } },
{ "type": "Feature", "properties": { "company_business_name": "Mi Carnal Market", "address": "Foothill Blvd", "city": "Oakland", "state_abbreviation": "CA", "zip_code": "94601", "primary_naics": "44511003", "primary_sic": "541105", "industry_description": "Grocers-Retail", "affiliated_orgs": "NA", "brands": "NA", "headquarters_name": "NA", "location_confidence": "Medium", "naics_industry_sector": "Retail Trade", "business_category": "Independent", "square_footage": "1500 - 2499", "employee_count": "2", "sales_volume": "552000", "corporate_parent_name": "NA", "query": "Mi Carnal Market, Foothill Blvd, Oakland, CA, 94601", "formatted_address": "2755 Foothill Blvd, Oakland, CA 94601, United States", "latitude": "37.7842285", "longitude": "-122.2267313", "place_id": "ChIJ5RJoTy6Hj4ARxaEL2kmoQqY", "google_status": "OK", "match_status": "matched" }, "geometry": { "type": "Point", "coordinates": [ -122.2267313, 37.7842285 ] } },
{ "type": "Feature", "properties": { "company_business_name": "Mi Ranchito Meat Market", "address": "Foothill Blvd", "city": "Oakland", "state_abbreviation": "CA", "zip_code": "94601", "primary_naics": "44511003", "primary_sic": "541105", "industry_description": "Grocers-Retail, Meat-Retail", "affiliated_orgs": "NA", "brands": "NA", "headquarters_name": "NA", "location_confidence": "High", "naics_industry_sector": "Retail Trade", "business_category": "Independent", "square_footage": "1 - 1499", "employee_count": "4", "sales_volume": "1103000", "corporate_parent_name": "NA", "query": "Mi Ranchito Meat Market, Foothill Blvd, Oakland, CA, 94601", "formatted_address": "3326 Foothill Blvd, Oakland, CA 94601, United States", "latitude": "37.7831645", "longitude": "-122.2207114", "place_id": "ChIJ5-YL0veGj4AR0RddBW_qLnA", "google_status": "OK", "match_status": "matched" }, "geometry": { "type": "Point", "coordinates": [ -122.2207114, 37.7831645 ] } },
{ "type": "Feature", "properties": { "company_business_name": "Millennium Market", "address": "Market St", "city": "Oakland", "state_abbreviation": "CA", "zip_code": "94607", "primary_naics": "44511003", "primary_sic": "541105", "industry_description": "Grocers-Retail, Liquors-Retail", "affiliated_orgs": "NA", "brands": "NA", "headquarters_name": "NA", "location_confidence": "High", "naics_industry_sector": "Retail Trade", "business_category": "Independent", "square_footage": "1500 - 2499", "employee_count": "4", "sales_volume": "1103000", "corporate_parent_name": "NA", "query": "Millennium Market, Market St, Oakland, CA, 94607", "formatted_address": "1741 Market St, Oakland, CA 94607, United States", "latitude": "37.8110436", "longitude": "-122.2801746", "place_id": "ChIJryC9jaaAj4ARw2bjrBL4JSs", "google_status": "OK", "match_status": "matched" }, "geometry": { "type": "Point", "coordinates": [ -122.2801746, 37.8110436 ] } },
{ "type": "Feature", "properties": { "company_business_name": "Monte Vista Food Center", "address": "Piedmont Ave", "city": "Oakland", "state_abbreviation": "CA", "zip_code": "94611", "primary_naics": "44511003", "primary_sic": "541105", "industry_description": "Grocers-Retail, Shopping Service-Personal", "affiliated_orgs": "NA", "brands": "NA", "headquarters_name": "NA", "location_confidence": "Medium", "naics_industry_sector": "Retail Trade", "business_category": "Independent", "square_footage": "1500 - 2499", "employee_count": "3", "sales_volume": "827000", "corporate_parent_name": "NA", "query": "Monte Vista Food Center, Piedmont Ave, Oakland, CA, 94611", "formatted_address": "4000 Piedmont Ave, Oakland, CA 94611, United States", "latitude": "37.8254538", "longitude": "-122.2534934", "place_id": "ChIJKQWX4im-j4ARRafAnyiIfa4", "google_status": "OK", "match_status": "matched" }, "geometry": { "type": "Point", "coordinates": [ -122.2534934, 37.8254538 ] } },
{ "type": "Feature", "properties": { "company_business_name": "MudLab", "address": "Grand Ave", "city": "Oakland", "state_abbreviation": "CA", "zip_code": "94610", "primary_naics": "72251505", "primary_sic": "581228", "industry_description": "Coffee Shops, Grocers-Retail", "affiliated_orgs": "NA", "brands": "NA", "headquarters_name": "NA", "location_confidence": "High", "naics_industry_sector": "Accommodation & Food Services", "business_category": "Independent", "square_footage": "1500 - 2499", "employee_count": "5", "sales_volume": "297000", "corporate_parent_name": "NA", "query": "MudLab, Grand Ave, Oakland, CA, 94610", "formatted_address": "440 Grand Ave, Oakland, CA 94610, United States", "latitude": "37.8089226", "longitude": "-122.2530258", "place_id": "ChIJaQtJUAd9hYARG3MZ79CUM60", "google_status": "OK", "match_status": "matched" }, "geometry": { "type": "Point", "coordinates": [ -122.2530258, 37.8089226 ] } },
{ "type": "Feature", "properties": { "company_business_name": "N & S Discount Store Numbr 2", "address": "Bancroft Ave", "city": "Oakland", "state_abbreviation": "CA", "zip_code": "94601", "primary_naics": "45511003", "primary_sic": "531104", "industry_description": "Retail Shops, Grocers-Retail", "affiliated_orgs": "NA", "brands": "NA", "headquarters_name": "NA", "location_confidence": "High", "naics_industry_sector": "Retail Trade", "business_category": "Independent", "square_footage": "1 - 1499", "employee_count": "1", "sales_volume": "195000", "corporate_parent_name": "NA", "query": "N & S Discount Store Numbr 2, Bancroft Ave, Oakland, CA, 94601", "formatted_address": "5371 Bancroft Ave, Oakland, CA 94601, United States", "latitude": "37.7716587", "longitude": "-122.201409", "place_id": "ChIJ-XIBc3KGj4ARAZ50QUockOQ", "google_status": "OK", "match_status": "matched" }, "geometry": { "type": "Point", "coordinates": [ -122.201409, 37.7716587 ] } },
{ "type": "Feature", "properties": { "company_business_name": "Nature's Best Foods", "address": "Jackson St", "city": "Oakland", "state_abbreviation": "CA", "zip_code": "94612", "primary_naics": "44511003", "primary_sic": "541105", "industry_description": "Grocers-Retail", "affiliated_orgs": "NA", "brands": "NA", "headquarters_name": "NA", "location_confidence": "High", "naics_industry_sector": "Retail Trade", "business_category": "Independent", "square_footage": "1500 - 2499", "employee_count": "2", "sales_volume": "552000", "corporate_parent_name": "NA", "query": "Nature's Best Foods, Jackson St, Oakland, CA, 94612", "formatted_address": "1431 Jackson St, Oakland, CA 94612, United States", "latitude": "37.8027354", "longitude": "-122.2649575", "place_id": "ChIJs7q_K0uHj4AResWrXgZZtQE", "google_status": "OK", "match_status": "matched" }, "geometry": { "type": "Point", "coordinates": [ -122.2649575, 37.8027354 ] } },
{ "type": "Feature", "properties": { "company_business_name": "New Dick Market", "address": "9th St", "city": "Oakland", "state_abbreviation": "CA", "zip_code": "94607", "primary_naics": "44511003", "primary_sic": "541105", "industry_description": "Grocers-Retail", "affiliated_orgs": "NA", "brands": "NA", "headquarters_name": "NA", "location_confidence": "High", "naics_industry_sector": "Retail Trade", "business_category": "Independent", "square_footage": "1500 - 2499", "employee_count": "5", "sales_volume": "1379000", "corporate_parent_name": "NA", "query": "New Dick Market, 9th St, Oakland, CA, 94607", "formatted_address": "375 9th St, Oakland, CA 94607, United States", "latitude": "37.80006849999999", "longitude": "-122.2715792", "place_id": "ChIJfYW6cbaAj4ARrzmJr648tH4", "google_status": "OK", "match_status": "matched" }, "geometry": { "type": "Point", "coordinates": [ -122.2715792, 37.800068499999988 ] } },
{ "type": "Feature", "properties": { "company_business_name": "New Grand Lake Market", "address": "Grand Ave", "city": "Oakland", "state_abbreviation": "CA", "zip_code": "94610", "primary_naics": "44511003", "primary_sic": "541105", "industry_description": "Grocers-Retail", "affiliated_orgs": "NA", "brands": "NA", "headquarters_name": "NA", "location_confidence": "High", "naics_industry_sector": "Retail Trade", "business_category": "Independent", "square_footage": "1500 - 2499", "employee_count": "1", "sales_volume": "276000", "corporate_parent_name": "NA", "query": "New Grand Lake Market, Grand Ave, Oakland, CA, 94610", "formatted_address": "3217 Grand Ave, Oakland, CA 94610, United States", "latitude": "37.812185", "longitude": "-122.247844", "place_id": "ChIJv-O9j0OHj4ARepPkuyH7Lls", "google_status": "OK", "match_status": "matched" }, "geometry": { "type": "Point", "coordinates": [ -122.247844, 37.812185 ] } },
{ "type": "Feature", "properties": { "company_business_name": "New Hop Lung Meat Market", "address": "Webster St", "city": "Oakland", "state_abbreviation": "CA", "zip_code": "94607", "primary_naics": "44524006", "primary_sic": "542107", "industry_description": "Meat-Retail, Grocers-Retail", "affiliated_orgs": "NA", "brands": "NA", "headquarters_name": "NA", "location_confidence": "Medium", "naics_industry_sector": "Retail Trade", "business_category": "Independent", "square_footage": "1500 - 2499", "employee_count": "5", "sales_volume": "896000", "corporate_parent_name": "NA", "query": "New Hop Lung Meat Market, Webster St, Oakland, CA, 94607", "formatted_address": "878 Webster St, Oakland, CA 94607, United States", "latitude": "37.7997222", "longitude": "-122.2708333", "place_id": "ChIJAz9j4LWAj4ARNWemetO5Bgk", "google_status": "OK", "match_status": "matched" }, "geometry": { "type": "Point", "coordinates": [ -122.2708333, 37.7997222 ] } },
{ "type": "Feature", "properties": { "company_business_name": "New Tins Market", "address": "7 Th St", "city": "Oakland", "state_abbreviation": "CA", "zip_code": "94607", "primary_naics": "44511003", "primary_sic": "541105", "industry_description": "Grocers-Retail", "affiliated_orgs": "NA", "brands": "NA", "headquarters_name": "NA", "location_confidence": "Medium", "naics_industry_sector": "Retail Trade", "business_category": "Independent", "square_footage": "10000 - 19999", "employee_count": "10", "sales_volume": "2757000", "corporate_parent_name": "NA", "query": "New Tins Market, 7 Th St, Oakland, CA, 94607", "formatted_address": "346 7th St, Oakland, CA 94607, United States", "latitude": "37.7985788", "longitude": "-122.2714915", "place_id": "ChIJp9gxPQCBj4ARaEmuULsc3Rw", "google_status": "OK", "match_status": "matched" }, "geometry": { "type": "Point", "coordinates": [ -122.2714915, 37.7985788 ] } },
{ "type": "Feature", "properties": { "company_business_name": "North Side Meat", "address": "Market St", "city": "Oakland", "state_abbreviation": "CA", "zip_code": "94608", "primary_naics": "44511003", "primary_sic": "541105", "industry_description": "Grocers-Retail, Meat-Retail", "affiliated_orgs": "NA", "brands": "NA", "headquarters_name": "NA", "location_confidence": "High", "naics_industry_sector": "Retail Trade", "business_category": "Independent", "square_footage": "1 - 1499", "employee_count": "2", "sales_volume": "552000", "corporate_parent_name": "NA", "query": "North Side Meat, Market St, Oakland, CA, 94608", "formatted_address": "4505 Market St, Oakland, CA 94608, United States", "latitude": "37.834636", "longitude": "-122.2731085", "place_id": "ChIJCwW-6Ax-hYARxjhjhQlnC8k", "google_status": "OK", "match_status": "matched" }, "geometry": { "type": "Point", "coordinates": [ -122.2731085, 37.834636 ] } },
{ "type": "Feature", "properties": { "company_business_name": "Oakland Halal Meat & Produce Market", "address": "Telegraph Ave", "city": "Oakland", "state_abbreviation": "CA", "zip_code": "94609", "primary_naics": "42441005", "primary_sic": "514105", "industry_description": "Grocers-Wholesale, Grocers-Retail, Convenience Stores", "affiliated_orgs": "NA", "brands": "NA", "headquarters_name": "NA", "location_confidence": "Medium", "naics_industry_sector": "Wholesale Trade", "business_category": "Independent", "square_footage": "1 - 1499", "employee_count": "2", "sales_volume": "552000", "corporate_parent_name": "NA", "query": "Oakland Halal Meat & Produce Market, Telegraph Ave, Oakland, CA, 94609", "formatted_address": "3101 Telegraph Ave, Oakland, CA 94609, United States", "latitude": "37.8201389", "longitude": "-122.2670752", "place_id": "ChIJ8ciEPwB-hYARisj_MO6ALYA", "google_status": "OK", "match_status": "matched" }, "geometry": { "type": "Point", "coordinates": [ -122.2670752, 37.8201389 ] } },
{ "type": "Feature", "properties": { "company_business_name": "Oakland Kosher Foods", "address": "Lakeshore Ave", "city": "Oakland", "state_abbreviation": "CA", "zip_code": "94610", "primary_naics": "44511003", "primary_sic": "541105", "industry_description": "Grocers-Retail, Restaurants, Kosher Foods", "affiliated_orgs": "NA", "brands": "NA", "headquarters_name": "NA", "location_confidence": "High", "naics_industry_sector": "Retail Trade", "business_category": "Independent", "square_footage": "1500 - 2499", "employee_count": "3", "sales_volume": "827000", "corporate_parent_name": "NA", "query": "Oakland Kosher Foods, Lakeshore Ave, Oakland, CA, 94610", "formatted_address": "3419 Lakeshore Ave, Oakland, CA 94610, United States", "latitude": "37.81141909999999", "longitude": "-122.2428151", "place_id": "ChIJT2g4_UGHj4ARUie5VgwvefU", "google_status": "OK", "match_status": "matched" }, "geometry": { "type": "Point", "coordinates": [ -122.2428151, 37.811419099999988 ] } },
{ "type": "Feature", "properties": { "company_business_name": "Oakland Mei Shen Company", "address": "9 Th St", "city": "Oakland", "state_abbreviation": "CA", "zip_code": "94607", "primary_naics": "44511003", "primary_sic": "541105", "industry_description": "Grocers-Retail", "affiliated_orgs": "NA", "brands": "NA", "headquarters_name": "NA", "location_confidence": "Medium", "naics_industry_sector": "Retail Trade", "business_category": "Independent", "square_footage": "1500 - 2499", "employee_count": "2", "sales_volume": "552000", "corporate_parent_name": "NA", "query": "Oakland Mei Shen Company, 9 Th St, Oakland, CA, 94607", "formatted_address": "369 9th St, Oakland, CA 94607, United States", "latitude": "37.7999056", "longitude": "-122.2715077", "place_id": "ChIJ6apTWiKBj4ARqzcjGloZZpY", "google_status": "OK", "match_status": "matched" }, "geometry": { "type": "Point", "coordinates": [ -122.2715077, 37.7999056 ] } },
{ "type": "Feature", "properties": { "company_business_name": "Oakland Mei Shen Company", "address": "8th St", "city": "Oakland", "state_abbreviation": "CA", "zip_code": "94607", "primary_naics": "44511003", "primary_sic": "541105", "industry_description": "Grocers-Retail", "affiliated_orgs": "NA", "brands": "NA", "headquarters_name": "NA", "location_confidence": "High", "naics_industry_sector": "Retail Trade", "business_category": "Independent", "square_footage": "1500 - 2499", "employee_count": "2", "sales_volume": "552000", "corporate_parent_name": "NA", "query": "Oakland Mei Shen Company, 8th St, Oakland, CA, 94607", "formatted_address": "369 9th St, Oakland, CA 94607, United States", "latitude": "37.7999056", "longitude": "-122.2715077", "place_id": "ChIJ6apTWiKBj4ARqzcjGloZZpY", "google_status": "OK", "match_status": "matched" }, "geometry": { "type": "Point", "coordinates": [ -122.2715077, 37.7999056 ] } },
{ "type": "Feature", "properties": { "company_business_name": "Oaks Market", "address": "Foothill Blvd", "city": "Oakland", "state_abbreviation": "CA", "zip_code": "94605", "primary_naics": "44511003", "primary_sic": "541105", "industry_description": "Grocers-Retail, Convenience Stores", "affiliated_orgs": "NA", "brands": "NA", "headquarters_name": "NA", "location_confidence": "High", "naics_industry_sector": "Retail Trade", "business_category": "Independent", "square_footage": "1 - 1499", "employee_count": "2", "sales_volume": "552000", "corporate_parent_name": "NA", "query": "Oaks Market, Foothill Blvd, Oakland, CA, 94605", "formatted_address": "10501 Foothill Blvd, Oakland, CA 94605, United States", "latitude": "37.7447795", "longitude": "-122.1502962", "place_id": "ChIJXdMXngyPj4ARciDAoJ14a0Q", "google_status": "OK", "match_status": "matched" }, "geometry": { "type": "Point", "coordinates": [ -122.1502962, 37.7447795 ] } },
{ "type": "Feature", "properties": { "company_business_name": "Oaktown Market", "address": "High St", "city": "Oakland", "state_abbreviation": "CA", "zip_code": "94619", "primary_naics": "44511003", "primary_sic": "541105", "industry_description": "Grocers-Retail", "affiliated_orgs": "NA", "brands": "NA", "headquarters_name": "NA", "location_confidence": "Medium", "naics_industry_sector": "Retail Trade", "business_category": "Independent", "square_footage": "1 - 1499", "employee_count": "2", "sales_volume": "552000", "corporate_parent_name": "NA", "query": "Oaktown Market, High St, Oakland, CA, 94619", "formatted_address": "3133 High St, Oakland, CA 94619, United States", "latitude": "37.7851194", "longitude": "-122.199658", "place_id": "ChIJq1H3-kCGj4ARg9Z-pPAMLqs", "google_status": "OK", "match_status": "matched" }, "geometry": { "type": "Point", "coordinates": [ -122.199658, 37.7851194 ] } },
{ "type": "Feature", "properties": { "company_business_name": "Oasis Food Market", "address": "Telegraph Ave", "city": "Oakland", "state_abbreviation": "CA", "zip_code": "94609", "primary_naics": "44511003", "primary_sic": "541105", "industry_description": "Grocers-Retail, Convenience Stores, Restaurants", "affiliated_orgs": "NA", "brands": "NA", "headquarters_name": "NA", "location_confidence": "High", "naics_industry_sector": "Retail Trade", "business_category": "Independent", "square_footage": "2500 - 4999", "employee_count": "15", "sales_volume": "4135000", "corporate_parent_name": "NA", "query": "Oasis Food Market, Telegraph Ave, Oakland, CA, 94609", "formatted_address": "3045 Telegraph Ave, Oakland, CA 94609, United States", "latitude": "37.8198642", "longitude": "-122.2671749", "place_id": "ChIJpT-zPAB-hYAR4xva6T-SW_o", "google_status": "OK", "match_status": "matched" }, "geometry": { "type": "Point", "coordinates": [ -122.2671749, 37.8198642 ] } },
{ "type": "Feature", "properties": { "company_business_name": "Orlando Market", "address": "Linden St", "city": "Emeryville", "state_abbreviation": "CA", "zip_code": "94608", "primary_naics": "44511003", "primary_sic": "541105", "industry_description": "Grocers-Retail", "affiliated_orgs": "NA", "brands": "NA", "headquarters_name": "NA", "location_confidence": "High", "naics_industry_sector": "Retail Trade", "business_category": "Independent", "square_footage": "1500 - 2499", "employee_count": "2", "sales_volume": "552000", "corporate_parent_name": "NA", "query": "Orlando Market, Linden St, Emeryville, CA, 94608", "formatted_address": "2940 Linden St #4521, Oakland, CA 94608, United States", "latitude": "37.8214144", "longitude": "-122.2793664", "place_id": "ChIJE2DiCxt-hYAR5yeJG13A8OQ", "google_status": "OK", "match_status": "matched" }, "geometry": { "type": "Point", "coordinates": [ -122.2793664, 37.8214144 ] } },
{ "type": "Feature", "properties": { "company_business_name": "Paul Marcus Wines", "address": "College Ave", "city": "Oakland", "state_abbreviation": "CA", "zip_code": "94618", "primary_naics": "44532005", "primary_sic": "592103", "industry_description": "Wines-Retail, Grocers-Retail, Restaurants", "affiliated_orgs": "NA", "brands": "NA", "headquarters_name": "NA", "location_confidence": "High", "naics_industry_sector": "Retail Trade", "business_category": "Independent", "square_footage": "2500 - 4999", "employee_count": "7", "sales_volume": "2403000", "corporate_parent_name": "NA", "query": "Paul Marcus Wines, College Ave, Oakland, CA, 94618", "formatted_address": "5655 College Ave, Oakland, CA 94618, United States", "latitude": "37.8436925", "longitude": "-122.2518899", "place_id": "ChIJ_af28sJ9hYARo8RtpODmLrI", "google_status": "OK", "match_status": "matched" }, "geometry": { "type": "Point", "coordinates": [ -122.2518899, 37.8436925 ] } },
{ "type": "Feature", "properties": { "company_business_name": "Pennysaver Market & Liquor", "address": "Foothill Blvd", "city": "Oakland", "state_abbreviation": "CA", "zip_code": "94601", "primary_naics": "44511003", "primary_sic": "541105", "industry_description": "Grocers-Retail", "affiliated_orgs": "NA", "brands": "NA", "headquarters_name": "NA", "location_confidence": "High", "naics_industry_sector": "Retail Trade", "business_category": "Independent", "square_footage": "1 - 1499", "employee_count": "3", "sales_volume": "827000", "corporate_parent_name": "NA", "query": "Pennysaver Market & Liquor, Foothill Blvd, Oakland, CA, 94601", "formatted_address": "4800 Foothill Blvd, Oakland, CA 94601, United States", "latitude": "37.772916", "longitude": "-122.2072443", "place_id": "ChIJOXXadG-Gj4ARmXiWPQjGkwQ", "google_status": "OK", "match_status": "matched" }, "geometry": { "type": "Point", "coordinates": [ -122.2072443, 37.772916 ] } },
{ "type": "Feature", "properties": { "company_business_name": "Piedmont Grocery", "address": "Piedmont Ave", "city": "Oakland", "state_abbreviation": "CA", "zip_code": "94611", "primary_naics": "44511003", "primary_sic": "541105", "industry_description": "Grocers-Retail, Meat-Retail, Department Stores, Liquors-Retail", "affiliated_orgs": "NA", "brands": "NA", "headquarters_name": "NA", "location_confidence": "Medium", "naics_industry_sector": "Retail Trade", "business_category": "Independent", "square_footage": "40000 - 99999", "employee_count": "80", "sales_volume": "22049000", "corporate_parent_name": "NA", "query": "Piedmont Grocery, Piedmont Ave, Oakland, CA, 94611", "formatted_address": "4038 Piedmont Ave, Oakland, CA 94611, United States", "latitude": "37.8255762", "longitude": "-122.2529876", "place_id": "ChIJczwicfd9hYARfAgq5r8K6NM", "google_status": "OK", "match_status": "matched" }, "geometry": { "type": "Point", "coordinates": [ -122.2529876, 37.8255762 ] } },
{ "type": "Feature", "properties": { "company_business_name": "Popular Market", "address": "98 Th Ave", "city": "Oakland", "state_abbreviation": "CA", "zip_code": "94603", "primary_naics": "44511003", "primary_sic": "541105", "industry_description": "Grocers-Retail, Shopping Service-Personal", "affiliated_orgs": "NA", "brands": "NA", "headquarters_name": "NA", "location_confidence": "High", "naics_industry_sector": "Retail Trade", "business_category": "Independent", "square_footage": "1 - 1499", "employee_count": "1", "sales_volume": "276000", "corporate_parent_name": "NA", "query": "Popular Market, 98 Th Ave, Oakland, CA, 94603", "formatted_address": "1088 98th Ave, Oakland, CA 94603, United States", "latitude": "37.7418014", "longitude": "-122.1756848", "place_id": "ChIJk3TS44eFj4ARn2E_SVWAexY", "google_status": "OK", "match_status": "matched" }, "geometry": { "type": "Point", "coordinates": [ -122.1756848, 37.7418014 ] } },
{ "type": "Feature", "properties": { "company_business_name": "Prime Time Nutrition", "address": "Bancroft Ave", "city": "Oakland", "state_abbreviation": "CA", "zip_code": "94605", "primary_naics": "44511003", "primary_sic": "541105", "industry_description": "Grocers-Retail, Retail Shops", "affiliated_orgs": "NA", "brands": "NA", "headquarters_name": "Nutricion Fundamental, Inc", "location_confidence": "High", "naics_industry_sector": "Retail Trade", "business_category": "Branch", "square_footage": "20000 - 39999", "employee_count": "8", "sales_volume": "2205000", "corporate_parent_name": "NA", "query": "Prime Time Nutrition, Bancroft Ave, Oakland, CA, 94605", "formatted_address": "7200 Bancroft Ave #205, Oakland, CA 94605, United States", "latitude": "37.7682819", "longitude": "-122.1767336", "place_id": "ChIJ15nqyf-Fj4ARBNa_hSrpkj0", "google_status": "OK", "match_status": "matched" }, "geometry": { "type": "Point", "coordinates": [ -122.1767336, 37.7682819 ] } },
{ "type": "Feature", "properties": { "company_business_name": "Prime Time Nutrition International", "address": "International Blvd", "city": "Oakland", "state_abbreviation": "CA", "zip_code": "94603", "primary_naics": "44511003", "primary_sic": "541105", "industry_description": "Grocers-Retail", "affiliated_orgs": "NA", "brands": "NA", "headquarters_name": "Nutricion Fundamental, Inc", "location_confidence": "High", "naics_industry_sector": "Retail Trade", "business_category": "Branch", "square_footage": "1500 - 2499", "employee_count": "4", "sales_volume": "1103000", "corporate_parent_name": "NA", "query": "Prime Time Nutrition International, International Blvd, Oakland, CA, 94603", "formatted_address": "7200 Bancroft Ave #205, Oakland, CA 94605, United States", "latitude": "37.7682819", "longitude": "-122.1767336", "place_id": "ChIJ15nqyf-Fj4ARBNa_hSrpkj0", "google_status": "OK", "match_status": "matched" }, "geometry": { "type": "Point", "coordinates": [ -122.1767336, 37.7682819 ] } },
{ "type": "Feature", "properties": { "company_business_name": "Produce Pro Market", "address": "San Pablo Ave", "city": "Oakland", "state_abbreviation": "CA", "zip_code": "94612", "primary_naics": "44511003", "primary_sic": "541105", "industry_description": "Grocers-Retail, Fruits & Vegetables & Produce-Retail, Farm Markets, Trailers-Truck-Renting & Leasing", "affiliated_orgs": "NA", "brands": "NA", "headquarters_name": "NA", "location_confidence": "High", "naics_industry_sector": "Retail Trade", "business_category": "Independent", "square_footage": "2500 - 4999", "employee_count": "7", "sales_volume": "1930000", "corporate_parent_name": "NA", "query": "Produce Pro Market, San Pablo Ave, Oakland, CA, 94612", "formatted_address": "2314 San Pablo Ave, Oakland, CA 94612, United States", "latitude": "37.8141203", "longitude": "-122.2742363", "place_id": "ChIJw4HUV6iAj4ARonobxv0YeCw", "google_status": "OK", "match_status": "matched" }, "geometry": { "type": "Point", "coordinates": [ -122.2742363, 37.8141203 ] } },
{ "type": "Feature", "properties": { "company_business_name": "Pusan Plaza", "address": "Telegraph Ave", "city": "Oakland", "state_abbreviation": "CA", "zip_code": "94612", "primary_naics": "44511003", "primary_sic": "541105", "industry_description": "Grocers-Retail", "affiliated_orgs": "NA", "brands": "NA", "headquarters_name": "NA", "location_confidence": "High", "naics_industry_sector": "Retail Trade", "business_category": "Independent", "square_footage": "1 - 1499", "employee_count": "50", "sales_volume": "13781000", "corporate_parent_name": "NA", "query": "Pusan Plaza, Telegraph Ave, Oakland, CA, 94612", "formatted_address": "2370 Telegraph Ave, Oakland, CA 94612, United States", "latitude": "37.813596", "longitude": "-122.2680618", "place_id": "ChIJjxxUgKuAj4ARxUZEvTrR88M", "google_status": "OK", "match_status": "matched" }, "geometry": { "type": "Point", "coordinates": [ -122.2680618, 37.813596 ] } },
{ "type": "Feature", "properties": { "company_business_name": "Q & S Market", "address": "100th Ave", "city": "Oakland", "state_abbreviation": "CA", "zip_code": "94603", "primary_naics": "44511003", "primary_sic": "541105", "industry_description": "Grocers-Retail", "affiliated_orgs": "NA", "brands": "NA", "headquarters_name": "NA", "location_confidence": "High", "naics_industry_sector": "Retail Trade", "business_category": "Independent", "square_footage": "1 - 1499", "employee_count": "2", "sales_volume": "552000", "corporate_parent_name": "NA", "query": "Q & S Market, 100th Ave, Oakland, CA, 94603", "formatted_address": "1524 100th Ave, Oakland, CA 94603, United States", "latitude": "37.7431853", "longitude": "-122.1671338", "place_id": "ChIJ24tBFnuPj4ARsX59bbGSysE", "google_status": "OK", "match_status": "matched" }, "geometry": { "type": "Point", "coordinates": [ -122.1671338, 37.7431853 ] } },
{ "type": "Feature", "properties": { "company_business_name": "Quik Stop", "address": "Beaumont Ave", "city": "Oakland", "state_abbreviation": "CA", "zip_code": "94602", "primary_naics": "44513101", "primary_sic": "541103", "industry_description": "Convenience Stores, Grocers-Retail, Service Stations-Gasoline & Oil", "affiliated_orgs": "NA", "brands": "NA", "headquarters_name": "Quik Stop Markets, Inc", "location_confidence": "High", "naics_industry_sector": "Retail Trade", "business_category": "Branch", "square_footage": "1500 - 2499", "employee_count": "3", "sales_volume": "827000", "corporate_parent_name": "NA", "query": "Quik Stop, Beaumont Ave, Oakland, CA, 94602", "formatted_address": "3132 Beaumont Ave, Oakland, CA 94602, United States", "latitude": "37.7993188", "longitude": "-122.229099", "place_id": "ChIJIdap_QSHj4ARH_3hXdUk14Y", "google_status": "OK", "match_status": "matched" }, "geometry": { "type": "Point", "coordinates": [ -122.229099, 37.7993188 ] } },
{ "type": "Feature", "properties": { "company_business_name": "Quik Stop", "address": "Macarthur Blvd", "city": "Oakland", "state_abbreviation": "CA", "zip_code": "94610", "primary_naics": "44513101", "primary_sic": "541103", "industry_description": "Convenience Stores, Grocers-Retail, Service Stations-Gasoline & Oil", "affiliated_orgs": "NA", "brands": "NA", "headquarters_name": "Quik Stop Markets, Inc", "location_confidence": "High", "naics_industry_sector": "Retail Trade", "business_category": "Branch", "square_footage": "1500 - 2499", "employee_count": "3", "sales_volume": "827000", "corporate_parent_name": "NA", "query": "Quik Stop, Macarthur Blvd, Oakland, CA, 94610", "formatted_address": "66 MacArthur Blvd, Oakland, CA 94610, United States", "latitude": "37.8202158", "longitude": "-122.2540444", "place_id": "ChIJRQ-gf1eHj4ARyxr2Dim9pM8", "google_status": "OK", "match_status": "matched" }, "geometry": { "type": "Point", "coordinates": [ -122.2540444, 37.8202158 ] } },
{ "type": "Feature", "properties": { "company_business_name": "Quik Stop", "address": "Merritt Ave", "city": "Oakland", "state_abbreviation": "CA", "zip_code": "94610", "primary_naics": "44513101", "primary_sic": "541103", "industry_description": "Convenience Stores, Grocers-Retail", "affiliated_orgs": "NA", "brands": "NA", "headquarters_name": "Quik Stop Markets, Inc", "location_confidence": "High", "naics_industry_sector": "Retail Trade", "business_category": "Branch", "square_footage": "1500 - 2499", "employee_count": "1", "sales_volume": "276000", "corporate_parent_name": "NA", "query": "Quik Stop, Merritt Ave, Oakland, CA, 94610", "formatted_address": "66 MacArthur Blvd, Oakland, CA 94610, United States", "latitude": "37.8202158", "longitude": "-122.2540444", "place_id": "ChIJRQ-gf1eHj4ARyxr2Dim9pM8", "google_status": "OK", "match_status": "matched" }, "geometry": { "type": "Point", "coordinates": [ -122.2540444, 37.8202158 ] } },
{ "type": "Feature", "properties": { "company_business_name": "Rancho Market & Produce", "address": "Fruitvale Ave", "city": "Oakland", "state_abbreviation": "CA", "zip_code": "94601", "primary_naics": "44511003", "primary_sic": "541105", "industry_description": "Grocers-Retail", "affiliated_orgs": "NA", "brands": "NA", "headquarters_name": "NA", "location_confidence": "Medium", "naics_industry_sector": "Retail Trade", "business_category": "Independent", "square_footage": "1500 - 2499", "employee_count": "3", "sales_volume": "827000", "corporate_parent_name": "NA", "query": "Rancho Market & Produce, Fruitvale Ave, Oakland, CA, 94601", "formatted_address": "1950 Fruitvale Ave, Oakland, CA 94601, United States", "latitude": "37.7835556", "longitude": "-122.2226656", "place_id": "ChIJPVOin_eGj4ARM3ZTVIUyZps", "google_status": "OK", "match_status": "matched" }, "geometry": { "type": "Point", "coordinates": [ -122.2226656, 37.7835556 ] } },
{ "type": "Feature", "properties": { "company_business_name": "Ratto's International Market", "address": "Washington St", "city": "Oakland", "state_abbreviation": "CA", "zip_code": "94607", "primary_naics": "44511003", "primary_sic": "541105", "industry_description": "Grocers-Retail, Gourmet Shops, Restaurants", "affiliated_orgs": "NA", "brands": "NA", "headquarters_name": "NA", "location_confidence": "Medium", "naics_industry_sector": "Retail Trade", "business_category": "Independent", "square_footage": "20000 - 39999", "employee_count": "10", "sales_volume": "2757000", "corporate_parent_name": "NA", "query": "Ratto's International Market, Washington St, Oakland, CA, 94607", "formatted_address": "821 Washington St, Oakland, CA 94607, United States", "latitude": "37.8011764", "longitude": "-122.2748404", "place_id": "ChIJ-Q2gPbeAj4ARAOzs4-3udJ4", "google_status": "OK", "match_status": "matched" }, "geometry": { "type": "Point", "coordinates": [ -122.2748404, 37.8011764 ] } },
{ "type": "Feature", "properties": { "company_business_name": "Renewal Mill", "address": "28th St", "city": "Oakland", "state_abbreviation": "CA", "zip_code": "94608", "primary_naics": "44511003", "primary_sic": "541105", "industry_description": "Grocers-Retail", "affiliated_orgs": "NA", "brands": "NA", "headquarters_name": "NA", "location_confidence": "High", "naics_industry_sector": "Retail Trade", "business_category": "Independent", "square_footage": "1 - 1499", "employee_count": "4", "sales_volume": "1103000", "corporate_parent_name": "NA", "query": "Renewal Mill, 28th St, Oakland, CA, 94608", "formatted_address": "1190 28th St, Oakland, CA 94608, United States", "latitude": "37.8205787", "longitude": "-122.2831759", "place_id": "ChIJW1Kxh7Z_hYAR5ugN79lGsx8", "google_status": "OK", "match_status": "matched" }, "geometry": { "type": "Point", "coordinates": [ -122.2831759, 37.8205787 ] } },
{ "type": "Feature", "properties": { "company_business_name": "River Nile Market", "address": "Telegraph Ave", "city": "Oakland", "state_abbreviation": "CA", "zip_code": "94609", "primary_naics": "44511003", "primary_sic": "541105", "industry_description": "Grocers-Retail", "affiliated_orgs": "NA", "brands": "NA", "headquarters_name": "NA", "location_confidence": "Medium", "naics_industry_sector": "Retail Trade", "business_category": "Independent", "square_footage": "1 - 1499", "employee_count": "1", "sales_volume": "276000", "corporate_parent_name": "NA", "query": "River Nile Market, Telegraph Ave, Oakland, CA, 94609", "formatted_address": "3105 Telegraph Ave, Oakland, CA 94609, United States", "latitude": "37.8201874", "longitude": "-122.2670618", "place_id": "ChIJPchvQAB-hYARad6xoKivGl8", "google_status": "OK", "match_status": "matched" }, "geometry": { "type": "Point", "coordinates": [ -122.2670618, 37.8201874 ] } },
{ "type": "Feature", "properties": { "company_business_name": "Rocket", "address": "Hegenberger Rd", "city": "Oakland", "state_abbreviation": "CA", "zip_code": "94621", "primary_naics": "44513101", "primary_sic": "541103", "industry_description": "Convenience Stores, Grocers-Retail, Car Washing & Polishing", "affiliated_orgs": "NA", "brands": "NA", "headquarters_name": "Rocket Stores", "location_confidence": "High", "naics_industry_sector": "Retail Trade", "business_category": "Branch", "square_footage": "20000 - 39999", "employee_count": "11", "sales_volume": "3032000", "corporate_parent_name": "NA", "query": "Rocket, Hegenberger Rd, Oakland, CA, 94621", "formatted_address": "449 Hegenberger Rd, Oakland, CA 94621, United States", "latitude": "37.736653", "longitude": "-122.1975673", "place_id": "ChIJIbc6FbKFj4AR2QqcJtur6Ng", "google_status": "OK", "match_status": "matched" }, "geometry": { "type": "Point", "coordinates": [ -122.1975673, 37.736653 ] } },
{ "type": "Feature", "properties": { "company_business_name": "Rockridge Market Hall", "address": "College Ave", "city": "Oakland", "state_abbreviation": "CA", "zip_code": "94618", "primary_naics": "44511003", "primary_sic": "541105", "industry_description": "Grocers-Retail, Fruits & Vegetables & Produce-Retail, Restaurants", "affiliated_orgs": "NA", "brands": "NA", "headquarters_name": "NA", "location_confidence": "High", "naics_industry_sector": "Retail Trade", "business_category": "Independent", "square_footage": "10000 - 19999", "employee_count": "5", "sales_volume": "1379000", "corporate_parent_name": "NA", "query": "Rockridge Market Hall, College Ave, Oakland, CA, 94618", "formatted_address": "5655 College Ave, Oakland, CA 94618, United States", "latitude": "37.8437533", "longitude": "-122.2520712", "place_id": "ChIJFcaZ8sJ9hYAR6P2QgxG4XEc", "google_status": "OK", "match_status": "matched" }, "geometry": { "type": "Point", "coordinates": [ -122.2520712, 37.8437533 ] } },
{ "type": "Feature", "properties": { "company_business_name": "Rocky's Market", "address": "Leimert Blvd", "city": "Oakland", "state_abbreviation": "CA", "zip_code": "94602", "primary_naics": "44511003", "primary_sic": "541105", "industry_description": "Grocers-Retail, Retail Shops, Non-Profit Organizations", "affiliated_orgs": "NA", "brands": "NA", "headquarters_name": "NA", "location_confidence": "Medium", "naics_industry_sector": "Retail Trade", "business_category": "Independent", "square_footage": "1 - 1499", "employee_count": "4", "sales_volume": "1103000", "corporate_parent_name": "NA", "query": "Rocky's Market, Leimert Blvd, Oakland, CA, 94602", "formatted_address": "1440 Leimert Blvd, Oakland, CA 94602, United States", "latitude": "37.8117836", "longitude": "-122.2123416", "place_id": "ChIJh4ZaiKOHj4ARaF9bzHP1Rpw", "google_status": "OK", "match_status": "matched" }, "geometry": { "type": "Point", "coordinates": [ -122.2123416, 37.8117836 ] } },
{ "type": "Feature", "properties": { "company_business_name": "Rowaid Market", "address": "90th Ave", "city": "Oakland", "state_abbreviation": "CA", "zip_code": "94603", "primary_naics": "44511003", "primary_sic": "541105", "industry_description": "Grocers-Retail", "affiliated_orgs": "NA", "brands": "NA", "headquarters_name": "NA", "location_confidence": "High", "naics_industry_sector": "Retail Trade", "business_category": "Independent", "square_footage": "1 - 1499", "employee_count": "2", "sales_volume": "552000", "corporate_parent_name": "NA", "query": "Rowaid Market, 90th Ave, Oakland, CA, 94603", "formatted_address": "2123 90th Ave, Oakland, CA 94603, United States", "latitude": "37.7535122", "longitude": "-122.1662805", "place_id": "ChIJS243dmePj4ARv8eecCVUNVg", "google_status": "OK", "match_status": "matched" }, "geometry": { "type": "Point", "coordinates": [ -122.1662805, 37.7535122 ] } },
{ "type": "Feature", "properties": { "company_business_name": "Royal Food Super Market", "address": "Macarthur Blvd", "city": "Oakland", "state_abbreviation": "CA", "zip_code": "94605", "primary_naics": "44511003", "primary_sic": "541105", "industry_description": "Grocers-Retail, Grocers-Wholesale", "affiliated_orgs": "NA", "brands": "NA", "headquarters_name": "NA", "location_confidence": "High", "naics_industry_sector": "Retail Trade", "business_category": "Independent", "square_footage": "1500 - 2499", "employee_count": "4", "sales_volume": "1103000", "corporate_parent_name": "NA", "query": "Royal Food Super Market, Macarthur Blvd, Oakland, CA, 94605", "formatted_address": "7615 MacArthur Blvd, Oakland, CA 94605, United States", "latitude": "37.7674717", "longitude": "-122.1698473", "place_id": "ChIJqR0VHlSPj4ARHdCVwDY8E6w", "google_status": "OK", "match_status": "matched" }, "geometry": { "type": "Point", "coordinates": [ -122.1698473, 37.7674717 ] } },
{ "type": "Feature", "properties": { "company_business_name": "S & M Market", "address": "Martin Luther King Jr Way", "city": "Oakland", "state_abbreviation": "CA", "zip_code": "94609", "primary_naics": "44511003", "primary_sic": "541105", "industry_description": "Grocers-Retail", "affiliated_orgs": "NA", "brands": "NA", "headquarters_name": "NA", "location_confidence": "High", "naics_industry_sector": "Retail Trade", "business_category": "Independent", "square_footage": "1500 - 2499", "employee_count": "1", "sales_volume": "276000", "corporate_parent_name": "NA", "query": "S & M Market, Martin Luther King Jr Way, Oakland, CA, 94609", "formatted_address": "3222 Martin Luther King Jr Way, Oakland, CA 94609, United States", "latitude": "37.8219418", "longitude": "-122.2702589", "place_id": "ChIJPSA2RAF-hYARZMmmpv6-joU", "google_status": "OK", "match_status": "matched" }, "geometry": { "type": "Point", "coordinates": [ -122.2702589, 37.8219418 ] } },
{ "type": "Feature", "properties": { "company_business_name": "S & S Market", "address": "35 Th Ave", "city": "Oakland", "state_abbreviation": "CA", "zip_code": "94601", "primary_naics": "44511003", "primary_sic": "541105", "industry_description": "Grocers-Retail", "affiliated_orgs": "NA", "brands": "NA", "headquarters_name": "NA", "location_confidence": "High", "naics_industry_sector": "Retail Trade", "business_category": "Independent", "square_footage": "1 - 1499", "employee_count": "1", "sales_volume": "276000", "corporate_parent_name": "NA", "query": "S & S Market, 35 Th Ave, Oakland, CA, 94601", "formatted_address": "2235 35th Ave, Oakland, CA 94601, United States", "latitude": "37.7854154", "longitude": "-122.2150124", "place_id": "ChIJrRv3kVmGj4AR47lfm2bPLaA", "google_status": "OK", "match_status": "matched" }, "geometry": { "type": "Point", "coordinates": [ -122.2150124, 37.7854154 ] } },
{ "type": "Feature", "properties": { "company_business_name": "Safeway", "address": "Broadway", "city": "Oakland", "state_abbreviation": "CA", "zip_code": "94611", "primary_naics": "44511003", "primary_sic": "541105", "industry_description": "Grocers-Retail, Florists-Retail, Liquors-Retail, Organic Foods & Services, Farm Markets, Bakers-Retail", "affiliated_orgs": "NA", "brands": "NA", "headquarters_name": "Safeway Inc", "location_confidence": "High", "naics_industry_sector": "Retail Trade", "business_category": "Branch", "square_footage": "40000 - 99999", "employee_count": "79", "sales_volume": "21773000", "corporate_parent_name": "Albertsons Companies", "query": "Safeway, Broadway, Oakland, CA, 94611", "formatted_address": "5100 Broadway, Oakland, CA 94611, United States", "latitude": "37.8348736", "longitude": "-122.2486188", "place_id": "ChIJfRZHCu59hYARiUkphuUXcPI", "google_status": "OK", "match_status": "matched" }, "geometry": { "type": "Point", "coordinates": [ -122.2486188, 37.8348736 ] } },
{ "type": "Feature", "properties": { "company_business_name": "Safeway", "address": "Fruitvale Ave", "city": "Oakland", "state_abbreviation": "CA", "zip_code": "94602", "primary_naics": "44511003", "primary_sic": "541105", "industry_description": "Grocers-Retail, Exporters (Whls), Importers (Whls), Retail Shops, Liquors-Retail, Florists-Retail, Organic Foods & Services, Farm Markets, Bakers-Retail", "affiliated_orgs": "NA", "brands": "NA", "headquarters_name": "Safeway Inc", "location_confidence": "High", "naics_industry_sector": "Retail Trade", "business_category": "Branch", "square_footage": "40000 - 99999", "employee_count": "77", "sales_volume": "21222000", "corporate_parent_name": "Albertsons Companies", "query": "Safeway, Fruitvale Ave, Oakland, CA, 94602", "formatted_address": "3550 Fruitvale Ave, Oakland, CA 94602, United States", "latitude": "37.80132890000001", "longitude": "-122.2154864", "place_id": "ChIJTTlBXqmHj4AR8XmtBq-0YU8", "google_status": "OK", "match_status": "matched" }, "geometry": { "type": "Point", "coordinates": [ -122.2154864, 37.8013289 ] } },
{ "type": "Feature", "properties": { "company_business_name": "Safeway", "address": "Redwood Rd", "city": "Oakland", "state_abbreviation": "CA", "zip_code": "94619", "primary_naics": "44511003", "primary_sic": "541105", "industry_description": "Grocers-Retail, Liquors-Retail, Florists-Retail, Organic Foods & Services, Farm Markets, Bakers-Retail", "affiliated_orgs": "NA", "brands": "NA", "headquarters_name": "Safeway Inc", "location_confidence": "High", "naics_industry_sector": "Retail Trade", "business_category": "Branch", "square_footage": "40000 - 99999", "employee_count": "85", "sales_volume": "23427000", "corporate_parent_name": "Albertsons Companies", "query": "Safeway, Redwood Rd, Oakland, CA, 94619", "formatted_address": "4100 Redwood Rd, Oakland, CA 94619, United States", "latitude": "37.7983231", "longitude": "-122.1824419", "place_id": "ChIJg9ZbDC-Gj4ARs7JyAyXJBH8", "google_status": "OK", "match_status": "matched" }, "geometry": { "type": "Point", "coordinates": [ -122.1824419, 37.7983231 ] } },
{ "type": "Feature", "properties": { "company_business_name": "Safeway", "address": "College Ave", "city": "Oakland", "state_abbreviation": "CA", "zip_code": "94618", "primary_naics": "44511003", "primary_sic": "541105", "industry_description": "Grocers-Retail, Liquors-Retail, Florists-Retail, Shopping Service-Personal, Alternative Fuels, Organic Foods & Services, Farm Markets, Bakers-Retail", "affiliated_orgs": "NA", "brands": "NA", "headquarters_name": "Safeway Inc", "location_confidence": "High", "naics_industry_sector": "Retail Trade", "business_category": "Branch", "square_footage": "40000 - 99999", "employee_count": "125", "sales_volume": "34451000", "corporate_parent_name": "Albertsons Companies", "query": "Safeway, College Ave, Oakland, CA, 94618", "formatted_address": "6310 College Ave, Oakland, CA 94618, United States", "latitude": "37.85058", "longitude": "-122.2521213", "place_id": "ChIJCYYAFMV9hYARmJORQa4TX58", "google_status": "OK", "match_status": "matched" }, "geometry": { "type": "Point", "coordinates": [ -122.2521213, 37.85058 ] } },
{ "type": "Feature", "properties": { "company_business_name": "Safeway", "address": "Mountain Blvd", "city": "Oakland", "state_abbreviation": "CA", "zip_code": "94611", "primary_naics": "44511003", "primary_sic": "541105", "industry_description": "Grocers-Retail, Liquors-Retail, Florists-Retail, Organic Foods & Services, Farm Markets, Bakers-Retail", "affiliated_orgs": "NA", "brands": "NA", "headquarters_name": "Safeway Inc", "location_confidence": "Medium", "naics_industry_sector": "Retail Trade", "business_category": "Branch", "square_footage": "40000 - 99999", "employee_count": "85", "sales_volume": "23427000", "corporate_parent_name": "Albertsons Companies", "query": "Safeway, Mountain Blvd, Oakland, CA, 94611", "formatted_address": "2096 Mountain Blvd, Oakland, CA 94611, United States", "latitude": "37.825454", "longitude": "-122.2088816", "place_id": "ChIJjxE0jpqHj4ARxzcUjOQiAmc", "google_status": "OK", "match_status": "matched" }, "geometry": { "type": "Point", "coordinates": [ -122.2088816, 37.825454 ] } },
{ "type": "Feature", "properties": { "company_business_name": "Safeway", "address": "Grand Ave", "city": "Oakland", "state_abbreviation": "CA", "zip_code": "94610", "primary_naics": "44511003", "primary_sic": "541105", "industry_description": "Grocers-Retail, Retail Shops, Liquors-Retail, Florists-Retail, Organic Foods & Services, Farm Markets, Bakers-Retail", "affiliated_orgs": "NA", "brands": "NA", "headquarters_name": "Safeway Inc", "location_confidence": "High", "naics_industry_sector": "Retail Trade", "business_category": "Branch", "square_footage": "40000 - 99999", "employee_count": "80", "sales_volume": "22049000", "corporate_parent_name": "Albertsons Companies", "query": "Safeway, Grand Ave, Oakland, CA, 94610", "formatted_address": "3747 Grand Ave, Oakland, CA 94610, United States", "latitude": "37.8172831", "longitude": "-122.2456875", "place_id": "ChIJ6Wg4Hl2Hj4ARz2tPBU7Inj4", "google_status": "OK", "match_status": "matched" }, "geometry": { "type": "Point", "coordinates": [ -122.2456875, 37.8172831 ] } },
{ "type": "Feature", "properties": { "company_business_name": "Saigon Market", "address": "Telegraph Ave", "city": "Oakland", "state_abbreviation": "CA", "zip_code": "94612", "primary_naics": "42441005", "primary_sic": "514105", "industry_description": "Grocers-Wholesale, Grocers-Retail", "affiliated_orgs": "NA", "brands": "NA", "headquarters_name": "NA", "location_confidence": "High", "naics_industry_sector": "Wholesale Trade", "business_category": "Independent", "square_footage": "2500 - 4999", "employee_count": "2", "sales_volume": "3638000", "corporate_parent_name": "NA", "query": "Saigon Market, Telegraph Ave, Oakland, CA, 94612", "formatted_address": "2331 Telegraph Ave, Oakland, CA 94612, United States", "latitude": "37.8132987", "longitude": "-122.2688601", "place_id": "ChIJmbvneayAj4ARScf0p5txUtg", "google_status": "OK", "match_status": "matched" }, "geometry": { "type": "Point", "coordinates": [ -122.2688601, 37.8132987 ] } },
{ "type": "Feature", "properties": { "company_business_name": "Salam Halal Market", "address": "7 Th St", "city": "Oakland", "state_abbreviation": "CA", "zip_code": "94607", "primary_naics": "44511003", "primary_sic": "541105", "industry_description": "Grocers-Retail", "affiliated_orgs": "NA", "brands": "NA", "headquarters_name": "NA", "location_confidence": "Medium", "naics_industry_sector": "Retail Trade", "business_category": "Independent", "square_footage": "1500 - 2499", "employee_count": "2", "sales_volume": "552000", "corporate_parent_name": "NA", "query": "Salam Halal Market, 7 Th St, Oakland, CA, 94607", "formatted_address": "999 7th St, Oakland, CA 94607, United States", "latitude": "37.8028708", "longitude": "-122.2849009", "place_id": "ChIJzW8F6kKBj4ARh01XAlXDGCQ", "google_status": "OK", "match_status": "matched" }, "geometry": { "type": "Point", "coordinates": [ -122.2849009, 37.8028708 ] } },
{ "type": "Feature", "properties": { "company_business_name": "Sana Market", "address": "Telegraph Ave", "city": "Oakland", "state_abbreviation": "CA", "zip_code": "94609", "primary_naics": "44511003", "primary_sic": "541105", "industry_description": "Grocers-Retail", "affiliated_orgs": "NA", "brands": "NA", "headquarters_name": "NA", "location_confidence": "Medium", "naics_industry_sector": "Retail Trade", "business_category": "Independent", "square_footage": "1500 - 2499", "employee_count": "1", "sales_volume": "276000", "corporate_parent_name": "NA", "query": "Sana Market, Telegraph Ave, Oakland, CA, 94609", "formatted_address": "3710 Telegraph Ave, Oakland, CA 94609, United States", "latitude": "37.8256217", "longitude": "-122.2651201", "place_id": "ChIJdTkviv19hYAR8T96FGpWGCM", "google_status": "OK", "match_status": "matched" }, "geometry": { "type": "Point", "coordinates": [ -122.2651201, 37.8256217 ] } },
{ "type": "Feature", "properties": { "company_business_name": "Savemore Market", "address": "Park Blvd", "city": "Oakland", "state_abbreviation": "CA", "zip_code": "94602", "primary_naics": "44511003", "primary_sic": "541105", "industry_description": "Grocers-Retail, Restaurants, Convenience Stores, Wines-Retail, Liquors-Retail", "affiliated_orgs": "NA", "brands": "NA", "headquarters_name": "NA", "location_confidence": "High", "naics_industry_sector": "Retail Trade", "business_category": "Independent", "square_footage": "1 - 1499", "employee_count": "3", "sales_volume": "827000", "corporate_parent_name": "NA", "query": "Savemore Market, Park Blvd, Oakland, CA, 94602", "formatted_address": "4219 Park Blvd, Oakland, CA 94602, United States", "latitude": "37.8075698", "longitude": "-122.222511", "place_id": "ChIJN8nFmAmHj4AR0b6h2-ESkcI", "google_status": "OK", "match_status": "matched" }, "geometry": { "type": "Point", "coordinates": [ -122.222511, 37.8075698 ] } },
{ "type": "Feature", "properties": { "company_business_name": "School Street Market", "address": "School St", "city": "Oakland", "state_abbreviation": "CA", "zip_code": "94602", "primary_naics": "44511003", "primary_sic": "541105", "industry_description": "Grocers-Retail", "affiliated_orgs": "NA", "brands": "NA", "headquarters_name": "NA", "location_confidence": "High", "naics_industry_sector": "Retail Trade", "business_category": "Independent", "square_footage": "1 - 1499", "employee_count": "2", "sales_volume": "552000", "corporate_parent_name": "NA", "query": "School Street Market, School St, Oakland, CA, 94602", "formatted_address": "3051 School St, Oakland, CA 94602, United States", "latitude": "37.7941355", "longitude": "-122.2114304", "place_id": "ChIJh8JOtVOGj4ARxAZEw7T3nsA", "google_status": "OK", "match_status": "matched" }, "geometry": { "type": "Point", "coordinates": [ -122.2114304, 37.7941355 ] } },
{ "type": "Feature", "properties": { "company_business_name": "Shell", "address": "Broadway", "city": "Oakland", "state_abbreviation": "CA", "zip_code": "94618", "primary_naics": "45712003", "primary_sic": "554101", "industry_description": "Service Stations-Gasoline & Oil, Grocers-Retail", "affiliated_orgs": "NA", "brands": "Shell", "headquarters_name": "Shell Oil Products Co LLC", "location_confidence": "High", "naics_industry_sector": "Retail Trade", "business_category": "Branch", "square_footage": "1500 - 2499", "employee_count": "5", "sales_volume": "5077000", "corporate_parent_name": "NA", "query": "Shell, Broadway, Oakland, CA, 94618", "formatted_address": "5755 Broadway, Oakland, CA 94618, United States", "latitude": "37.8437841", "longitude": "-122.2468566", "place_id": "ChIJ482idOp9hYARxBf7gRuCCMA", "google_status": "OK", "match_status": "matched" }, "geometry": { "type": "Point", "coordinates": [ -122.2468566, 37.8437841 ] } },
{ "type": "Feature", "properties": { "company_business_name": "Shop Rite Supermarket", "address": "Bancroft Ave", "city": "Oakland", "state_abbreviation": "CA", "zip_code": "94605", "primary_naics": "45511003", "primary_sic": "531104", "industry_description": "Retail Shops, Grocers-Retail, Meat Cutting Service, Check Cashing Service", "affiliated_orgs": "NA", "brands": "NA", "headquarters_name": "NA", "location_confidence": "High", "naics_industry_sector": "Retail Trade", "business_category": "Independent", "square_footage": "5000 - 9999", "employee_count": "12", "sales_volume": "2334000", "corporate_parent_name": "NA", "query": "Shop Rite Supermarket, Bancroft Ave, Oakland, CA, 94605", "formatted_address": "5800 Bancroft Ave, Oakland, CA 94605, United States", "latitude": "37.7714357", "longitude": "-122.1925461", "place_id": "ChIJqTIVQAyGj4ARLQojHD1cPEU", "google_status": "OK", "match_status": "matched" }, "geometry": { "type": "Point", "coordinates": [ -122.1925461, 37.7714357 ] } },
{ "type": "Feature", "properties": { "company_business_name": "Shoppers Market", "address": "23rd Ave", "city": "Oakland", "state_abbreviation": "CA", "zip_code": "94606", "primary_naics": "44511003", "primary_sic": "541105", "industry_description": "Grocers-Retail, Cellular Telephones (Services), Cellular Telephones-Equipment & Supls", "affiliated_orgs": "NA", "brands": "NA", "headquarters_name": "NA", "location_confidence": "High", "naics_industry_sector": "Retail Trade", "business_category": "Independent", "square_footage": "1500 - 2499", "employee_count": "2", "sales_volume": "552000", "corporate_parent_name": "NA", "query": "Shoppers Market, 23rd Ave, Oakland, CA, 94606", "formatted_address": "2101 23rd Ave, Oakland, CA 94606, United States", "latitude": "37.7889622", "longitude": "-122.2315798", "place_id": "ChIJZ4C0K-OGj4ARFWam2nrVrQI", "google_status": "OK", "match_status": "matched" }, "geometry": { "type": "Point", "coordinates": [ -122.2315798, 37.7889622 ] } },
{ "type": "Feature", "properties": { "company_business_name": "Shrif Market", "address": "Willow St", "city": "Oakland", "state_abbreviation": "CA", "zip_code": "94607", "primary_naics": "44511003", "primary_sic": "541105", "industry_description": "Grocers-Retail", "affiliated_orgs": "NA", "brands": "NA", "headquarters_name": "NA", "location_confidence": "Medium", "naics_industry_sector": "Retail Trade", "business_category": "Independent", "square_footage": "1 - 1499", "employee_count": "2", "sales_volume": "552000", "corporate_parent_name": "NA", "query": "Shrif Market, Willow St, Oakland, CA, 94607", "formatted_address": "1044 Willow St, Oakland, CA 94607, United States", "latitude": "37.8103334", "longitude": "-122.2982763", "place_id": "ChIJ0UeN6Sd-hYARNhP_NnEr_BU", "google_status": "OK", "match_status": "matched" }, "geometry": { "type": "Point", "coordinates": [ -122.2982763, 37.8103334 ] } },
{ "type": "Feature", "properties": { "company_business_name": "Sky Market", "address": "14th Ave", "city": "Oakland", "state_abbreviation": "CA", "zip_code": "94606", "primary_naics": "44511003", "primary_sic": "541105", "industry_description": "Grocers-Retail", "affiliated_orgs": "NA", "brands": "NA", "headquarters_name": "NA", "location_confidence": "High", "naics_industry_sector": "Retail Trade", "business_category": "Independent", "square_footage": "1 - 1499", "employee_count": "2", "sales_volume": "552000", "corporate_parent_name": "NA", "query": "Sky Market, 14th Ave, Oakland, CA, 94606", "formatted_address": "2645 14th Ave, Oakland, CA 94606, United States", "latitude": "37.7966914", "longitude": "-122.2334201", "place_id": "ChIJafKEchuHj4ARLEGRPTReQ8k", "google_status": "OK", "match_status": "matched" }, "geometry": { "type": "Point", "coordinates": [ -122.2334201, 37.7966914 ] } },
{ "type": "Feature", "properties": { "company_business_name": "Smart & Final Extra!", "address": "42 Nd Ave", "city": "Oakland", "state_abbreviation": "CA", "zip_code": "94601", "primary_naics": "44511003", "primary_sic": "541105", "industry_description": "Grocers-Retail, Grocers-Wholesale, Convenience Stores, Food Products (Whls), Fruits & Vegetables & Produce-Retail, Wholesalers", "affiliated_orgs": "NA", "brands": "NA", "headquarters_name": "Smart & Final Stores LLC", "location_confidence": "High", "naics_industry_sector": "Retail Trade", "business_category": "Branch", "square_footage": "20000 - 39999", "employee_count": "29", "sales_volume": "7993000", "corporate_parent_name": "NA", "query": "Smart & Final Extra!, 42 Nd Ave, Oakland, CA, 94601", "formatted_address": "1243 42nd Ave, Oakland, CA 94601, United States", "latitude": "37.7729019", "longitude": "-122.2172612", "place_id": "ChIJAQLsgWGGj4AROz_Z9EqiMaw", "google_status": "OK", "match_status": "matched" }, "geometry": { "type": "Point", "coordinates": [ -122.2172612, 37.7729019 ] } },
{ "type": "Feature", "properties": { "company_business_name": "Sonteheap Market", "address": "14th Ave", "city": "Oakland", "state_abbreviation": "CA", "zip_code": "94606", "primary_naics": "45521908", "primary_sic": "539901", "industry_description": "General Merchandise-Retail, Grocers-Retail", "affiliated_orgs": "NA", "brands": "NA", "headquarters_name": "NA", "location_confidence": "High", "naics_industry_sector": "Retail Trade", "business_category": "Independent", "square_footage": "1500 - 2499", "employee_count": "1", "sales_volume": "179000", "corporate_parent_name": "NA", "query": "Sonteheap Market, 14th Ave, Oakland, CA, 94606", "formatted_address": "1400 14th Ave, Oakland, CA 94606, United States", "latitude": "37.7896335", "longitude": "-122.2454182", "place_id": "ChIJzfHV_yCHj4ARjACd38a3ddc", "google_status": "OK", "match_status": "matched" }, "geometry": { "type": "Point", "coordinates": [ -122.2454182, 37.7896335 ] } },
{ "type": "Feature", "properties": { "company_business_name": "Sontepheap Market", "address": "International Blvd", "city": "Oakland", "state_abbreviation": "CA", "zip_code": "94606", "primary_naics": "44511003", "primary_sic": "541105", "industry_description": "Grocers-Retail", "affiliated_orgs": "NA", "brands": "NA", "headquarters_name": "NA", "location_confidence": "High", "naics_industry_sector": "Retail Trade", "business_category": "Independent", "square_footage": "1500 - 2499", "employee_count": "2", "sales_volume": "552000", "corporate_parent_name": "NA", "query": "Sontepheap Market, International Blvd, Oakland, CA, 94606", "formatted_address": "1400 14th Ave, Oakland, CA 94606, United States", "latitude": "37.7896335", "longitude": "-122.2454182", "place_id": "ChIJzfHV_yCHj4ARjACd38a3ddc", "google_status": "OK", "match_status": "matched" }, "geometry": { "type": "Point", "coordinates": [ -122.2454182, 37.7896335 ] } },
{ "type": "Feature", "properties": { "company_business_name": "Sprouts Farmers Market", "address": "Broadway", "city": "Oakland", "state_abbreviation": "CA", "zip_code": "94611", "primary_naics": "44511003", "primary_sic": "541105", "industry_description": "Grocers-Retail, Organic Foods & Services, Vitamin & Food Supplements", "affiliated_orgs": "NA", "brands": "NA", "headquarters_name": "Sprouts Farmers Market, Inc", "location_confidence": "Medium", "naics_industry_sector": "Retail Trade", "business_category": "Branch", "square_footage": "40000 - 99999", "employee_count": "77", "sales_volume": "21222000", "corporate_parent_name": "NA", "query": "Sprouts Farmers Market, Broadway, Oakland, CA, 94611", "formatted_address": "3035 Broadway, Oakland, CA 94611, United States", "latitude": "37.8193096", "longitude": "-122.2624368", "place_id": "ChIJrdt8l1WHj4ARUWnuX-4e4zI", "google_status": "OK", "match_status": "matched" }, "geometry": { "type": "Point", "coordinates": [ -122.2624368, 37.8193096 ] } },
{ "type": "Feature", "properties": { "company_business_name": "Stop N Go Gas Station", "address": "Broadway", "city": "Oakland", "state_abbreviation": "CA", "zip_code": "94618", "primary_naics": "44511003", "primary_sic": "541105", "industry_description": "Grocers-Retail, Service Stations-Gasoline & Oil", "affiliated_orgs": "NA", "brands": "NA", "headquarters_name": "NA", "location_confidence": "High", "naics_industry_sector": "Retail Trade", "business_category": "Independent", "square_footage": "1 - 1499", "employee_count": "6", "sales_volume": "1654000", "corporate_parent_name": "NA", "query": "Stop N Go Gas Station, Broadway, Oakland, CA, 94618", "formatted_address": "5300 Broadway, Oakland, CA 94618, United States", "latitude": "37.8373476", "longitude": "-122.2501703", "place_id": "ChIJRW1Vwe59hYARih-41dGQDuc", "google_status": "OK", "match_status": "matched" }, "geometry": { "type": "Point", "coordinates": [ -122.2501703, 37.8373476 ] } },
{ "type": "Feature", "properties": { "company_business_name": "Sun Beam Market", "address": "Adeline St", "city": "Oakland", "state_abbreviation": "CA", "zip_code": "94607", "primary_naics": "44511003", "primary_sic": "541105", "industry_description": "Grocers-Retail", "affiliated_orgs": "NA", "brands": "NA", "headquarters_name": "NA", "location_confidence": "Medium", "naics_industry_sector": "Retail Trade", "business_category": "Independent", "square_footage": "1 - 1499", "employee_count": "1", "sales_volume": "276000", "corporate_parent_name": "NA", "query": "Sun Beam Market, Adeline St, Oakland, CA, 94607", "formatted_address": "1400 Adeline St, Oakland, CA 94607, United States", "latitude": "37.809739", "longitude": "-122.2859337", "place_id": "ChIJj5pevKGAj4ARYcRtmcwnbJA", "google_status": "OK", "match_status": "matched" }, "geometry": { "type": "Point", "coordinates": [ -122.2859337, 37.809739 ] } },
{ "type": "Feature", "properties": { "company_business_name": "Sun Beam Market", "address": "Bancroft Ave", "city": "Oakland", "state_abbreviation": "CA", "zip_code": "94605", "primary_naics": "44511003", "primary_sic": "541105", "industry_description": "Grocers-Retail", "affiliated_orgs": "NA", "brands": "NA", "headquarters_name": "NA", "location_confidence": "High", "naics_industry_sector": "Retail Trade", "business_category": "Independent", "square_footage": "1 - 1499", "employee_count": "1", "sales_volume": "276000", "corporate_parent_name": "NA", "query": "Sun Beam Market, Bancroft Ave, Oakland, CA, 94605", "formatted_address": "1400 Adeline St, Oakland, CA 94607, United States", "latitude": "37.809739", "longitude": "-122.2859337", "place_id": "ChIJj5pevKGAj4ARYcRtmcwnbJA", "google_status": "OK", "match_status": "matched" }, "geometry": { "type": "Point", "coordinates": [ -122.2859337, 37.809739 ] } },
{ "type": "Feature", "properties": { "company_business_name": "Sun Hop Fat 1 Supermarket", "address": "E 12th St", "city": "Oakland", "state_abbreviation": "CA", "zip_code": "94606", "primary_naics": "44511003", "primary_sic": "541105", "industry_description": "Grocers-Retail", "affiliated_orgs": "NA", "brands": "NA", "headquarters_name": "NA", "location_confidence": "High", "naics_industry_sector": "Retail Trade", "business_category": "Independent", "square_footage": "5000 - 9999", "employee_count": "15", "sales_volume": "4135000", "corporate_parent_name": "NA", "query": "Sun Hop Fat 1 Supermarket, E 12th St, Oakland, CA, 94606", "formatted_address": "501 E 12th St, Oakland, CA 94606, United States", "latitude": "37.7947666", "longitude": "-122.2548276", "place_id": "ChIJDdQnEDCHj4ARNkax5ddxvIM", "google_status": "OK", "match_status": "matched" }, "geometry": { "type": "Point", "coordinates": [ -122.2548276, 37.7947666 ] } },
{ "type": "Feature", "properties": { "company_business_name": "Sun Sang Supermarket", "address": "International Blvd", "city": "Oakland", "state_abbreviation": "CA", "zip_code": "94606", "primary_naics": "45511003", "primary_sic": "531104", "industry_description": "Retail Shops, Grocers-Retail", "affiliated_orgs": "NA", "brands": "NA", "headquarters_name": "NA", "location_confidence": "High", "naics_industry_sector": "Retail Trade", "business_category": "Independent", "square_footage": "5000 - 9999", "employee_count": "12", "sales_volume": "2334000", "corporate_parent_name": "NA", "query": "Sun Sang Supermarket, International Blvd, Oakland, CA, 94606", "formatted_address": "751 International Blvd, Oakland, CA 94606, United States", "latitude": "37.7937009", "longitude": "-122.2516675", "place_id": "ChIJY18uGiWHj4AR-SApclEkK7k", "google_status": "OK", "match_status": "matched" }, "geometry": { "type": "Point", "coordinates": [ -122.2516675, 37.7937009 ] } },
{ "type": "Feature", "properties": { "company_business_name": "Super Mercado Mi Tierra", "address": "International Blvd", "city": "Oakland", "state_abbreviation": "CA", "zip_code": "94603", "primary_naics": "44511003", "primary_sic": "541105", "industry_description": "Grocers-Retail", "affiliated_orgs": "NA", "brands": "NA", "headquarters_name": "NA", "location_confidence": "High", "naics_industry_sector": "Retail Trade", "business_category": "Independent", "square_footage": "20000 - 39999", "employee_count": "20", "sales_volume": "5513000", "corporate_parent_name": "NA", "query": "Super Mercado Mi Tierra, International Blvd, Oakland, CA, 94603", "formatted_address": "9520 International Blvd, Oakland, CA 94603, United States", "latitude": "37.7461795", "longitude": "-122.1713906", "place_id": "ChIJnQ75smOPj4ARabmaipI4U6U", "google_status": "OK", "match_status": "matched" }, "geometry": { "type": "Point", "coordinates": [ -122.1713906, 37.7461795 ] } },
{ "type": "Feature", "properties": { "company_business_name": "Super Mercado Mitierra", "address": "Fruitvale Ave", "city": "Oakland", "state_abbreviation": "CA", "zip_code": "94601", "primary_naics": "44511003", "primary_sic": "541105", "industry_description": "Grocers-Retail, Fruits & Vegetables & Produce-Retail", "affiliated_orgs": "NA", "brands": "NA", "headquarters_name": "NA", "location_confidence": "High", "naics_industry_sector": "Retail Trade", "business_category": "Independent", "square_footage": "10000 - 19999", "employee_count": "25", "sales_volume": "3927000", "corporate_parent_name": "NA", "query": "Super Mercado Mitierra, Fruitvale Ave, Oakland, CA, 94601", "formatted_address": "2758 Fruitvale Ave, Oakland, CA 94601, United States", "latitude": "37.7913271", "longitude": "-122.2193314", "place_id": "ChIJaWHP8VWGj4ARd0xAtHsID04", "google_status": "OK", "match_status": "matched" }, "geometry": { "type": "Point", "coordinates": [ -122.2193314, 37.7913271 ] } },
{ "type": "Feature", "properties": { "company_business_name": "Supermercado Mi Pueblo", "address": "International Blvd", "city": "Oakland", "state_abbreviation": "CA", "zip_code": "94601", "primary_naics": "44511003", "primary_sic": "541105", "industry_description": "Grocers-Retail", "affiliated_orgs": "NA", "brands": "NA", "headquarters_name": "NA", "location_confidence": "High", "naics_industry_sector": "Retail Trade", "business_category": "Independent", "square_footage": "1500 - 2499", "employee_count": "9", "sales_volume": "2481000", "corporate_parent_name": "NA", "query": "Supermercado Mi Pueblo, International Blvd, Oakland, CA, 94601", "formatted_address": "2838 International Blvd, Oakland, CA 94601, United States", "latitude": "37.7795422", "longitude": "-122.2291808", "place_id": "ChIJ7wMRpfGGj4ARYAJYi0HmNQs", "google_status": "OK", "match_status": "matched" }, "geometry": { "type": "Point", "coordinates": [ -122.2291808, 37.7795422 ] } },
{ "type": "Feature", "properties": { "company_business_name": "Swans Market", "address": "San Pablo Ave", "city": "Oakland", "state_abbreviation": "CA", "zip_code": "94612", "primary_naics": "44511003", "primary_sic": "541105", "industry_description": "Grocers-Retail, Non-Profit Organizations", "affiliated_orgs": "NA", "brands": "NA", "headquarters_name": "NA", "location_confidence": "High", "naics_industry_sector": "Retail Trade", "business_category": "Independent", "square_footage": "1500 - 2499", "employee_count": "2", "sales_volume": "552000", "corporate_parent_name": "NA", "query": "Swans Market, San Pablo Ave, Oakland, CA, 94612", "formatted_address": "Oakland, CA 94607, United States", "latitude": "37.80191440000001", "longitude": "-122.2753685", "place_id": "ChIJxbtNSreAj4ARyUkQvZ9D_Jw", "google_status": "OK", "match_status": "matched" }, "geometry": { "type": "Point", "coordinates": [ -122.2753685, 37.8019144 ] } },
{ "type": "Feature", "properties": { "company_business_name": "Sweetheart Cafe & Tea", "address": "9 Th St", "city": "Oakland", "state_abbreviation": "CA", "zip_code": "94607", "primary_naics": "44511003", "primary_sic": "541105", "industry_description": "Grocers-Retail, Coffee Shops", "affiliated_orgs": "NA", "brands": "NA", "headquarters_name": "NA", "location_confidence": "Medium", "naics_industry_sector": "Retail Trade", "business_category": "Independent", "square_footage": "1500 - 2499", "employee_count": "5", "sales_volume": "1379000", "corporate_parent_name": "NA", "query": "Sweetheart Cafe & Tea, 9 Th St, Oakland, CA, 94607", "formatted_address": "315 9th St, Oakland, CA 94607, United States", "latitude": "37.7994616", "longitude": "-122.2700471", "place_id": "ChIJqadi7rWAj4ARoa0cRKq28Rs", "google_status": "OK", "match_status": "matched" }, "geometry": { "type": "Point", "coordinates": [ -122.2700471, 37.7994616 ] } },
{ "type": "Feature", "properties": { "company_business_name": "Tabetai Inc", "address": "Roland Way", "city": "Oakland", "state_abbreviation": "CA", "zip_code": "94621", "primary_naics": "44511003", "primary_sic": "541105", "industry_description": "Grocers-Retail, Importers (Whls)", "affiliated_orgs": "NA", "brands": "NA", "headquarters_name": "NA", "location_confidence": "High", "naics_industry_sector": "Retail Trade", "business_category": "Independent", "square_footage": "5000 - 9999", "employee_count": "4", "sales_volume": "1379000", "corporate_parent_name": "NA", "query": "Tabetai Inc, Roland Way, Oakland, CA, 94621", "formatted_address": "401 Roland Way # 220, Oakland, CA 94621, United States", "latitude": "37.7410739", "longitude": "-122.2055693", "place_id": "ChIJwRO9kriFj4ARORCjAorjae0", "google_status": "OK", "match_status": "matched" }, "geometry": { "type": "Point", "coordinates": [ -122.2055693, 37.7410739 ] } },
{ "type": "Feature", "properties": { "company_business_name": "Taiz Market", "address": "85 Th Ave", "city": "Oakland", "state_abbreviation": "CA", "zip_code": "94621", "primary_naics": "44511003", "primary_sic": "541105", "industry_description": "Grocers-Retail", "affiliated_orgs": "NA", "brands": "NA", "headquarters_name": "NA", "location_confidence": "Medium", "naics_industry_sector": "Retail Trade", "business_category": "Independent", "square_footage": "1 - 1499", "employee_count": "2", "sales_volume": "552000", "corporate_parent_name": "NA", "query": "Taiz Market, 85 Th Ave, Oakland, CA, 94621", "formatted_address": "874 85th Ave, Oakland, CA 94621, United States", "latitude": "37.748796", "longitude": "-122.1858011", "place_id": "ChIJedXAqPKFj4ARbcfb7U3AeaY", "google_status": "OK", "match_status": "matched" }, "geometry": { "type": "Point", "coordinates": [ -122.1858011, 37.748796 ] } },
{ "type": "Feature", "properties": { "company_business_name": "Target", "address": "40 Th St", "city": "Emeryville", "state_abbreviation": "CA", "zip_code": "94608", "primary_naics": "45511001", "primary_sic": "531102", "industry_description": "Department Stores, Grocers-Retail, Baby Accessories, Childrens & Infants Wear-Retail, Clothing-Retail, Bedding, Furniture-Dealers-Retail, Kitchen Accessories, Home Accessories & Furnishings, Appliances-Household-Small-Dealers, Video Games, Electronic Equipment & Supplies-Retail, Records Tapes & Compact Discs-Retail, Video Tapes Discs & Cassettes, Exercise Equipment-Retail, Toys-Retail, Wedding Party Gifts, Pet Supplies & Foods-Retail, Cosmetics & Perfumes-Retail, House Furnishings-Retail, Pharmacies, Optometrists OD", "affiliated_orgs": "NA", "brands": "NA", "headquarters_name": "Target Stores Inc", "location_confidence": "High", "naics_industry_sector": "Retail Trade", "business_category": "Branch", "square_footage": "100000+", "employee_count": "150", "sales_volume": "29175000", "corporate_parent_name": "Target", "query": "Target, 40 Th St, Emeryville, CA, 94608", "formatted_address": "1555 40th St, Emeryville, CA 94608, United States", "latitude": "37.8284674", "longitude": "-122.2899395", "place_id": "ChIJv_7_ND5-hYAR8UBqWZ3t1Vg", "google_status": "OK", "match_status": "matched" }, "geometry": { "type": "Point", "coordinates": [ -122.2899395, 37.8284674 ] } },
{ "type": "Feature", "properties": { "company_business_name": "Tazah Market", "address": "Macarthur Blvd", "city": "Oakland", "state_abbreviation": "CA", "zip_code": "94602", "primary_naics": "44511003", "primary_sic": "541105", "industry_description": "Grocers-Retail", "affiliated_orgs": "NA", "brands": "NA", "headquarters_name": "NA", "location_confidence": "Medium", "naics_industry_sector": "Retail Trade", "business_category": "Independent", "square_footage": "1 - 1499", "employee_count": "1", "sales_volume": "276000", "corporate_parent_name": "NA", "query": "Tazah Market, Macarthur Blvd, Oakland, CA, 94602", "formatted_address": "2207 MacArthur Blvd, Oakland, CA 94602, United States", "latitude": "37.800124", "longitude": "-122.21594", "place_id": "ChIJ_3Kuw6uHj4ARNlXW-Ete-f8", "google_status": "OK", "match_status": "matched" }, "geometry": { "type": "Point", "coordinates": [ -122.21594, 37.800124 ] } },
{ "type": "Feature", "properties": { "company_business_name": "Telegraph Wine & Spirits", "address": "Telegraph Ave", "city": "Oakland", "state_abbreviation": "CA", "zip_code": "94612", "primary_naics": "44532004", "primary_sic": "592102", "industry_description": "Liquors-Retail, Grocers-Retail", "affiliated_orgs": "NA", "brands": "NA", "headquarters_name": "NA", "location_confidence": "High", "naics_industry_sector": "Retail Trade", "business_category": "Independent", "square_footage": "1500 - 2499", "employee_count": "3", "sales_volume": "1030000", "corporate_parent_name": "NA", "query": "Telegraph Wine & Spirits, Telegraph Ave, Oakland, CA, 94612", "formatted_address": "2429 Telegraph Ave, Oakland, CA 94612, United States", "latitude": "37.8139992", "longitude": "-122.2686661", "place_id": "ChIJOQ9fhKuAj4AR7zDfY63Df5U", "google_status": "OK", "match_status": "matched" }, "geometry": { "type": "Point", "coordinates": [ -122.2686661, 37.8139992 ] } },
{ "type": "Feature", "properties": { "company_business_name": "The Food Mill", "address": "Macarthur Blvd", "city": "Oakland", "state_abbreviation": "CA", "zip_code": "94602", "primary_naics": "31121106", "primary_sic": "204102", "industry_description": "Milling (Mfrs), Health & Diet Foods-Retail, Restaurants, Grocers-Retail", "affiliated_orgs": "NA", "brands": "NA", "headquarters_name": "NA", "location_confidence": "Medium", "naics_industry_sector": "Manufacturing", "business_category": "Independent", "square_footage": "5000 - 9999", "employee_count": "12", "sales_volume": "9166000", "corporate_parent_name": "NA", "query": "The Food Mill, Macarthur Blvd, Oakland, CA, 94602", "formatted_address": "3033 MacArthur Blvd, Oakland, CA 94602, United States", "latitude": "37.7969306", "longitude": "-122.2044902", "place_id": "ChIJi0GAZ0yGj4AR-WC4uBRCqpY", "google_status": "OK", "match_status": "matched" }, "geometry": { "type": "Point", "coordinates": [ -122.2044902, 37.7969306 ] } },
{ "type": "Feature", "properties": { "company_business_name": "The Market", "address": "College Ave", "city": "Oakland", "state_abbreviation": "CA", "zip_code": "94618", "primary_naics": "44511003", "primary_sic": "541105", "industry_description": "Grocers-Retail, Boutique Items-Retail", "affiliated_orgs": "NA", "brands": "NA", "headquarters_name": "NA", "location_confidence": "Medium", "naics_industry_sector": "Retail Trade", "business_category": "Independent", "square_footage": "NA", "employee_count": "41", "sales_volume": "11300000", "corporate_parent_name": "NA", "query": "The Market, College Ave, Oakland, CA, 94618", "formatted_address": "5914 College Ave, Oakland, CA 94618, United States", "latitude": "37.8475608", "longitude": "-122.2518502", "place_id": "ChIJ-_Dw1IB9hYAR1JHcbuBMGhY", "google_status": "OK", "match_status": "matched" }, "geometry": { "type": "Point", "coordinates": [ -122.2518502, 37.8475608 ] } },
{ "type": "Feature", "properties": { "company_business_name": "Three Amigos Market", "address": "13th Ave", "city": "Oakland", "state_abbreviation": "CA", "zip_code": "94606", "primary_naics": "44511003", "primary_sic": "541105", "industry_description": "Grocers-Retail", "affiliated_orgs": "NA", "brands": "NA", "headquarters_name": "NA", "location_confidence": "High", "naics_industry_sector": "Retail Trade", "business_category": "Independent", "square_footage": "1500 - 2499", "employee_count": "1", "sales_volume": "276000", "corporate_parent_name": "NA", "query": "Three Amigos Market, 13th Ave, Oakland, CA, 94606", "formatted_address": "1554 13th Ave, Oakland, CA 94606, United States", "latitude": "37.7910436", "longitude": "-122.2454328", "place_id": "ChIJZ_4DnyGHj4AR8N6DMQ8EwDk", "google_status": "OK", "match_status": "matched" }, "geometry": { "type": "Point", "coordinates": [ -122.2454328, 37.7910436 ] } },
{ "type": "Feature", "properties": { "company_business_name": "Three Star Market Inc", "address": "Macarthur Blvd", "city": "Oakland", "state_abbreviation": "CA", "zip_code": "94602", "primary_naics": "44511003", "primary_sic": "541105", "industry_description": "Grocers-Retail, Liquors-Retail, Convenience Stores, Wines-Retail, Beer & Ale-Retail, Restaurants", "affiliated_orgs": "NA", "brands": "NA", "headquarters_name": "NA", "location_confidence": "High", "naics_industry_sector": "Retail Trade", "business_category": "Independent", "square_footage": "1 - 1499", "employee_count": "3", "sales_volume": "827000", "corporate_parent_name": "NA", "query": "Three Star Market Inc, Macarthur Blvd, Oakland, CA, 94602", "formatted_address": "2020 MacArthur Blvd, Oakland, CA 94602, United States", "latitude": "37.8009208", "longitude": "-122.2179581", "place_id": "ChIJAQGOhamHj4ARCiMRgluOJJ8", "google_status": "OK", "match_status": "matched" }, "geometry": { "type": "Point", "coordinates": [ -122.2179581, 37.8009208 ] } },
{ "type": "Feature", "properties": { "company_business_name": "TLH Supermarket", "address": "E 12th St", "city": "Oakland", "state_abbreviation": "CA", "zip_code": "94606", "primary_naics": "45511003", "primary_sic": "531104", "industry_description": "Retail Shops, Grocers-Retail", "affiliated_orgs": "NA", "brands": "NA", "headquarters_name": "NA", "location_confidence": "High", "naics_industry_sector": "Retail Trade", "business_category": "Independent", "square_footage": "5000 - 9999", "employee_count": "2", "sales_volume": "389000", "corporate_parent_name": "NA", "query": "TLH Supermarket, E 12th St, Oakland, CA, 94606", "formatted_address": "1199 E 12th St, Oakland, CA 94606, United States", "latitude": "37.7899711", "longitude": "-122.2492217", "place_id": "ChIJW6IMtyaHj4ARvsN2U9-X9eE", "google_status": "OK", "match_status": "matched" }, "geometry": { "type": "Point", "coordinates": [ -122.2492217, 37.7899711 ] } },
{ "type": "Feature", "properties": { "company_business_name": "Trader Joe's", "address": "College Ave", "city": "Oakland", "state_abbreviation": "CA", "zip_code": "94618", "primary_naics": "44511003", "primary_sic": "541105", "industry_description": "Grocers-Retail, Wines-Retail, Grocers-Ethnic Foods", "affiliated_orgs": "NA", "brands": "NA", "headquarters_name": "Trader Joe's", "location_confidence": "High", "naics_industry_sector": "Retail Trade", "business_category": "Branch", "square_footage": "10000 - 19999", "employee_count": "150", "sales_volume": "41341000", "corporate_parent_name": "Aldi", "query": "Trader Joe's, College Ave, Oakland, CA, 94618", "formatted_address": "5727 College Ave, Oakland, CA 94618, United States", "latitude": "37.8455958", "longitude": "-122.2525453", "place_id": "ChIJsQw6BcN9hYARI8RTGY04-Dk", "google_status": "OK", "match_status": "matched" }, "geometry": { "type": "Point", "coordinates": [ -122.2525453, 37.8455958 ] } },
{ "type": "Feature", "properties": { "company_business_name": "Trader Joe's", "address": "Lakeshore Ave", "city": "Oakland", "state_abbreviation": "CA", "zip_code": "94610", "primary_naics": "44511003", "primary_sic": "541105", "industry_description": "Grocers-Retail, Wines-Retail, Grocers-Ethnic Foods", "affiliated_orgs": "NA", "brands": "NA", "headquarters_name": "Trader Joe's", "location_confidence": "High", "naics_industry_sector": "Retail Trade", "business_category": "Branch", "square_footage": "10000 - 19999", "employee_count": "100", "sales_volume": "27561000", "corporate_parent_name": "Aldi", "query": "Trader Joe's, Lakeshore Ave, Oakland, CA, 94610", "formatted_address": "3250 Lakeshore Ave, Oakland, CA 94610, United States", "latitude": "37.8099809", "longitude": "-122.2444069", "place_id": "ChIJlwZhkUGHj4ARgNaadWHN7tc", "google_status": "OK", "match_status": "matched" }, "geometry": { "type": "Point", "coordinates": [ -122.2444069, 37.8099809 ] } },
{ "type": "Feature", "properties": { "company_business_name": "US Foods | CHEF'STORE", "address": "Oak St", "city": "Oakland", "state_abbreviation": "CA", "zip_code": "94607", "primary_naics": "42441005", "primary_sic": "514105", "industry_description": "Grocers-Wholesale, Grocers-Retail, Restaurant/Commercial Kitchen Equipment & Supplies (Whls), Food Service-Distributors (Whls), Food Service-Supplies (Whls), Warehouses, Restaurant Equipment & Supplies-Retail", "affiliated_orgs": "NA", "brands": "NA", "headquarters_name": "US Foods Holding Corp", "location_confidence": "High", "naics_industry_sector": "Wholesale Trade", "business_category": "Branch", "square_footage": "5000 - 9999", "employee_count": "10", "sales_volume": "18189000", "corporate_parent_name": "NA", "query": "US Foods | CHEF'STORE, Oak St, Oakland, CA, 94607", "formatted_address": "400 Oak St, Oakland, CA 94607, United States", "latitude": "37.79385500000001", "longitude": "-122.266954", "place_id": "ChIJYxAvlcyAj4ARJ_G0ezg6LqQ", "google_status": "OK", "match_status": "matched" }, "geometry": { "type": "Point", "coordinates": [ -122.266954, 37.793855 ] } },
{ "type": "Feature", "properties": { "company_business_name": "USA Food Mart", "address": "Market St", "city": "Oakland", "state_abbreviation": "CA", "zip_code": "94607", "primary_naics": "44511003", "primary_sic": "541105", "industry_description": "Grocers-Retail", "affiliated_orgs": "NA", "brands": "NA", "headquarters_name": "NA", "location_confidence": "High", "naics_industry_sector": "Retail Trade", "business_category": "Independent", "square_footage": "1 - 1499", "employee_count": "2", "sales_volume": "552000", "corporate_parent_name": "NA", "query": "USA Food Mart, Market St, Oakland, CA, 94607", "formatted_address": "2390 Market St, Oakland, CA 94607, United States", "latitude": "37.8160209", "longitude": "-122.2779582", "place_id": "ChIJ73HfXB1-hYAR15VuWW2dcqg", "google_status": "OK", "match_status": "matched" }, "geometry": { "type": "Point", "coordinates": [ -122.2779582, 37.8160209 ] } },
{ "type": "Feature", "properties": { "company_business_name": "USA Grocery Liquor", "address": "90 Th Ave", "city": "Oakland", "state_abbreviation": "CA", "zip_code": "94603", "primary_naics": "44532004", "primary_sic": "592102", "industry_description": "Liquors-Retail, Grocers-Retail", "affiliated_orgs": "NA", "brands": "NA", "headquarters_name": "NA", "location_confidence": "High", "naics_industry_sector": "Retail Trade", "business_category": "Independent", "square_footage": "1 - 1499", "employee_count": "2", "sales_volume": "687000", "corporate_parent_name": "NA", "query": "USA Grocery Liquor, 90 Th Ave, Oakland, CA, 94603", "formatted_address": "1944 90th Ave, Oakland, CA 94603, United States", "latitude": "37.7521868", "longitude": "-122.1677378", "place_id": "ChIJy8I7PWePj4ARu8BLm8n5_Ic", "google_status": "OK", "match_status": "matched" }, "geometry": { "type": "Point", "coordinates": [ -122.1677378, 37.7521868 ] } },
{ "type": "Feature", "properties": { "company_business_name": "Vegelution Trading LLC", "address": "8th St", "city": "Oakland", "state_abbreviation": "CA", "zip_code": "94607", "primary_naics": "44511003", "primary_sic": "541105", "industry_description": "Grocers-Retail", "affiliated_orgs": "NA", "brands": "NA", "headquarters_name": "NA", "location_confidence": "High", "naics_industry_sector": "Retail Trade", "business_category": "Independent", "square_footage": "1 - 1499", "employee_count": "2", "sales_volume": "552000", "corporate_parent_name": "NA", "query": "Vegelution Trading LLC, 8th St, Oakland, CA, 94607", "formatted_address": "443 8th St, Oakland, CA 94607, United States", "latitude": "37.8000021", "longitude": "-122.273602", "place_id": "ChIJ09LzVbaAj4ARVt5FHjn_GqM", "google_status": "OK", "match_status": "matched" }, "geometry": { "type": "Point", "coordinates": [ -122.273602, 37.8000021 ] } },
{ "type": "Feature", "properties": { "company_business_name": "Village Market", "address": "Broadway Ter", "city": "Oakland", "state_abbreviation": "CA", "zip_code": "94618", "primary_naics": "44511003", "primary_sic": "541105", "industry_description": "Grocers-Retail", "affiliated_orgs": "NA", "brands": "NA", "headquarters_name": "NA", "location_confidence": "High", "naics_industry_sector": "Retail Trade", "business_category": "Independent", "square_footage": "10000 - 19999", "employee_count": "32", "sales_volume": "8820000", "corporate_parent_name": "NA", "query": "Village Market, Broadway Ter, Oakland, CA, 94618", "formatted_address": "5885 Broadway Terrace, Oakland, CA 94618, United States", "latitude": "37.8408284", "longitude": "-122.236449", "place_id": "ChIJLz4LZZF9hYARVoOOINXtLEs", "google_status": "OK", "match_status": "matched" }, "geometry": { "type": "Point", "coordinates": [ -122.236449, 37.8408284 ] } },
{ "type": "Feature", "properties": { "company_business_name": "Wah Hang Market", "address": "9th St", "city": "Oakland", "state_abbreviation": "CA", "zip_code": "94607", "primary_naics": "44511003", "primary_sic": "541105", "industry_description": "Grocers-Retail", "affiliated_orgs": "NA", "brands": "NA", "headquarters_name": "NA", "location_confidence": "High", "naics_industry_sector": "Retail Trade", "business_category": "Independent", "square_footage": "1500 - 2499", "employee_count": "2", "sales_volume": "552000", "corporate_parent_name": "NA", "query": "Wah Hang Market, 9th St, Oakland, CA, 94607", "formatted_address": "415 9th St, Oakland, CA 94607, United States", "latitude": "37.8004668", "longitude": "-122.2726208", "place_id": "ChIJ2fpL9baAj4ARhLaiZr1-WF8", "google_status": "OK", "match_status": "matched" }, "geometry": { "type": "Point", "coordinates": [ -122.2726208, 37.8004668 ] } },
{ "type": "Feature", "properties": { "company_business_name": "Wah Hang Number 2 Market", "address": "8th St", "city": "Oakland", "state_abbreviation": "CA", "zip_code": "94607", "primary_naics": "44511003", "primary_sic": "541105", "industry_description": "Grocers-Retail", "affiliated_orgs": "NA", "brands": "NA", "headquarters_name": "NA", "location_confidence": "High", "naics_industry_sector": "Retail Trade", "business_category": "Independent", "square_footage": "1500 - 2499", "employee_count": "2", "sales_volume": "552000", "corporate_parent_name": "NA", "query": "Wah Hang Number 2 Market, 8th St, Oakland, CA, 94607", "formatted_address": "385 8th St, Oakland, CA 94607, United States", "latitude": "37.7994065", "longitude": "-122.27207370000001", "place_id": "ChIJnTSzbLaAj4ARzymhvAfyOXc", "google_status": "OK", "match_status": "matched" }, "geometry": { "type": "Point", "coordinates": [ -122.2720737, 37.7994065 ] } },
{ "type": "Feature", "properties": { "company_business_name": "Wahing Trading Co Inc", "address": "9 Th St", "city": "Oakland", "state_abbreviation": "CA", "zip_code": "94607", "primary_naics": "44511003", "primary_sic": "541105", "industry_description": "Grocers-Retail, Grocers-Wholesale", "affiliated_orgs": "NA", "brands": "NA", "headquarters_name": "NA", "location_confidence": "Medium", "naics_industry_sector": "Retail Trade", "business_category": "Independent", "square_footage": "1 - 1499", "employee_count": "4", "sales_volume": "1103000", "corporate_parent_name": "NA", "query": "Wahing Trading Co Inc, 9 Th St, Oakland, CA, 94607", "formatted_address": "373 9th St, Oakland, CA 94607, United States", "latitude": "37.8000416", "longitude": "-122.2714878", "place_id": "ChIJhWvfcLaAj4ARjWlFU2W5dd4", "google_status": "OK", "match_status": "matched" }, "geometry": { "type": "Point", "coordinates": [ -122.2714878, 37.8000416 ] } },
{ "type": "Feature", "properties": { "company_business_name": "Whole Foods Market", "address": "Bay Pl", "city": "Oakland", "state_abbreviation": "CA", "zip_code": "94612", "primary_naics": "44511003", "primary_sic": "541105", "industry_description": "Grocers-Retail, Alternative Fuels, Organic Foods & Services, Florists-Retail, Vitamin & Food Supplements", "affiliated_orgs": "NA", "brands": "NA", "headquarters_name": "Whole Foods Market, Inc", "location_confidence": "High", "naics_industry_sector": "Retail Trade", "business_category": "Branch", "square_footage": "20000 - 39999", "employee_count": "25", "sales_volume": "6891000", "corporate_parent_name": "Amazon.com", "query": "Whole Foods Market, Bay Pl, Oakland, CA, 94612", "formatted_address": "230 Bay Pl, Oakland, CA 94612, United States", "latitude": "37.81276870000001", "longitude": "-122.2609981", "place_id": "ChIJnbv6FlKHj4ARyg9u7ehaCtc", "google_status": "OK", "match_status": "matched" }, "geometry": { "type": "Point", "coordinates": [ -122.2609981, 37.8127687 ] } },
{ "type": "Feature", "properties": { "company_business_name": "Whole Foods Market", "address": "Telegraph Ave", "city": "Oakland", "state_abbreviation": "CA", "zip_code": "94609", "primary_naics": "44511003", "primary_sic": "541105", "industry_description": "Grocers-Retail", "affiliated_orgs": "NA", "brands": "NA", "headquarters_name": "Whole Foods Market, Inc", "location_confidence": "High", "naics_industry_sector": "Retail Trade", "business_category": "Branch", "square_footage": "NA", "employee_count": "89", "sales_volume": "24529000", "corporate_parent_name": "Amazon.com", "query": "Whole Foods Market, Telegraph Ave, Oakland, CA, 94609", "formatted_address": "5110 Telegraph Ave, Oakland, CA 94609, United States", "latitude": "37.8376054", "longitude": "-122.2618769", "place_id": "ChIJr--U08B9hYARYWuafl1wWcE", "google_status": "OK", "match_status": "matched" }, "geometry": { "type": "Point", "coordinates": [ -122.2618769, 37.8376054 ] } },
{ "type": "Feature", "properties": { "company_business_name": "Won Kee Supermarket", "address": "7th St", "city": "Oakland", "state_abbreviation": "CA", "zip_code": "94607", "primary_naics": "45511003", "primary_sic": "531104", "industry_description": "Retail Shops, Grocers-Retail", "affiliated_orgs": "NA", "brands": "NA", "headquarters_name": "NA", "location_confidence": "High", "naics_industry_sector": "Retail Trade", "business_category": "Independent", "square_footage": "5000 - 9999", "employee_count": "9", "sales_volume": "1751000", "corporate_parent_name": "NA", "query": "Won Kee Supermarket, 7th St, Oakland, CA, 94607", "formatted_address": "216 7th St, Oakland, CA 94607, United States", "latitude": "37.7977936", "longitude": "-122.268504", "place_id": "ChIJeXggWsqAj4ARTWpP4d_xVmc", "google_status": "OK", "match_status": "matched" }, "geometry": { "type": "Point", "coordinates": [ -122.268504, 37.7977936 ] } },
{ "type": "Feature", "properties": { "company_business_name": "Woodminster Market", "address": "Woodminster Ln", "city": "Oakland", "state_abbreviation": "CA", "zip_code": "94602", "primary_naics": "44511003", "primary_sic": "541105", "industry_description": "Grocers-Retail", "affiliated_orgs": "NA", "brands": "NA", "headquarters_name": "NA", "location_confidence": "High", "naics_industry_sector": "Retail Trade", "business_category": "Independent", "square_footage": "1500 - 2499", "employee_count": "1", "sales_volume": "276000", "corporate_parent_name": "NA", "query": "Woodminster Market, Woodminster Ln, Oakland, CA, 94602", "formatted_address": "5000 Woodminster Ln, Oakland, CA 94602, United States", "latitude": "37.81116069999999", "longitude": "-122.1973159", "place_id": "ChIJs0bh_beHj4ARHIqxexIWi6A", "google_status": "OK", "match_status": "matched" }, "geometry": { "type": "Point", "coordinates": [ -122.1973159, 37.811160699999988 ] } },
{ "type": "Feature", "properties": { "company_business_name": "Yagrabet Market", "address": "Telegraph Ave", "city": "Oakland", "state_abbreviation": "CA", "zip_code": "94612", "primary_naics": "44511003", "primary_sic": "541105", "industry_description": "Grocers-Retail", "affiliated_orgs": "NA", "brands": "NA", "headquarters_name": "NA", "location_confidence": "High", "naics_industry_sector": "Retail Trade", "business_category": "Independent", "square_footage": "1500 - 2499", "employee_count": "2", "sales_volume": "552000", "corporate_parent_name": "NA", "query": "Yagrabet Market, Telegraph Ave, Oakland, CA, 94612", "formatted_address": "2412 Telegraph Ave, Oakland, CA 94612, United States", "latitude": "37.8140993", "longitude": "-122.2682673", "place_id": "ChIJ_5aKgquAj4AR6EqVaXagkAE", "google_status": "OK", "match_status": "matched" }, "geometry": { "type": "Point", "coordinates": [ -122.2682673, 37.8140993 ] } },
{ "type": "Feature", "properties": { "company_business_name": "Yet Sun Market", "address": "8 Th St", "city": "Oakland", "state_abbreviation": "CA", "zip_code": "94607", "primary_naics": "44511003", "primary_sic": "541105", "industry_description": "Grocers-Retail", "affiliated_orgs": "NA", "brands": "NA", "headquarters_name": "NA", "location_confidence": "Medium", "naics_industry_sector": "Retail Trade", "business_category": "Independent", "square_footage": "1500 - 2499", "employee_count": "8", "sales_volume": "2205000", "corporate_parent_name": "NA", "query": "Yet Sun Market, 8 Th St, Oakland, CA, 94607", "formatted_address": "397 8th St, Oakland, CA 94607, United States", "latitude": "37.7995354", "longitude": "-122.2723992", "place_id": "ChIJ1xQUaraAj4AR-vK1HCGKDaQ", "google_status": "OK", "match_status": "matched" }, "geometry": { "type": "Point", "coordinates": [ -122.2723992, 37.7995354 ] } }
]
}
