{
"type": "FeatureCollection",
"name": "sf_points",
"crs": { "type": "name", "properties": { "name": "urn:ogc:def:crs:OGC:1.3:CRS84" } },
"features": [
{ "type": "Feature", "properties": { "company_bu": "1001 Castro Street Market", "address": "Castro St", "city": "San Francisco", "state_abbr": "CA", "zip_code": "94114", "primary_na": "44511003", "primary_si": "541105", "industry_d": "Grocers-Retail", "affiliated": "NA", "brands": "NA", "headquarte": "NA", "location_c": "High", "naics_indu": "Retail Trade", "business_c": "Independent", "square_foo": "1 - 1499", "employee_c": "3", "sales_volu": "802000", "corporate_": "NA", "query": "1001 Castro Street Market, Castro St, San Francisco, CA, 94114", "formatted_": "1001 Castro St, San Francisco, CA 94114, United States", "latitude": "37.7536259", "longitude": "-122.4341346", "place_id": "ChIJkwd38xF-j4ARNuW9RPIW8uI", "google_sta": "OK", "match_stat": "matched" }, "geometry": { "type": "Point", "coordinates": [ -122.4341346, 37.7536259 ] } },
{ "type": "Feature", "properties": { "company_bu": "18th Street Commissary Inc", "address": "18th St", "city": "San Francisco", "state_abbr": "CA", "zip_code": "94110", "primary_na": "44511003", "primary_si": "541105", "industry_d": "Grocers-Retail, Restaurants, Groceries & Related Products NEC (Whls)", "affiliated": "NA", "brands": "NA", "headquarte": "Defense Commissary Agency", "location_c": "High", "naics_indu": "Retail Trade", "business_c": "Branch", "square_foo": "20000 - 39999", "employee_c": "45", "sales_volu": "12026000", "corporate_": "NA", "query": "18th Street Commissary Inc, 18th St, San Francisco, CA, 94110", "formatted_": "3334 18th St, San Francisco, CA 94110, United States", "latitude": "37.7620243", "longitude": "-122.4180079", "place_id": "ChIJ_ci5XTt-j4AR9Vy11T06CjE", "google_sta": "OK", "match_stat": "matched" }, "geometry": { "type": "Point", "coordinates": [ -122.4180079, 37.7620243 ] } },
{ "type": "Feature", "properties": { "company_bu": "2175 Market Street", "address": "Market St", "city": "San Francisco", "state_abbr": "CA", "zip_code": "94114", "primary_na": "44511003", "primary_si": "541105", "industry_d": "Grocers-Retail, Apartments, Apartment Rental Agencies, Apartment Finding & Rental Service, Housing-Rental", "affiliated": "NA", "brands": "NA", "headquarte": "NA", "location_c": "High", "naics_indu": "Retail Trade", "business_c": "Independent", "square_foo": "1 - 1499", "employee_c": "3", "sales_volu": "802000", "corporate_": "NA", "query": "2175 Market Street, Market St, San Francisco, CA, 94114", "formatted_": "2175 Market St, San Francisco, CA 94114, United States", "latitude": "37.7663383", "longitude": "-122.4300466", "place_id": "ChIJmVVLKhx-j4ARb_lX7uB3R1U", "google_sta": "OK", "match_stat": "matched" }, "geometry": { "type": "Point", "coordinates": [ -122.4300466, 37.7663383 ] } },
{ "type": "Feature", "properties": { "company_bu": "2193 Market LLC", "address": "Market St", "city": "San Francisco", "state_abbr": "CA", "zip_code": "94114", "primary_na": "44511003", "primary_si": "541105", "industry_d": "Grocers-Retail", "affiliated": "NA", "brands": "NA", "headquarte": "NA", "location_c": "High", "naics_indu": "Retail Trade", "business_c": "Independent", "square_foo": "1500 - 2499", "employee_c": "2", "sales_volu": "535000", "corporate_": "NA", "query": "2193 Market LLC, Market St, San Francisco, CA, 94114", "formatted_": "2193 Market St, San Francisco, CA 94114, United States", "latitude": "37.765888", "longitude": "-122.4306785", "place_id": "ChIJC_-UMRx-j4ARSRk7EA0m0f8", "google_sta": "OK", "match_stat": "matched" }, "geometry": { "type": "Point", "coordinates": [ -122.4306785, 37.765888 ] } },
{ "type": "Feature", "properties": { "company_bu": "26th & Guerrero Market", "address": "Guerrero St", "city": "San Francisco", "state_abbr": "CA", "zip_code": "94110", "primary_na": "44511003", "primary_si": "541105", "industry_d": "Grocers-Retail", "affiliated": "NA", "brands": "NA", "headquarte": "NA", "location_c": "High", "naics_indu": "Retail Trade", "business_c": "Independent", "square_foo": "1 - 1499", "employee_c": "2", "sales_volu": "535000", "corporate_": "NA", "query": "26th & Guerrero Market, Guerrero St, San Francisco, CA, 94110", "formatted_": "1400 Guerrero St, San Francisco, CA 94110, United States", "latitude": "37.748675", "longitude": "-122.4227411", "place_id": "ChIJcVhUv0F-j4ARf3fFCFFCojs", "google_sta": "OK", "match_stat": "matched" }, "geometry": { "type": "Point", "coordinates": [ -122.4227411, 37.748675 ] } },
{ "type": "Feature", "properties": { "company_bu": "33 Mart", "address": "Clement St", "city": "San Francisco", "state_abbr": "CA", "zip_code": "94121", "primary_na": "44513101", "primary_si": "541103", "industry_d": "Convenience Stores, Grocers-Retail", "affiliated": "NA", "brands": "NA", "headquarte": "NA", "location_c": "High", "naics_indu": "Retail Trade", "business_c": "Independent", "square_foo": "1 - 1499", "employee_c": "1", "sales_volu": "268000", "corporate_": "NA", "query": "33 Mart, Clement St, San Francisco, CA, 94121", "formatted_": "1905 Clement St, San Francisco, CA 94121, United States", "latitude": "37.7821452", "longitude": "-122.4797861", "place_id": "ChIJuzLfCRCHhYARAfJU43uH5BA", "google_sta": "OK", "match_stat": "matched" }, "geometry": { "type": "Point", "coordinates": [ -122.4797861, 37.7821452 ] } },
{ "type": "Feature", "properties": { "company_bu": "3J Family Market", "address": "Broad St", "city": "San Francisco", "state_abbr": "CA", "zip_code": "94112", "primary_na": "44511003", "primary_si": "541105", "industry_d": "Grocers-Retail", "affiliated": "NA", "brands": "NA", "headquarte": "NA", "location_c": "High", "naics_indu": "Retail Trade", "business_c": "Independent", "square_foo": "1500 - 2499", "employee_c": "2", "sales_volu": "535000", "corporate_": "NA", "query": "3J Family Market, Broad St, San Francisco, CA, 94112", "formatted_": "198 Broad St, San Francisco, CA 94112, United States", "latitude": "37.7133549", "longitude": "-122.4588842", "place_id": "ChIJtxbxFjB8j4AR10sPaZ7xhsc", "google_sta": "OK", "match_stat": "matched" }, "geometry": { "type": "Point", "coordinates": [ -122.4588842, 37.7133549 ] } },
{ "type": "Feature", "properties": { "company_bu": "6001 California Market", "address": "California St", "city": "San Francisco", "state_abbr": "CA", "zip_code": "94121", "primary_na": "44511003", "primary_si": "541105", "industry_d": "Grocers-Retail, Liquors-Retail", "affiliated": "NA", "brands": "NA", "headquarte": "NA", "location_c": "High", "naics_indu": "Retail Trade", "business_c": "Independent", "square_foo": "5000 - 9999", "employee_c": "10", "sales_volu": "2673000", "corporate_": "NA", "query": "6001 California Market, California St, San Francisco, CA, 94121", "formatted_": "6001 California St, San Francisco, CA 94121, United States", "latitude": "37.783915", "longitude": "-122.4819902", "place_id": "ChIJxwWa3wSHhYARR9nVLam3xQI", "google_sta": "OK", "match_stat": "matched" }, "geometry": { "type": "Point", "coordinates": [ -122.4819902, 37.783915 ] } },
{ "type": "Feature", "properties": { "company_bu": "Abadi", "address": "Powell St", "city": "San Francisco", "state_abbr": "CA", "zip_code": "94102", "primary_na": "44511003", "primary_si": "541105", "industry_d": "Grocers-Retail, Greeting Cards-Retail", "affiliated": "NA", "brands": "NA", "headquarte": "NA", "location_c": "High", "naics_indu": "Retail Trade", "business_c": "Independent", "square_foo": "2500 - 4999", "employee_c": "3", "sales_volu": "802000", "corporate_": "NA", "query": "Abadi, Powell St, San Francisco, CA, 94102", "formatted_": "730 Powell St, San Francisco, CA 94108, United States", "latitude": "37.7915", "longitude": "-122.4088", "place_id": "ChIJeX_-WoyAhYARI2szM5CK99s", "google_sta": "OK", "match_stat": "matched" }, "geometry": { "type": "Point", "coordinates": [ -122.4088, 37.7915 ] } },
{ "type": "Feature", "properties": { "company_bu": "ABC Supermarket Inc", "address": "Broadway", "city": "San Francisco", "state_abbr": "CA", "zip_code": "94133", "primary_na": "45511003", "primary_si": "531104", "industry_d": "Retail Shops, Grocers-Retail", "affiliated": "NA", "brands": "NA", "headquarte": "NA", "location_c": "High", "naics_indu": "Retail Trade", "business_c": "Independent", "square_foo": "5000 - 9999", "employee_c": "5", "sales_volu": "1027000", "corporate_": "NA", "query": "ABC Supermarket Inc, Broadway, San Francisco, CA, 94133", "formatted_": "641 Broadway, San Francisco, CA 94133, United States", "latitude": "37.7976386", "longitude": "-122.4076406", "place_id": "ChIJUR8LhfOAhYARqltKc6Yerhw", "google_sta": "OK", "match_stat": "matched" }, "geometry": { "type": "Point", "coordinates": [ -122.4076406, 37.7976386 ] } },
{ "type": "Feature", "properties": { "company_bu": "Act Market Street Inc", "address": "Grant Ave", "city": "San Francisco", "state_abbr": "CA", "zip_code": "94108", "primary_na": "44511003", "primary_si": "541105", "industry_d": "Grocers-Retail, Non-Profit Organizations", "affiliated": "NA", "brands": "NA", "headquarte": "NA", "location_c": "High", "naics_indu": "Retail Trade", "business_c": "Independent", "square_foo": "1500 - 2499", "employee_c": "2", "sales_volu": "535000", "corporate_": "NA", "query": "Act Market Street Inc, Grant Ave, San Francisco, CA, 94108", "formatted_": "30 Grant Ave, San Francisco, CA 94108, United States", "latitude": "37.7873075", "longitude": "-122.4047388", "place_id": "ChIJzdXRjIiAhYARj0PxVZ6c94E", "google_sta": "OK", "match_stat": "matched" }, "geometry": { "type": "Point", "coordinates": [ -122.4047388, 37.7873075 ] } },
{ "type": "Feature", "properties": { "company_bu": "All Nite Markets", "address": "3rd St", "city": "San Francisco", "state_abbr": "CA", "zip_code": "94124", "primary_na": "44511003", "primary_si": "541105", "industry_d": "Grocers-Retail, Greeting Cards-Retail", "affiliated": "NA", "brands": "NA", "headquarte": "NA", "location_c": "High", "naics_indu": "Retail Trade", "business_c": "Independent", "square_foo": "1500 - 2499", "employee_c": "2", "sales_volu": "535000", "corporate_": "NA", "query": "All Nite Markets, 3rd St, San Francisco, CA, 94124", "formatted_": "5190 3rd St, San Francisco, CA 94124, United States", "latitude": "37.7309085", "longitude": "-122.392403", "place_id": "ChIJ5UAs-xp_j4ARp4f4st5HYRI", "google_sta": "OK", "match_stat": "matched" }, "geometry": { "type": "Point", "coordinates": [ -122.392403, 37.7309085 ] } },
{ "type": "Feature", "properties": { "company_bu": "American Huamei Food-Beverage", "address": "Pacific Ave", "city": "San Francisco", "state_abbr": "CA", "zip_code": "94133", "primary_na": "44511003", "primary_si": "541105", "industry_d": "Grocers-Retail", "affiliated": "NA", "brands": "NA", "headquarte": "NA", "location_c": "High", "naics_indu": "Retail Trade", "business_c": "Independent", "square_foo": "2500 - 4999", "employee_c": "3", "sales_volu": "802000", "corporate_": "NA", "query": "American Huamei Food-Beverage, Pacific Ave, San Francisco, CA, 94133", "formatted_": "1175 Quesada Ave, San Francisco, CA 94124, United States", "latitude": "37.7275213", "longitude": "-122.3815464", "place_id": "ChIJmUwbdRV_j4ARV-wB_yknysQ", "google_sta": "OK", "match_stat": "matched" }, "geometry": { "type": "Point", "coordinates": [ -122.3815464, 37.7275213 ] } },
{ "type": "Feature", "properties": { "company_bu": "Amigo Market", "address": "Ellis St", "city": "San Francisco", "state_abbr": "CA", "zip_code": "94109", "primary_na": "44511003", "primary_si": "541105", "industry_d": "Grocers-Retail", "affiliated": "NA", "brands": "NA", "headquarte": "NA", "location_c": "High", "naics_indu": "Retail Trade", "business_c": "Independent", "square_foo": "1 - 1499", "employee_c": "2", "sales_volu": "535000", "corporate_": "NA", "query": "Amigo Market, Ellis St, San Francisco, CA, 94109", "formatted_": "500 Ellis St, San Francisco, CA 94102, United States", "latitude": "37.7848445", "longitude": "-122.4147122", "place_id": "ChIJc0x5RZCAhYARR_GuqmjQSFY", "google_sta": "OK", "match_stat": "matched" }, "geometry": { "type": "Point", "coordinates": [ -122.4147122, 37.7848445 ] } },
{ "type": "Feature", "properties": { "company_bu": "Amity Liquor & Market", "address": "Taraval St", "city": "San Francisco", "state_abbr": "CA", "zip_code": "94116", "primary_na": "44511003", "primary_si": "541105", "industry_d": "Grocers-Retail, Greeting Cards-Retail", "affiliated": "NA", "brands": "NA", "headquarte": "NA", "location_c": "High", "naics_indu": "Retail Trade", "business_c": "Independent", "square_foo": "1 - 1499", "employee_c": "1", "sales_volu": "268000", "corporate_": "NA", "query": "Amity Liquor & Market, Taraval St, San Francisco, CA, 94116", "formatted_": "3350 Taraval St, San Francisco, CA 94116, United States", "latitude": "37.7420019", "longitude": "-122.5023477", "place_id": "ChIJS2PraBp9j4AR8ulm0sZm5C0", "google_sta": "OK", "match_stat": "matched" }, "geometry": { "type": "Point", "coordinates": [ -122.5023477, 37.7420019 ] } },
{ "type": "Feature", "properties": { "company_bu": "Andi's Market", "address": "Cortland Ave", "city": "San Francisco", "state_abbr": "CA", "zip_code": "94110", "primary_na": "44511003", "primary_si": "541105", "industry_d": "Grocers-Retail", "affiliated": "NA", "brands": "NA", "headquarte": "NA", "location_c": "High", "naics_indu": "Retail Trade", "business_c": "Independent", "square_foo": "1 - 1499", "employee_c": "3", "sales_volu": "802000", "corporate_": "NA", "query": "Andi's Market, Cortland Ave, San Francisco, CA, 94110", "formatted_": "820 Cortland Ave, San Francisco, CA 94110, United States", "latitude": "37.738828", "longitude": "-122.4142068", "place_id": "ChIJi6qFuFl-j4ARnCag83hB8Dg", "google_sta": "OK", "match_stat": "matched" }, "geometry": { "type": "Point", "coordinates": [ -122.4142068, 37.738828 ] } },
{ "type": "Feature", "properties": { "company_bu": "Andronico's Community Markets", "address": "Irving St", "city": "San Francisco", "state_abbr": "CA", "zip_code": "94122", "primary_na": "44511003", "primary_si": "541105", "industry_d": "Grocers-Retail, Organic Foods & Services, Farm Markets, Bakers-Retail", "affiliated": "NA", "brands": "NA", "headquarte": "Safeway Inc", "location_c": "High", "naics_indu": "Retail Trade", "business_c": "Branch", "square_foo": "100000+", "employee_c": "167", "sales_volu": "44627000", "corporate_": "Albertsons Companies", "query": "Andronico's Community Markets, Irving St, San Francisco, CA, 94122", "formatted_": "1200 Irving St, San Francisco, CA 94122, United States", "latitude": "37.7641474", "longitude": "-122.4711468", "place_id": "ChIJ1z3lvmeHhYAROUsW2ZNkFI8", "google_sta": "OK", "match_stat": "matched" }, "geometry": { "type": "Point", "coordinates": [ -122.4711468, 37.7641474 ] } },
{ "type": "Feature", "properties": { "company_bu": "Andronico's Community Markets", "address": "32 Nd Ave", "city": "San Francisco", "state_abbr": "CA", "zip_code": "94121", "primary_na": "44511003", "primary_si": "541105", "industry_d": "Grocers-Retail, Organic Foods & Services, Farm Markets, Bakers-Retail", "affiliated": "NA", "brands": "NA", "headquarte": "Safeway Inc", "location_c": "High", "naics_indu": "Retail Trade", "business_c": "Branch", "square_foo": "NA", "employee_c": "115", "sales_volu": "30731000", "corporate_": "Albertsons Companies", "query": "Andronico's Community Markets, 32 Nd Ave, San Francisco, CA, 94121", "formatted_": "375 32nd Ave, San Francisco, CA 94121, United States", "latitude": "37.7821992", "longitude": "-122.4927823", "place_id": "ChIJTZNB6RuHhYAR1IjHH7wb5WY", "google_sta": "OK", "match_stat": "matched" }, "geometry": { "type": "Point", "coordinates": [ -122.4927823, 37.7821992 ] } },
{ "type": "Feature", "properties": { "company_bu": "Angel's Market", "address": "Castro St", "city": "San Francisco", "state_abbr": "CA", "zip_code": "94114", "primary_na": "44511003", "primary_si": "541105", "industry_d": "Grocers-Retail, Greeting Cards-Retail", "affiliated": "NA", "brands": "NA", "headquarte": "NA", "location_c": "High", "naics_indu": "Retail Trade", "business_c": "Independent", "square_foo": "1 - 1499", "employee_c": "2", "sales_volu": "535000", "corporate_": "NA", "query": "Angel's Market, Castro St, San Francisco, CA, 94114", "formatted_": "1649 Castro St, San Francisco, CA 94114, United States", "latitude": "37.748226", "longitude": "-122.4336178", "place_id": "ChIJqQXUNm1-j4ARBKRZRPfKZxI", "google_sta": "OK", "match_stat": "matched" }, "geometry": { "type": "Point", "coordinates": [ -122.4336178, 37.748226 ] } },
{ "type": "Feature", "properties": { "company_bu": "Arguello Super Market", "address": "Arguello Blvd", "city": "San Francisco", "state_abbr": "CA", "zip_code": "94118", "primary_na": "44511003", "primary_si": "541105", "industry_d": "Grocers-Retail, Greeting Cards-Retail, Meat-Retail, Liquors-Retail", "affiliated": "NA", "brands": "NA", "headquarte": "NA", "location_c": "High", "naics_indu": "Retail Trade", "business_c": "Independent", "square_foo": "1 - 1499", "employee_c": "4", "sales_volu": "1069000", "corporate_": "NA", "query": "Arguello Super Market, Arguello Blvd, San Francisco, CA, 94118", "formatted_": "782 Arguello Blvd, San Francisco, CA 94118, United States", "latitude": "37.775658", "longitude": "-122.4581416", "place_id": "ChIJp_T6IUaHhYARCB8W4fTwncI", "google_sta": "OK", "match_stat": "matched" }, "geometry": { "type": "Point", "coordinates": [ -122.4581416, 37.775658 ] } },
{ "type": "Feature", "properties": { "company_bu": "Asian American Food Company", "address": "Taraval St", "city": "San Francisco", "state_abbr": "CA", "zip_code": "94116", "primary_na": "44511006", "primary_si": "541107", "industry_d": "Grocers-Ethnic Foods, Grocers-Retail", "affiliated": "NA", "brands": "NA", "headquarte": "NA", "location_c": "High", "naics_indu": "Retail Trade", "business_c": "Independent", "square_foo": "1500 - 2499", "employee_c": "1", "sales_volu": "268000", "corporate_": "NA", "query": "Asian American Food Company, Taraval St, San Francisco, CA, 94116", "formatted_": "2048 Taraval St, San Francisco, CA 94116, United States", "latitude": "37.7426234", "longitude": "-122.4882275", "place_id": "ChIJMxa_PYN9j4ARJfBAnZfSFEY", "google_sta": "OK", "match_stat": "matched" }, "geometry": { "type": "Point", "coordinates": [ -122.4882275, 37.7426234 ] } },
{ "type": "Feature", "properties": { "company_bu": "Avenues Fine Food Market", "address": "Pacific Ave", "city": "San Francisco", "state_abbr": "CA", "zip_code": "94109", "primary_na": "44511003", "primary_si": "541105", "industry_d": "Grocers-Retail", "affiliated": "NA", "brands": "NA", "headquarte": "NA", "location_c": "High", "naics_indu": "Retail Trade", "business_c": "Independent", "square_foo": "1 - 1499", "employee_c": "2", "sales_volu": "535000", "corporate_": "NA", "query": "Avenues Fine Food Market, Pacific Ave, San Francisco, CA, 94109", "formatted_": "1837 Pacific Ave, San Francisco, CA 94109, United States", "latitude": "37.7944288", "longitude": "-122.4255177", "place_id": "ChIJrWF7IsKAhYAR1jHKVL2B0cE", "google_sta": "OK", "match_stat": "matched" }, "geometry": { "type": "Point", "coordinates": [ -122.4255177, 37.7944288 ] } },
{ "type": "Feature", "properties": { "company_bu": "Barsotti Juice Co Inc", "address": "Pierce St", "city": "San Francisco", "state_abbr": "CA", "zip_code": "94123", "primary_na": "44511003", "primary_si": "541105", "industry_d": "Grocers-Retail", "affiliated": "NA", "brands": "NA", "headquarte": "NA", "location_c": "High", "naics_indu": "Retail Trade", "business_c": "Independent", "square_foo": "1500 - 2499", "employee_c": "2", "sales_volu": "535000", "corporate_": "NA", "query": "Barsotti Juice Co Inc, Pierce St, San Francisco, CA, 94123", "formatted_": "Pierce St, San Francisco, CA 94123, USA", "latitude": "37.7993799", "longitude": "-122.4393554", "place_id": "EidQaWVyY2UgU3QsIFNhbiBGcmFuY2lzY28sIENBIDk0MTIzLCBVU0EiLiosChQKEgl3w2UVyICFgBEBC6pwmHQU1RIUChIJrYrvSdeAhYARtJlHJMWNQzY", "google_sta": "OK", "match_stat": "matched" }, "geometry": { "type": "Point", "coordinates": [ -122.4393554, 37.7993799 ] } },
{ "type": "Feature", "properties": { "company_bu": "Bayside Market", "address": "Brannan St", "city": "San Francisco", "state_abbr": "CA", "zip_code": "94107", "primary_na": "44511003", "primary_si": "541105", "industry_d": "Grocers-Retail, Restaurants, Greeting Cards-Retail", "affiliated": "NA", "brands": "NA", "headquarte": "NA", "location_c": "High", "naics_indu": "Retail Trade", "business_c": "Independent", "square_foo": "2500 - 4999", "employee_c": "18", "sales_volu": "4811000", "corporate_": "NA", "query": "Bayside Market, Brannan St, San Francisco, CA, 94107", "formatted_": "3 Bayside Village Pl, San Francisco, CA 94107, United States", "latitude": "37.7849894", "longitude": "-122.389649", "place_id": "ChIJlxRQV3eAhYAR5ooGNf9PNyU", "google_sta": "OK", "match_stat": "matched" }, "geometry": { "type": "Point", "coordinates": [ -122.389649, 37.7849894 ] } },
{ "type": "Feature", "properties": { "company_bu": "Bella Foods Inc", "address": "Fillmore St", "city": "San Francisco", "state_abbr": "CA", "zip_code": "94115", "primary_na": "44511003", "primary_si": "541105", "industry_d": "Grocers-Retail", "affiliated": "NA", "brands": "NA", "headquarte": "NA", "location_c": "High", "naics_indu": "Retail Trade", "business_c": "Independent", "square_foo": "1500 - 2499", "employee_c": "2", "sales_volu": "535000", "corporate_": "NA", "query": "Bella Foods Inc, Fillmore St, San Francisco, CA, 94115", "formatted_": "12 Tillman Pl, San Francisco, CA 94108, United States", "latitude": "37.7893169", "longitude": "-122.405609", "place_id": "ChIJL73LQQCBhYARQEwD-1oshk4", "google_sta": "OK", "match_stat": "matched" }, "geometry": { "type": "Point", "coordinates": [ -122.405609, 37.7893169 ] } },
{ "type": "Feature", "properties": { "company_bu": "Belmarlagallinita Meat Market", "address": "24 Th St", "city": "San Francisco", "state_abbr": "CA", "zip_code": "94110", "primary_na": "72232001", "primary_si": "581212", "industry_d": "Caterers, Meat-Retail, Meat Cutting Service, Grocers-Retail, Restaurants", "affiliated": "NA", "brands": "NA", "headquarte": "NA", "location_c": "High", "naics_indu": "Accommodation & Food Services", "business_c": "Independent", "square_foo": "1 - 1499", "employee_c": "4", "sales_volu": "285000", "corporate_": "NA", "query": "Belmarlagallinita Meat Market, 24 Th St, San Francisco, CA, 94110", "formatted_": "2989 24th St, San Francisco, CA 94110, United States", "latitude": "37.7525713", "longitude": "-122.4116686", "place_id": "ChIJtcArjEh-j4ARUAOWYnTJPKQ", "google_sta": "OK", "match_stat": "matched" }, "geometry": { "type": "Point", "coordinates": [ -122.4116686, 37.7525713 ] } },
{ "type": "Feature", "properties": { "company_bu": "Better Food Market", "address": "Balboa St", "city": "San Francisco", "state_abbr": "CA", "zip_code": "94121", "primary_na": "44511003", "primary_si": "541105", "industry_d": "Grocers-Retail, Greeting Cards-Retail", "affiliated": "NA", "brands": "NA", "headquarte": "NA", "location_c": "High", "naics_indu": "Retail Trade", "business_c": "Independent", "square_foo": "1 - 1499", "employee_c": "2", "sales_volu": "535000", "corporate_": "NA", "query": "Better Food Market, Balboa St, San Francisco, CA, 94121", "formatted_": "3149 Balboa St, San Francisco, CA 94121, United States", "latitude": "37.7758202", "longitude": "-122.4928346", "place_id": "ChIJy0j6nKeHhYAR5ofrF13Mkh4", "google_sta": "OK", "match_stat": "matched" }, "geometry": { "type": "Point", "coordinates": [ -122.4928346, 37.7758202 ] } },
{ "type": "Feature", "properties": { "company_bu": "Bi-Rite Market", "address": "18th St", "city": "San Francisco", "state_abbr": "CA", "zip_code": "94110", "primary_na": "72251117", "primary_si": "581208", "industry_d": "Restaurants, Gourmet Shops, Grocers-Retail", "affiliated": "NA", "brands": "NA", "headquarte": "NA", "location_c": "High", "naics_indu": "Accommodation & Food Services", "business_c": "Independent", "square_foo": "40000 - 99999", "employee_c": "100", "sales_volu": "7117000", "corporate_": "NA", "query": "Bi-Rite Market, 18th St, San Francisco, CA, 94110", "formatted_": "3639 18th St, San Francisco, CA 94110, United States", "latitude": "37.7614284", "longitude": "-122.4247221", "place_id": "ChIJ_WI-BRh-j4AR1EnWvxsCVOg", "google_sta": "OK", "match_stat": "matched" }, "geometry": { "type": "Point", "coordinates": [ -122.4247221, 37.7614284 ] } },
{ "type": "Feature", "properties": { "company_bu": "Bi-Rite Market, Divisadero", "address": "Divisadero St", "city": "San Francisco", "state_abbr": "CA", "zip_code": "94117", "primary_na": "44511003", "primary_si": "541105", "industry_d": "Grocers-Retail, Caterers, Greeting Cards-Retail", "affiliated": "NA", "brands": "NA", "headquarte": "NA", "location_c": "High", "naics_indu": "Retail Trade", "business_c": "Independent", "square_foo": "40000 - 99999", "employee_c": "125", "sales_volu": "33404000", "corporate_": "NA", "query": "Bi-Rite Market, Divisadero, Divisadero St, San Francisco, CA, 94117", "formatted_": "550 Divisadero St, San Francisco, CA 94117, United States", "latitude": "37.7748083", "longitude": "-122.4374389", "place_id": "ChIJ49sQuK-AhYARM6U646SA12Y", "google_sta": "OK", "match_stat": "matched" }, "geometry": { "type": "Point", "coordinates": [ -122.4374389, 37.7748083 ] } },
{ "type": "Feature", "properties": { "company_bu": "Big Save Market", "address": "3rd St", "city": "San Francisco", "state_abbr": "CA", "zip_code": "94124", "primary_na": "44511003", "primary_si": "541105", "industry_d": "Grocers-Retail", "affiliated": "NA", "brands": "NA", "headquarte": "NA", "location_c": "High", "naics_indu": "Retail Trade", "business_c": "Independent", "square_foo": "1 - 1499", "employee_c": "2", "sales_volu": "535000", "corporate_": "NA", "query": "Big Save Market, 3rd St, San Francisco, CA, 94124", "formatted_": "5001 3rd St, San Francisco, CA 94124, United States", "latitude": "37.732995", "longitude": "-122.3911469", "place_id": "ChIJP0qCtBp_j4AR5DthAVJtKSo", "google_sta": "OK", "match_stat": "matched" }, "geometry": { "type": "Point", "coordinates": [ -122.3911469, 37.732995 ] } },
{ "type": "Feature", "properties": { "company_bu": "Blue Fog Market", "address": "Gough St", "city": "San Francisco", "state_abbr": "CA", "zip_code": "94123", "primary_na": "44511003", "primary_si": "541105", "industry_d": "Grocers-Retail, Cookies & Crackers-Manufacturers", "affiliated": "NA", "brands": "NA", "headquarte": "NA", "location_c": "High", "naics_indu": "Retail Trade", "business_c": "Independent", "square_foo": "1500 - 2499", "employee_c": "7", "sales_volu": "1871000", "corporate_": "NA", "query": "Blue Fog Market, Gough St, San Francisco, CA, 94123", "formatted_": "2567 Gough St, San Francisco, CA 94123, United States", "latitude": "37.7971079", "longitude": "-122.4272061", "place_id": "ChIJz49YH8OAhYARKXiCKNUQ98I", "google_sta": "OK", "match_stat": "matched" }, "geometry": { "type": "Point", "coordinates": [ -122.4272061, 37.7971079 ] } },
{ "type": "Feature", "properties": { "company_bu": "Boss Supermarket", "address": "Noriega St", "city": "San Francisco", "state_abbr": "CA", "zip_code": "94122", "primary_na": "44511003", "primary_si": "541105", "industry_d": "Grocers-Retail, Greeting Cards-Retail", "affiliated": "NA", "brands": "NA", "headquarte": "NA", "location_c": "High", "naics_indu": "Retail Trade", "business_c": "Independent", "square_foo": "1500 - 2499", "employee_c": "2", "sales_volu": "535000", "corporate_": "NA", "query": "Boss Supermarket, Noriega St, San Francisco, CA, 94122", "formatted_": "2551 Noriega St, San Francisco, CA 94122, United States", "latitude": "37.7534524", "longitude": "-122.4912447", "place_id": "ChIJ37-OaH-HhYARbVscIO1kd2E", "google_sta": "OK", "match_stat": "matched" }, "geometry": { "type": "Point", "coordinates": [ -122.4912447, 37.7534524 ] } },
{ "type": "Feature", "properties": { "company_bu": "Bread & Butter Market & Deli", "address": "Ofarrell St", "city": "San Francisco", "state_abbr": "CA", "zip_code": "94109", "primary_na": "44513101", "primary_si": "541103", "industry_d": "Convenience Stores, Grocers-Retail, Greeting Cards-Retail, Liquors-Retail, Restaurants", "affiliated": "NA", "brands": "NA", "headquarte": "NA", "location_c": "High", "naics_indu": "Retail Trade", "business_c": "Independent", "square_foo": "2500 - 4999", "employee_c": "3", "sales_volu": "802000", "corporate_": "NA", "query": "Bread & Butter Market & Deli, Ofarrell St, San Francisco, CA, 94109", "formatted_": "888 O'Farrell St STE 105, San Francisco, CA 94109, United States", "latitude": "37.7850915", "longitude": "-122.4194835", "place_id": "ChIJCwWzyJaAhYAR4WTM6yySM8c", "google_sta": "OK", "match_stat": "matched" }, "geometry": { "type": "Point", "coordinates": [ -122.4194835, 37.7850915 ] } },
{ "type": "Feature", "properties": { "company_bu": "Bryan's Grocery", "address": "California St", "city": "San Francisco", "state_abbr": "CA", "zip_code": "94118", "primary_na": "44511003", "primary_si": "541105", "industry_d": "Grocers-Retail, Seafood-Retail, Meat-Retail, Florists-Retail", "affiliated": "NA", "brands": "NA", "headquarte": "NA", "location_c": "High", "naics_indu": "Retail Trade", "business_c": "Independent", "square_foo": "40000 - 99999", "employee_c": "40", "sales_volu": "10690000", "corporate_": "NA", "query": "Bryan's Grocery, California St, San Francisco, CA, 94118", "formatted_": "3445 California St, San Francisco, CA 94118, United States", "latitude": "37.7864721", "longitude": "-122.450843", "place_id": "ChIJ-ccSizOHhYARNJjZFLDknbk", "google_sta": "OK", "match_stat": "matched" }, "geometry": { "type": "Point", "coordinates": [ -122.450843, 37.7864721 ] } },
{ "type": "Feature", "properties": { "company_bu": "Buddie's Super Market", "address": "Chenery St", "city": "San Francisco", "state_abbr": "CA", "zip_code": "94131", "primary_na": "44511003", "primary_si": "541105", "industry_d": "Grocers-Retail, Greeting Cards-Retail", "affiliated": "NA", "brands": "NA", "headquarte": "NA", "location_c": "High", "naics_indu": "Retail Trade", "business_c": "Independent", "square_foo": "1 - 1499", "employee_c": "2", "sales_volu": "535000", "corporate_": "NA", "query": "Buddie's Super Market, Chenery St, San Francisco, CA, 94131", "formatted_": "696 Chenery St, San Francisco, CA 94131, United States", "latitude": "37.7345865", "longitude": "-122.4337571", "place_id": "ChIJa1GTnmR-j4ARbaTZp9gwd6I", "google_sta": "OK", "match_stat": "matched" }, "geometry": { "type": "Point", "coordinates": [ -122.4337571, 37.7345865 ] } },
{ "type": "Feature", "properties": { "company_bu": "Burma Love Natural Foods", "address": "Mission St", "city": "San Francisco", "state_abbr": "CA", "zip_code": "94103", "primary_na": "44511003", "primary_si": "541105", "industry_d": "Grocers-Retail, Health & Diet Foods-Retail, Greeting Cards-Retail", "affiliated": "NA", "brands": "NA", "headquarte": "NA", "location_c": "High", "naics_indu": "Retail Trade", "business_c": "Independent", "square_foo": "2500 - 4999", "employee_c": "6", "sales_volu": "1604000", "corporate_": "NA", "query": "Burma Love Natural Foods, Mission St, San Francisco, CA, 94103", "formatted_": "211 Valencia St, San Francisco, CA 94103, United States", "latitude": "37.76960649999999", "longitude": "-122.422215", "place_id": "ChIJC0_LRSB-j4ARUaZGUrDpvDM", "google_sta": "OK", "match_stat": "matched" }, "geometry": { "type": "Point", "coordinates": [ -122.422215, 37.769606499999988 ] } },
{ "type": "Feature", "properties": { "company_bu": "Bush Market", "address": "Bush St", "city": "San Francisco", "state_abbr": "CA", "zip_code": "94108", "primary_na": "44511003", "primary_si": "541105", "industry_d": "Grocers-Retail", "affiliated": "NA", "brands": "NA", "headquarte": "NA", "location_c": "High", "naics_indu": "Retail Trade", "business_c": "Independent", "square_foo": "1500 - 2499", "employee_c": "2", "sales_volu": "535000", "corporate_": "NA", "query": "Bush Market, Bush St, San Francisco, CA, 94108", "formatted_": "820 Bush St, San Francisco, CA 94108, United States", "latitude": "37.7900112", "longitude": "-122.4108684", "place_id": "ChIJI6Dsxo2AhYAR4Fy3Xp7QCa8", "google_sta": "OK", "match_stat": "matched" }, "geometry": { "type": "Point", "coordinates": [ -122.4108684, 37.7900112 ] } },
{ "type": "Feature", "properties": { "company_bu": "Cadillac Grocery", "address": "Eddy St", "city": "San Francisco", "state_abbr": "CA", "zip_code": "94109", "primary_na": "44511003", "primary_si": "541105", "industry_d": "Grocers-Retail, Greeting Cards-Retail", "affiliated": "NA", "brands": "NA", "headquarte": "NA", "location_c": "High", "naics_indu": "Retail Trade", "business_c": "Independent", "square_foo": "1 - 1499", "employee_c": "1", "sales_volu": "268000", "corporate_": "NA", "query": "Cadillac Grocery, Eddy St, San Francisco, CA, 94109", "formatted_": "499 Eddy St, San Francisco, CA 94109, United States", "latitude": "37.783433", "longitude": "-122.4157374", "place_id": "ChIJhZxoiZCAhYARjL2Iq6-kNCI", "google_sta": "OK", "match_stat": "matched" }, "geometry": { "type": "Point", "coordinates": [ -122.4157374, 37.783433 ] } },
{ "type": "Feature", "properties": { "company_bu": "Cal-Mart Supermarket", "address": "California St", "city": "San Francisco", "state_abbr": "CA", "zip_code": "94118", "primary_na": "44511003", "primary_si": "541105", "industry_d": "Grocers-Retail, General Merchandise-Retail, Retail Shops, Convenience Stores, Fruits & Vegetables & Produce-Retail, Greeting Cards-Retail, Restaurants, Farm Markets, Meat Cutting Service", "affiliated": "NA", "brands": "NA", "headquarte": "NA", "location_c": "High", "naics_indu": "Retail Trade", "business_c": "Independent", "square_foo": "2500 - 4999", "employee_c": "64", "sales_volu": "17103000", "corporate_": "NA", "query": "Cal-Mart Supermarket, California St, San Francisco, CA, 94118", "formatted_": "3585 California St, San Francisco, CA 94118, United States", "latitude": "37.786234", "longitude": "-122.4528358", "place_id": "ChIJsz4h-zOHhYARkWnZE58MTUg", "google_sta": "OK", "match_stat": "matched" }, "geometry": { "type": "Point", "coordinates": [ -122.4528358, 37.786234 ] } },
{ "type": "Feature", "properties": { "company_bu": "California & Lyon Market", "address": "California St", "city": "San Francisco", "state_abbr": "CA", "zip_code": "94115", "primary_na": "44511003", "primary_si": "541105", "industry_d": "Grocers-Retail", "affiliated": "NA", "brands": "NA", "headquarte": "NA", "location_c": "High", "naics_indu": "Retail Trade", "business_c": "Independent", "square_foo": "1500 - 2499", "employee_c": "2", "sales_volu": "535000", "corporate_": "NA", "query": "California & Lyon Market, California St, San Francisco, CA, 94115", "formatted_": "3100 California St, San Francisco, CA 94115, United States", "latitude": "37.7875573", "longitude": "-122.4455704", "place_id": "ChIJcwG9XsuAhYARhpPoxJi5onU", "google_sta": "OK", "match_stat": "matched" }, "geometry": { "type": "Point", "coordinates": [ -122.4455704, 37.7875573 ] } },
{ "type": "Feature", "properties": { "company_bu": "California Grocery", "address": "Eddy St", "city": "San Francisco", "state_abbr": "CA", "zip_code": "94102", "primary_na": "44511003", "primary_si": "541105", "industry_d": "Grocers-Retail, Convenience Stores, Greeting Cards-Retail", "affiliated": "NA", "brands": "NA", "headquarte": "NA", "location_c": "High", "naics_indu": "Retail Trade", "business_c": "Independent", "square_foo": "1500 - 2499", "employee_c": "2", "sales_volu": "535000", "corporate_": "NA", "query": "California Grocery, Eddy St, San Francisco, CA, 94102", "formatted_": "123 Eddy St, San Francisco, CA 94102, United States", "latitude": "37.7842264", "longitude": "-122.4096538", "place_id": "ChIJjbG-g4WAhYARIsNAL6H6K4I", "google_sta": "OK", "match_stat": "matched" }, "geometry": { "type": "Point", "coordinates": [ -122.4096538, 37.7842264 ] } },
{ "type": "Feature", "properties": { "company_bu": "California Produce", "address": "Polk St", "city": "San Francisco", "state_abbr": "CA", "zip_code": "94109", "primary_na": "44511003", "primary_si": "541105", "industry_d": "Grocers-Retail", "affiliated": "NA", "brands": "NA", "headquarte": "NA", "location_c": "High", "naics_indu": "Retail Trade", "business_c": "Independent", "square_foo": "1500 - 2499", "employee_c": "5", "sales_volu": "1337000", "corporate_": "NA", "query": "California Produce, Polk St, San Francisco, CA, 94109", "formatted_": "986 Polk St, San Francisco, CA 94109, United States", "latitude": "37.78563279999999", "longitude": "-122.4195716", "place_id": "ChIJlWrQopaAhYAR_nRPGL1fw0A", "google_sta": "OK", "match_stat": "matched" }, "geometry": { "type": "Point", "coordinates": [ -122.4195716, 37.785632799999988 ] } },
{ "type": "Feature", "properties": { "company_bu": "Canyon Market", "address": "Diamond St", "city": "San Francisco", "state_abbr": "CA", "zip_code": "94131", "primary_na": "44511003", "primary_si": "541105", "industry_d": "Grocers-Retail", "affiliated": "NA", "brands": "NA", "headquarte": "NA", "location_c": "High", "naics_indu": "Retail Trade", "business_c": "Independent", "square_foo": "1 - 1499", "employee_c": "12", "sales_volu": "3207000", "corporate_": "NA", "query": "Canyon Market, Diamond St, San Francisco, CA, 94131", "formatted_": "2815 Diamond St, San Francisco, CA 94131, United States", "latitude": "37.7340945", "longitude": "-122.4336886", "place_id": "ChIJja5eYGN-j4ARRueIhN5ZGhQ", "google_sta": "OK", "match_stat": "matched" }, "geometry": { "type": "Point", "coordinates": [ -122.4336886, 37.7340945 ] } },
{ "type": "Feature", "properties": { "company_bu": "Casa Guadalupe II", "address": "Mission St", "city": "San Francisco", "state_abbr": "CA", "zip_code": "94110", "primary_na": "44511003", "primary_si": "541105", "industry_d": "Grocers-Retail, Fruits & Vegetables & Produce-Retail", "affiliated": "NA", "brands": "NA", "headquarte": "NA", "location_c": "High", "naics_indu": "Retail Trade", "business_c": "Independent", "square_foo": "1500 - 2499", "employee_c": "5", "sales_volu": "1337000", "corporate_": "NA", "query": "Casa Guadalupe II, Mission St, San Francisco, CA, 94110", "formatted_": "2999 Mission St, San Francisco, CA 94110, United States", "latitude": "37.7491974", "longitude": "-122.4180285", "place_id": "ChIJSbxgrkZ-j4ARkiSruQbe63c", "google_sta": "OK", "match_stat": "matched" }, "geometry": { "type": "Point", "coordinates": [ -122.4180285, 37.7491974 ] } },
{ "type": "Feature", "properties": { "company_bu": "Casa Lucas", "address": "Mission St", "city": "San Francisco", "state_abbr": "CA", "zip_code": "94112", "primary_na": "44511003", "primary_si": "541105", "industry_d": "Grocers-Retail", "affiliated": "NA", "brands": "NA", "headquarte": "NA", "location_c": "High", "naics_indu": "Retail Trade", "business_c": "Independent", "square_foo": "10000 - 19999", "employee_c": "24", "sales_volu": "6414000", "corporate_": "NA", "query": "Casa Lucas, Mission St, San Francisco, CA, 94112", "formatted_": "4555 Mission St, San Francisco, CA 94112, United States", "latitude": "37.7253554", "longitude": "-122.4341419", "place_id": "ChIJiXixuYh-j4ARkYMpGlxBzfk", "google_sta": "OK", "match_stat": "matched" }, "geometry": { "type": "Point", "coordinates": [ -122.4341419, 37.7253554 ] } },
{ "type": "Feature", "properties": { "company_bu": "Casa Lucas Market", "address": "24th St", "city": "San Francisco", "state_abbr": "CA", "zip_code": "94110", "primary_na": "44511003", "primary_si": "541105", "industry_d": "Grocers-Retail, Greeting Cards-Retail", "affiliated": "NA", "brands": "NA", "headquarte": "NA", "location_c": "High", "naics_indu": "Retail Trade", "business_c": "Independent", "square_foo": "20000 - 39999", "employee_c": "20", "sales_volu": "5345000", "corporate_": "NA", "query": "Casa Lucas Market, 24th St, San Francisco, CA, 94110", "formatted_": "2934 24th St, San Francisco, CA 94110, United States", "latitude": "37.7528091", "longitude": "-122.4106953", "place_id": "ChIJc28j8Eh-j4AREiBmjdNRP3c", "google_sta": "OK", "match_stat": "matched" }, "geometry": { "type": "Point", "coordinates": [ -122.4106953, 37.7528091 ] } },
{ "type": "Feature", "properties": { "company_bu": "Central Haight Market", "address": "Haight St", "city": "San Francisco", "state_abbr": "CA", "zip_code": "94117", "primary_na": "44511003", "primary_si": "541105", "industry_d": "Grocers-Retail", "affiliated": "NA", "brands": "NA", "headquarte": "NA", "location_c": "High", "naics_indu": "Retail Trade", "business_c": "Independent", "square_foo": "1 - 1499", "employee_c": "3", "sales_volu": "802000", "corporate_": "NA", "query": "Central Haight Market, Haight St, San Francisco, CA, 94117", "formatted_": "1301 Haight St, San Francisco, CA 94117, United States", "latitude": "37.7703129", "longitude": "-122.4438178", "place_id": "ChIJ_YaWYayAhYAR9BN6hPN7dwA", "google_sta": "OK", "match_stat": "matched" }, "geometry": { "type": "Point", "coordinates": [ -122.4438178, 37.7703129 ] } },
{ "type": "Feature", "properties": { "company_bu": "Central Market Community Benef", "address": "Market St", "city": "San Francisco", "state_abbr": "CA", "zip_code": "94102", "primary_na": "44511003", "primary_si": "541105", "industry_d": "Grocers-Retail", "affiliated": "NA", "brands": "NA", "headquarte": "NA", "location_c": "High", "naics_indu": "Retail Trade", "business_c": "Independent", "square_foo": "NA", "employee_c": "33", "sales_volu": "8819000", "corporate_": "NA", "query": "Central Market Community Benef, Market St, San Francisco, CA, 94102", "formatted_": "1182 Market St Suite 213, San Francisco, CA 94102, United States", "latitude": "37.7792223", "longitude": "-122.4143841", "place_id": "ChIJp75FwIWAhYARgYHorv4dztQ", "google_sta": "OK", "match_stat": "matched" }, "geometry": { "type": "Point", "coordinates": [ -122.4143841, 37.7792223 ] } },
{ "type": "Feature", "properties": { "company_bu": "Cheers on Demand", "address": "Fillmore St", "city": "San Francisco", "state_abbr": "CA", "zip_code": "94117", "primary_na": "44511003", "primary_si": "541105", "industry_d": "Grocers-Retail", "affiliated": "NA", "brands": "NA", "headquarte": "NA", "location_c": "High", "naics_indu": "Retail Trade", "business_c": "Independent", "square_foo": "2500 - 4999", "employee_c": "5", "sales_volu": "1337000", "corporate_": "NA", "query": "Cheers on Demand, Fillmore St, San Francisco, CA, 94117", "formatted_": "867 Fillmore St, San Francisco, CA 94117, United States", "latitude": "37.7775581", "longitude": "-122.4317498", "place_id": "ChIJl50yzKSAhYARoqCf78GxgIU", "google_sta": "OK", "match_stat": "matched" }, "geometry": { "type": "Point", "coordinates": [ -122.4317498, 37.7775581 ] } },
{ "type": "Feature", "properties": { "company_bu": "Cheese Plus", "address": "Polk St", "city": "San Francisco", "state_abbr": "CA", "zip_code": "94109", "primary_na": "45942012", "primary_si": "594713", "industry_d": "Gift Baskets & Parcels, Grocers-Retail, Cheese, Wines-Retail, Gourmet Shops", "affiliated": "NA", "brands": "NA", "headquarte": "NA", "location_c": "High", "naics_indu": "Retail Trade", "business_c": "Independent", "square_foo": "1 - 1499", "employee_c": "4", "sales_volu": "458000", "corporate_": "NA", "query": "Cheese Plus, Polk St, San Francisco, CA, 94109", "formatted_": "2001 Polk St, San Francisco, CA 94109, United States", "latitude": "37.7951896", "longitude": "-122.4217763", "place_id": "ChIJ7eG0KeqAhYARxnkXpdiy2ds", "google_sta": "OK", "match_stat": "matched" }, "geometry": { "type": "Point", "coordinates": [ -122.4217763, 37.7951896 ] } },
{ "type": "Feature", "properties": { "company_bu": "Chef Bowl Inc", "address": "Vallejo St", "city": "San Francisco", "state_abbr": "CA", "zip_code": "94133", "primary_na": "42441005", "primary_si": "514105", "industry_d": "Grocers-Wholesale, Bowling Centers, Grocers-Retail", "affiliated": "NA", "brands": "NA", "headquarte": "NA", "location_c": "High", "naics_indu": "Wholesale Trade", "business_c": "Independent", "square_foo": "2500 - 4999", "employee_c": "4", "sales_volu": "8809000", "corporate_": "NA", "query": "Chef Bowl Inc, Vallejo St, San Francisco, CA, 94133", "formatted_": "775 Vallejo St, San Francisco, CA 94133, United States", "latitude": "37.7983429", "longitude": "-122.4099496", "place_id": "ChIJw-olLfKAhYARo6-AYVgcopw", "google_sta": "OK", "match_stat": "matched" }, "geometry": { "type": "Point", "coordinates": [ -122.4099496, 37.7983429 ] } },
{ "type": "Feature", "properties": { "company_bu": "Chenery Market", "address": "Chenery St", "city": "San Francisco", "state_abbr": "CA", "zip_code": "94131", "primary_na": "44511003", "primary_si": "541105", "industry_d": "Grocers-Retail", "affiliated": "NA", "brands": "NA", "headquarte": "NA", "location_c": "High", "naics_indu": "Retail Trade", "business_c": "Independent", "square_foo": "1 - 1499", "employee_c": "4", "sales_volu": "1069000", "corporate_": "NA", "query": "Chenery Market, Chenery St, San Francisco, CA, 94131", "formatted_": "100 Chenery St #453, San Francisco, CA 94131, United States", "latitude": "37.7397071", "longitude": "-122.425722", "place_id": "ChIJ745Ao2d-j4ARN7O0-aBYcBk", "google_sta": "OK", "match_stat": "matched" }, "geometry": { "type": "Point", "coordinates": [ -122.425722, 37.7397071 ] } },
{ "type": "Feature", "properties": { "company_bu": "Chiotras Grocery", "address": "Rhode Island St", "city": "San Francisco", "state_abbr": "CA", "zip_code": "94107", "primary_na": "44511003", "primary_si": "541105", "industry_d": "Grocers-Retail, Greeting Cards-Retail", "affiliated": "NA", "brands": "NA", "headquarte": "NA", "location_c": "High", "naics_indu": "Retail Trade", "business_c": "Independent", "square_foo": "1 - 1499", "employee_c": "2", "sales_volu": "535000", "corporate_": "NA", "query": "Chiotras Grocery, Rhode Island St, San Francisco, CA, 94107", "formatted_": "858 Rhode Island St, San Francisco, CA 94107, United States", "latitude": "37.7589235", "longitude": "-122.4021966", "place_id": "ChIJh5yuWjV-j4AR8q7Ul3k-k_o", "google_sta": "OK", "match_stat": "matched" }, "geometry": { "type": "Point", "coordinates": [ -122.4021966, 37.7589235 ] } },
{ "type": "Feature", "properties": { "company_bu": "Christa Market", "address": "Broderick St", "city": "San Francisco", "state_abbr": "CA", "zip_code": "94115", "primary_na": "44511003", "primary_si": "541105", "industry_d": "Grocers-Retail", "affiliated": "NA", "brands": "NA", "headquarte": "NA", "location_c": "High", "naics_indu": "Retail Trade", "business_c": "Independent", "square_foo": "1500 - 2499", "employee_c": "2", "sales_volu": "535000", "corporate_": "NA", "query": "Christa Market, Broderick St, San Francisco, CA, 94115", "formatted_": "1926 Broderick St, San Francisco, CA 94115, United States", "latitude": "37.7886759", "longitude": "-122.4421793", "place_id": "ChIJufNK9MuAhYARr_vCNjyCv0w", "google_sta": "OK", "match_stat": "matched" }, "geometry": { "type": "Point", "coordinates": [ -122.4421793, 37.7886759 ] } },
{ "type": "Feature", "properties": { "company_bu": "Cinco De Mayo Taqueria & Grocery Store", "address": "Felton St", "city": "San Francisco", "state_abbr": "CA", "zip_code": "94134", "primary_na": "72251117", "primary_si": "581208", "industry_d": "Restaurants, Grocers-Retail", "affiliated": "NA", "brands": "NA", "headquarte": "NA", "location_c": "High", "naics_indu": "Accommodation & Food Services", "business_c": "Independent", "square_foo": "1500 - 2499", "employee_c": "4", "sales_volu": "1639000", "corporate_": "NA", "query": "Cinco De Mayo Taqueria & Grocery Store, Felton St, San Francisco, CA, 94134", "formatted_": "3052 16th St, San Francisco, CA 94103, United States", "latitude": "37.7651094", "longitude": "-122.4207943", "place_id": "ChIJZUZcriN-j4ARCSCGm270LcU", "google_sta": "OK", "match_stat": "matched" }, "geometry": { "type": "Point", "coordinates": [ -122.4207943, 37.7651094 ] } },
{ "type": "Feature", "properties": { "company_bu": "Cindy's Market", "address": "Hayes St", "city": "San Francisco", "state_abbr": "CA", "zip_code": "94117", "primary_na": "44511003", "primary_si": "541105", "industry_d": "Grocers-Retail", "affiliated": "NA", "brands": "NA", "headquarte": "NA", "location_c": "High", "naics_indu": "Retail Trade", "business_c": "Independent", "square_foo": "1500 - 2499", "employee_c": "1", "sales_volu": "268000", "corporate_": "NA", "query": "Cindy's Market, Hayes St, San Francisco, CA, 94117", "formatted_": "2084 Hayes St, San Francisco, CA 94117, United States", "latitude": "37.7734425", "longitude": "-122.4508232", "place_id": "ChIJIxy1uE2HhYARoIEyWFxtPEo", "google_sta": "OK", "match_stat": "matched" }, "geometry": { "type": "Point", "coordinates": [ -122.4508232, 37.7734425 ] } },
{ "type": "Feature", "properties": { "company_bu": "City Produce", "address": "6th St", "city": "San Francisco", "state_abbr": "CA", "zip_code": "94103", "primary_na": "44511003", "primary_si": "541105", "industry_d": "Grocers-Retail", "affiliated": "NA", "brands": "NA", "headquarte": "NA", "location_c": "High", "naics_indu": "Retail Trade", "business_c": "Independent", "square_foo": "1500 - 2499", "employee_c": "2", "sales_volu": "535000", "corporate_": "NA", "query": "City Produce, 6th St, San Francisco, CA, 94103", "formatted_": "174 6th St, San Francisco, CA 94103, United States", "latitude": "37.7799638", "longitude": "-122.4076589", "place_id": "ChIJoTsm-4OAhYARGuc2zzC9QOA", "google_sta": "OK", "match_stat": "matched" }, "geometry": { "type": "Point", "coordinates": [ -122.4076589, 37.7799638 ] } },
{ "type": "Feature", "properties": { "company_bu": "City Super", "address": "Stockton St", "city": "San Francisco", "state_abbr": "CA", "zip_code": "94133", "primary_na": "44511003", "primary_si": "541105", "industry_d": "Grocers-Retail", "affiliated": "NA", "brands": "NA", "headquarte": "NA", "location_c": "High", "naics_indu": "Retail Trade", "business_c": "Independent", "square_foo": "1500 - 2499", "employee_c": "2", "sales_volu": "535000", "corporate_": "NA", "query": "City Super, Stockton St, San Francisco, CA, 94133", "formatted_": "1108 Stockton St, San Francisco, CA 94133, United States", "latitude": "37.7960277", "longitude": "-122.4081871", "place_id": "ChIJTR_ba_OAhYARxzuE3SP0ITc", "google_sta": "OK", "match_stat": "matched" }, "geometry": { "type": "Point", "coordinates": [ -122.4081871, 37.7960277 ] } },
{ "type": "Feature", "properties": { "company_bu": "Clancey's Market & Deli", "address": "Irving St", "city": "San Francisco", "state_abbr": "CA", "zip_code": "94122", "primary_na": "44511003", "primary_si": "541105", "industry_d": "Grocers-Retail", "affiliated": "NA", "brands": "NA", "headquarte": "NA", "location_c": "High", "naics_indu": "Retail Trade", "business_c": "Independent", "square_foo": "1 - 1499", "employee_c": "1", "sales_volu": "268000", "corporate_": "NA", "query": "Clancey's Market & Deli, Irving St, San Francisco, CA, 94122", "formatted_": "3960 Irving St, San Francisco, CA 94122, United States", "latitude": "37.7626619", "longitude": "-122.5004175", "place_id": "ChIJwZKwCpmHhYARuO5ZCFG-8AI", "google_sta": "OK", "match_stat": "matched" }, "geometry": { "type": "Point", "coordinates": [ -122.5004175, 37.7626619 ] } },
{ "type": "Feature", "properties": { "company_bu": "Common Sage", "address": "Polk St", "city": "San Francisco", "state_abbr": "CA", "zip_code": "94109", "primary_na": "44511003", "primary_si": "541105", "industry_d": "Grocers-Retail, Restaurants, Storage", "affiliated": "NA", "brands": "NA", "headquarte": "NA", "location_c": "High", "naics_indu": "Retail Trade", "business_c": "Independent", "square_foo": "1500 - 2499", "employee_c": "3", "sales_volu": "802000", "corporate_": "NA", "query": "Common Sage, Polk St, San Francisco, CA, 94109", "formatted_": "1552 Polk St, San Francisco, CA 94109, United States", "latitude": "37.7913595", "longitude": "-122.4205787", "place_id": "ChIJeVZpJeuAhYARdp2QoYzlKpw", "google_sta": "OK", "match_stat": "matched" }, "geometry": { "type": "Point", "coordinates": [ -122.4205787, 37.7913595 ] } },
{ "type": "Feature", "properties": { "company_bu": "Convenient Deli & Grocery", "address": "Laguna St", "city": "San Francisco", "state_abbr": "CA", "zip_code": "94115", "primary_na": "44513101", "primary_si": "541103", "industry_d": "Convenience Stores, Grocers-Retail, Greeting Cards-Retail", "affiliated": "NA", "brands": "NA", "headquarte": "NA", "location_c": "High", "naics_indu": "Retail Trade", "business_c": "Independent", "square_foo": "1 - 1499", "employee_c": "1", "sales_volu": "268000", "corporate_": "NA", "query": "Convenient Deli & Grocery, Laguna St, San Francisco, CA, 94115", "formatted_": "1201 Laguna St, San Francisco, CA 94115, United States", "latitude": "37.7822546", "longitude": "-122.4275926", "place_id": "ChIJv7X2T7yAhYARXXiqJA482iE", "google_sta": "OK", "match_stat": "matched" }, "geometry": { "type": "Point", "coordinates": [ -122.4275926, 37.7822546 ] } },
{ "type": "Feature", "properties": { "company_bu": "Cool Super Discount Market", "address": "Turk St", "city": "San Francisco", "state_abbr": "CA", "zip_code": "94102", "primary_na": "45511003", "primary_si": "531104", "industry_d": "Retail Shops, Grocers-Retail", "affiliated": "NA", "brands": "NA", "headquarte": "NA", "location_c": "High", "naics_indu": "Retail Trade", "business_c": "Independent", "square_foo": "2500 - 4999", "employee_c": "4", "sales_volu": "822000", "corporate_": "NA", "query": "Cool Super Discount Market, Turk St, San Francisco, CA, 94102", "formatted_": "153 Turk St, San Francisco, CA 94102, United States", "latitude": "37.7840469", "longitude": "-122.4108201", "place_id": "ChIJtTl6Y4WAhYARgEVUR6cdtSE", "google_sta": "OK", "match_stat": "matched" }, "geometry": { "type": "Point", "coordinates": [ -122.4108201, 37.7840469 ] } },
{ "type": "Feature", "properties": { "company_bu": "Cordova Market", "address": "Rolph St", "city": "San Francisco", "state_abbr": "CA", "zip_code": "94112", "primary_na": "44511003", "primary_si": "541105", "industry_d": "Grocers-Retail, Lottery Agents", "affiliated": "NA", "brands": "NA", "headquarte": "NA", "location_c": "High", "naics_indu": "Retail Trade", "business_c": "Independent", "square_foo": "1 - 1499", "employee_c": "2", "sales_volu": "535000", "corporate_": "NA", "query": "Cordova Market, Rolph St, San Francisco, CA, 94112", "formatted_": "301 Rolph St, San Francisco, CA 94112, United States", "latitude": "37.71352", "longitude": "-122.4363763", "place_id": "ChIJnRop75l-j4ARFETXjgjudnE", "google_sta": "OK", "match_stat": "matched" }, "geometry": { "type": "Point", "coordinates": [ -122.4363763, 37.71352 ] } },
{ "type": "Feature", "properties": { "company_bu": "Costco Wholesale", "address": "10 Th St", "city": "San Francisco", "state_abbr": "CA", "zip_code": "94103", "primary_na": "45521101", "primary_si": "531110", "industry_d": "Wholesale Clubs, Wholesalers, Retail Shops, Grocers-Retail, Candy & Confectionery-Retail, Tire-Dealers-Retail, Clothing-Retail, Furniture-Dealers-Retail, Housewares-Retail, Appliances-Household-Small-Dealers, Electronic Equipment & Supplies-Retail, Recor", "affiliated": "NA", "brands": "Michelin", "headquarte": "Costco Wholesale Corporation", "location_c": "High", "naics_indu": "Retail Trade", "business_c": "Branch", "square_foo": "100000+", "employee_c": "374", "sales_volu": "76806000", "corporate_": "Costco Wholesale", "query": "Costco Wholesale, 10 Th St, San Francisco, CA, 94103", "formatted_": "450 10th St, San Francisco, CA 94103, United States", "latitude": "37.7703137", "longitude": "-122.410924", "place_id": "ChIJC2juwih-j4ARvLq4f6Oyeuc", "google_sta": "OK", "match_stat": "matched" }, "geometry": { "type": "Point", "coordinates": [ -122.410924, 37.7703137 ] } },
{ "type": "Feature", "properties": { "company_bu": "Cottage Market", "address": "Bush St", "city": "San Francisco", "state_abbr": "CA", "zip_code": "94108", "primary_na": "44511003", "primary_si": "541105", "industry_d": "Grocers-Retail", "affiliated": "NA", "brands": "NA", "headquarte": "NA", "location_c": "Medium", "naics_indu": "Retail Trade", "business_c": "Independent", "square_foo": "1 - 1499", "employee_c": "3", "sales_volu": "802000", "corporate_": "NA", "query": "Cottage Market, Bush St, San Francisco, CA, 94108", "formatted_": "798 Bush St, San Francisco, CA 94108, United States", "latitude": "37.7900785", "longitude": "-122.4103586", "place_id": "ChIJUWuxzo2AhYARpEW1omB_iug", "google_sta": "OK", "match_stat": "matched" }, "geometry": { "type": "Point", "coordinates": [ -122.4103586, 37.7900785 ] } },
{ "type": "Feature", "properties": { "company_bu": "Crown Market", "address": "Geary St", "city": "San Francisco", "state_abbr": "CA", "zip_code": "94109", "primary_na": "44511003", "primary_si": "541105", "industry_d": "Grocers-Retail, Greeting Cards-Retail", "affiliated": "NA", "brands": "NA", "headquarte": "NA", "location_c": "High", "naics_indu": "Retail Trade", "business_c": "Independent", "square_foo": "1 - 1499", "employee_c": "1", "sales_volu": "268000", "corporate_": "NA", "query": "Crown Market, Geary St, San Francisco, CA, 94109", "formatted_": "712 Geary St, San Francisco, CA 94109, United States", "latitude": "37.786589", "longitude": "-122.4151906", "place_id": "ChIJ3VLKmJGAhYAR0hoVFkWG5yE", "google_sta": "OK", "match_stat": "matched" }, "geometry": { "type": "Point", "coordinates": [ -122.4151906, 37.786589 ] } },
{ "type": "Feature", "properties": { "company_bu": "David's Food Store", "address": "Kearny St", "city": "San Francisco", "state_abbr": "CA", "zip_code": "94108", "primary_na": "44511003", "primary_si": "541105", "industry_d": "Grocers-Retail, Liquors-Retail", "affiliated": "NA", "brands": "NA", "headquarte": "NA", "location_c": "High", "naics_indu": "Retail Trade", "business_c": "Independent", "square_foo": "1 - 1499", "employee_c": "2", "sales_volu": "535000", "corporate_": "NA", "query": "David's Food Store, Kearny St, San Francisco, CA, 94108", "formatted_": "San Francisco, CA 94111, United States", "latitude": "37.7938247", "longitude": "-122.4045417", "place_id": "ChIJ1dVwA4uAhYARwRr3DEM6CKo", "google_sta": "OK", "match_stat": "matched" }, "geometry": { "type": "Point", "coordinates": [ -122.4045417, 37.7938247 ] } },
{ "type": "Feature", "properties": { "company_bu": "Denhard's Market", "address": "10th Ave", "city": "San Francisco", "state_abbr": "CA", "zip_code": "94118", "primary_na": "44511003", "primary_si": "541105", "industry_d": "Grocers-Retail", "affiliated": "NA", "brands": "NA", "headquarte": "NA", "location_c": "High", "naics_indu": "Retail Trade", "business_c": "Independent", "square_foo": "1 - 1499", "employee_c": "2", "sales_volu": "535000", "corporate_": "NA", "query": "Denhard's Market, 10th Ave, San Francisco, CA, 94118", "formatted_": "701 10th Ave, San Francisco, CA 94118, United States", "latitude": "37.7750476", "longitude": "-122.4683143", "place_id": "ChIJTxeAFkCHhYARtwwZ-NlRORI", "google_sta": "OK", "match_stat": "matched" }, "geometry": { "type": "Point", "coordinates": [ -122.4683143, 37.7750476 ] } },
{ "type": "Feature", "properties": { "company_bu": "Discount City", "address": "Mission St", "city": "San Francisco", "state_abbr": "CA", "zip_code": "94110", "primary_na": "44511003", "primary_si": "541105", "industry_d": "Grocers-Retail, Variety Stores, Greeting Cards-Retail", "affiliated": "NA", "brands": "NA", "headquarte": "NA", "location_c": "High", "naics_indu": "Retail Trade", "business_c": "Independent", "square_foo": "1 - 1499", "employee_c": "2", "sales_volu": "535000", "corporate_": "NA", "query": "Discount City, Mission St, San Francisco, CA, 94110", "formatted_": "2784-2786, 2788 Mission St, San Francisco, CA 94110, United States", "latitude": "37.7526573", "longitude": "-122.418661", "place_id": "ChIJ97BIrEB-j4ARsSDsXsDZ6K8", "google_sta": "OK", "match_stat": "matched" }, "geometry": { "type": "Point", "coordinates": [ -122.418661, 37.7526573 ] } },
{ "type": "Feature", "properties": { "company_bu": "Dong Hing", "address": "Stockton St", "city": "San Francisco", "state_abbr": "CA", "zip_code": "94133", "primary_na": "44511003", "primary_si": "541105", "industry_d": "Grocers-Retail", "affiliated": "NA", "brands": "NA", "headquarte": "NA", "location_c": "High", "naics_indu": "Retail Trade", "business_c": "Independent", "square_foo": "1500 - 2499", "employee_c": "3", "sales_volu": "802000", "corporate_": "NA", "query": "Dong Hing, Stockton St, San Francisco, CA, 94133", "formatted_": "1210 Stockton St, San Francisco, CA 94133, United States", "latitude": "37.796946", "longitude": "-122.4083717", "place_id": "ChIJna7Qn_OAhYARoHVYkQ93Mgs", "google_sta": "OK", "match_stat": "matched" }, "geometry": { "type": "Point", "coordinates": [ -122.4083717, 37.796946 ] } },
{ "type": "Feature", "properties": { "company_bu": "Double Rock Grocery", "address": "Ingalls St", "city": "San Francisco", "state_abbr": "CA", "zip_code": "94124", "primary_na": "44511003", "primary_si": "541105", "industry_d": "Grocers-Retail", "affiliated": "NA", "brands": "NA", "headquarte": "NA", "location_c": "High", "naics_indu": "Retail Trade", "business_c": "Independent", "square_foo": "1 - 1499", "employee_c": "2", "sales_volu": "535000", "corporate_": "NA", "query": "Double Rock Grocery, Ingalls St, San Francisco, CA, 94124", "formatted_": "2830 Ingalls St, San Francisco, CA 94124, United States", "latitude": "37.721165", "longitude": "-122.3913198", "place_id": "ChIJE2G73yJ_j4ARSjoGAnfqp0c", "google_sta": "OK", "match_stat": "matched" }, "geometry": { "type": "Point", "coordinates": [ -122.3913198, 37.721165 ] } },
{ "type": "Feature", "properties": { "company_bu": "Drink Liquor", "address": "2nd Ave", "city": "San Francisco", "state_abbr": "CA", "zip_code": "94118", "primary_na": "44511003", "primary_si": "541105", "industry_d": "Grocers-Retail", "affiliated": "NA", "brands": "NA", "headquarte": "NA", "location_c": "High", "naics_indu": "Retail Trade", "business_c": "Independent", "square_foo": "1500 - 2499", "employee_c": "4", "sales_volu": "1069000", "corporate_": "NA", "query": "Drink Liquor, 2nd Ave, San Francisco, CA, 94118", "formatted_": "601 2nd Ave, San Francisco, CA 94118, United States", "latitude": "37.777278", "longitude": "-122.4598907", "place_id": "ChIJO9kZvEeHhYAR3Khkm4N7DIY", "google_sta": "OK", "match_stat": "matched" }, "geometry": { "type": "Point", "coordinates": [ -122.4598907, 37.777278 ] } },
{ "type": "Feature", "properties": { "company_bu": "Dust Market Star", "address": "Geary Blvd", "city": "San Francisco", "state_abbr": "CA", "zip_code": "94118", "primary_na": "44511003", "primary_si": "541105", "industry_d": "Grocers-Retail, Greeting Cards-Retail", "affiliated": "NA", "brands": "NA", "headquarte": "NA", "location_c": "High", "naics_indu": "Retail Trade", "business_c": "Independent", "square_foo": "1 - 1499", "employee_c": "1", "sales_volu": "268000", "corporate_": "NA", "query": "Dust Market Star, Geary Blvd, San Francisco, CA, 94118", "formatted_": "3801 Geary Blvd, San Francisco, CA 94118, United States", "latitude": "37.7810319", "longitude": "-122.4601734", "place_id": "ChIJ9X9YrTmHhYARzELgbDDHR48", "google_sta": "OK", "match_stat": "matched" }, "geometry": { "type": "Point", "coordinates": [ -122.4601734, 37.7810319 ] } },
{ "type": "Feature", "properties": { "company_bu": "Ea Grocers, Inc", "address": "Powell St", "city": "San Francisco", "state_abbr": "CA", "zip_code": "94108", "primary_na": "44511003", "primary_si": "541105", "industry_d": "Grocers-Retail", "affiliated": "NA", "brands": "NA", "headquarte": "NA", "location_c": "High", "naics_indu": "Retail Trade", "business_c": "Independent", "square_foo": "1500 - 2499", "employee_c": "2", "sales_volu": "535000", "corporate_": "NA", "query": "Ea Grocers, Inc, Powell St, San Francisco, CA, 94108", "formatted_": "1301 Powell St, San Francisco, CA 94133, United States", "latitude": "37.7965963", "longitude": "-122.4102486", "place_id": "ChIJS-0YVPKAhYARh4htn9Miin4", "google_sta": "OK", "match_stat": "matched" }, "geometry": { "type": "Point", "coordinates": [ -122.4102486, 37.7965963 ] } },
{ "type": "Feature", "properties": { "company_bu": "Eddy's Food Store", "address": "Irving St", "city": "San Francisco", "state_abbr": "CA", "zip_code": "94122", "primary_na": "44511003", "primary_si": "541105", "industry_d": "Grocers-Retail, Convenience Stores, General Merchandise-Retail", "affiliated": "NA", "brands": "NA", "headquarte": "NA", "location_c": "High", "naics_indu": "Retail Trade", "business_c": "Independent", "square_foo": "1 - 1499", "employee_c": "4", "sales_volu": "1069000", "corporate_": "NA", "query": "Eddy's Food Store, Irving St, San Francisco, CA, 94122", "formatted_": "951 Irving St, San Francisco, CA 94122, United States", "latitude": "37.763842", "longitude": "-122.4683018", "place_id": "ChIJuetrmV2HhYARw4N-LTp1JI4", "google_sta": "OK", "match_stat": "matched" }, "geometry": { "type": "Point", "coordinates": [ -122.4683018, 37.763842 ] } },
{ "type": "Feature", "properties": { "company_bu": "Eight Twenty Eight Irving Market", "address": "Irving St", "city": "San Francisco", "state_abbr": "CA", "zip_code": "94122", "primary_na": "44511003", "primary_si": "541105", "industry_d": "Grocers-Retail, Shopping Service-Personal", "affiliated": "NA", "brands": "NA", "headquarte": "NA", "location_c": "High", "naics_indu": "Retail Trade", "business_c": "Independent", "square_foo": "1 - 1499", "employee_c": "3", "sales_volu": "802000", "corporate_": "NA", "query": "Eight Twenty Eight Irving Market, Irving St, San Francisco, CA, 94122", "formatted_": "828 Irving St, San Francisco, CA 94122, United States", "latitude": "37.7641458", "longitude": "-122.4669157", "place_id": "ChIJY1N1rl2HhYARXLdcdDlmLiE", "google_sta": "OK", "match_stat": "matched" }, "geometry": { "type": "Point", "coordinates": [ -122.4669157, 37.7641458 ] } },
{ "type": "Feature", "properties": { "company_bu": "El Ahorro De Barraza", "address": "Mission St", "city": "San Francisco", "state_abbr": "CA", "zip_code": "94110", "primary_na": "44511003", "primary_si": "541105", "industry_d": "Grocers-Retail", "affiliated": "NA", "brands": "NA", "headquarte": "NA", "location_c": "High", "naics_indu": "Retail Trade", "business_c": "Independent", "square_foo": "1 - 1499", "employee_c": "2", "sales_volu": "535000", "corporate_": "NA", "query": "El Ahorro De Barraza, Mission St, San Francisco, CA, 94110", "formatted_": "3456 Mission St, San Francisco, CA 94110, United States", "latitude": "37.7414712", "longitude": "-122.4227489", "place_id": "ChIJS8yQQF1-j4ARNUxlr6VGkOU", "google_sta": "OK", "match_stat": "matched" }, "geometry": { "type": "Point", "coordinates": [ -122.4227489, 37.7414712 ] } },
{ "type": "Feature", "properties": { "company_bu": "El Chico Produce Market", "address": "24th St", "city": "San Francisco", "state_abbr": "CA", "zip_code": "94110", "primary_na": "44511003", "primary_si": "541105", "industry_d": "Grocers-Retail", "affiliated": "NA", "brands": "NA", "headquarte": "NA", "location_c": "High", "naics_indu": "Retail Trade", "business_c": "Independent", "square_foo": "2500 - 4999", "employee_c": "12", "sales_volu": "3207000", "corporate_": "NA", "query": "El Chico Produce Market, 24th St, San Francisco, CA, 94110", "formatted_": "2965 24th St, San Francisco, CA 94110, United States", "latitude": "37.7525915", "longitude": "-122.4112525", "place_id": "ChIJ-3NZ7Uh-j4ARK4GxHnM1CfY", "google_sta": "OK", "match_stat": "matched" }, "geometry": { "type": "Point", "coordinates": [ -122.4112525, 37.7525915 ] } },
{ "type": "Feature", "properties": { "company_bu": "El Mediano Produce Two", "address": "Taraval St", "city": "San Francisco", "state_abbr": "CA", "zip_code": "94116", "primary_na": "44523003", "primary_si": "543101", "industry_d": "Fruits & Vegetables & Produce-Retail, Grocers-Retail", "affiliated": "NA", "brands": "NA", "headquarte": "NA", "location_c": "High", "naics_indu": "Retail Trade", "business_c": "Independent", "square_foo": "1500 - 2499", "employee_c": "3", "sales_volu": "643000", "corporate_": "NA", "query": "El Mediano Produce Two, Taraval St, San Francisco, CA, 94116", "formatted_": "1215 Taraval St, San Francisco, CA 94116, United States", "latitude": "37.742777", "longitude": "-122.4793044", "place_id": "ChIJ9_cgQJB9j4ARjhtdz6inqKk", "google_sta": "OK", "match_stat": "matched" }, "geometry": { "type": "Point", "coordinates": [ -122.4793044, 37.742777 ] } },
{ "type": "Feature", "properties": { "company_bu": "Epicurean Trader", "address": "Ferry Bldg-abf Only", "city": "San Francisco", "state_abbr": "CA", "zip_code": "94111", "primary_na": "44511003", "primary_si": "541105", "industry_d": "Grocers-Retail", "affiliated": "NA", "brands": "NA", "headquarte": "NA", "location_c": "High", "naics_indu": "Retail Trade", "business_c": "Independent", "square_foo": "1500 - 2499", "employee_c": "12", "sales_volu": "3207000", "corporate_": "NA", "query": "Epicurean Trader, Ferry Bldg-abf Only, San Francisco, CA, 94111", "formatted_": "Ferry Building, Ferry Building, 1, Suite 9, San Francisco, CA 94111, United States", "latitude": "37.795992", "longitude": "-122.3938024", "place_id": "ChIJpT0_PSiBhYAR8yckBFQQneA", "google_sta": "OK", "match_stat": "matched" }, "geometry": { "type": "Point", "coordinates": [ -122.3938024, 37.795992 ] } },
{ "type": "Feature", "properties": { "company_bu": "Evergreen Market", "address": "Mission St", "city": "San Francisco", "state_abbr": "CA", "zip_code": "94110", "primary_na": "44511003", "primary_si": "541105", "industry_d": "Grocers-Retail", "affiliated": "NA", "brands": "NA", "headquarte": "NA", "location_c": "High", "naics_indu": "Retail Trade", "business_c": "Independent", "square_foo": "1500 - 2499", "employee_c": "8", "sales_volu": "2138000", "corporate_": "NA", "query": "Evergreen Market, Mission St, San Francisco, CA, 94110", "formatted_": "2539 Mission St, San Francisco, CA 94110, United States", "latitude": "37.7563764", "longitude": "-122.4187025", "place_id": "ChIJRTwmzD5-j4ARPhilfRvlyvU", "google_sta": "OK", "match_stat": "matched" }, "geometry": { "type": "Point", "coordinates": [ -122.4187025, 37.7563764 ] } },
{ "type": "Feature", "properties": { "company_bu": "Falletti Foods", "address": "Broderick St", "city": "San Francisco", "state_abbr": "CA", "zip_code": "94117", "primary_na": "44511003", "primary_si": "541105", "industry_d": "Grocers-Retail, Greeting Cards-Retail", "affiliated": "NA", "brands": "NA", "headquarte": "NA", "location_c": "High", "naics_indu": "Retail Trade", "business_c": "Independent", "square_foo": "20000 - 39999", "employee_c": "25", "sales_volu": "6681000", "corporate_": "NA", "query": "Falletti Foods, Broderick St, San Francisco, CA, 94117", "formatted_": "308 Broderick St, San Francisco, CA 94117, United States", "latitude": "37.7732323", "longitude": "-122.4390218", "place_id": "ChIJ80AB966AhYARb2wA6yvKsNY", "google_sta": "OK", "match_stat": "matched" }, "geometry": { "type": "Point", "coordinates": [ -122.4390218, 37.7732323 ] } },
{ "type": "Feature", "properties": { "company_bu": "Farm Fresh to You", "address": "Ferry Building", "city": "San Francisco", "state_abbr": "CA", "zip_code": "94111", "primary_na": "72251117", "primary_si": "581208", "industry_d": "Restaurants, Grocers-Retail, Foods-Carry Out, Grocers-Wholesale", "affiliated": "NA", "brands": "NA", "headquarte": "NA", "location_c": "Medium", "naics_indu": "Accommodation & Food Services", "business_c": "Independent", "square_foo": "20000 - 39999", "employee_c": "12", "sales_volu": "854000", "corporate_": "NA", "query": "Farm Fresh to You, Ferry Building, San Francisco, CA, 94111", "formatted_": "1 Ferry Building, Shop #9, San Francisco, CA 94111, United States", "latitude": "37.796017", "longitude": "-122.393821", "place_id": "ChIJWTGPjmaAhYARjbOBc7o2XBk", "google_sta": "OK", "match_stat": "matched" }, "geometry": { "type": "Point", "coordinates": [ -122.393821, 37.796017 ] } },
{ "type": "Feature", "properties": { "company_bu": "Faye's Video", "address": "18th St", "city": "San Francisco", "state_abbr": "CA", "zip_code": "94110", "primary_na": "44511003", "primary_si": "541105", "industry_d": "Grocers-Retail, Video Equipment-Service & Repair, Greeting Cards-Retail, Video Tapes & Discs-Renting & Leasing", "affiliated": "NA", "brands": "NA", "headquarte": "NA", "location_c": "High", "naics_indu": "Retail Trade", "business_c": "Independent", "square_foo": "1 - 1499", "employee_c": "2", "sales_volu": "535000", "corporate_": "NA", "query": "Faye's Video, 18th St, San Francisco, CA, 94110", "formatted_": "3614 18th St, San Francisco, CA 94110, United States", "latitude": "37.7616365", "longitude": "-122.4242998", "place_id": "ChIJJ5IrBhh-j4ARFRZcETEr_Wo", "google_sta": "OK", "match_stat": "matched" }, "geometry": { "type": "Point", "coordinates": [ -122.4242998, 37.7616365 ] } },
{ "type": "Feature", "properties": { "company_bu": "First Korean Market", "address": "Geary Blvd", "city": "San Francisco", "state_abbr": "CA", "zip_code": "94118", "primary_na": "44511003", "primary_si": "541105", "industry_d": "Grocers-Retail, Korean Foods, Flea Markets", "affiliated": "NA", "brands": "NA", "headquarte": "NA", "location_c": "High", "naics_indu": "Retail Trade", "business_c": "Independent", "square_foo": "5000 - 9999", "employee_c": "11", "sales_volu": "2940000", "corporate_": "NA", "query": "First Korean Market, Geary Blvd, San Francisco, CA, 94118", "formatted_": "4625 Geary Blvd, San Francisco, CA 94118, United States", "latitude": "37.7806387", "longitude": "-122.4690541", "place_id": "ChIJoz8B_j2HhYAR1_9Y60AOt44", "google_sta": "OK", "match_stat": "matched" }, "geometry": { "type": "Point", "coordinates": [ -122.4690541, 37.7806387 ] } },
{ "type": "Feature", "properties": { "company_bu": "Food & Liquor World", "address": "Post St", "city": "San Francisco", "state_abbr": "CA", "zip_code": "94109", "primary_na": "44511003", "primary_si": "541105", "industry_d": "Grocers-Retail, Greeting Cards-Retail, Liquors-Retail", "affiliated": "NA", "brands": "NA", "headquarte": "NA", "location_c": "High", "naics_indu": "Retail Trade", "business_c": "Independent", "square_foo": "1500 - 2499", "employee_c": "2", "sales_volu": "535000", "corporate_": "NA", "query": "Food & Liquor World, Post St, San Francisco, CA, 94109", "formatted_": "726-28 Post St, San Francisco, CA 94109, United States", "latitude": "37.7877157", "longitude": "-122.4139211", "place_id": "ChIJ5Wjp85GAhYARzJtUQ6uM7UA", "google_sta": "OK", "match_stat": "matched" }, "geometry": { "type": "Point", "coordinates": [ -122.4139211, 37.7877157 ] } },
{ "type": "Feature", "properties": { "company_bu": "Food Convenience Market", "address": "Divisadero St", "city": "San Francisco", "state_abbr": "CA", "zip_code": "94117", "primary_na": "44513101", "primary_si": "541103", "industry_d": "Convenience Stores, Grocers-Retail, Greeting Cards-Retail", "affiliated": "NA", "brands": "NA", "headquarte": "NA", "location_c": "High", "naics_indu": "Retail Trade", "business_c": "Independent", "square_foo": "1 - 1499", "employee_c": "2", "sales_volu": "535000", "corporate_": "NA", "query": "Food Convenience Market, Divisadero St, San Francisco, CA, 94117", "formatted_": "861 Divisadero St, San Francisco, CA 94117, United States", "latitude": "37.7776523", "longitude": "-122.438523", "place_id": "ChIJ-cq4rbGAhYAR_jyC8g7Xb8o", "google_sta": "OK", "match_stat": "matched" }, "geometry": { "type": "Point", "coordinates": [ -122.438523, 37.7776523 ] } },
{ "type": "Feature", "properties": { "company_bu": "Food Fair Market", "address": "Bush St", "city": "San Francisco", "state_abbr": "CA", "zip_code": "94108", "primary_na": "44511003", "primary_si": "541105", "industry_d": "Grocers-Retail, Liquors-Retail, Greeting Cards-Retail", "affiliated": "NA", "brands": "NA", "headquarte": "NA", "location_c": "High", "naics_indu": "Retail Trade", "business_c": "Independent", "square_foo": "1500 - 2499", "employee_c": "2", "sales_volu": "535000", "corporate_": "NA", "query": "Food Fair Market, Bush St, San Francisco, CA, 94108", "formatted_": "611 Bush St, San Francisco, CA 94108, United States", "latitude": "37.7902439", "longitude": "-122.4073757", "place_id": "ChIJedjS0kH3MhURfxWQC4hg0Bc", "google_sta": "OK", "match_stat": "matched" }, "geometry": { "type": "Point", "coordinates": [ -122.4073757, 37.7902439 ] } },
{ "type": "Feature", "properties": { "company_bu": "Foods Co", "address": "Folsom St", "city": "San Francisco", "state_abbr": "CA", "zip_code": "94103", "primary_na": "44511003", "primary_si": "541105", "industry_d": "Grocers-Retail, Foods-Natural, Organic Foods & Services, Cheese", "affiliated": "NA", "brands": "NA", "headquarte": "Food 4 Less/Foods Co", "location_c": "High", "naics_indu": "Retail Trade", "business_c": "Branch", "square_foo": "40000 - 99999", "employee_c": "63", "sales_volu": "16836000", "corporate_": "The Kroger Co.", "query": "Foods Co, Folsom St, San Francisco, CA, 94103", "formatted_": "1800 Folsom St, San Francisco, CA 94103, United States", "latitude": "37.767611", "longitude": "-122.4161241", "place_id": "ChIJm19LLiR-j4ARL0ZEKFtZpHc", "google_sta": "OK", "match_stat": "matched" }, "geometry": { "type": "Point", "coordinates": [ -122.4161241, 37.767611 ] } },
{ "type": "Feature", "properties": { "company_bu": "Foods Co", "address": "Williams Ave", "city": "San Francisco", "state_abbr": "CA", "zip_code": "94124", "primary_na": "44511003", "primary_si": "541105", "industry_d": "Grocers-Retail, Foods-Natural, Organic Foods & Services, Cheese", "affiliated": "NA", "brands": "NA", "headquarte": "Food 4 Less/Foods Co", "location_c": "High", "naics_indu": "Retail Trade", "business_c": "Branch", "square_foo": "40000 - 99999", "employee_c": "56", "sales_volu": "14965000", "corporate_": "The Kroger Co.", "query": "Foods Co, Williams Ave, San Francisco, CA, 94124", "formatted_": "345 Williams Ave, San Francisco, CA 94124, United States", "latitude": "37.7297876", "longitude": "-122.3988262", "place_id": "ChIJv8y5JB1_j4ARwuorgel3l4M", "google_sta": "OK", "match_stat": "matched" }, "geometry": { "type": "Point", "coordinates": [ -122.3988262, 37.7297876 ] } },
{ "type": "Feature", "properties": { "company_bu": "Foothill Market", "address": "San Bruno Ave", "city": "San Francisco", "state_abbr": "CA", "zip_code": "94134", "primary_na": "44511003", "primary_si": "541105", "industry_d": "Grocers-Retail", "affiliated": "NA", "brands": "NA", "headquarte": "NA", "location_c": "High", "naics_indu": "Retail Trade", "business_c": "Independent", "square_foo": "1500 - 2499", "employee_c": "2", "sales_volu": "535000", "corporate_": "NA", "query": "Foothill Market, San Bruno Ave, San Francisco, CA, 94134", "formatted_": "3004 San Bruno Ave, San Francisco, CA 94134, United States", "latitude": "37.7238397", "longitude": "-122.4021829", "place_id": "ChIJ_Qj15-F-j4ARqVpDhbvVDIw", "google_sta": "OK", "match_stat": "matched" }, "geometry": { "type": "Point", "coordinates": [ -122.4021829, 37.7238397 ] } },
{ "type": "Feature", "properties": { "company_bu": "Fort Mason Market & Deli", "address": "Marina Blvd", "city": "San Francisco", "state_abbr": "CA", "zip_code": "94123", "primary_na": "44511003", "primary_si": "541105", "industry_d": "Grocers-Retail, Greeting Cards-Retail", "affiliated": "NA", "brands": "NA", "headquarte": "NA", "location_c": "High", "naics_indu": "Retail Trade", "business_c": "Independent", "square_foo": "1500 - 2499", "employee_c": "1", "sales_volu": "268000", "corporate_": "NA", "query": "Fort Mason Market & Deli, Marina Blvd, San Francisco, CA, 94123", "formatted_": "1701 Greenwich St, San Francisco, CA 94123, United States", "latitude": "37.7998898", "longitude": "-122.4277893", "place_id": "ChIJyQws7tyAhYARgj8gerHLlzw", "google_sta": "OK", "match_stat": "matched" }, "geometry": { "type": "Point", "coordinates": [ -122.4277893, 37.7998898 ] } },
{ "type": "Feature", "properties": { "company_bu": "Franklin Market", "address": "Franklin St", "city": "San Francisco", "state_abbr": "CA", "zip_code": "94109", "primary_na": "44511003", "primary_si": "541105", "industry_d": "Grocers-Retail, Greeting Cards-Retail", "affiliated": "NA", "brands": "NA", "headquarte": "NA", "location_c": "High", "naics_indu": "Retail Trade", "business_c": "Independent", "square_foo": "1 - 1499", "employee_c": "1", "sales_volu": "268000", "corporate_": "NA", "query": "Franklin Market, Franklin St, San Francisco, CA, 94109", "formatted_": "1528 Franklin St, San Francisco, CA 94109, United States", "latitude": "37.7886975", "longitude": "-122.4234335", "place_id": "ChIJkx7uZ5WAhYARy2vKW7tuMsc", "google_sta": "OK", "match_stat": "matched" }, "geometry": { "type": "Point", "coordinates": [ -122.4234335, 37.7886975 ] } },
{ "type": "Feature", "properties": { "company_bu": "Franklin Market, Inc", "address": "Franklin St", "city": "San Francisco", "state_abbr": "CA", "zip_code": "94123", "primary_na": "44511003", "primary_si": "541105", "industry_d": "Grocers-Retail, Farm Markets", "affiliated": "NA", "brands": "NA", "headquarte": "NA", "location_c": "High", "naics_indu": "Retail Trade", "business_c": "Independent", "square_foo": "1500 - 2499", "employee_c": "1", "sales_volu": "268000", "corporate_": "NA", "query": "Franklin Market, Inc, Franklin St, San Francisco, CA, 94123", "formatted_": "2836 Franklin St, San Francisco, CA 94123, United States", "latitude": "37.8007164", "longitude": "-122.4259827", "place_id": "ChIJp1wmD92AhYARDzicL6NWOUE", "google_sta": "OK", "match_stat": "matched" }, "geometry": { "type": "Point", "coordinates": [ -122.4259827, 37.8007164 ] } },
{ "type": "Feature", "properties": { "company_bu": "Freds Liquor & Delicates", "address": "Valencia St", "city": "San Francisco", "state_abbr": "CA", "zip_code": "94103", "primary_na": "44511003", "primary_si": "541105", "industry_d": "Grocers-Retail, Liquors-Retail, Restaurants", "affiliated": "NA", "brands": "NA", "headquarte": "NA", "location_c": "High", "naics_indu": "Retail Trade", "business_c": "Independent", "square_foo": "1500 - 2499", "employee_c": "3", "sales_volu": "802000", "corporate_": "NA", "query": "Freds Liquor & Delicates, Valencia St, San Francisco, CA, 94103", "formatted_": "200 Valencia St, San Francisco, CA 94103, United States", "latitude": "37.7697476", "longitude": "-122.4225393", "place_id": "ChIJi__lQCB-j4ARWfUPfNpi1a4", "google_sta": "OK", "match_stat": "matched" }, "geometry": { "type": "Point", "coordinates": [ -122.4225393, 37.7697476 ] } },
{ "type": "Feature", "properties": { "company_bu": "Fridas Market", "address": "Mission St", "city": "San Francisco", "state_abbr": "CA", "zip_code": "94103", "primary_na": "44511003", "primary_si": "541105", "industry_d": "Grocers-Retail", "affiliated": "NA", "brands": "NA", "headquarte": "NA", "location_c": "High", "naics_indu": "Retail Trade", "business_c": "Independent", "square_foo": "1 - 1499", "employee_c": "1", "sales_volu": "268000", "corporate_": "NA", "query": "Fridas Market, Mission St, San Francisco, CA, 94103", "formatted_": "2023 Mission St, San Francisco, CA 94110, United States", "latitude": "37.7646149", "longitude": "-122.4194679", "place_id": "ChIJlwXlcyN-j4ARqKyok8DIgMU", "google_sta": "OK", "match_stat": "matched" }, "geometry": { "type": "Point", "coordinates": [ -122.4194679, 37.7646149 ] } },
{ "type": "Feature", "properties": { "company_bu": "Fu Yuan Food Market Inc", "address": "Stockton St", "city": "San Francisco", "state_abbr": "CA", "zip_code": "94133", "primary_na": "44511003", "primary_si": "541105", "industry_d": "Grocers-Retail", "affiliated": "NA", "brands": "NA", "headquarte": "NA", "location_c": "High", "naics_indu": "Retail Trade", "business_c": "Independent", "square_foo": "1500 - 2499", "employee_c": "2", "sales_volu": "535000", "corporate_": "NA", "query": "Fu Yuan Food Market Inc, Stockton St, San Francisco, CA, 94133", "formatted_": "1251 Stockton St, San Francisco, CA 94133, United States", "latitude": "37.7973332", "longitude": "-122.4088976", "place_id": "ChIJtb1dqdWBhYARqifvpX7EIcA", "google_sta": "OK", "match_stat": "matched" }, "geometry": { "type": "Point", "coordinates": [ -122.4088976, 37.7973332 ] } },
{ "type": "Feature", "properties": { "company_bu": "Gabby Market & Deli", "address": "Harrison St", "city": "San Francisco", "state_abbr": "CA", "zip_code": "94105", "primary_na": "44511003", "primary_si": "541105", "industry_d": "Grocers-Retail, Restaurants, Internet Service", "affiliated": "NA", "brands": "NA", "headquarte": "NA", "location_c": "High", "naics_indu": "Retail Trade", "business_c": "Independent", "square_foo": "2500 - 4999", "employee_c": "1", "sales_volu": "268000", "corporate_": "NA", "query": "Gabby Market & Deli, Harrison St, San Francisco, CA, 94105", "formatted_": "2098, 201 Harrison St C, San Francisco, CA 94105, United States", "latitude": "37.7879432", "longitude": "-122.3903303", "place_id": "ChIJucMZe3qAhYAR0ZViU9xEg5g", "google_sta": "OK", "match_stat": "matched" }, "geometry": { "type": "Point", "coordinates": [ -122.3903303, 37.7879432 ] } },
{ "type": "Feature", "properties": { "company_bu": "Geary & Hyde Market", "address": "Geary St", "city": "San Francisco", "state_abbr": "CA", "zip_code": "94109", "primary_na": "44511003", "primary_si": "541105", "industry_d": "Grocers-Retail, Shopping Service-Personal", "affiliated": "NA", "brands": "NA", "headquarte": "NA", "location_c": "High", "naics_indu": "Retail Trade", "business_c": "Independent", "square_foo": "1 - 1499", "employee_c": "2", "sales_volu": "535000", "corporate_": "NA", "query": "Geary & Hyde Market, Geary St, San Francisco, CA, 94109", "formatted_": "798 Geary St, San Francisco, CA 94109, United States", "latitude": "37.7864559", "longitude": "-122.4163265", "place_id": "ChIJLdXkbZGAhYARoSI5JHiFeng", "google_sta": "OK", "match_stat": "matched" }, "geometry": { "type": "Point", "coordinates": [ -122.4163265, 37.7864559 ] } },
{ "type": "Feature", "properties": { "company_bu": "George's Zoo", "address": "Sloat Blvd", "city": "San Francisco", "state_abbr": "CA", "zip_code": "94116", "primary_na": "44511003", "primary_si": "541105", "industry_d": "Grocers-Retail, Liquors-Retail, Greeting Cards-Retail, Restaurants", "affiliated": "NA", "brands": "NA", "headquarte": "NA", "location_c": "High", "naics_indu": "Retail Trade", "business_c": "Independent", "square_foo": "1 - 1499", "employee_c": "1", "sales_volu": "268000", "corporate_": "NA", "query": "George's Zoo, Sloat Blvd, San Francisco, CA, 94116", "formatted_": "2560 Sloat Blvd, San Francisco, CA 94116, United States", "latitude": "37.7355895", "longitude": "-122.5018348", "place_id": "ChIJL1Z-R3B9j4AR06BV3IxcISw", "google_sta": "OK", "match_stat": "matched" }, "geometry": { "type": "Point", "coordinates": [ -122.5018348, 37.7355895 ] } },
{ "type": "Feature", "properties": { "company_bu": "Ginos Grocery", "address": "Fillmore St", "city": "San Francisco", "state_abbr": "CA", "zip_code": "94115", "primary_na": "44511003", "primary_si": "541105", "industry_d": "Grocers-Retail", "affiliated": "NA", "brands": "NA", "headquarte": "NA", "location_c": "High", "naics_indu": "Retail Trade", "business_c": "Independent", "square_foo": "1 - 1499", "employee_c": "2", "sales_volu": "535000", "corporate_": "NA", "query": "Ginos Grocery, Fillmore St, San Francisco, CA, 94115", "formatted_": "2500 Fillmore St, San Francisco, CA 94115, United States", "latitude": "37.7926244", "longitude": "-122.4344772", "place_id": "ChIJx0aRlMWAhYAR1NPhbWSuut0", "google_sta": "OK", "match_stat": "matched" }, "geometry": { "type": "Point", "coordinates": [ -122.4344772, 37.7926244 ] } },
{ "type": "Feature", "properties": { "company_bu": "Gladstone Market", "address": "Eddy St", "city": "San Francisco", "state_abbr": "CA", "zip_code": "94109", "primary_na": "44511003", "primary_si": "541105", "industry_d": "Grocers-Retail, Greeting Cards-Retail", "affiliated": "NA", "brands": "NA", "headquarte": "NA", "location_c": "High", "naics_indu": "Retail Trade", "business_c": "Independent", "square_foo": "1500 - 2499", "employee_c": "2", "sales_volu": "535000", "corporate_": "NA", "query": "Gladstone Market, Eddy St, San Francisco, CA, 94109", "formatted_": "678 Eddy St, San Francisco, CA 94109, United States", "latitude": "37.7832553", "longitude": "-122.4188384", "place_id": "ChIJE5S7NpeAhYARsbCLBpDCxAo", "google_sta": "OK", "match_stat": "matched" }, "geometry": { "type": "Point", "coordinates": [ -122.4188384, 37.7832553 ] } },
{ "type": "Feature", "properties": { "company_bu": "Go Go Deli Market", "address": "9th St", "city": "San Francisco", "state_abbr": "CA", "zip_code": "94103", "primary_na": "44513101", "primary_si": "541103", "industry_d": "Convenience Stores, Grocers-Retail, Greeting Cards-Retail", "affiliated": "NA", "brands": "NA", "headquarte": "NA", "location_c": "High", "naics_indu": "Retail Trade", "business_c": "Independent", "square_foo": "1500 - 2499", "employee_c": "4", "sales_volu": "1069000", "corporate_": "NA", "query": "Go Go Deli Market, 9th St, San Francisco, CA, 94103", "formatted_": "99 9th St, San Francisco, CA 94103, United States", "latitude": "37.776428", "longitude": "-122.4147629", "place_id": "ChIJo06l5ZyAhYARWmcJFyw2ZQM", "google_sta": "OK", "match_stat": "matched" }, "geometry": { "type": "Point", "coordinates": [ -122.4147629, 37.776428 ] } },
{ "type": "Feature", "properties": { "company_bu": "Golden Bear Trading Company", "address": "6th Ave", "city": "San Francisco", "state_abbr": "CA", "zip_code": "94122", "primary_na": "44511003", "primary_si": "541105", "industry_d": "Grocers-Retail, Greeting Cards-Retail", "affiliated": "NA", "brands": "NA", "headquarte": "NA", "location_c": "High", "naics_indu": "Retail Trade", "business_c": "Independent", "square_foo": "1500 - 2499", "employee_c": "1", "sales_volu": "268000", "corporate_": "NA", "query": "Golden Bear Trading Company, 6th Ave, San Francisco, CA, 94122", "formatted_": "1401 6th Ave, San Francisco, CA 94122, United States", "latitude": "37.7622083", "longitude": "-122.4631127", "place_id": "ChIJIZInSFmHhYAR-FHydXQaxaE", "google_sta": "OK", "match_stat": "matched" }, "geometry": { "type": "Point", "coordinates": [ -122.4631127, 37.7622083 ] } },
{ "type": "Feature", "properties": { "company_bu": "Golden Gate Deli & Liquor", "address": "Lombard St", "city": "San Francisco", "state_abbr": "CA", "zip_code": "94123", "primary_na": "44511003", "primary_si": "541105", "industry_d": "Grocers-Retail, Restaurants, Liquors-Retail", "affiliated": "NA", "brands": "NA", "headquarte": "NA", "location_c": "High", "naics_indu": "Retail Trade", "business_c": "Independent", "square_foo": "1 - 1499", "employee_c": "1", "sales_volu": "268000", "corporate_": "NA", "query": "Golden Gate Deli & Liquor, Lombard St, San Francisco, CA, 94123", "formatted_": "2767 Lombard St, San Francisco, CA 94123, United States", "latitude": "37.7984085", "longitude": "-122.4469532", "place_id": "ChIJJRwMNCuHhYARbKX6eAO5DAw", "google_sta": "OK", "match_stat": "matched" }, "geometry": { "type": "Point", "coordinates": [ -122.4469532, 37.7984085 ] } },
{ "type": "Feature", "properties": { "company_bu": "Golden Gate Market", "address": "Leavenworth St", "city": "San Francisco", "state_abbr": "CA", "zip_code": "94102", "primary_na": "44511003", "primary_si": "541105", "industry_d": "Grocers-Retail, Greeting Cards-Retail", "affiliated": "NA", "brands": "NA", "headquarte": "NA", "location_c": "High", "naics_indu": "Retail Trade", "business_c": "Independent", "square_foo": "1500 - 2499", "employee_c": "4", "sales_volu": "1069000", "corporate_": "NA", "query": "Golden Gate Market, Leavenworth St, San Francisco, CA, 94102", "formatted_": "225 Leavenworth St, San Francisco, CA 94102, United States", "latitude": "37.7831996", "longitude": "-122.4142828", "place_id": "ChIJ6YeadZCAhYARYCvv-fVu4EI", "google_sta": "OK", "match_stat": "matched" }, "geometry": { "type": "Point", "coordinates": [ -122.4142828, 37.7831996 ] } },
{ "type": "Feature", "properties": { "company_bu": "Golden Mountain Market", "address": "Jackson St", "city": "San Francisco", "state_abbr": "CA", "zip_code": "94133", "primary_na": "44511003", "primary_si": "541105", "industry_d": "Grocers-Retail", "affiliated": "NA", "brands": "NA", "headquarte": "NA", "location_c": "High", "naics_indu": "Retail Trade", "business_c": "Independent", "square_foo": "2500 - 4999", "employee_c": "5", "sales_volu": "1337000", "corporate_": "NA", "query": "Golden Mountain Market, Jackson St, San Francisco, CA, 94133", "formatted_": "844 Jackson St, San Francisco, CA 94133, United States", "latitude": "37.795824", "longitude": "-122.4090393", "place_id": "ChIJ8RccF_OAhYAR5SiHFbS136w", "google_sta": "OK", "match_stat": "matched" }, "geometry": { "type": "Point", "coordinates": [ -122.4090393, 37.795824 ] } },
{ "type": "Feature", "properties": { "company_bu": "Golden Natural Foods", "address": "Church St", "city": "San Francisco", "state_abbr": "CA", "zip_code": "94114", "primary_na": "44511003", "primary_si": "541105", "industry_d": "Grocers-Retail, Health & Diet Foods-Retail, Fruits & Vegetables & Produce-Retail", "affiliated": "NA", "brands": "NA", "headquarte": "NA", "location_c": "High", "naics_indu": "Retail Trade", "business_c": "Independent", "square_foo": "1500 - 2499", "employee_c": "3", "sales_volu": "802000", "corporate_": "NA", "query": "Golden Natural Foods, Church St, San Francisco, CA, 94114", "formatted_": "130 Church St, San Francisco, CA 94114, United States", "latitude": "37.7688535", "longitude": "-122.4292686", "place_id": "ChIJ-RGo8dF_j4ARI4P86fCgZ5g", "google_sta": "OK", "match_stat": "matched" }, "geometry": { "type": "Point", "coordinates": [ -122.4292686, 37.7688535 ] } },
{ "type": "Feature", "properties": { "company_bu": "Golden State Market", "address": "Mission St", "city": "San Francisco", "state_abbr": "CA", "zip_code": "94112", "primary_na": "72251117", "primary_si": "581208", "industry_d": "Restaurants, Grocers-Retail", "affiliated": "NA", "brands": "NA", "headquarte": "NA", "location_c": "High", "naics_indu": "Accommodation & Food Services", "business_c": "Independent", "square_foo": "1 - 1499", "employee_c": "3", "sales_volu": "214000", "corporate_": "NA", "query": "Golden State Market, Mission St, San Francisco, CA, 94112", "formatted_": "2899 Mission St, San Francisco, CA 94110, United States", "latitude": "37.7507779", "longitude": "-122.4180586", "place_id": "ChIJeSFw00Z-j4ARBp6IsXNwaLs", "google_sta": "OK", "match_stat": "matched" }, "geometry": { "type": "Point", "coordinates": [ -122.4180586, 37.7507779 ] } },
{ "type": "Feature", "properties": { "company_bu": "Golden Way Trading Co", "address": "Stockton St", "city": "San Francisco", "state_abbr": "CA", "zip_code": "94108", "primary_na": "44511003", "primary_si": "541105", "industry_d": "Grocers-Retail, Grocers-Wholesale", "affiliated": "NA", "brands": "NA", "headquarte": "NA", "location_c": "High", "naics_indu": "Retail Trade", "business_c": "Independent", "square_foo": "1 - 1499", "employee_c": "3", "sales_volu": "802000", "corporate_": "NA", "query": "Golden Way Trading Co, Stockton St, San Francisco, CA, 94108", "formatted_": "1024 Stockton St, San Francisco, CA 94108, United States", "latitude": "37.79530750000001", "longitude": "-122.4080526", "place_id": "ChIJN6J-68-BhYARs7oUZirxHrc", "google_sta": "OK", "match_stat": "matched" }, "geometry": { "type": "Point", "coordinates": [ -122.4080526, 37.7953075 ] } },
{ "type": "Feature", "properties": { "company_bu": "Good Life Grocery", "address": "Cortland Ave", "city": "San Francisco", "state_abbr": "CA", "zip_code": "94110", "primary_na": "44511003", "primary_si": "541105", "industry_d": "Grocers-Retail, Seafood-Retail, Health & Diet Foods-Retail", "affiliated": "NA", "brands": "NA", "headquarte": "NA", "location_c": "High", "naics_indu": "Retail Trade", "business_c": "Independent", "square_foo": "20000 - 39999", "employee_c": "30", "sales_volu": "8017000", "corporate_": "NA", "query": "Good Life Grocery, Cortland Ave, San Francisco, CA, 94110", "formatted_": "448 Cortland Ave, San Francisco, CA 94110, United States", "latitude": "37.7389034", "longitude": "-122.4167345", "place_id": "ChIJFYYdZll-j4ARkKQSx7XJAEw", "google_sta": "OK", "match_stat": "matched" }, "geometry": { "type": "Point", "coordinates": [ -122.4167345, 37.7389034 ] } },
{ "type": "Feature", "properties": { "company_bu": "Good Life Grocery", "address": "20th St", "city": "San Francisco", "state_abbr": "CA", "zip_code": "94107", "primary_na": "44511003", "primary_si": "541105", "industry_d": "Grocers-Retail, Seafood-Retail, Health & Diet Foods-Retail", "affiliated": "NA", "brands": "NA", "headquarte": "NA", "location_c": "High", "naics_indu": "Retail Trade", "business_c": "Independent", "square_foo": "10000 - 19999", "employee_c": "25", "sales_volu": "6681000", "corporate_": "NA", "query": "Good Life Grocery, 20th St, San Francisco, CA, 94107", "formatted_": "1524 20th St, San Francisco, CA 94107, United States", "latitude": "37.7601028", "longitude": "-122.3968436", "place_id": "ChIJeUItCsp_j4ARNSzxi5UUHZc", "google_sta": "OK", "match_stat": "matched" }, "geometry": { "type": "Point", "coordinates": [ -122.3968436, 37.7601028 ] } },
{ "type": "Feature", "properties": { "company_bu": "Grant & Green Market", "address": "Grant Ave", "city": "San Francisco", "state_abbr": "CA", "zip_code": "94133", "primary_na": "44511003", "primary_si": "541105", "industry_d": "Grocers-Retail, Greeting Cards-Retail", "affiliated": "NA", "brands": "NA", "headquarte": "NA", "location_c": "High", "naics_indu": "Retail Trade", "business_c": "Independent", "square_foo": "1500 - 2499", "employee_c": "2", "sales_volu": "535000", "corporate_": "NA", "query": "Grant & Green Market, Grant Ave, San Francisco, CA, 94133", "formatted_": "GRANT AND GREEN MARKET, 1401 Grant Ave, San Francisco, CA 94133, United States", "latitude": "37.7998314", "longitude": "-122.4075227", "place_id": "ChIJURHZVfGAhYAR3lemKVtlnmA", "google_sta": "OK", "match_stat": "matched" }, "geometry": { "type": "Point", "coordinates": [ -122.4075227, 37.7998314 ] } },
{ "type": "Feature", "properties": { "company_bu": "Green Apple Market", "address": "Polk St", "city": "San Francisco", "state_abbr": "CA", "zip_code": "94109", "primary_na": "44511003", "primary_si": "541105", "industry_d": "Grocers-Retail", "affiliated": "NA", "brands": "NA", "headquarte": "NA", "location_c": "High", "naics_indu": "Retail Trade", "business_c": "Independent", "square_foo": "1500 - 2499", "employee_c": "2", "sales_volu": "535000", "corporate_": "NA", "query": "Green Apple Market, Polk St, San Francisco, CA, 94109", "formatted_": "1042 Polk St, San Francisco, CA 94109, United States", "latitude": "37.786724", "longitude": "-122.4198091", "place_id": "ChIJJzyIGJSAhYARl3stufoQQB8", "google_sta": "OK", "match_stat": "matched" }, "geometry": { "type": "Point", "coordinates": [ -122.4198091, 37.786724 ] } },
{ "type": "Feature", "properties": { "company_bu": "Green Earth Natural Foods", "address": "Divisadero St", "city": "San Francisco", "state_abbr": "CA", "zip_code": "94117", "primary_na": "44511007", "primary_si": "541108", "industry_d": "Grocers-Health Foods, Restaurants, Beverages (Whls)", "affiliated": "NA", "brands": "NA", "headquarte": "NA", "location_c": "High", "naics_indu": "Retail Trade", "business_c": "Independent", "square_foo": "1 - 1499", "employee_c": "1", "sales_volu": "268000", "corporate_": "NA", "query": "Green Earth Natural Foods, Divisadero St, San Francisco, CA, 94117", "formatted_": "860 Divisadero St, San Francisco, CA 94117, United States", "latitude": "37.7777109", "longitude": "-122.4381771", "place_id": "ChIJKWZMrbGAhYARsfVdCsUxFDQ", "google_sta": "OK", "match_stat": "matched" }, "geometry": { "type": "Point", "coordinates": [ -122.4381771, 37.7777109 ] } },
{ "type": "Feature", "properties": { "company_bu": "Groceries", "address": "California St", "city": "San Francisco", "state_abbr": "CA", "zip_code": "94108", "primary_na": "44511003", "primary_si": "541105", "industry_d": "Grocers-Retail, Non-Profit Organizations", "affiliated": "NA", "brands": "NA", "headquarte": "NA", "location_c": "High", "naics_indu": "Retail Trade", "business_c": "Independent", "square_foo": "1500 - 2499", "employee_c": "2", "sales_volu": "535000", "corporate_": "NA", "query": "Groceries, California St, San Francisco, CA, 94108", "formatted_": "3585 California St, San Francisco, CA 94118, United States", "latitude": "37.786234", "longitude": "-122.4528358", "place_id": "ChIJsz4h-zOHhYARkWnZE58MTUg", "google_sta": "OK", "match_stat": "matched" }, "geometry": { "type": "Point", "coordinates": [ -122.4528358, 37.786234 ] } },
{ "type": "Feature", "properties": { "company_bu": "Grocery Outlet", "address": "Geary Blvd", "city": "San Francisco", "state_abbr": "CA", "zip_code": "94121", "primary_na": "44511003", "primary_si": "541105", "industry_d": "Grocers-Retail, Shopping Service-Personal, Organic Foods & Services, Clothes Posts", "affiliated": "NA", "brands": "NA", "headquarte": "Grocery Outlet Inc", "location_c": "High", "naics_indu": "Retail Trade", "business_c": "Branch", "square_foo": "1500 - 2499", "employee_c": "9", "sales_volu": "2406000", "corporate_": "NA", "query": "Grocery Outlet, Geary Blvd, San Francisco, CA, 94121", "formatted_": "6333 Geary Blvd, San Francisco, CA 94121, United States", "latitude": "37.779672", "longitude": "-122.4876193", "place_id": "ChIJq5CqoAiHhYAR4WR-vRlflPY", "google_sta": "OK", "match_stat": "matched" }, "geometry": { "type": "Point", "coordinates": [ -122.4876193, 37.779672 ] } },
{ "type": "Feature", "properties": { "company_bu": "Grocery Outlet", "address": "Bay Shore Blvd", "city": "San Francisco", "state_abbr": "CA", "zip_code": "94134", "primary_na": "44511003", "primary_si": "541105", "industry_d": "Grocers-Retail, Organic Foods & Services, Clothes Posts", "affiliated": "NA", "brands": "NA", "headquarte": "Grocery Outlet Inc", "location_c": "High", "naics_indu": "Retail Trade", "business_c": "Branch", "square_foo": "1500 - 2499", "employee_c": "8", "sales_volu": "2138000", "corporate_": "NA", "query": "Grocery Outlet, Bay Shore Blvd, San Francisco, CA, 94134", "formatted_": "2630 Bayshore Blvd, San Francisco, CA 94134, United States", "latitude": "37.7084644", "longitude": "-122.4059999", "place_id": "ChIJx-I5Qdd-j4ARedk9Oh7yoaA", "google_sta": "OK", "match_stat": "matched" }, "geometry": { "type": "Point", "coordinates": [ -122.4059999, 37.7084644 ] } },
{ "type": "Feature", "properties": { "company_bu": "Grocery Outlet", "address": "Silver Ave", "city": "San Francisco", "state_abbr": "CA", "zip_code": "94134", "primary_na": "44511003", "primary_si": "541105", "industry_d": "Grocers-Retail, Organic Foods & Services, Clothes Posts", "affiliated": "NA", "brands": "NA", "headquarte": "Grocery Outlet Inc", "location_c": "High", "naics_indu": "Retail Trade", "business_c": "Branch", "square_foo": "1500 - 2499", "employee_c": "4", "sales_volu": "1069000", "corporate_": "NA", "query": "Grocery Outlet, Silver Ave, San Francisco, CA, 94134", "formatted_": "1390 Silver Ave, San Francisco, CA 94134, United States", "latitude": "37.73101610000001", "longitude": "-122.4090753", "place_id": "ChIJ6QVSuPt-j4ARwgu6Oglwvvo", "google_sta": "OK", "match_stat": "matched" }, "geometry": { "type": "Point", "coordinates": [ -122.4090753, 37.731016100000012 ] } },
{ "type": "Feature", "properties": { "company_bu": "Grocery Outlet", "address": "S Van Ness Ave", "city": "San Francisco", "state_abbr": "CA", "zip_code": "94110", "primary_na": "44511003", "primary_si": "541105", "industry_d": "Grocers-Retail, Organic Foods & Services, Clothes Posts", "affiliated": "NA", "brands": "NA", "headquarte": "Grocery Outlet Inc", "location_c": "High", "naics_indu": "Retail Trade", "business_c": "Branch", "square_foo": "40000 - 99999", "employee_c": "50", "sales_volu": "13362000", "corporate_": "NA", "query": "Grocery Outlet, S Van Ness Ave, San Francisco, CA, 94110", "formatted_": "1245 S Van Ness Ave, San Francisco, CA 94110, United States", "latitude": "37.7530692", "longitude": "-122.4159954", "place_id": "ChIJVee9dkd-j4ARl0zJ7JCZ8pk", "google_sta": "OK", "match_stat": "matched" }, "geometry": { "type": "Point", "coordinates": [ -122.4159954, 37.7530692 ] } },
{ "type": "Feature", "properties": { "company_bu": "Grocery Outlet", "address": "Bay Shore Blvd", "city": "San Francisco", "state_abbr": "CA", "zip_code": "94124", "primary_na": "44511003", "primary_si": "541105", "industry_d": "Grocers-Retail, Grocers-Wholesale, Organic Foods & Services, Clothes Posts", "affiliated": "NA", "brands": "NA", "headquarte": "Grocery Outlet Inc", "location_c": "High", "naics_indu": "Retail Trade", "business_c": "Branch", "square_foo": "1500 - 2499", "employee_c": "4", "sales_volu": "1069000", "corporate_": "NA", "query": "Grocery Outlet, Bay Shore Blvd, San Francisco, CA, 94124", "formatted_": "355 Bayshore Blvd, San Francisco, CA 94124, United States", "latitude": "37.7415667", "longitude": "-122.4052906", "place_id": "ChIJ03fMn6N_j4AR7kXT0ffASfM", "google_sta": "OK", "match_stat": "matched" }, "geometry": { "type": "Point", "coordinates": [ -122.4052906, 37.7415667 ] } },
{ "type": "Feature", "properties": { "company_bu": "Grove Market", "address": "Grove St", "city": "San Francisco", "state_abbr": "CA", "zip_code": "94102", "primary_na": "44511003", "primary_si": "541105", "industry_d": "Grocers-Retail", "affiliated": "NA", "brands": "NA", "headquarte": "NA", "location_c": "High", "naics_indu": "Retail Trade", "business_c": "Independent", "square_foo": "1 - 1499", "employee_c": "1", "sales_volu": "268000", "corporate_": "NA", "query": "Grove Market, Grove St, San Francisco, CA, 94102", "formatted_": "500 Grove St, San Francisco, CA 94102, United States", "latitude": "37.7776909", "longitude": "-122.4250601", "place_id": "ChIJOZIIiaKAhYARzfJT_A8zL8M", "google_sta": "OK", "match_stat": "matched" }, "geometry": { "type": "Point", "coordinates": [ -122.4250601, 37.7776909 ] } },
{ "type": "Feature", "properties": { "company_bu": "Guerra Quality Meats", "address": "Taraval St", "city": "San Francisco", "state_abbr": "CA", "zip_code": "94116", "primary_na": "72251117", "primary_si": "581208", "industry_d": "Restaurants, Meat-Retail, Grocers-Retail", "affiliated": "NA", "brands": "NA", "headquarte": "NA", "location_c": "High", "naics_indu": "Accommodation & Food Services", "business_c": "Independent", "square_foo": "1 - 1499", "employee_c": "7", "sales_volu": "499000", "corporate_": "NA", "query": "Guerra Quality Meats, Taraval St, San Francisco, CA, 94116", "formatted_": "490 Taraval St, San Francisco, CA 94116, United States", "latitude": "37.74339", "longitude": "-122.4712239", "place_id": "ChIJH-lsEZN9j4ARFAFdpo9Lyys", "google_sta": "OK", "match_stat": "matched" }, "geometry": { "type": "Point", "coordinates": [ -122.4712239, 37.74339 ] } },
{ "type": "Feature", "properties": { "company_bu": "Gum Shing Market Inc", "address": "Pacific Ave", "city": "San Francisco", "state_abbr": "CA", "zip_code": "94133", "primary_na": "44511003", "primary_si": "541105", "industry_d": "Grocers-Retail, Greeting Cards-Retail", "affiliated": "NA", "brands": "NA", "headquarte": "NA", "location_c": "High", "naics_indu": "Retail Trade", "business_c": "Independent", "square_foo": "1500 - 2499", "employee_c": "2", "sales_volu": "535000", "corporate_": "NA", "query": "Gum Shing Market Inc, Pacific Ave, San Francisco, CA, 94133", "formatted_": "774 Pacific Ave, San Francisco, CA 94133, United States", "latitude": "37.796826", "longitude": "-122.4082033", "place_id": "ChIJpxsvdPOAhYARse-8OojykDo", "google_sta": "OK", "match_stat": "matched" }, "geometry": { "type": "Point", "coordinates": [ -122.4082033, 37.796826 ] } },
{ "type": "Feature", "properties": { "company_bu": "Gus's Community Market", "address": "Harrison St", "city": "San Francisco", "state_abbr": "CA", "zip_code": "94110", "primary_na": "44511003", "primary_si": "541105", "industry_d": "Grocers-Retail, Greeting Cards-Retail", "affiliated": "NA", "brands": "NA", "headquarte": "NA", "location_c": "High", "naics_indu": "Retail Trade", "business_c": "Independent", "square_foo": "1500 - 2499", "employee_c": "4", "sales_volu": "1069000", "corporate_": "NA", "query": "Gus's Community Market, Harrison St, San Francisco, CA, 94110", "formatted_": "2111 Harrison St, San Francisco, CA 94110, United States", "latitude": "37.7639852", "longitude": "-122.4127726", "place_id": "ChIJCcFjpzp-j4ARwYRLRCM_o9c", "google_sta": "OK", "match_stat": "matched" }, "geometry": { "type": "Point", "coordinates": [ -122.4127726, 37.7639852 ] } },
{ "type": "Feature", "properties": { "company_bu": "Gus's Community Market", "address": "Noriega St", "city": "San Francisco", "state_abbr": "CA", "zip_code": "94122", "primary_na": "44511003", "primary_si": "541105", "industry_d": "Grocers-Retail, Fruits & Vegetables & Produce-Retail", "affiliated": "NA", "brands": "NA", "headquarte": "NA", "location_c": "High", "naics_indu": "Retail Trade", "business_c": "Independent", "square_foo": "NA", "employee_c": "40", "sales_volu": "10690000", "corporate_": "NA", "query": "Gus's Community Market, Noriega St, San Francisco, CA, 94122", "formatted_": "3701 Noriega St Unit A, San Francisco, CA 94122, United States", "latitude": "37.7528602", "longitude": "-122.5035591", "place_id": "ChIJD0CSCo-HhYARDzA7u5rvsks", "google_sta": "OK", "match_stat": "matched" }, "geometry": { "type": "Point", "coordinates": [ -122.5035591, 37.7528602 ] } },
{ "type": "Feature", "properties": { "company_bu": "GUS'S COMMUNITY MARKET-MISSION BAY", "address": "4th St", "city": "San Francisco", "state_abbr": "CA", "zip_code": "94158", "primary_na": "44511003", "primary_si": "541105", "industry_d": "Grocers-Retail", "affiliated": "NA", "brands": "NA", "headquarte": "NA", "location_c": "High", "naics_indu": "Retail Trade", "business_c": "Independent", "square_foo": "1500 - 2499", "employee_c": "3", "sales_volu": "802000", "corporate_": "NA", "query": "GUS'S COMMUNITY MARKET-MISSION BAY, 4th St, San Francisco, CA, 94158", "formatted_": "1101 4th St, San Francisco, CA 94158, United States", "latitude": "37.7742832", "longitude": "-122.3914461", "place_id": "ChIJSfI3La1_j4ARecaaU6tlM0g", "google_sta": "OK", "match_stat": "matched" }, "geometry": { "type": "Point", "coordinates": [ -122.3914461, 37.7742832 ] } },
{ "type": "Feature", "properties": { "company_bu": "H Mart", "address": "Alemany Blvd", "city": "San Francisco", "state_abbr": "CA", "zip_code": "94132", "primary_na": "44511003", "primary_si": "541105", "industry_d": "Grocers-Retail, Service Stations-Gasoline & Oil", "affiliated": "NA", "brands": "NA", "headquarte": "Hanahreum Group", "location_c": "High", "naics_indu": "Retail Trade", "business_c": "Branch", "square_foo": "1 - 1499", "employee_c": "7", "sales_volu": "1871000", "corporate_": "NA", "query": "H Mart, Alemany Blvd, San Francisco, CA, 94132", "formatted_": "3995 Alemany Blvd, San Francisco, CA 94132, United States", "latitude": "37.7103025", "longitude": "-122.467766", "place_id": "ChIJ7aBXZ6F9j4ARIwdM6ks0JgE", "google_sta": "OK", "match_stat": "matched" }, "geometry": { "type": "Point", "coordinates": [ -122.467766, 37.7103025 ] } },
{ "type": "Feature", "properties": { "company_bu": "Habash Parkside Market", "address": "Hayes St", "city": "San Francisco", "state_abbr": "CA", "zip_code": "94117", "primary_na": "44511003", "primary_si": "541105", "industry_d": "Grocers-Retail", "affiliated": "NA", "brands": "NA", "headquarte": "NA", "location_c": "High", "naics_indu": "Retail Trade", "business_c": "Independent", "square_foo": "1 - 1499", "employee_c": "2", "sales_volu": "535000", "corporate_": "NA", "query": "Habash Parkside Market, Hayes St, San Francisco, CA, 94117", "formatted_": "1600 Hayes St, San Francisco, CA 94117, United States", "latitude": "37.7745852", "longitude": "-122.4430017", "place_id": "ChIJb6xviq2AhYARHPo-H0Cv_WY", "google_sta": "OK", "match_stat": "matched" }, "geometry": { "type": "Point", "coordinates": [ -122.4430017, 37.7745852 ] } },
{ "type": "Feature", "properties": { "company_bu": "Haight & Fillmore Whole Foods Co", "address": "Haight St", "city": "San Francisco", "state_abbr": "CA", "zip_code": "94117", "primary_na": "44511003", "primary_si": "541105", "industry_d": "Grocers-Retail", "affiliated": "NA", "brands": "NA", "headquarte": "NA", "location_c": "High", "naics_indu": "Retail Trade", "business_c": "Independent", "square_foo": "1500 - 2499", "employee_c": "3", "sales_volu": "802000", "corporate_": "NA", "query": "Haight & Fillmore Whole Foods Co, Haight St, San Francisco, CA, 94117", "formatted_": "501 Haight St, San Francisco, CA 94117, United States", "latitude": "37.7719849", "longitude": "-122.4306193", "place_id": "ChIJx4JUxqaAhYARck8UGIUZLBk", "google_sta": "OK", "match_stat": "matched" }, "geometry": { "type": "Point", "coordinates": [ -122.4306193, 37.7719849 ] } },
{ "type": "Feature", "properties": { "company_bu": "Haight Ashbury Market", "address": "Haight St", "city": "San Francisco", "state_abbr": "CA", "zip_code": "94117", "primary_na": "44511003", "primary_si": "541105", "industry_d": "Grocers-Retail", "affiliated": "NA", "brands": "NA", "headquarte": "NA", "location_c": "High", "naics_indu": "Retail Trade", "business_c": "Independent", "square_foo": "40000 - 99999", "employee_c": "50", "sales_volu": "13362000", "corporate_": "NA", "query": "Haight Ashbury Market, Haight St, San Francisco, CA, 94117", "formatted_": "205 Frederick St, San Francisco, CA 94117, United States", "latitude": "37.7670488", "longitude": "-122.4465813", "place_id": "ChIJgRBVNKuAhYARvbVeO2H3PUM", "google_sta": "OK", "match_stat": "matched" }, "geometry": { "type": "Point", "coordinates": [ -122.4465813, 37.7670488 ] } },
{ "type": "Feature", "properties": { "company_bu": "Haight Street Market", "address": "Haight St", "city": "San Francisco", "state_abbr": "CA", "zip_code": "94102", "primary_na": "49311009", "primary_si": "422506", "industry_d": "Warehouses-Private & Public, Grocers-Retail", "affiliated": "NA", "brands": "NA", "headquarte": "NA", "location_c": "Medium", "naics_indu": "Transportation & Warehousing", "business_c": "Independent", "square_foo": "10000 - 19999", "employee_c": "50", "sales_volu": "9312000", "corporate_": "NA", "query": "Haight Street Market, Haight St, San Francisco, CA, 94102", "formatted_": "1530 Haight St, San Francisco, CA 94117, United States", "latitude": "37.7702206", "longitude": "-122.4476072", "place_id": "ChIJBxc7JVOHhYAR_RW2oecycks", "google_sta": "OK", "match_stat": "matched" }, "geometry": { "type": "Point", "coordinates": [ -122.4476072, 37.7702206 ] } },
{ "type": "Feature", "properties": { "company_bu": "Harvest Urban Market", "address": "8th St", "city": "San Francisco", "state_abbr": "CA", "zip_code": "94103", "primary_na": "45619103", "primary_si": "549901", "industry_d": "Health & Diet Foods-Retail, Grocers-Retail", "affiliated": "NA", "brands": "NA", "headquarte": "NA", "location_c": "High", "naics_indu": "Retail Trade", "business_c": "Independent", "square_foo": "1500 - 2499", "employee_c": "2", "sales_volu": "227000", "corporate_": "NA", "query": "Harvest Urban Market, 8th St, San Francisco, CA, 94103", "formatted_": "191 8th St, San Francisco, CA 94103, United States", "latitude": "37.776708", "longitude": "-122.4118432", "place_id": "ChIJb2a224KAhYAReoKaG6hyNCY", "google_sta": "OK", "match_stat": "matched" }, "geometry": { "type": "Point", "coordinates": [ -122.4118432, 37.776708 ] } },
{ "type": "Feature", "properties": { "company_bu": "Hayes Market", "address": "Hayes St", "city": "San Francisco", "state_abbr": "CA", "zip_code": "94102", "primary_na": "44511003", "primary_si": "541105", "industry_d": "Grocers-Retail", "affiliated": "NA", "brands": "NA", "headquarte": "NA", "location_c": "High", "naics_indu": "Retail Trade", "business_c": "Independent", "square_foo": "1500 - 2499", "employee_c": "3", "sales_volu": "802000", "corporate_": "NA", "query": "Hayes Market, Hayes St, San Francisco, CA, 94102", "formatted_": "698 Hayes St, San Francisco, CA 94102, United States", "latitude": "37.7764732", "longitude": "-122.4278152", "place_id": "ChIJ0XoTpKOAhYARIF3QGpQwFls", "google_sta": "OK", "match_stat": "matched" }, "geometry": { "type": "Point", "coordinates": [ -122.4278152, 37.7764732 ] } },
{ "type": "Feature", "properties": { "company_bu": "Healthy Spirits", "address": "15th St", "city": "San Francisco", "state_abbr": "CA", "zip_code": "94114", "primary_na": "44532001", "primary_si": "592104", "industry_d": "Beer & Ale-Retail, Grocers-Retail, Restaurants", "affiliated": "NA", "brands": "NA", "headquarte": "NA", "location_c": "High", "naics_indu": "Retail Trade", "business_c": "Independent", "square_foo": "1 - 1499", "employee_c": "2", "sales_volu": "734000", "corporate_": "NA", "query": "Healthy Spirits, 15th St, San Francisco, CA, 94114", "formatted_": "2299 15th St, San Francisco, CA 94114, United States", "latitude": "37.7656398", "longitude": "-122.4353106", "place_id": "ChIJyaJDMx1-j4ARs6IiuhDsUVg", "google_sta": "OK", "match_stat": "matched" }, "geometry": { "type": "Point", "coordinates": [ -122.4353106, 37.7656398 ] } },
{ "type": "Feature", "properties": { "company_bu": "Hiep Thanh Market", "address": "Larkin St", "city": "San Francisco", "state_abbr": "CA", "zip_code": "94109", "primary_na": "44511003", "primary_si": "541105", "industry_d": "Grocers-Retail, Retail Shops", "affiliated": "NA", "brands": "NA", "headquarte": "NA", "location_c": "High", "naics_indu": "Retail Trade", "business_c": "Independent", "square_foo": "1500 - 2499", "employee_c": "2", "sales_volu": "535000", "corporate_": "NA", "query": "Hiep Thanh Market, Larkin St, San Francisco, CA, 94109", "formatted_": "724 Larkin St, San Francisco, CA 94109, United States", "latitude": "37.784635", "longitude": "-122.4176902", "place_id": "ChIJVTPWJ5GAhYAR58mZ95qyERo", "google_sta": "OK", "match_stat": "matched" }, "geometry": { "type": "Point", "coordinates": [ -122.4176902, 37.784635 ] } },
{ "type": "Feature", "properties": { "company_bu": "Hilda's Mart & Bake Shop", "address": "Persia Ave", "city": "San Francisco", "state_abbr": "CA", "zip_code": "94112", "primary_na": "44513101", "primary_si": "541103", "industry_d": "Convenience Stores, Grocers-Retail, Restaurants, Greeting Cards-Retail", "affiliated": "NA", "brands": "NA", "headquarte": "NA", "location_c": "High", "naics_indu": "Retail Trade", "business_c": "Independent", "square_foo": "1 - 1499", "employee_c": "2", "sales_volu": "535000", "corporate_": "NA", "query": "Hilda's Mart & Bake Shop, Persia Ave, San Francisco, CA, 94112", "formatted_": "145 Persia Ave, San Francisco, CA 94112, United States", "latitude": "37.722522", "longitude": "-122.4345058", "place_id": "ChIJseNzcY9-j4ARKvajBit3Tx8", "google_sta": "OK", "match_stat": "matched" }, "geometry": { "type": "Point", "coordinates": [ -122.4345058, 37.722522 ] } },
{ "type": "Feature", "properties": { "company_bu": "Holloway Market", "address": "Holloway Ave", "city": "San Francisco", "state_abbr": "CA", "zip_code": "94112", "primary_na": "44523003", "primary_si": "543101", "industry_d": "Fruits & Vegetables & Produce-Retail, Grocers-Retail", "affiliated": "NA", "brands": "NA", "headquarte": "NA", "location_c": "High", "naics_indu": "Retail Trade", "business_c": "Independent", "square_foo": "1 - 1499", "employee_c": "1", "sales_volu": "215000", "corporate_": "NA", "query": "Holloway Market, Holloway Ave, San Francisco, CA, 94112", "formatted_": "150 Holloway Ave, San Francisco, CA 94112, United States", "latitude": "37.7219489", "longitude": "-122.4549821", "place_id": "ChIJrwL_3ix8j4ARnHmkIBNcSME", "google_sta": "OK", "match_stat": "matched" }, "geometry": { "type": "Point", "coordinates": [ -122.4549821, 37.7219489 ] } },
{ "type": "Feature", "properties": { "company_bu": "Hollywood Food Center", "address": "Geary Blvd", "city": "San Francisco", "state_abbr": "CA", "zip_code": "94121", "primary_na": "44511003", "primary_si": "541105", "industry_d": "Grocers-Retail", "affiliated": "NA", "brands": "NA", "headquarte": "NA", "location_c": "High", "naics_indu": "Retail Trade", "business_c": "Independent", "square_foo": "1500 - 2499", "employee_c": "2", "sales_volu": "535000", "corporate_": "NA", "query": "Hollywood Food Center, Geary Blvd, San Francisco, CA, 94121", "formatted_": "6146 Geary Blvd, San Francisco, CA 94121, United States", "latitude": "37.780247", "longitude": "-122.4855723", "place_id": "ChIJxZXC9wWHhYAROqq6LO5jmu4", "google_sta": "OK", "match_stat": "matched" }, "geometry": { "type": "Point", "coordinates": [ -122.4855723, 37.780247 ] } },
{ "type": "Feature", "properties": { "company_bu": "Home Service Market", "address": "Hayes St", "city": "San Francisco", "state_abbr": "CA", "zip_code": "94117", "primary_na": "44511003", "primary_si": "541105", "industry_d": "Grocers-Retail, Restaurants, Services NEC", "affiliated": "NA", "brands": "NA", "headquarte": "NA", "location_c": "High", "naics_indu": "Retail Trade", "business_c": "Independent", "square_foo": "1 - 1499", "employee_c": "1", "sales_volu": "268000", "corporate_": "NA", "query": "Home Service Market, Hayes St, San Francisco, CA, 94117", "formatted_": "1700 Hayes St, San Francisco, CA 94117, United States", "latitude": "37.774259", "longitude": "-122.4445715", "place_id": "ChIJZ3ZJm7KAhYARvcnlJ6f7EyU", "google_sta": "OK", "match_stat": "matched" }, "geometry": { "type": "Point", "coordinates": [ -122.4445715, 37.774259 ] } },
{ "type": "Feature", "properties": { "company_bu": "Horn's Grocery", "address": "Guerrero St", "city": "San Francisco", "state_abbr": "CA", "zip_code": "94110", "primary_na": "44511003", "primary_si": "541105", "industry_d": "Grocers-Retail", "affiliated": "NA", "brands": "NA", "headquarte": "NA", "location_c": "High", "naics_indu": "Retail Trade", "business_c": "Independent", "square_foo": "1 - 1499", "employee_c": "3", "sales_volu": "802000", "corporate_": "NA", "query": "Horn's Grocery, Guerrero St, San Francisco, CA, 94110", "formatted_": "499 Guerrero St, San Francisco, CA 94110, United States", "latitude": "37.7633227", "longitude": "-122.4238411", "place_id": "ChIJRdMMgSJ-j4AR35J9ElJT5H4", "google_sta": "OK", "match_stat": "matched" }, "geometry": { "type": "Point", "coordinates": [ -122.4238411, 37.7633227 ] } },
{ "type": "Feature", "properties": { "company_bu": "Hudson Pacific Properties Inc", "address": "Market St", "city": "San Francisco", "state_abbr": "CA", "zip_code": "94103", "primary_na": "53121003", "primary_si": "653118", "industry_d": "Real Estate, Grocers-Retail", "affiliated": "NA", "brands": "NA", "headquarte": "Hudson Pacific Properties, Inc", "location_c": "High", "naics_indu": "Real Estate, Rental & Leasing", "business_c": "Branch", "square_foo": "2500 - 4999", "employee_c": "4", "sales_volu": "1062000", "corporate_": "NA", "query": "Hudson Pacific Properties Inc, Market St, San Francisco, CA, 94103", "formatted_": "222 Kearny St, San Francisco, CA 94108, United States", "latitude": "37.7901382", "longitude": "-122.4037787", "place_id": "ChIJQVIsmYmAhYARWe0GjDvw0Tg", "google_sta": "OK", "match_stat": "matched" }, "geometry": { "type": "Point", "coordinates": [ -122.4037787, 37.7901382 ] } },
{ "type": "Feature", "properties": { "company_bu": "Hyde O'Farrell Market", "address": "Ofarrell St", "city": "San Francisco", "state_abbr": "CA", "zip_code": "94109", "primary_na": "44511003", "primary_si": "541105", "industry_d": "Grocers-Retail, Farm Markets", "affiliated": "NA", "brands": "NA", "headquarte": "NA", "location_c": "High", "naics_indu": "Retail Trade", "business_c": "Independent", "square_foo": "1500 - 2499", "employee_c": "2", "sales_volu": "535000", "corporate_": "NA", "query": "Hyde O'Farrell Market, Ofarrell St, San Francisco, CA, 94109", "formatted_": "701 O'Farrell St, San Francisco, CA 94109, United States", "latitude": "37.7852127", "longitude": "-122.4164019", "place_id": "ChIJzVXoHJGAhYARHyzRo87fxKs", "google_sta": "OK", "match_stat": "matched" }, "geometry": { "type": "Point", "coordinates": [ -122.4164019, 37.7852127 ] } },
{ "type": "Feature", "properties": { "company_bu": "Island Market & Deli", "address": "Avenue Of The Palms Ave", "city": "San Francisco", "state_abbr": "CA", "zip_code": "94130", "primary_na": "44511003", "primary_si": "541105", "industry_d": "Grocers-Retail", "affiliated": "NA", "brands": "NA", "headquarte": "NA", "location_c": "High", "naics_indu": "Retail Trade", "business_c": "Independent", "square_foo": "1 - 1499", "employee_c": "2", "sales_volu": "535000", "corporate_": "NA", "query": "Island Market & Deli, Avenue Of The Palms Ave, San Francisco, CA, 94130", "formatted_": "1 Avenue of the Palms, San Francisco, CA 94130, United States", "latitude": "37.8172183", "longitude": "-122.3709246", "place_id": "ChIJxX8cpB2BhYARSUmbrN3wbhY", "google_sta": "OK", "match_stat": "matched" }, "geometry": { "type": "Point", "coordinates": [ -122.3709246, 37.8172183 ] } },
{ "type": "Feature", "properties": { "company_bu": "J & C Market", "address": "San Bruno Ave", "city": "San Francisco", "state_abbr": "CA", "zip_code": "94134", "primary_na": "44511003", "primary_si": "541105", "industry_d": "Grocers-Retail", "affiliated": "NA", "brands": "NA", "headquarte": "NA", "location_c": "High", "naics_indu": "Retail Trade", "business_c": "Independent", "square_foo": "1 - 1499", "employee_c": "2", "sales_volu": "535000", "corporate_": "NA", "query": "J & C Market, San Bruno Ave, San Francisco, CA, 94134", "formatted_": "2544 San Bruno Ave, San Francisco, CA 94134, United States", "latitude": "37.7295645", "longitude": "-122.4045576", "place_id": "ChIJf0NX1_x-j4ARQfgd8NUIYCo", "google_sta": "OK", "match_stat": "matched" }, "geometry": { "type": "Point", "coordinates": [ -122.4045576, 37.7295645 ] } },
{ "type": "Feature", "properties": { "company_bu": "J & Food Ginseng Co", "address": "Irving St", "city": "San Francisco", "state_abbr": "CA", "zip_code": "94122", "primary_na": "44511003", "primary_si": "541105", "industry_d": "Grocers-Retail", "affiliated": "NA", "brands": "NA", "headquarte": "NA", "location_c": "High", "naics_indu": "Retail Trade", "business_c": "Independent", "square_foo": "1500 - 2499", "employee_c": "3", "sales_volu": "802000", "corporate_": "NA", "query": "J & Food Ginseng Co, Irving St, San Francisco, CA, 94122", "formatted_": "2409 Irving St, San Francisco, CA 94122, United States", "latitude": "37.7631635", "longitude": "-122.4838504", "place_id": "ChIJ3ZRl9HCHhYARE7KpN4sUmx0", "google_sta": "OK", "match_stat": "matched" }, "geometry": { "type": "Point", "coordinates": [ -122.4838504, 37.7631635 ] } },
{ "type": "Feature", "properties": { "company_bu": "J & L Market", "address": "Stockton St", "city": "San Francisco", "state_abbr": "CA", "zip_code": "94133", "primary_na": "44511003", "primary_si": "541105", "industry_d": "Grocers-Retail", "affiliated": "NA", "brands": "NA", "headquarte": "NA", "location_c": "High", "naics_indu": "Retail Trade", "business_c": "Independent", "square_foo": "1500 - 2499", "employee_c": "3", "sales_volu": "802000", "corporate_": "NA", "query": "J & L Market, Stockton St, San Francisco, CA, 94133", "formatted_": "1221 Stockton St, San Francisco, CA 94133, United States", "latitude": "37.7970828", "longitude": "-122.4086614", "place_id": "ChIJGVaZofOAhYARXIooh9ZN2Dg", "google_sta": "OK", "match_stat": "matched" }, "geometry": { "type": "Point", "coordinates": [ -122.4086614, 37.7970828 ] } },
{ "type": "Feature", "properties": { "company_bu": "J & L Vegi Supermarket Inc", "address": "Stockton St", "city": "San Francisco", "state_abbr": "CA", "zip_code": "94133", "primary_na": "44511003", "primary_si": "541105", "industry_d": "Grocers-Retail", "affiliated": "NA", "brands": "NA", "headquarte": "NA", "location_c": "High", "naics_indu": "Retail Trade", "business_c": "Independent", "square_foo": "1500 - 2499", "employee_c": "2", "sales_volu": "535000", "corporate_": "NA", "query": "J & L Vegi Supermarket Inc, Stockton St, San Francisco, CA, 94133", "formatted_": "1221 Stockton St, San Francisco, CA 94133, United States", "latitude": "37.7970828", "longitude": "-122.4086614", "place_id": "ChIJGVaZofOAhYARXIooh9ZN2Dg", "google_sta": "OK", "match_stat": "matched" }, "geometry": { "type": "Point", "coordinates": [ -122.4086614, 37.7970828 ] } },
{ "type": "Feature", "properties": { "company_bu": "J & S Produce", "address": "San Bruno Ave", "city": "San Francisco", "state_abbr": "CA", "zip_code": "94134", "primary_na": "45511003", "primary_si": "531104", "industry_d": "Retail Shops, Grocers-Retail", "affiliated": "NA", "brands": "NA", "headquarte": "NA", "location_c": "High", "naics_indu": "Retail Trade", "business_c": "Independent", "square_foo": "5000 - 9999", "employee_c": "5", "sales_volu": "1027000", "corporate_": "NA", "query": "J & S Produce, San Bruno Ave, San Francisco, CA, 94134", "formatted_": "2542 San Bruno Ave, San Francisco, CA 94134, United States", "latitude": "37.729631", "longitude": "-122.4045799", "place_id": "ChIJbal62vx-j4ARCHimKgQTVFM", "google_sta": "OK", "match_stat": "matched" }, "geometry": { "type": "Point", "coordinates": [ -122.4045799, 37.729631 ] } },
{ "type": "Feature", "properties": { "company_bu": "Jack's Market", "address": "3rd St", "city": "San Francisco", "state_abbr": "CA", "zip_code": "94107", "primary_na": "44511003", "primary_si": "541105", "industry_d": "Grocers-Retail", "affiliated": "NA", "brands": "NA", "headquarte": "NA", "location_c": "High", "naics_indu": "Retail Trade", "business_c": "Independent", "square_foo": "1 - 1499", "employee_c": "2", "sales_volu": "535000", "corporate_": "NA", "query": "Jack's Market, 3rd St, San Francisco, CA, 94107", "formatted_": "471 3rd St, San Francisco, CA 94107, United States", "latitude": "37.7817639", "longitude": "-122.3962053", "place_id": "ChIJW9A31n6AhYAR7E8fq0Vc9FI", "google_sta": "OK", "match_stat": "matched" }, "geometry": { "type": "Point", "coordinates": [ -122.3962053, 37.7817639 ] } },
{ "type": "Feature", "properties": { "company_bu": "Jai Ho Indian Grocery", "address": "Fillmore St", "city": "San Francisco", "state_abbr": "CA", "zip_code": "94115", "primary_na": "44511003", "primary_si": "541105", "industry_d": "Grocers-Retail, Greeting Cards-Retail", "affiliated": "NA", "brands": "NA", "headquarte": "NA", "location_c": "High", "naics_indu": "Retail Trade", "business_c": "Independent", "square_foo": "1 - 1499", "employee_c": "3", "sales_volu": "802000", "corporate_": "NA", "query": "Jai Ho Indian Grocery, Fillmore St, San Francisco, CA, 94115", "formatted_": "1462 Fillmore St, San Francisco, CA 94115, United States", "latitude": "37.7830991", "longitude": "-122.432287", "place_id": "ChIJ3RtynbmAhYAREoz2AKzYgjc", "google_sta": "OK", "match_stat": "matched" }, "geometry": { "type": "Point", "coordinates": [ -122.432287, 37.7830991 ] } },
{ "type": "Feature", "properties": { "company_bu": "Jamie Food Co", "address": "Stockton St", "city": "San Francisco", "state_abbr": "CA", "zip_code": "94133", "primary_na": "45511003", "primary_si": "531104", "industry_d": "Retail Shops, Grocers-Retail", "affiliated": "NA", "brands": "NA", "headquarte": "NA", "location_c": "High", "naics_indu": "Retail Trade", "business_c": "Independent", "square_foo": "5000 - 9999", "employee_c": "5", "sales_volu": "1027000", "corporate_": "NA", "query": "Jamie Food Co, Stockton St, San Francisco, CA, 94133", "formatted_": "1254 Stockton St, San Francisco, CA 94133, United States", "latitude": "37.7974403", "longitude": "-122.4084815", "place_id": "ChIJp4kGmPOAhYARrbPh6jE5IIk", "google_sta": "OK", "match_stat": "matched" }, "geometry": { "type": "Point", "coordinates": [ -122.4084815, 37.7974403 ] } },
{ "type": "Feature", "properties": { "company_bu": "Jing Ye Co", "address": "Stockton St", "city": "San Francisco", "state_abbr": "CA", "zip_code": "94133", "primary_na": "42441005", "primary_si": "514105", "industry_d": "Grocers-Wholesale, Grocers-Retail", "affiliated": "NA", "brands": "NA", "headquarte": "NA", "location_c": "High", "naics_indu": "Wholesale Trade", "business_c": "Independent", "square_foo": "1500 - 2499", "employee_c": "1", "sales_volu": "2203000", "corporate_": "NA", "query": "Jing Ye Co, Stockton St, San Francisco, CA, 94133", "formatted_": "1254 Stockton St, San Francisco, CA 94133, United States", "latitude": "37.7974403", "longitude": "-122.4084815", "place_id": "ChIJp4kGmPOAhYARrbPh6jE5IIk", "google_sta": "OK", "match_stat": "matched" }, "geometry": { "type": "Point", "coordinates": [ -122.4084815, 37.7974403 ] } },
{ "type": "Feature", "properties": { "company_bu": "Jupiter Market", "address": "Mission St", "city": "San Francisco", "state_abbr": "CA", "zip_code": "94112", "primary_na": "44511003", "primary_si": "541105", "industry_d": "Grocers-Retail", "affiliated": "NA", "brands": "NA", "headquarte": "NA", "location_c": "High", "naics_indu": "Retail Trade", "business_c": "Independent", "square_foo": "1500 - 2499", "employee_c": "3", "sales_volu": "802000", "corporate_": "NA", "query": "Jupiter Market, Mission St, San Francisco, CA, 94112", "formatted_": "4567 Mission St, San Francisco, CA 94112, United States", "latitude": "37.7251152", "longitude": "-122.434326", "place_id": "ChIJ_zEdt4h-j4ARzNJiaKYxaGY", "google_sta": "OK", "match_stat": "matched" }, "geometry": { "type": "Point", "coordinates": [ -122.434326, 37.7251152 ] } },
{ "type": "Feature", "properties": { "company_bu": "JW & L Market", "address": "Stockton St", "city": "San Francisco", "state_abbr": "CA", "zip_code": "94133", "primary_na": "44511003", "primary_si": "541105", "industry_d": "Grocers-Retail", "affiliated": "NA", "brands": "NA", "headquarte": "NA", "location_c": "High", "naics_indu": "Retail Trade", "business_c": "Independent", "square_foo": "1500 - 2499", "employee_c": "2", "sales_volu": "535000", "corporate_": "NA", "query": "JW & L Market, Stockton St, San Francisco, CA, 94133", "formatted_": "702 Vallejo St, San Francisco, CA 94133, United States", "latitude": "37.7986858", "longitude": "-122.4090436", "place_id": "ChIJRTIA2_OAhYARyf8Y5wEW8z8", "google_sta": "OK", "match_stat": "matched" }, "geometry": { "type": "Point", "coordinates": [ -122.4090436, 37.7986858 ] } },
{ "type": "Feature", "properties": { "company_bu": "K & D Market Korean BBQ", "address": "16th St", "city": "San Francisco", "state_abbr": "CA", "zip_code": "94103", "primary_na": "44511003", "primary_si": "541105", "industry_d": "Grocers-Retail", "affiliated": "NA", "brands": "NA", "headquarte": "NA", "location_c": "High", "naics_indu": "Retail Trade", "business_c": "Independent", "square_foo": "1 - 1499", "employee_c": "4", "sales_volu": "1069000", "corporate_": "NA", "query": "K & D Market Korean BBQ, 16th St, San Francisco, CA, 94103", "formatted_": "3177 16th St, San Francisco, CA 94103, United States", "latitude": "37.7625042", "longitude": "-122.4219208", "place_id": "ChIJQTBHcyJ-j4ARNxw-POJHkv8", "google_sta": "OK", "match_stat": "matched" }, "geometry": { "type": "Point", "coordinates": [ -122.4219208, 37.7625042 ] } },
{ "type": "Feature", "properties": { "company_bu": "K.minamoto", "address": "Market St", "city": "San Francisco", "state_abbr": "CA", "zip_code": "94104", "primary_na": "44529202", "primary_si": "544101", "industry_d": "Candy & Confectionery-Retail, Grocers-Retail, Oriental Goods", "affiliated": "NA", "brands": "NA", "headquarte": "NA", "location_c": "High", "naics_indu": "Retail Trade", "business_c": "Independent", "square_foo": "2500 - 4999", "employee_c": "7", "sales_volu": "846000", "corporate_": "NA", "query": "K.minamoto, Market St, San Francisco, CA, 94104", "formatted_": "648 Market St, San Francisco, CA 94104, United States", "latitude": "37.7884902", "longitude": "-122.4027323", "place_id": "ChIJ67hQOoiAhYARpCTbtF-yPuo", "google_sta": "OK", "match_stat": "matched" }, "geometry": { "type": "Point", "coordinates": [ -122.4027323, 37.7884902 ] } },
{ "type": "Feature", "properties": { "company_bu": "Kansas Food Market", "address": "23rd St", "city": "San Francisco", "state_abbr": "CA", "zip_code": "94107", "primary_na": "44511003", "primary_si": "541105", "industry_d": "Grocers-Retail", "affiliated": "NA", "brands": "NA", "headquarte": "NA", "location_c": "High", "naics_indu": "Retail Trade", "business_c": "Independent", "square_foo": "1 - 1499", "employee_c": "1", "sales_volu": "268000", "corporate_": "NA", "query": "Kansas Food Market, 23rd St, San Francisco, CA, 94107", "formatted_": "2250 23rd St, San Francisco, CA 94107, United States", "latitude": "37.75470869999999", "longitude": "-122.4024149", "place_id": "ChIJ8WFQR0t-j4ARzL504-YdRKE", "google_sta": "OK", "match_stat": "matched" }, "geometry": { "type": "Point", "coordinates": [ -122.4024149, 37.754708699999988 ] } },
{ "type": "Feature", "properties": { "company_bu": "Kettle & Fire Bone Broth", "address": "Hyde St", "city": "San Francisco", "state_abbr": "CA", "zip_code": "94109", "primary_na": "42442005", "primary_si": "514101", "industry_d": "Food Products (Whls), Grocers-Health Foods", "affiliated": "NA", "brands": "NA", "headquarte": "NA", "location_c": "High", "naics_indu": "Wholesale Trade", "business_c": "Independent", "square_foo": "5000 - 9999", "employee_c": "10", "sales_volu": "22022000", "corporate_": "NA", "query": "Kettle & Fire Bone Broth, Hyde St, San Francisco, CA, 94109", "formatted_": "2643 Hyde St, San Francisco, CA 94109, United States", "latitude": "37.8053776", "longitude": "-122.4204406", "place_id": "ChIJWyERMuGAhYARntmmED_XAqQ", "google_sta": "OK", "match_stat": "matched" }, "geometry": { "type": "Point", "coordinates": [ -122.4204406, 37.8053776 ] } },
{ "type": "Feature", "properties": { "company_bu": "Kings Market", "address": "Bryant St", "city": "San Francisco", "state_abbr": "CA", "zip_code": "94110", "primary_na": "44511003", "primary_si": "541105", "industry_d": "Grocers-Retail", "affiliated": "NA", "brands": "NA", "headquarte": "NA", "location_c": "High", "naics_indu": "Retail Trade", "business_c": "Independent", "square_foo": "1500 - 2499", "employee_c": "1", "sales_volu": "268000", "corporate_": "NA", "query": "Kings Market, Bryant St, San Francisco, CA, 94110", "formatted_": "2398 Bryant St, San Francisco, CA 94110, United States", "latitude": "37.7561128", "longitude": "-122.4096486", "place_id": "ChIJSwQRKjZ-j4AR2sXn5m19AaI", "google_sta": "OK", "match_stat": "matched" }, "geometry": { "type": "Point", "coordinates": [ -122.4096486, 37.7561128 ] } },
{ "type": "Feature", "properties": { "company_bu": "Krispy Krunchy Chicken", "address": "3 Rd St", "city": "San Francisco", "state_abbr": "CA", "zip_code": "94124", "primary_na": "72251117", "primary_si": "581208", "industry_d": "Restaurants, Convenience Stores, Grocers-Retail, Foods-Carry Out", "affiliated": "NA", "brands": "NA", "headquarte": "Krispy Krunchy Foods, LLC", "location_c": "High", "naics_indu": "Accommodation & Food Services", "business_c": "Branch", "square_foo": "1 - 1499", "employee_c": "17", "sales_volu": "1210000", "corporate_": "NA", "query": "Krispy Krunchy Chicken, 3 Rd St, San Francisco, CA, 94124", "formatted_": "4517 3rd St, San Francisco, CA 94124, United States", "latitude": "37.73676", "longitude": "-122.3896983", "place_id": "ChIJGwifkZp_j4ARYHzO7Mxh4C4", "google_sta": "OK", "match_stat": "matched" }, "geometry": { "type": "Point", "coordinates": [ -122.3896983, 37.73676 ] } },
{ "type": "Feature", "properties": { "company_bu": "L A Internacional", "address": "Mission St", "city": "San Francisco", "state_abbr": "CA", "zip_code": "94110", "primary_na": "45511003", "primary_si": "531104", "industry_d": "Retail Shops, Grocers-Retail", "affiliated": "NA", "brands": "NA", "headquarte": "NA", "location_c": "High", "naics_indu": "Retail Trade", "business_c": "Independent", "square_foo": "2500 - 4999", "employee_c": "3", "sales_volu": "617000", "corporate_": "NA", "query": "L A Internacional, Mission St, San Francisco, CA, 94110", "formatted_": "2469 Mission St, San Francisco, CA 94110, United States", "latitude": "37.757616", "longitude": "-122.4188232", "place_id": "ChIJfXYcrj5-j4AR3GjUqx0Ftnc", "google_sta": "OK", "match_stat": "matched" }, "geometry": { "type": "Point", "coordinates": [ -122.4188232, 37.757616 ] } },
{ "type": "Feature", "properties": { "company_bu": "La Cocina Municipal Marketplace", "address": "Golden Gate Ave", "city": "San Francisco", "state_abbr": "CA", "zip_code": "94102", "primary_na": "72251117", "primary_si": "581208", "industry_d": "Restaurants, Grocers-Retail", "affiliated": "NA", "brands": "NA", "headquarte": "NA", "location_c": "High", "naics_indu": "Accommodation & Food Services", "business_c": "Independent", "square_foo": "1500 - 2499", "employee_c": "5", "sales_volu": "1639000", "corporate_": "NA", "query": "La Cocina Municipal Marketplace, Golden Gate Ave, San Francisco, CA, 94102", "formatted_": "101 Hyde St, San Francisco, CA 94102, United States", "latitude": "37.7817069", "longitude": "-122.4159567", "place_id": "ChIJB7E4MbeBhYARZINK9YWSoiE", "google_sta": "OK", "match_stat": "matched" }, "geometry": { "type": "Point", "coordinates": [ -122.4159567, 37.7817069 ] } },
{ "type": "Feature", "properties": { "company_bu": "La Lama Produce", "address": "Mission St", "city": "San Francisco", "state_abbr": "CA", "zip_code": "94110", "primary_na": "44523003", "primary_si": "543101", "industry_d": "Fruits & Vegetables & Produce-Retail, Grocers-Retail", "affiliated": "NA", "brands": "NA", "headquarte": "NA", "location_c": "High", "naics_indu": "Retail Trade", "business_c": "Independent", "square_foo": "1 - 1499", "employee_c": "2", "sales_volu": "429000", "corporate_": "NA", "query": "La Lama Produce, Mission St, San Francisco, CA, 94110", "formatted_": "2840 Mission St, San Francisco, CA 94110, United States", "latitude": "37.7514317", "longitude": "-122.4185543", "place_id": "ChIJu67sm2B-j4ARI2pDXxbo0FA", "google_sta": "OK", "match_stat": "matched" }, "geometry": { "type": "Point", "coordinates": [ -122.4185543, 37.7514317 ] } },
{ "type": "Feature", "properties": { "company_bu": "La Loma Produce", "address": "San Bruno Ave", "city": "San Francisco", "state_abbr": "CA", "zip_code": "94134", "primary_na": "44523003", "primary_si": "543101", "industry_d": "Fruits & Vegetables & Produce-Retail, Grocers-Retail", "affiliated": "NA", "brands": "NA", "headquarte": "NA", "location_c": "High", "naics_indu": "Retail Trade", "business_c": "Independent", "square_foo": "1 - 1499", "employee_c": "3", "sales_volu": "643000", "corporate_": "NA", "query": "La Loma Produce, San Bruno Ave, San Francisco, CA, 94134", "formatted_": "2695 San Bruno Ave, San Francisco, CA 94134, United States", "latitude": "37.7278343", "longitude": "-122.4035426", "place_id": "ChIJAZbT6OJ-j4AR5-Sd2aDje4M", "google_sta": "OK", "match_stat": "matched" }, "geometry": { "type": "Point", "coordinates": [ -122.4035426, 37.7278343 ] } },
{ "type": "Feature", "properties": { "company_bu": "La San Francisco", "address": "24th St", "city": "San Francisco", "state_abbr": "CA", "zip_code": "94110", "primary_na": "44511003", "primary_si": "541105", "industry_d": "Grocers-Retail, Convenience Stores, Restaurants", "affiliated": "NA", "brands": "NA", "headquarte": "NA", "location_c": "High", "naics_indu": "Retail Trade", "business_c": "Independent", "square_foo": "1 - 1499", "employee_c": "2", "sales_volu": "535000", "corporate_": "NA", "query": "La San Francisco, 24th St, San Francisco, CA, 94110", "formatted_": "2871 24th St, San Francisco, CA 94110, United States", "latitude": "37.7526841", "longitude": "-122.4096231", "place_id": "ChIJA1DOHkl-j4ARP53JlgsieGs", "google_sta": "OK", "match_stat": "matched" }, "geometry": { "type": "Point", "coordinates": [ -122.4096231, 37.7526841 ] } },
{ "type": "Feature", "properties": { "company_bu": "Lebeau Nob Hill Deli", "address": "Leavenworth St", "city": "San Francisco", "state_abbr": "CA", "zip_code": "94109", "primary_na": "44511003", "primary_si": "541105", "industry_d": "Grocers-Retail, Restaurants", "affiliated": "NA", "brands": "NA", "headquarte": "NA", "location_c": "High", "naics_indu": "Retail Trade", "business_c": "Independent", "square_foo": "1 - 1499", "employee_c": "6", "sales_volu": "427000", "corporate_": "NA", "query": "Lebeau Nob Hill Deli, Leavenworth St, San Francisco, CA, 94109", "formatted_": "1263 Leavenworth St, San Francisco, CA 94109, United States", "latitude": "37.7929099", "longitude": "-122.4162614", "place_id": "ChIJVUzd2uyAhYARBLgLLvE-hUs", "google_sta": "OK", "match_stat": "matched" }, "geometry": { "type": "Point", "coordinates": [ -122.4162614, 37.7929099 ] } },
{ "type": "Feature", "properties": { "company_bu": "Lees Food", "address": "Revere Ave", "city": "San Francisco", "state_abbr": "CA", "zip_code": "94124", "primary_na": "44511003", "primary_si": "541105", "industry_d": "Grocers-Retail", "affiliated": "NA", "brands": "NA", "headquarte": "NA", "location_c": "High", "naics_indu": "Retail Trade", "business_c": "Independent", "square_foo": "1 - 1499", "employee_c": "2", "sales_volu": "535000", "corporate_": "NA", "query": "Lees Food, Revere Ave, San Francisco, CA, 94124", "formatted_": "1397 Revere Ave, San Francisco, CA 94124, United States", "latitude": "37.729397", "longitude": "-122.3864373", "place_id": "ChIJA81AzhZ_j4ARjG63kym7tx8", "google_sta": "OK", "match_stat": "matched" }, "geometry": { "type": "Point", "coordinates": [ -122.3864373, 37.729397 ] } },
{ "type": "Feature", "properties": { "company_bu": "Leland Market", "address": "Leland Ave", "city": "San Francisco", "state_abbr": "CA", "zip_code": "94134", "primary_na": "44523003", "primary_si": "543101", "industry_d": "Fruits & Vegetables & Produce-Retail, Grocers-Retail", "affiliated": "NA", "brands": "NA", "headquarte": "NA", "location_c": "High", "naics_indu": "Retail Trade", "business_c": "Independent", "square_foo": "1500 - 2499", "employee_c": "2", "sales_volu": "429000", "corporate_": "NA", "query": "Leland Market, Leland Ave, San Francisco, CA, 94134", "formatted_": "65 Leland Ave, San Francisco, CA 94134, United States", "latitude": "37.7116619", "longitude": "-122.4051862", "place_id": "ChIJWbf1pNl-j4AR9O7_dANYxDE", "google_sta": "OK", "match_stat": "matched" }, "geometry": { "type": "Point", "coordinates": [ -122.4051862, 37.7116619 ] } },
{ "type": "Feature", "properties": { "company_bu": "Lien Hing Supermarket Number Three", "address": "Clement St", "city": "San Francisco", "state_abbr": "CA", "zip_code": "94118", "primary_na": "44511003", "primary_si": "541105", "industry_d": "Grocers-Retail", "affiliated": "NA", "brands": "NA", "headquarte": "NA", "location_c": "High", "naics_indu": "Retail Trade", "business_c": "Independent", "square_foo": "1500 - 2499", "employee_c": "3", "sales_volu": "802000", "corporate_": "NA", "query": "Lien Hing Supermarket Number Three, Clement St, San Francisco, CA, 94118", "formatted_": "400 Clement St, San Francisco, CA 94118, United States", "latitude": "37.7831125", "longitude": "-122.463629", "place_id": "ChIJq11F9juHhYARAaqyKKbiDW4", "google_sta": "OK", "match_stat": "matched" }, "geometry": { "type": "Point", "coordinates": [ -122.463629, 37.7831125 ] } },
{ "type": "Feature", "properties": { "company_bu": "Lighthouse For the Blind & Visually Impaired", "address": "Market St", "city": "San Francisco", "state_abbr": "CA", "zip_code": "94103", "primary_na": "62412009", "primary_si": "832296", "industry_d": "Elderly & Disabled Person Services, Marriage & Family Counselors, Blind Services & Facilities, Federal Government Contractors, Grocers-Retail, Fraternal Organizations, Non-Profit Organizations", "affiliated": "NA", "brands": "NA", "headquarte": "NA", "location_c": "High", "naics_indu": "Health Care & Social Assistance", "business_c": "Independent", "square_foo": "100000+", "employee_c": "92", "sales_volu": "6568000", "corporate_": "NA", "query": "Lighthouse For the Blind & Visually Impaired, Market St, San Francisco, CA, 94103", "formatted_": "1155 Market St 10th floor, San Francisco, CA 94103, United States", "latitude": "37.779338", "longitude": "-122.4135273", "place_id": "ChIJn5Cx4ASBhYARifP_1kxsW5I", "google_sta": "OK", "match_stat": "matched" }, "geometry": { "type": "Point", "coordinates": [ -122.4135273, 37.779338 ] } },
{ "type": "Feature", "properties": { "company_bu": "Liquor A & M", "address": "Sutter St", "city": "San Francisco", "state_abbr": "CA", "zip_code": "94109", "primary_na": "44532004", "primary_si": "592102", "industry_d": "Liquors-Retail, Grocers-Retail", "affiliated": "NA", "brands": "NA", "headquarte": "NA", "location_c": "High", "naics_indu": "Retail Trade", "business_c": "Independent", "square_foo": "1 - 1499", "employee_c": "1", "sales_volu": "367000", "corporate_": "NA", "query": "Liquor A & M, Sutter St, San Francisco, CA, 94109", "formatted_": "1600 Sutter St, San Francisco, CA 94109, United States", "latitude": "37.7870274", "longitude": "-122.4268776", "place_id": "ChIJiQMWqL-AhYARHJ_H7qH_03s", "google_sta": "OK", "match_stat": "matched" }, "geometry": { "type": "Point", "coordinates": [ -122.4268776, 37.7870274 ] } },
{ "type": "Feature", "properties": { "company_bu": "Lombard Heights Market", "address": "Stockton St", "city": "San Francisco", "state_abbr": "CA", "zip_code": "94133", "primary_na": "44511003", "primary_si": "541105", "industry_d": "Grocers-Retail", "affiliated": "NA", "brands": "NA", "headquarte": "NA", "location_c": "High", "naics_indu": "Retail Trade", "business_c": "Independent", "square_foo": "1 - 1499", "employee_c": "2", "sales_volu": "535000", "corporate_": "NA", "query": "Lombard Heights Market, Stockton St, San Francisco, CA, 94133", "formatted_": "1877 Stockton St, San Francisco, CA 94133, United States", "latitude": "37.8031426", "longitude": "-122.409866", "place_id": "ChIJM_6Sh_CAhYARtwu-iyNGIbE", "google_sta": "OK", "match_stat": "matched" }, "geometry": { "type": "Point", "coordinates": [ -122.409866, 37.8031426 ] } },
{ "type": "Feature", "properties": { "company_bu": "Long Hua's Grocery Store", "address": "Stockton St", "city": "San Francisco", "state_abbr": "CA", "zip_code": "94108", "primary_na": "44511003", "primary_si": "541105", "industry_d": "Grocers-Retail", "affiliated": "NA", "brands": "NA", "headquarte": "NA", "location_c": "High", "naics_indu": "Retail Trade", "business_c": "Independent", "square_foo": "1 - 1499", "employee_c": "3", "sales_volu": "802000", "corporate_": "NA", "query": "Long Hua's Grocery Store, Stockton St, San Francisco, CA, 94108", "formatted_": "906 Stockton St, San Francisco, CA 94108, United States", "latitude": "37.7942659", "longitude": "-122.4078588", "place_id": "ChIJa6tusIyAhYARLnkrTWjHiS4", "google_sta": "OK", "match_stat": "matched" }, "geometry": { "type": "Point", "coordinates": [ -122.4078588, 37.7942659 ] } },
{ "type": "Feature", "properties": { "company_bu": "Lowell Market", "address": "Brunswick St", "city": "San Francisco", "state_abbr": "CA", "zip_code": "94112", "primary_na": "44511003", "primary_si": "541105", "industry_d": "Grocers-Retail", "affiliated": "NA", "brands": "NA", "headquarte": "NA", "location_c": "High", "naics_indu": "Retail Trade", "business_c": "Independent", "square_foo": "1500 - 2499", "employee_c": "1", "sales_volu": "268000", "corporate_": "NA", "query": "Lowell Market, Brunswick St, San Francisco, CA, 94112", "formatted_": "601 Brunswick St, San Francisco, CA 94112, United States", "latitude": "37.7096935", "longitude": "-122.4456213", "place_id": "ChIJfXh0N55-j4ARUXeWgWWUhUY", "google_sta": "OK", "match_stat": "matched" }, "geometry": { "type": "Point", "coordinates": [ -122.4456213, 37.7096935 ] } },
{ "type": "Feature", "properties": { "company_bu": "Lucky Supermarkets", "address": "Fulton St", "city": "San Francisco", "state_abbr": "CA", "zip_code": "94117", "primary_na": "44511003", "primary_si": "541105", "industry_d": "Grocers-Retail, Coffee Shops, Meat-Retail, Bakers-Retail, Coffee & Tea, Pharmacies, Pharmacists", "affiliated": "NA", "brands": "NA", "headquarte": "The Save Mart Companies", "location_c": "High", "naics_indu": "Retail Trade", "business_c": "Branch", "square_foo": "100000+", "employee_c": "101", "sales_volu": "26990000", "corporate_": "Albertsons Companies", "query": "Lucky Supermarkets, Fulton St, San Francisco, CA, 94117", "formatted_": "1750 Fulton St, San Francisco, CA 94117, United States", "latitude": "37.77628910000001", "longitude": "-122.4457535", "place_id": "ChIJCRbPKLOAhYARodDE5raXmzc", "google_sta": "OK", "match_stat": "matched" }, "geometry": { "type": "Point", "coordinates": [ -122.4457535, 37.7762891 ] } },
{ "type": "Feature", "properties": { "company_bu": "Lucky Supermarkets", "address": "Sloat Blvd", "city": "San Francisco", "state_abbr": "CA", "zip_code": "94132", "primary_na": "44511003", "primary_si": "541105", "industry_d": "Grocers-Retail, Bakers-Retail, Meat-Retail, Pharmacies, Pharmacists, Coffee Shops, Coffee & Tea", "affiliated": "NA", "brands": "NA", "headquarte": "The Save Mart Companies", "location_c": "High", "naics_indu": "Retail Trade", "business_c": "Branch", "square_foo": "100000+", "employee_c": "146", "sales_volu": "39015000", "corporate_": "Albertsons Companies", "query": "Lucky Supermarkets, Sloat Blvd, San Francisco, CA, 94132", "formatted_": "1515 Sloat Blvd, San Francisco, CA 94132, United States", "latitude": "37.7331291", "longitude": "-122.4897364", "place_id": "ChIJax04pp99j4ARpp2l6k-OE9o", "google_sta": "OK", "match_stat": "matched" }, "geometry": { "type": "Point", "coordinates": [ -122.4897364, 37.7331291 ] } },
{ "type": "Feature", "properties": { "company_bu": "Lucky Supermarkets", "address": "3 Rd St", "city": "San Francisco", "state_abbr": "CA", "zip_code": "94124", "primary_na": "44511003", "primary_si": "541105", "industry_d": "Grocers-Retail", "affiliated": "NA", "brands": "NA", "headquarte": "The Save Mart Companies", "location_c": "High", "naics_indu": "Retail Trade", "business_c": "Branch", "square_foo": "NA", "employee_c": "66", "sales_volu": "17637000", "corporate_": "Albertsons Companies", "query": "Lucky Supermarkets, 3 Rd St, San Francisco, CA, 94124", "formatted_": "3801 3rd St, San Francisco, CA 94124, United States", "latitude": "37.7419636", "longitude": "-122.3875621", "place_id": "ChIJmwXe-bd_j4AR5wQt1zJBSCY", "google_sta": "OK", "match_stat": "matched" }, "geometry": { "type": "Point", "coordinates": [ -122.3875621, 37.7419636 ] } },
{ "type": "Feature", "properties": { "company_bu": "Luke's Local Cole Valley Market", "address": "Cole St", "city": "San Francisco", "state_abbr": "CA", "zip_code": "94117", "primary_na": "44511003", "primary_si": "541105", "industry_d": "Grocers-Retail, Caterers, Coffee Shops", "affiliated": "NA", "brands": "NA", "headquarte": "NA", "location_c": "High", "naics_indu": "Retail Trade", "business_c": "Independent", "square_foo": "1500 - 2499", "employee_c": "6", "sales_volu": "1604000", "corporate_": "NA", "query": "Luke's Local Cole Valley Market, Cole St, San Francisco, CA, 94117", "formatted_": "960 Cole St, San Francisco, CA 94117, United States", "latitude": "37.7650183", "longitude": "-122.4496931", "place_id": "ChIJcQpgYxufj4ARUZRjJmaufeo", "google_sta": "OK", "match_stat": "matched" }, "geometry": { "type": "Point", "coordinates": [ -122.4496931, 37.7650183 ] } },
{ "type": "Feature", "properties": { "company_bu": "Lunardi's Markets", "address": "San Bruno Ave", "city": "San Francisco", "state_abbr": "CA", "zip_code": "94134", "primary_na": "44511003", "primary_si": "541105", "industry_d": "Grocers-Retail", "affiliated": "NA", "brands": "NA", "headquarte": "Lunardi's Super Market, Inc", "location_c": "High", "naics_indu": "Retail Trade", "business_c": "Branch", "square_foo": "1500 - 2499", "employee_c": "5", "sales_volu": "1604000", "corporate_": "NA", "query": "Lunardi's Markets, San Bruno Ave, San Francisco, CA, 94134", "formatted_": "2801 San Bruno Ave W, San Bruno, CA 94066, United States", "latitude": "37.6188889", "longitude": "-122.4397222", "place_id": "ChIJDfyo6_t5j4AR95oIWBymnyk", "google_sta": "OK", "match_stat": "matched" }, "geometry": { "type": "Point", "coordinates": [ -122.4397222, 37.6188889 ] } },
{ "type": "Feature", "properties": { "company_bu": "M & K Market", "address": "Anza St", "city": "San Francisco", "state_abbr": "CA", "zip_code": "94118", "primary_na": "44511003", "primary_si": "541105", "industry_d": "Grocers-Retail", "affiliated": "NA", "brands": "NA", "headquarte": "NA", "location_c": "High", "naics_indu": "Retail Trade", "business_c": "Independent", "square_foo": "1500 - 2499", "employee_c": "1", "sales_volu": "268000", "corporate_": "NA", "query": "M & K Market, Anza St, San Francisco, CA, 94118", "formatted_": "1701 Anza St, San Francisco, CA 94118, United States", "latitude": "37.7788979", "longitude": "-122.4664262", "place_id": "ChIJFQDwAD-HhYARW5RRJNGQwG8", "google_sta": "OK", "match_stat": "matched" }, "geometry": { "type": "Point", "coordinates": [ -122.4664262, 37.7788979 ] } },
{ "type": "Feature", "properties": { "company_bu": "M & M De Vera Properties", "address": "Russ St", "city": "San Francisco", "state_abbr": "CA", "zip_code": "94103", "primary_na": "44511003", "primary_si": "541105", "industry_d": "Grocers-Retail", "affiliated": "NA", "brands": "NA", "headquarte": "NA", "location_c": "High", "naics_indu": "Retail Trade", "business_c": "Independent", "square_foo": "1 - 1499", "employee_c": "1", "sales_volu": "268000", "corporate_": "NA", "query": "M & M De Vera Properties, Russ St, San Francisco, CA, 94103", "formatted_": "25 Russ St # 5, San Francisco, CA 94103, United States", "latitude": "37.7793706", "longitude": "-122.40884", "place_id": "ChIJYwnrkYOAhYARMRcMvNDZxiA", "google_sta": "OK", "match_stat": "matched" }, "geometry": { "type": "Point", "coordinates": [ -122.40884, 37.7793706 ] } },
{ "type": "Feature", "properties": { "company_bu": "Main Stay Markets", "address": "3rd St", "city": "San Francisco", "state_abbr": "CA", "zip_code": "94107", "primary_na": "44511003", "primary_si": "541105", "industry_d": "Grocers-Retail", "affiliated": "NA", "brands": "NA", "headquarte": "NA", "location_c": "High", "naics_indu": "Retail Trade", "business_c": "Independent", "square_foo": "1 - 1499", "employee_c": "2", "sales_volu": "535000", "corporate_": "NA", "query": "Main Stay Markets, 3rd St, San Francisco, CA, 94107", "formatted_": "655 22nd St, San Francisco, CA 94107, United States", "latitude": "37.7578555", "longitude": "-122.3879129", "place_id": "ChIJz2mJBX5_j4ARbkNCdqyjQjk", "google_sta": "OK", "match_stat": "matched" }, "geometry": { "type": "Point", "coordinates": [ -122.3879129, 37.7578555 ] } },
{ "type": "Feature", "properties": { "company_bu": "Manila Oriental Market", "address": "Mission St", "city": "San Francisco", "state_abbr": "CA", "zip_code": "94112", "primary_na": "44511003", "primary_si": "541105", "industry_d": "Grocers-Retail", "affiliated": "NA", "brands": "NA", "headquarte": "NA", "location_c": "High", "naics_indu": "Retail Trade", "business_c": "Independent", "square_foo": "40000 - 99999", "employee_c": "51", "sales_volu": "13629000", "corporate_": "NA", "query": "Manila Oriental Market, Mission St, San Francisco, CA, 94112", "formatted_": "4175 Mission St, San Francisco, CA 94112, United States", "latitude": "37.73042", "longitude": "-122.428931", "place_id": "ChIJA-QiEIp-j4AR-hFxn6vSQ2U", "google_sta": "OK", "match_stat": "matched" }, "geometry": { "type": "Point", "coordinates": [ -122.428931, 37.73042 ] } },
{ "type": "Feature", "properties": { "company_bu": "Marinas Super Market", "address": "Chestnut St", "city": "San Francisco", "state_abbr": "CA", "zip_code": "94123", "primary_na": "44511003", "primary_si": "541105", "industry_d": "Grocers-Retail", "affiliated": "NA", "brands": "NA", "headquarte": "NA", "location_c": "High", "naics_indu": "Retail Trade", "business_c": "Independent", "square_foo": "10000 - 19999", "employee_c": "30", "sales_volu": "8017000", "corporate_": "NA", "query": "Marinas Super Market, Chestnut St, San Francisco, CA, 94123", "formatted_": "2323 Chestnut St, San Francisco, CA 94123, United States", "latitude": "37.80003170000001", "longitude": "-122.4416355", "place_id": "ChIJhVNyI9SAhYARHlSDhMSjFag", "google_sta": "OK", "match_stat": "matched" }, "geometry": { "type": "Point", "coordinates": [ -122.4416355, 37.800031700000012 ] } },
{ "type": "Feature", "properties": { "company_bu": "Market", "address": "Valencia St", "city": "San Francisco", "state_abbr": "CA", "zip_code": "94110", "primary_na": "44511003", "primary_si": "541105", "industry_d": "Grocers-Retail", "affiliated": "NA", "brands": "NA", "headquarte": "NA", "location_c": "High", "naics_indu": "Retail Trade", "business_c": "Independent", "square_foo": "1500 - 2499", "employee_c": "3", "sales_volu": "802000", "corporate_": "NA", "query": "Market, Valencia St, San Francisco, CA, 94110", "formatted_": "Market St & Valencia St, San Francisco, CA 94103, USA", "latitude": "37.7724658", "longitude": "-122.4226379", "place_id": "EjVNYXJrZXQgU3QgJiBWYWxlbmNpYSBTdCwgU2FuIEZyYW5jaXNjbywgQ0EgOTQxMDMsIFVTQSJmImQKFAoSCatPzb-fgIWAEVggDIZI3NQKEhQKEgmrT82_n4CFgBFYIAyGSNzUChoUChIJW3Lu1wt-j4ARfDdRUtR0nAYaFAoSCe0iLk08fo-AEeudDok21s-ZIgoN8p6DFhW1yQe3", "google_sta": "OK", "match_stat": "matched" }, "geometry": { "type": "Point", "coordinates": [ -122.4226379, 37.7724658 ] } },
{ "type": "Feature", "properties": { "company_bu": "Market Cocina", "address": "Rhode Island St", "city": "San Francisco", "state_abbr": "CA", "zip_code": "94107", "primary_na": "72251117", "primary_si": "581208", "industry_d": "Restaurants, Foods-Carry Out, Grocers-Retail", "affiliated": "NA", "brands": "NA", "headquarte": "Whole Foods Market, Inc", "location_c": "High", "naics_indu": "Accommodation & Food Services", "business_c": "Branch", "square_foo": "NA", "employee_c": "18", "sales_volu": "1281000", "corporate_": "NA", "query": "Market Cocina, Rhode Island St, San Francisco, CA, 94107", "formatted_": "450 Rhode Island St, San Francisco, CA 94107, United States", "latitude": "37.7644788", "longitude": "-122.4032778", "place_id": "ChIJXcq2QDN-j4ARDOJbcdf2h70", "google_sta": "OK", "match_stat": "matched" }, "geometry": { "type": "Point", "coordinates": [ -122.4032778, 37.7644788 ] } },
{ "type": "Feature", "properties": { "company_bu": "Market Dawg", "address": "Santa Monica Way", "city": "San Francisco", "state_abbr": "CA", "zip_code": "94127", "primary_na": "44511003", "primary_si": "541105", "industry_d": "Grocers-Retail", "affiliated": "NA", "brands": "NA", "headquarte": "NA", "location_c": "High", "naics_indu": "Retail Trade", "business_c": "Independent", "square_foo": "1500 - 2499", "employee_c": "2", "sales_volu": "535000", "corporate_": "NA", "query": "Market Dawg, Santa Monica Way, San Francisco, CA, 94127", "formatted_": "242 W Portal Ave, San Francisco, CA 94127, United States", "latitude": "37.7385679", "longitude": "-122.4686947", "place_id": "ChIJUYyxmax9j4AR1pdDNemsiQw", "google_sta": "OK", "match_stat": "matched" }, "geometry": { "type": "Point", "coordinates": [ -122.4686947, 37.7385679 ] } },
{ "type": "Feature", "properties": { "company_bu": "Market Mayflower & Deli", "address": "Bush St", "city": "San Francisco", "state_abbr": "CA", "zip_code": "94109", "primary_na": "44511003", "primary_si": "541105", "industry_d": "Grocers-Retail", "affiliated": "NA", "brands": "NA", "headquarte": "NA", "location_c": "High", "naics_indu": "Retail Trade", "business_c": "Independent", "square_foo": "2500 - 4999", "employee_c": "6", "sales_volu": "1604000", "corporate_": "NA", "query": "Market Mayflower & Deli, Bush St, San Francisco, CA, 94109", "formatted_": "985 Bush St, San Francisco, CA 94109, United States", "latitude": "37.789469", "longitude": "-122.4134237", "place_id": "ChIJGSqjcpKAhYARDxgyJSBoHnQ", "google_sta": "OK", "match_stat": "matched" }, "geometry": { "type": "Point", "coordinates": [ -122.4134237, 37.789469 ] } },
{ "type": "Feature", "properties": { "company_bu": "Market Place", "address": "Embarcadero Ctr", "city": "San Francisco", "state_abbr": "CA", "zip_code": "94111", "primary_na": "72251117", "primary_si": "581208", "industry_d": "Restaurants, Grocers-Retail", "affiliated": "NA", "brands": "NA", "headquarte": "NA", "location_c": "High", "naics_indu": "Accommodation & Food Services", "business_c": "Independent", "square_foo": "1500 - 2499", "employee_c": "5", "sales_volu": "285000", "corporate_": "NA", "query": "Market Place, Embarcadero Ctr, San Francisco, CA, 94111", "formatted_": "San Francisco Bay Trl, San Francisco, CA 94105, United States", "latitude": "37.7954004", "longitude": "-122.3936846", "place_id": "ChIJVdeQkmaAhYARJKFt7ZupDP8", "google_sta": "OK", "match_stat": "matched" }, "geometry": { "type": "Point", "coordinates": [ -122.3936846, 37.7954004 ] } },
{ "type": "Feature", "properties": { "company_bu": "Marketing Moves PLC", "address": "16th St", "city": "San Francisco", "state_abbr": "CA", "zip_code": "94114", "primary_na": "44511003", "primary_si": "541105", "industry_d": "Grocers-Retail", "affiliated": "NA", "brands": "NA", "headquarte": "NA", "location_c": "High", "naics_indu": "Retail Trade", "business_c": "Independent", "square_foo": "1500 - 2499", "employee_c": "NA", "sales_volu": "NA", "corporate_": "NA", "query": "Marketing Moves PLC, 16th St, San Francisco, CA, 94114", "formatted_": "315 Montgomery St 10th Floor, San Francisco, CA 94104, United States", "latitude": "37.7920879", "longitude": "-122.4032249", "place_id": "ChIJwz5MXMKBhYARHAPlWXVsiNE", "google_sta": "OK", "match_stat": "matched" }, "geometry": { "type": "Point", "coordinates": [ -122.4032249, 37.7920879 ] } },
{ "type": "Feature", "properties": { "company_bu": "Markets Group", "address": "Kearny St", "city": "San Francisco", "state_abbr": "CA", "zip_code": "94108", "primary_na": "44511003", "primary_si": "541105", "industry_d": "Grocers-Retail", "affiliated": "NA", "brands": "NA", "headquarte": "NA", "location_c": "High", "naics_indu": "Retail Trade", "business_c": "Independent", "square_foo": "2500 - 4999", "employee_c": "3", "sales_volu": "802000", "corporate_": "NA", "query": "Markets Group, Kearny St, San Francisco, CA, 94108", "formatted_": "44 E 32nd St floor 4, New York, NY 10016, United States", "latitude": "40.7458467", "longitude": "-73.9829265", "place_id": "ChIJwZbz9wdZwokRG9NSgYRDSwE", "google_sta": "OK", "match_stat": "matched" }, "geometry": { "type": "Point", "coordinates": [ -73.9829265, 40.7458467 ] } },
{ "type": "Feature", "properties": { "company_bu": "Maryland Market", "address": "Turk St", "city": "San Francisco", "state_abbr": "CA", "zip_code": "94102", "primary_na": "44511003", "primary_si": "541105", "industry_d": "Grocers-Retail", "affiliated": "NA", "brands": "NA", "headquarte": "NA", "location_c": "High", "naics_indu": "Retail Trade", "business_c": "Independent", "square_foo": "1 - 1499", "employee_c": "2", "sales_volu": "535000", "corporate_": "NA", "query": "Maryland Market, Turk St, San Francisco, CA, 94102", "formatted_": "300 Turk St, San Francisco, CA 94102, United States", "latitude": "37.7828946", "longitude": "-122.4142245", "place_id": "ChIJ17FhmJqAhYARMX9Hk5YkMdk", "google_sta": "OK", "match_stat": "matched" }, "geometry": { "type": "Point", "coordinates": [ -122.4142245, 37.7828946 ] } },
{ "type": "Feature", "properties": { "company_bu": "Max Muscle Nutrition", "address": "16 Th St", "city": "San Francisco", "state_abbr": "CA", "zip_code": "94114", "primary_na": "45619106", "primary_si": "549904", "industry_d": "Vitamin & Food Supplements, Health & Diet Foods-Retail, Nutritionists, Beauty Salons, Grocers-Health Foods, Health & Nutrition Consultants", "affiliated": "NA", "brands": "NA", "headquarte": "Max Muscle Inc", "location_c": "High", "naics_indu": "Retail Trade", "business_c": "Branch", "square_foo": "1500 - 2499", "employee_c": "2", "sales_volu": "227000", "corporate_": "NA", "query": "Max Muscle Nutrition, 16 Th St, San Francisco, CA, 94114", "formatted_": "16th St, San Francisco, CA 94114, United States", "latitude": "37.7643651", "longitude": "-122.4333452", "place_id": "ChIJC61RjRx-j4ARSmOKaXC6uxU", "google_sta": "OK", "match_stat": "matched" }, "geometry": { "type": "Point", "coordinates": [ -122.4333452, 37.7643651 ] } },
{ "type": "Feature", "properties": { "company_bu": "May Sun Market LLC", "address": "Grant Ave", "city": "San Francisco", "state_abbr": "CA", "zip_code": "94133", "primary_na": "44511003", "primary_si": "541105", "industry_d": "Grocers-Retail", "affiliated": "NA", "brands": "NA", "headquarte": "NA", "location_c": "High", "naics_indu": "Retail Trade", "business_c": "Independent", "square_foo": "1 - 1499", "employee_c": "2", "sales_volu": "535000", "corporate_": "NA", "query": "May Sun Market LLC, Grant Ave, San Francisco, CA, 94133", "formatted_": "1101 Grant Ave, San Francisco, CA 94133, United States", "latitude": "37.7969939", "longitude": "-122.4069573", "place_id": "ChIJuUssgvSAhYARLAnuInD-ThM", "google_sta": "OK", "match_stat": "matched" }, "geometry": { "type": "Point", "coordinates": [ -122.4069573, 37.7969939 ] } },
{ "type": "Feature", "properties": { "company_bu": "Mayflower Market", "address": "Fillmore St", "city": "San Francisco", "state_abbr": "CA", "zip_code": "94115", "primary_na": "44511003", "primary_si": "541105", "industry_d": "Grocers-Retail", "affiliated": "NA", "brands": "NA", "headquarte": "NA", "location_c": "High", "naics_indu": "Retail Trade", "business_c": "Independent", "square_foo": "1500 - 2499", "employee_c": "9", "sales_volu": "2406000", "corporate_": "NA", "query": "Mayflower Market, Fillmore St, San Francisco, CA, 94115", "formatted_": "2498 Fillmore St, San Francisco, CA 94115, United States", "latitude": "37.7923781", "longitude": "-122.4344472", "place_id": "ChIJ2crz7MWAhYARkr3n23A71X4", "google_sta": "OK", "match_stat": "matched" }, "geometry": { "type": "Point", "coordinates": [ -122.4344472, 37.7923781 ] } },
{ "type": "Feature", "properties": { "company_bu": "McAllister Market", "address": "Mcallister St", "city": "San Francisco", "state_abbr": "CA", "zip_code": "94102", "primary_na": "44511003", "primary_si": "541105", "industry_d": "Grocers-Retail", "affiliated": "NA", "brands": "NA", "headquarte": "NA", "location_c": "High", "naics_indu": "Retail Trade", "business_c": "Independent", "square_foo": "1 - 1499", "employee_c": "1", "sales_volu": "268000", "corporate_": "NA", "query": "McAllister Market, Mcallister St, San Francisco, CA, 94102", "formatted_": "136 McAllister St, San Francisco, CA 94102, United States", "latitude": "37.781006", "longitude": "-122.4143741", "place_id": "ChIJz3oI4ZqAhYARYviYtbeKIFQ", "google_sta": "OK", "match_stat": "matched" }, "geometry": { "type": "Point", "coordinates": [ -122.4143741, 37.781006 ] } },
{ "type": "Feature", "properties": { "company_bu": "McBaker Market & Deli", "address": "Mcallister St", "city": "San Francisco", "state_abbr": "CA", "zip_code": "94115", "primary_na": "44511003", "primary_si": "541105", "industry_d": "Grocers-Retail, Liquors-Retail", "affiliated": "NA", "brands": "NA", "headquarte": "NA", "location_c": "High", "naics_indu": "Retail Trade", "business_c": "Independent", "square_foo": "1 - 1499", "employee_c": "2", "sales_volu": "535000", "corporate_": "NA", "query": "McBaker Market & Deli, Mcallister St, San Francisco, CA, 94115", "formatted_": "1800 McAllister St, San Francisco, CA 94115, United States", "latitude": "37.7774491", "longitude": "-122.4419461", "place_id": "ChIJ29HNARSBhYARQvOJXqXgYBY", "google_sta": "OK", "match_stat": "matched" }, "geometry": { "type": "Point", "coordinates": [ -122.4419461, 37.7774491 ] } },
{ "type": "Feature", "properties": { "company_bu": "Mei's Groceries Inc", "address": "Stockton St", "city": "San Francisco", "state_abbr": "CA", "zip_code": "94108", "primary_na": "44511003", "primary_si": "541105", "industry_d": "Grocers-Retail", "affiliated": "NA", "brands": "NA", "headquarte": "NA", "location_c": "High", "naics_indu": "Retail Trade", "business_c": "Independent", "square_foo": "1500 - 2499", "employee_c": "2", "sales_volu": "535000", "corporate_": "NA", "query": "Mei's Groceries Inc, Stockton St, San Francisco, CA, 94108", "formatted_": "1037 Stockton St, San Francisco, CA 94108, United States", "latitude": "37.7954321", "longitude": "-122.408342", "place_id": "ChIJST_ZRvOAhYARjORUYXpsi3g", "google_sta": "OK", "match_stat": "matched" }, "geometry": { "type": "Point", "coordinates": [ -122.408342, 37.7954321 ] } },
{ "type": "Feature", "properties": { "company_bu": "Melange Market", "address": "17th St", "city": "San Francisco", "state_abbr": "CA", "zip_code": "94110", "primary_na": "44511003", "primary_si": "541105", "industry_d": "Grocers-Retail", "affiliated": "NA", "brands": "NA", "headquarte": "NA", "location_c": "High", "naics_indu": "Retail Trade", "business_c": "Independent", "square_foo": "1500 - 2499", "employee_c": "2", "sales_volu": "535000", "corporate_": "NA", "query": "Melange Market, 17th St, San Francisco, CA, 94110", "formatted_": "3900 17th St, San Francisco, CA 94114, United States", "latitude": "37.7627101", "longitude": "-122.4331563", "place_id": "ChIJ1xQKext-j4ARbBUwNmxgr8M", "google_sta": "OK", "match_stat": "matched" }, "geometry": { "type": "Point", "coordinates": [ -122.4331563, 37.7627101 ] } },
{ "type": "Feature", "properties": { "company_bu": "Michaelis Food Store", "address": "N Point St", "city": "San Francisco", "state_abbr": "CA", "zip_code": "94109", "primary_na": "44511003", "primary_si": "541105", "industry_d": "Grocers-Retail, Liquors-Retail", "affiliated": "NA", "brands": "NA", "headquarte": "NA", "location_c": "High", "naics_indu": "Retail Trade", "business_c": "Independent", "square_foo": "1500 - 2499", "employee_c": "2", "sales_volu": "535000", "corporate_": "NA", "query": "Michaelis Food Store, N Point St, San Francisco, CA, 94109", "formatted_": "901 North Point St, San Francisco, CA 94109, United States", "latitude": "37.805399800000004", "longitude": "-122.4221468", "place_id": "ChIJ592Aw-CAhYARKRvjn2pEN0A", "google_sta": "OK", "match_stat": "matched" }, "geometry": { "type": "Point", "coordinates": [ -122.4221468, 37.8053998 ] } },
{ "type": "Feature", "properties": { "company_bu": "Mid City Market & Deli", "address": "Geary St", "city": "San Francisco", "state_abbr": "CA", "zip_code": "94109", "primary_na": "44511003", "primary_si": "541105", "industry_d": "Grocers-Retail", "affiliated": "NA", "brands": "NA", "headquarte": "NA", "location_c": "High", "naics_indu": "Retail Trade", "business_c": "Independent", "square_foo": "1 - 1499", "employee_c": "2", "sales_volu": "535000", "corporate_": "NA", "query": "Mid City Market & Deli, Geary St, San Francisco, CA, 94109", "formatted_": "868 Geary St, San Francisco, CA 94109, United States", "latitude": "37.7862847", "longitude": "-122.4176221", "place_id": "ChIJBU5oRZGAhYARg6sfSQUnBIg", "google_sta": "OK", "match_stat": "matched" }, "geometry": { "type": "Point", "coordinates": [ -122.4176221, 37.7862847 ] } },
{ "type": "Feature", "properties": { "company_bu": "Mike's Market", "address": "Silver Ave", "city": "San Francisco", "state_abbr": "CA", "zip_code": "94124", "primary_na": "44511003", "primary_si": "541105", "industry_d": "Grocers-Retail", "affiliated": "NA", "brands": "NA", "headquarte": "NA", "location_c": "High", "naics_indu": "Retail Trade", "business_c": "Independent", "square_foo": "1500 - 2499", "employee_c": "1", "sales_volu": "268000", "corporate_": "NA", "query": "Mike's Market, Silver Ave, San Francisco, CA, 94124", "formatted_": "2200 Silver Ave, San Francisco, CA 94124, United States", "latitude": "37.7364053", "longitude": "-122.398454", "place_id": "ChIJo-MidgF_j4ARTAIXuvneTyU", "google_sta": "OK", "match_stat": "matched" }, "geometry": { "type": "Point", "coordinates": [ -122.398454, 37.7364053 ] } },
{ "type": "Feature", "properties": { "company_bu": "Miraloma Market", "address": "Portola Dr", "city": "San Francisco", "state_abbr": "CA", "zip_code": "94127", "primary_na": "44511003", "primary_si": "541105", "industry_d": "Grocers-Retail", "affiliated": "NA", "brands": "NA", "headquarte": "NA", "location_c": "High", "naics_indu": "Retail Trade", "business_c": "Independent", "square_foo": "2500 - 4999", "employee_c": "10", "sales_volu": "2673000", "corporate_": "NA", "query": "Miraloma Market, Portola Dr, San Francisco, CA, 94127", "formatted_": "755 Portola Dr, San Francisco, CA 94127, United States", "latitude": "37.7438416", "longitude": "-122.4537647", "place_id": "ChIJaXXkZQB9j4ARwWxM3D5wy48", "google_sta": "OK", "match_stat": "matched" }, "geometry": { "type": "Point", "coordinates": [ -122.4537647, 37.7438416 ] } },
{ "type": "Feature", "properties": { "company_bu": "Mission Groceries", "address": "Mission St", "city": "San Francisco", "state_abbr": "CA", "zip_code": "94110", "primary_na": "44511003", "primary_si": "541105", "industry_d": "Grocers-Retail, Shopping Service-Personal", "affiliated": "NA", "brands": "NA", "headquarte": "NA", "location_c": "High", "naics_indu": "Retail Trade", "business_c": "Independent", "square_foo": "1500 - 2499", "employee_c": "1", "sales_volu": "268000", "corporate_": "NA", "query": "Mission Groceries, Mission St, San Francisco, CA, 94110", "formatted_": "2130 Mission St, San Francisco, CA 94110, United States", "latitude": "37.7628874", "longitude": "-122.4196388", "place_id": "ChIJ_ZMjSSN-j4ARKeMwq6ad_Vw", "google_sta": "OK", "match_stat": "matched" }, "geometry": { "type": "Point", "coordinates": [ -122.4196388, 37.7628874 ] } },
{ "type": "Feature", "properties": { "company_bu": "Mission Groceteria", "address": "23rd St", "city": "San Francisco", "state_abbr": "CA", "zip_code": "94110", "primary_na": "44511003", "primary_si": "541105", "industry_d": "Grocers-Retail", "affiliated": "NA", "brands": "NA", "headquarte": "NA", "location_c": "High", "naics_indu": "Retail Trade", "business_c": "Independent", "square_foo": "1 - 1499", "employee_c": "1", "sales_volu": "268000", "corporate_": "NA", "query": "Mission Groceteria, 23rd St, San Francisco, CA, 94110", "formatted_": "2950 23rd St, San Francisco, CA 94110, United States", "latitude": "37.7543903", "longitude": "-122.4112662", "place_id": "ChIJn1WMP0h-j4ARs486Yg17LB0", "google_sta": "OK", "match_stat": "matched" }, "geometry": { "type": "Point", "coordinates": [ -122.4112662, 37.7543903 ] } },
{ "type": "Feature", "properties": { "company_bu": "Modern Market", "address": "Church St", "city": "San Francisco", "state_abbr": "CA", "zip_code": "94131", "primary_na": "72251117", "primary_si": "581208", "industry_d": "Restaurants, Grocers-Retail, Foods-Carry Out", "affiliated": "NA", "brands": "NA", "headquarte": "Modmarket, LLC", "location_c": "High", "naics_indu": "Accommodation & Food Services", "business_c": "Branch", "square_foo": "1 - 1499", "employee_c": "2", "sales_volu": "143000", "corporate_": "NA", "query": "Modern Market, Church St, San Francisco, CA, 94131", "formatted_": "1401 Church St, San Francisco, CA 94131, United States", "latitude": "37.748407", "longitude": "-122.4270063", "place_id": "ChIJH8I3AGt-j4ARg3a-LNX5zms", "google_sta": "OK", "match_stat": "matched" }, "geometry": { "type": "Point", "coordinates": [ -122.4270063, 37.748407 ] } },
{ "type": "Feature", "properties": { "company_bu": "Mollie Stone's Markets", "address": "18th St", "city": "San Francisco", "state_abbr": "CA", "zip_code": "94114", "primary_na": "44511003", "primary_si": "541105", "industry_d": "Grocers-Retail", "affiliated": "NA", "brands": "NA", "headquarte": "Mollie Stone's Markets", "location_c": "High", "naics_indu": "Retail Trade", "business_c": "Branch", "square_foo": "40000 - 99999", "employee_c": "80", "sales_volu": "21379000", "corporate_": "NA", "query": "Mollie Stone's Markets, 18th St, San Francisco, CA, 94114", "formatted_": "4201 18th St, San Francisco, CA 94114, United States", "latitude": "37.7606704", "longitude": "-122.4365066", "place_id": "ChIJ-StUwQR-j4ARDKiQXMY5pnY", "google_sta": "OK", "match_stat": "matched" }, "geometry": { "type": "Point", "coordinates": [ -122.4365066, 37.7606704 ] } },
{ "type": "Feature", "properties": { "company_bu": "Mollie Stone's Markets", "address": "Portola Dr", "city": "San Francisco", "state_abbr": "CA", "zip_code": "94127", "primary_na": "44511003", "primary_si": "541105", "industry_d": "Grocers-Retail, Restaurants", "affiliated": "NA", "brands": "NA", "headquarte": "Mollie Stone's Markets", "location_c": "High", "naics_indu": "Retail Trade", "business_c": "Branch", "square_foo": "1 - 1499", "employee_c": "100", "sales_volu": "26723000", "corporate_": "NA", "query": "Mollie Stone's Markets, Portola Dr, San Francisco, CA, 94127", "formatted_": "635 Portola Dr, San Francisco, CA 94127, United States", "latitude": "37.7447552", "longitude": "-122.4522998", "place_id": "ChIJ-arRLOd9j4ARzfBsCS8u1_4", "google_sta": "OK", "match_stat": "matched" }, "geometry": { "type": "Point", "coordinates": [ -122.4522998, 37.7447552 ] } },
{ "type": "Feature", "properties": { "company_bu": "Mollie Stone's Markets", "address": "Rankin St", "city": "San Francisco", "state_abbr": "CA", "zip_code": "94124", "primary_na": "44511003", "primary_si": "541105", "industry_d": "Grocers-Retail, Fruits & Vegetables & Produce-Retail", "affiliated": "NA", "brands": "NA", "headquarte": "Mollie Stone's Markets", "location_c": "High", "naics_indu": "Retail Trade", "business_c": "Branch", "square_foo": "2500 - 4999", "employee_c": "7", "sales_volu": "1871000", "corporate_": "NA", "query": "Mollie Stone's Markets, Rankin St, San Francisco, CA, 94124", "formatted_": "901 Rankin St, San Francisco, CA 94124, United States", "latitude": "37.7405716", "longitude": "-122.3951719", "place_id": "ChIJrz4fiql_j4ARJmhX4z71SKY", "google_sta": "OK", "match_stat": "matched" }, "geometry": { "type": "Point", "coordinates": [ -122.3951719, 37.7405716 ] } },
{ "type": "Feature", "properties": { "company_bu": "Mollie Stone's Markets", "address": "California St", "city": "San Francisco", "state_abbr": "CA", "zip_code": "94115", "primary_na": "44511003", "primary_si": "541105", "industry_d": "Grocers-Retail", "affiliated": "NA", "brands": "NA", "headquarte": "Mollie Stone's Markets", "location_c": "High", "naics_indu": "Retail Trade", "business_c": "Branch", "square_foo": "40000 - 99999", "employee_c": "75", "sales_volu": "20042000", "corporate_": "NA", "query": "Mollie Stone's Markets, California St, San Francisco, CA, 94115", "formatted_": "2435 California St, San Francisco, CA 94115, United States", "latitude": "37.7887086", "longitude": "-122.434488", "place_id": "ChIJdXHo0ceAhYAR0rZF2T_NeUE", "google_sta": "OK", "match_stat": "matched" }, "geometry": { "type": "Point", "coordinates": [ -122.434488, 37.7887086 ] } },
{ "type": "Feature", "properties": { "company_bu": "Nabila's Naturals", "address": "Hayes St", "city": "San Francisco", "state_abbr": "CA", "zip_code": "94102", "primary_na": "44511003", "primary_si": "541105", "industry_d": "Grocers-Retail", "affiliated": "NA", "brands": "NA", "headquarte": "NA", "location_c": "High", "naics_indu": "Retail Trade", "business_c": "Independent", "square_foo": "1 - 1499", "employee_c": "2", "sales_volu": "535000", "corporate_": "NA", "query": "Nabila's Naturals, Hayes St, San Francisco, CA, 94102", "formatted_": "559 Hayes St, San Francisco, CA 94102, United States", "latitude": "37.77644069999999", "longitude": "-122.4256864", "place_id": "ChIJNTrOQ6KAhYAReG7eOs-6oZk", "google_sta": "OK", "match_stat": "matched" }, "geometry": { "type": "Point", "coordinates": [ -122.4256864, 37.776440699999988 ] } },
{ "type": "Feature", "properties": { "company_bu": "Nan Hai Corporation", "address": "Grant Ave", "city": "San Francisco", "state_abbr": "CA", "zip_code": "94108", "primary_na": "44511003", "primary_si": "541105", "industry_d": "Grocers-Retail, Chinese Food Products", "affiliated": "NA", "brands": "NA", "headquarte": "NA", "location_c": "High", "naics_indu": "Retail Trade", "business_c": "Independent", "square_foo": "2500 - 4999", "employee_c": "6", "sales_volu": "1604000", "corporate_": "NA", "query": "Nan Hai Corporation, Grant Ave, San Francisco, CA, 94108", "formatted_": "919 Grant Ave, San Francisco, CA 94108, United States", "latitude": "37.79549", "longitude": "-122.4066541", "place_id": "ChIJsxrurvSAhYARHAa_f5WwKv8", "google_sta": "OK", "match_stat": "matched" }, "geometry": { "type": "Point", "coordinates": [ -122.4066541, 37.79549 ] } },
{ "type": "Feature", "properties": { "company_bu": "Naral Pro Choice California", "address": "S Van Ness Ave", "city": "San Francisco", "state_abbr": "CA", "zip_code": "94103", "primary_na": "44511003", "primary_si": "541105", "industry_d": "Grocers-Retail", "affiliated": "NA", "brands": "NA", "headquarte": "NA", "location_c": "High", "naics_indu": "Retail Trade", "business_c": "Independent", "square_foo": "2500 - 4999", "employee_c": "7", "sales_volu": "1871000", "corporate_": "NA", "query": "Naral Pro Choice California, S Van Ness Ave, San Francisco, CA, 94103", "formatted_": "335 S Van Ness Ave, San Francisco, CA 94111, United States", "latitude": "37.7678637", "longitude": "-122.4176121", "place_id": "ChIJR5m3Z0H3MhURjpXyX6sg7kU", "google_sta": "OK", "match_stat": "matched" }, "geometry": { "type": "Point", "coordinates": [ -122.4176121, 37.7678637 ] } },
{ "type": "Feature", "properties": { "company_bu": "New California Food Market", "address": "California St", "city": "San Francisco", "state_abbr": "CA", "zip_code": "94121", "primary_na": "44511003", "primary_si": "541105", "industry_d": "Grocers-Retail", "affiliated": "NA", "brands": "NA", "headquarte": "NA", "location_c": "High", "naics_indu": "Retail Trade", "business_c": "Independent", "square_foo": "1 - 1499", "employee_c": "1", "sales_volu": "268000", "corporate_": "NA", "query": "New California Food Market, California St, San Francisco, CA, 94121", "formatted_": "5701 California St, San Francisco, CA 94121, United States", "latitude": "37.7840535", "longitude": "-122.4787284", "place_id": "ChIJMSDc7xqHhYARG44nzYU0jmg", "google_sta": "OK", "match_stat": "matched" }, "geometry": { "type": "Point", "coordinates": [ -122.4787284, 37.7840535 ] } },
{ "type": "Feature", "properties": { "company_bu": "New College El Market", "address": "Mission St", "city": "San Francisco", "state_abbr": "CA", "zip_code": "94110", "primary_na": "44511003", "primary_si": "541105", "industry_d": "Grocers-Retail", "affiliated": "NA", "brands": "NA", "headquarte": "NA", "location_c": "High", "naics_indu": "Retail Trade", "business_c": "Independent", "square_foo": "1500 - 2499", "employee_c": "2", "sales_volu": "535000", "corporate_": "NA", "query": "New College El Market, Mission St, San Francisco, CA, 94110", "formatted_": "3798 Mission St, San Francisco, CA 94110, United States", "latitude": "37.7360981", "longitude": "-122.4246336", "place_id": "ChIJx55_mGB-j4AR4FeIQU8n0l0", "google_sta": "OK", "match_stat": "matched" }, "geometry": { "type": "Point", "coordinates": [ -122.4246336, 37.7360981 ] } },
{ "type": "Feature", "properties": { "company_bu": "New Hampshire Market", "address": "20th St", "city": "San Francisco", "state_abbr": "CA", "zip_code": "94110", "primary_na": "44511003", "primary_si": "541105", "industry_d": "Grocers-Retail", "affiliated": "NA", "brands": "NA", "headquarte": "NA", "location_c": "High", "naics_indu": "Retail Trade", "business_c": "Independent", "square_foo": "1 - 1499", "employee_c": "3", "sales_volu": "802000", "corporate_": "NA", "query": "New Hampshire Market, 20th St, San Francisco, CA, 94110", "formatted_": "2701 20th St, San Francisco, CA 94110, United States", "latitude": "37.7592132", "longitude": "-122.4080616", "place_id": "ChIJmTDSjjZ-j4ARJRBqUvuN4_M", "google_sta": "OK", "match_stat": "matched" }, "geometry": { "type": "Point", "coordinates": [ -122.4080616, 37.7592132 ] } },
{ "type": "Feature", "properties": { "company_bu": "New India Bazar San Francisco", "address": "Polk St", "city": "San Francisco", "state_abbr": "CA", "zip_code": "94109", "primary_na": "44511003", "primary_si": "541105", "industry_d": "Grocers-Retail", "affiliated": "NA", "brands": "NA", "headquarte": "NA", "location_c": "High", "naics_indu": "Retail Trade", "business_c": "Independent", "square_foo": "1500 - 2499", "employee_c": "2", "sales_volu": "535000", "corporate_": "NA", "query": "New India Bazar San Francisco, Polk St, San Francisco, CA, 94109", "formatted_": "1107 Polk St, San Francisco, CA 94109, United States", "latitude": "37.7870608", "longitude": "-122.420107", "place_id": "ChIJBfMTPJSAhYARqSO8Dj02dNM", "google_sta": "OK", "match_stat": "matched" }, "geometry": { "type": "Point", "coordinates": [ -122.420107, 37.7870608 ] } },
{ "type": "Feature", "properties": { "company_bu": "New Lite Supermarket", "address": "Haight St", "city": "San Francisco", "state_abbr": "CA", "zip_code": "94117", "primary_na": "44511003", "primary_si": "541105", "industry_d": "Grocers-Retail", "affiliated": "NA", "brands": "NA", "headquarte": "NA", "location_c": "High", "naics_indu": "Retail Trade", "business_c": "Independent", "square_foo": "5000 - 9999", "employee_c": "10", "sales_volu": "2673000", "corporate_": "NA", "query": "New Lite Supermarket, Haight St, San Francisco, CA, 94117", "formatted_": "688 Haight St, San Francisco, CA 94117, United States", "latitude": "37.77184829999999", "longitude": "-122.4335383", "place_id": "ChIJ7aZZbqaAhYARK7MvtpNfZzQ", "google_sta": "OK", "match_stat": "matched" }, "geometry": { "type": "Point", "coordinates": [ -122.4335383, 37.771848299999988 ] } },
{ "type": "Feature", "properties": { "company_bu": "New Potrero Market", "address": "18th St", "city": "San Francisco", "state_abbr": "CA", "zip_code": "94107", "primary_na": "44511003", "primary_si": "541105", "industry_d": "Grocers-Retail", "affiliated": "NA", "brands": "NA", "headquarte": "NA", "location_c": "High", "naics_indu": "Retail Trade", "business_c": "Independent", "square_foo": "1 - 1499", "employee_c": "2", "sales_volu": "535000", "corporate_": "NA", "query": "New Potrero Market, 18th St, San Francisco, CA, 94107", "formatted_": "1301 18th St #1305, San Francisco, CA 94107, United States", "latitude": "37.7625374", "longitude": "-122.3957899", "place_id": "ChIJ4QWHKsp_j4ARRh8RlQMtshk", "google_sta": "OK", "match_stat": "matched" }, "geometry": { "type": "Point", "coordinates": [ -122.3957899, 37.7625374 ] } },
{ "type": "Feature", "properties": { "company_bu": "New Princess Market", "address": "Eddy St", "city": "San Francisco", "state_abbr": "CA", "zip_code": "94109", "primary_na": "44511003", "primary_si": "541105", "industry_d": "Grocers-Retail", "affiliated": "NA", "brands": "NA", "headquarte": "NA", "location_c": "High", "naics_indu": "Retail Trade", "business_c": "Independent", "square_foo": "1 - 1499", "employee_c": "1", "sales_volu": "268000", "corporate_": "NA", "query": "New Princess Market, Eddy St, San Francisco, CA, 94109", "formatted_": "500 Eddy St, San Francisco, CA 94109, United States", "latitude": "37.7836043", "longitude": "-122.4160768", "place_id": "ChIJqyg2iZCAhYARvnD1e41LnBA", "google_sta": "OK", "match_stat": "matched" }, "geometry": { "type": "Point", "coordinates": [ -122.4160768, 37.7836043 ] } },
{ "type": "Feature", "properties": { "company_bu": "New Star Market", "address": "14th St", "city": "San Francisco", "state_abbr": "CA", "zip_code": "94103", "primary_na": "44511003", "primary_si": "541105", "industry_d": "Grocers-Retail, Restaurants, Liquors-Retail", "affiliated": "NA", "brands": "NA", "headquarte": "NA", "location_c": "High", "naics_indu": "Retail Trade", "business_c": "Independent", "square_foo": "1 - 1499", "employee_c": "2", "sales_volu": "268000", "corporate_": "NA", "query": "New Star Market, 14th St, San Francisco, CA, 94103", "formatted_": "269 14th St, San Francisco, CA 94103, United States", "latitude": "37.7682463", "longitude": "-122.4193073", "place_id": "ChIJLTMxRCF-j4ARuMsmwEjdWk8", "google_sta": "OK", "match_stat": "matched" }, "geometry": { "type": "Point", "coordinates": [ -122.4193073, 37.7682463 ] } },
{ "type": "Feature", "properties": { "company_bu": "New Wing Hing Seafood Market", "address": "Clement St", "city": "San Francisco", "state_abbr": "CA", "zip_code": "94121", "primary_na": "44511003", "primary_si": "541105", "industry_d": "Grocers-Retail, Shopping Service-Personal", "affiliated": "NA", "brands": "NA", "headquarte": "NA", "location_c": "High", "naics_indu": "Retail Trade", "business_c": "Independent", "square_foo": "1500 - 2499", "employee_c": "4", "sales_volu": "1069000", "corporate_": "NA", "query": "New Wing Hing Seafood Market, Clement St, San Francisco, CA, 94121", "formatted_": "2222 Clement St, San Francisco, CA 94121, United States", "latitude": "37.7822246", "longitude": "-122.4832189", "place_id": "ChIJ-3GGdAWHhYARytYsmsK15yM", "google_sta": "OK", "match_stat": "matched" }, "geometry": { "type": "Point", "coordinates": [ -122.4832189, 37.7822246 ] } },
{ "type": "Feature", "properties": { "company_bu": "New World Market", "address": "Geary Blvd", "city": "San Francisco", "state_abbr": "CA", "zip_code": "94121", "primary_na": "44511003", "primary_si": "541105", "industry_d": "Grocers-Retail, Restaurants, Food Service Management", "affiliated": "NA", "brands": "NA", "headquarte": "NA", "location_c": "High", "naics_indu": "Retail Trade", "business_c": "Independent", "square_foo": "2500 - 4999", "employee_c": "9", "sales_volu": "2406000", "corporate_": "NA", "query": "New World Market, Geary Blvd, San Francisco, CA, 94121", "formatted_": "5641 Geary Blvd, San Francisco, CA 94121, United States", "latitude": "37.7801116", "longitude": "-122.4801061", "place_id": "ChIJD8t-JRCHhYARO2vqUDQYwP0", "google_sta": "OK", "match_stat": "matched" }, "geometry": { "type": "Point", "coordinates": [ -122.4801061, 37.7801116 ] } },
{ "type": "Feature", "properties": { "company_bu": "Nick's Corner Store", "address": "Columbus Ave", "city": "San Francisco", "state_abbr": "CA", "zip_code": "94133", "primary_na": "44511003", "primary_si": "541105", "industry_d": "Grocers-Retail", "affiliated": "NA", "brands": "NA", "headquarte": "NA", "location_c": "High", "naics_indu": "Retail Trade", "business_c": "Independent", "square_foo": "1 - 1499", "employee_c": "2", "sales_volu": "535000", "corporate_": "NA", "query": "Nick's Corner Store, Columbus Ave, San Francisco, CA, 94133", "formatted_": "342 Columbus Ave, San Francisco, CA 94133, United States", "latitude": "37.7984031", "longitude": "-122.4072344", "place_id": "ChIJA90cdvSAhYAR3o1Al6rVGwo", "google_sta": "OK", "match_stat": "matched" }, "geometry": { "type": "Point", "coordinates": [ -122.4072344, 37.7984031 ] } },
{ "type": "Feature", "properties": { "company_bu": "Nick's Super Market", "address": "Page St", "city": "San Francisco", "state_abbr": "CA", "zip_code": "94102", "primary_na": "44511003", "primary_si": "541105", "industry_d": "Grocers-Retail", "affiliated": "NA", "brands": "NA", "headquarte": "NA", "location_c": "High", "naics_indu": "Retail Trade", "business_c": "Independent", "square_foo": "1 - 1499", "employee_c": "2", "sales_volu": "535000", "corporate_": "NA", "query": "Nick's Super Market, Page St, San Francisco, CA, 94102", "formatted_": "144 Page St, San Francisco, CA 94102, United States", "latitude": "37.7741017", "longitude": "-122.423209", "place_id": "ChIJ-_MLb5-AhYAR8nraqSWpGBU", "google_sta": "OK", "match_stat": "matched" }, "geometry": { "type": "Point", "coordinates": [ -122.423209, 37.7741017 ] } },
{ "type": "Feature", "properties": { "company_bu": "Nijiya Market", "address": "Post St", "city": "San Francisco", "state_abbr": "CA", "zip_code": "94115", "primary_na": "44511003", "primary_si": "541105", "industry_d": "Grocers-Retail, Oriental Goods", "affiliated": "NA", "brands": "NA", "headquarte": "Jinon Corporation", "location_c": "High", "naics_indu": "Retail Trade", "business_c": "Branch", "square_foo": "100000+", "employee_c": "30", "sales_volu": "8017000", "corporate_": "NA", "query": "Nijiya Market, Post St, San Francisco, CA, 94115", "formatted_": "1737 Post St #333, San Francisco, CA 94115, United States", "latitude": "37.7852778", "longitude": "-122.4311111", "place_id": "ChIJo0XH17iAhYARHD-QdYKgdjk", "google_sta": "OK", "match_stat": "matched" }, "geometry": { "type": "Point", "coordinates": [ -122.4311111, 37.7852778 ] } },
{ "type": "Feature", "properties": { "company_bu": "Nob Hill General Store", "address": "Leavenworth St", "city": "San Francisco", "state_abbr": "CA", "zip_code": "94109", "primary_na": "45521908", "primary_si": "539901", "industry_d": "General Merchandise-Retail, Grocers-Retail", "affiliated": "NA", "brands": "NA", "headquarte": "NA", "location_c": "High", "naics_indu": "Retail Trade", "business_c": "Independent", "square_foo": "1 - 1499", "employee_c": "2", "sales_volu": "377000", "corporate_": "NA", "query": "Nob Hill General Store, Leavenworth St, San Francisco, CA, 94109", "formatted_": "1263 Leavenworth St, San Francisco, CA 94109, United States", "latitude": "37.7929099", "longitude": "-122.4162614", "place_id": "ChIJVUzd2uyAhYARBLgLLvE-hUs", "google_sta": "OK", "match_stat": "matched" }, "geometry": { "type": "Point", "coordinates": [ -122.4162614, 37.7929099 ] } },
{ "type": "Feature", "properties": { "company_bu": "Noe Grocery", "address": "Noe St", "city": "San Francisco", "state_abbr": "CA", "zip_code": "94114", "primary_na": "44511003", "primary_si": "541105", "industry_d": "Grocers-Retail", "affiliated": "NA", "brands": "NA", "headquarte": "NA", "location_c": "High", "naics_indu": "Retail Trade", "business_c": "Independent", "square_foo": "1 - 1499", "employee_c": "1", "sales_volu": "268000", "corporate_": "NA", "query": "Noe Grocery, Noe St, San Francisco, CA, 94114", "formatted_": "200 Noe St, San Francisco, CA 94114, United States", "latitude": "37.7657641", "longitude": "-122.4334324", "place_id": "ChIJH8jMBB1-j4ARZQNXbxVcPkA", "google_sta": "OK", "match_stat": "matched" }, "geometry": { "type": "Point", "coordinates": [ -122.4334324, 37.7657641 ] } },
{ "type": "Feature", "properties": { "company_bu": "Noe Hill Market", "address": "19th St", "city": "San Francisco", "state_abbr": "CA", "zip_code": "94114", "primary_na": "44511003", "primary_si": "541105", "industry_d": "Grocers-Retail", "affiliated": "NA", "brands": "NA", "headquarte": "NA", "location_c": "High", "naics_indu": "Retail Trade", "business_c": "Independent", "square_foo": "1 - 1499", "employee_c": "1", "sales_volu": "268000", "corporate_": "NA", "query": "Noe Hill Market, 19th St, San Francisco, CA, 94114", "formatted_": "4001 19th St, San Francisco, CA 94114, United States", "latitude": "37.7592435", "longitude": "-122.432797", "place_id": "ChIJQdediRp-j4ARkfrwi91LPo4", "google_sta": "OK", "match_stat": "matched" }, "geometry": { "type": "Point", "coordinates": [ -122.432797, 37.7592435 ] } },
{ "type": "Feature", "properties": { "company_bu": "Noodle City", "address": "Powell St", "city": "San Francisco", "state_abbr": "CA", "zip_code": "94108", "primary_na": "44511003", "primary_si": "541105", "industry_d": "Grocers-Retail", "affiliated": "NA", "brands": "NA", "headquarte": "NA", "location_c": "High", "naics_indu": "Retail Trade", "business_c": "Independent", "square_foo": "1 - 1499", "employee_c": "3", "sales_volu": "802000", "corporate_": "NA", "query": "Noodle City, Powell St, San Francisco, CA, 94108", "formatted_": "1165 Powell St, San Francisco, CA 94108, United States", "latitude": "37.795535", "longitude": "-122.4100353", "place_id": "ChIJ9bbs4fKAhYAR352P5qpIr_c", "google_sta": "OK", "match_stat": "matched" }, "geometry": { "type": "Point", "coordinates": [ -122.4100353, 37.795535 ] } },
{ "type": "Feature", "properties": { "company_bu": "Nopa Liquors", "address": "Fulton St", "city": "San Francisco", "state_abbr": "CA", "zip_code": "94117", "primary_na": "44511003", "primary_si": "541105", "industry_d": "Grocers-Retail, Liquors-Retail", "affiliated": "NA", "brands": "NA", "headquarte": "NA", "location_c": "High", "naics_indu": "Retail Trade", "business_c": "Independent", "square_foo": "1 - 1499", "employee_c": "2", "sales_volu": "535000", "corporate_": "NA", "query": "Nopa Liquors, Fulton St, San Francisco, CA, 94117", "formatted_": "1601 Fulton St #1318, San Francisco, CA 94117, United States", "latitude": "37.7761168", "longitude": "-122.4433027", "place_id": "ChIJ43VsULKAhYARYFrajoL1zlE", "google_sta": "OK", "match_stat": "matched" }, "geometry": { "type": "Point", "coordinates": [ -122.4433027, 37.7761168 ] } },
{ "type": "Feature", "properties": { "company_bu": "North Beach Food Mart", "address": "Columbus Ave", "city": "San Francisco", "state_abbr": "CA", "zip_code": "94133", "primary_na": "44513101", "primary_si": "541103", "industry_d": "Convenience Stores, Grocers-Retail", "affiliated": "NA", "brands": "NA", "headquarte": "NA", "location_c": "High", "naics_indu": "Retail Trade", "business_c": "Independent", "square_foo": "1 - 1499", "employee_c": "3", "sales_volu": "802000", "corporate_": "NA", "query": "North Beach Food Mart, Columbus Ave, San Francisco, CA, 94133", "formatted_": "900 Columbus Ave, San Francisco, CA 94133, United States", "latitude": "37.802981", "longitude": "-122.4137917", "place_id": "ChIJlWXdW-WAhYARMOqI29d2fkY", "google_sta": "OK", "match_stat": "matched" }, "geometry": { "type": "Point", "coordinates": [ -122.4137917, 37.802981 ] } },
{ "type": "Feature", "properties": { "company_bu": "North Beach Market & Deli", "address": "Broadway", "city": "San Francisco", "state_abbr": "CA", "zip_code": "94133", "primary_na": "44511003", "primary_si": "541105", "industry_d": "Grocers-Retail", "affiliated": "NA", "brands": "NA", "headquarte": "NA", "location_c": "High", "naics_indu": "Retail Trade", "business_c": "Independent", "square_foo": "1 - 1499", "employee_c": "2", "sales_volu": "535000", "corporate_": "NA", "query": "North Beach Market & Deli, Broadway, San Francisco, CA, 94133", "formatted_": "536 Broadway, San Francisco, CA 94133, United States", "latitude": "37.7980739", "longitude": "-122.406106", "place_id": "ChIJlUzMZfSAhYAReNdQYHG1obM", "google_sta": "OK", "match_stat": "matched" }, "geometry": { "type": "Point", "coordinates": [ -122.406106, 37.7980739 ] } },
{ "type": "Feature", "properties": { "company_bu": "North Point Market", "address": "Polk St", "city": "San Francisco", "state_abbr": "CA", "zip_code": "94109", "primary_na": "44511003", "primary_si": "541105", "industry_d": "Grocers-Retail", "affiliated": "NA", "brands": "NA", "headquarte": "NA", "location_c": "High", "naics_indu": "Retail Trade", "business_c": "Independent", "square_foo": "1500 - 2499", "employee_c": "2", "sales_volu": "802000", "corporate_": "NA", "query": "North Point Market, Polk St, San Francisco, CA, 94109", "formatted_": "3098 Polk St, San Francisco, CA 94109, United States", "latitude": "37.805202", "longitude": "-122.4234752", "place_id": "ChIJkZVUouCAhYARg_N9v87tufc", "google_sta": "OK", "match_stat": "matched" }, "geometry": { "type": "Point", "coordinates": [ -122.4234752, 37.805202 ] } },
{ "type": "Feature", "properties": { "company_bu": "O'Looney's Market", "address": "Haight St", "city": "San Francisco", "state_abbr": "CA", "zip_code": "94117", "primary_na": "44511003", "primary_si": "541105", "industry_d": "Grocers-Retail, Liquors-Retail", "affiliated": "NA", "brands": "NA", "headquarte": "NA", "location_c": "High", "naics_indu": "Retail Trade", "business_c": "Independent", "square_foo": "1 - 1499", "employee_c": "5", "sales_volu": "1337000", "corporate_": "NA", "query": "O'Looney's Market, Haight St, San Francisco, CA, 94117", "formatted_": "588 Haight St, San Francisco, CA 94117, United States", "latitude": "37.7720587", "longitude": "-122.4318709", "place_id": "ChIJV70DjqaAhYAROwyvupGSal8", "google_sta": "OK", "match_stat": "matched" }, "geometry": { "type": "Point", "coordinates": [ -122.4318709, 37.7720587 ] } },
{ "type": "Feature", "properties": { "company_bu": "Ocean Paradise Produce", "address": "Jerrold Ave", "city": "San Francisco", "state_abbr": "CA", "zip_code": "94124", "primary_na": "44511003", "primary_si": "541105", "industry_d": "Grocers-Retail, Grocers-Wholesale, Fruits & Vegetables-Wholesale", "affiliated": "NA", "brands": "NA", "headquarte": "NA", "location_c": "Medium", "naics_indu": "Retail Trade", "business_c": "Independent", "square_foo": "1500 - 2499", "employee_c": "8", "sales_volu": "2138000", "corporate_": "NA", "query": "Ocean Paradise Produce, Jerrold Ave, San Francisco, CA, 94124", "formatted_": "1986 Jerrold Ave, San Francisco, CA 94124, United States", "latitude": "37.7431756", "longitude": "-122.3962725", "place_id": "ChIJ3xCT-ql_j4AR-ylg3pyFrAU", "google_sta": "OK", "match_stat": "matched" }, "geometry": { "type": "Point", "coordinates": [ -122.3962725, 37.7431756 ] } },
{ "type": "Feature", "properties": { "company_bu": "Oxbridge Market", "address": "Silver Ave", "city": "San Francisco", "state_abbr": "CA", "zip_code": "94134", "primary_na": "44511003", "primary_si": "541105", "industry_d": "Grocers-Retail", "affiliated": "NA", "brands": "NA", "headquarte": "NA", "location_c": "High", "naics_indu": "Retail Trade", "business_c": "Independent", "square_foo": "1500 - 2499", "employee_c": "3", "sales_volu": "802000", "corporate_": "NA", "query": "Oxbridge Market, Silver Ave, San Francisco, CA, 94134", "formatted_": "790 Silver Ave, San Francisco, CA 94134, United States", "latitude": "37.7289464", "longitude": "-122.4196883", "place_id": "ChIJ2wb59PN-j4ARp-fpS_qMNUE", "google_sta": "OK", "match_stat": "matched" }, "geometry": { "type": "Point", "coordinates": [ -122.4196883, 37.7289464 ] } },
{ "type": "Feature", "properties": { "company_bu": "Pacific Food Mart", "address": "Sutter St", "city": "San Francisco", "state_abbr": "CA", "zip_code": "94115", "primary_na": "44511003", "primary_si": "541105", "industry_d": "Grocers-Retail", "affiliated": "NA", "brands": "NA", "headquarte": "NA", "location_c": "High", "naics_indu": "Retail Trade", "business_c": "Independent", "square_foo": "1 - 1499", "employee_c": "2", "sales_volu": "535000", "corporate_": "NA", "query": "Pacific Food Mart, Sutter St, San Francisco, CA, 94115", "formatted_": "2199 Sutter St, San Francisco, CA 94115, United States", "latitude": "37.7855641", "longitude": "-122.436397", "place_id": "ChIJw4YV4beAhYARGvOuqtEVDIs", "google_sta": "OK", "match_stat": "matched" }, "geometry": { "type": "Point", "coordinates": [ -122.436397, 37.7855641 ] } },
{ "type": "Feature", "properties": { "company_bu": "Palmetto Superfoods", "address": "Clement St", "city": "San Francisco", "state_abbr": "CA", "zip_code": "94118", "primary_na": "72251117", "primary_si": "581208", "industry_d": "Restaurants, Grocers-Retail", "affiliated": "NA", "brands": "NA", "headquarte": "NA", "location_c": "High", "naics_indu": "Accommodation & Food Services", "business_c": "Independent", "square_foo": "1500 - 2499", "employee_c": "7", "sales_volu": "1639000", "corporate_": "NA", "query": "Palmetto Superfoods, Clement St, San Francisco, CA, 94118", "formatted_": "291 3rd Ave, San Francisco, CA 94118, United States", "latitude": "37.7833982", "longitude": "-122.4614284", "place_id": "ChIJRxTNm2GHhYARx-t80Ufq60I", "google_sta": "OK", "match_stat": "matched" }, "geometry": { "type": "Point", "coordinates": [ -122.4614284, 37.7833982 ] } },
{ "type": "Feature", "properties": { "company_bu": "Pang Kee Bargain Market", "address": "Stockton St", "city": "San Francisco", "state_abbr": "CA", "zip_code": "94133", "primary_na": "44511003", "primary_si": "541105", "industry_d": "Grocers-Retail", "affiliated": "NA", "brands": "NA", "headquarte": "NA", "location_c": "High", "naics_indu": "Retail Trade", "business_c": "Independent", "square_foo": "1500 - 2499", "employee_c": "6", "sales_volu": "1604000", "corporate_": "NA", "query": "Pang Kee Bargain Market, Stockton St, San Francisco, CA, 94133", "formatted_": "1308 Stockton St, San Francisco, CA 94133, United States", "latitude": "37.7978891", "longitude": "-122.408561", "place_id": "ChIJXQVvvvOAhYARBBUXFJCc9Rc", "google_sta": "OK", "match_stat": "matched" }, "geometry": { "type": "Point", "coordinates": [ -122.408561, 37.7978891 ] } },
{ "type": "Feature", "properties": { "company_bu": "Park Plaza Fine Foods", "address": "Cambon Dr", "city": "San Francisco", "state_abbr": "CA", "zip_code": "94132", "primary_na": "44511003", "primary_si": "541105", "industry_d": "Grocers-Retail", "affiliated": "NA", "brands": "NA", "headquarte": "NA", "location_c": "High", "naics_indu": "Retail Trade", "business_c": "Independent", "square_foo": "2500 - 4999", "employee_c": "3", "sales_volu": "802000", "corporate_": "NA", "query": "Park Plaza Fine Foods, Cambon Dr, San Francisco, CA, 94132", "formatted_": "111 Cambon Dr, San Francisco, CA 94132, United States", "latitude": "37.7172792", "longitude": "-122.4736755", "place_id": "ChIJU1VvTUt8j4AR2DyNJY59GWI", "google_sta": "OK", "match_stat": "matched" }, "geometry": { "type": "Point", "coordinates": [ -122.4736755, 37.7172792 ] } },
{ "type": "Feature", "properties": { "company_bu": "Parkside Farmer's Market", "address": "Taraval St", "city": "San Francisco", "state_abbr": "CA", "zip_code": "94116", "primary_na": "44511003", "primary_si": "541105", "industry_d": "Grocers-Retail, Fruits & Vegetables & Produce-Retail", "affiliated": "NA", "brands": "NA", "headquarte": "NA", "location_c": "High", "naics_indu": "Retail Trade", "business_c": "Independent", "square_foo": "1500 - 2499", "employee_c": "6", "sales_volu": "1604000", "corporate_": "NA", "query": "Parkside Farmer's Market, Taraval St, San Francisco, CA, 94116", "formatted_": "555 Taraval St, San Francisco, CA 94116, United States", "latitude": "37.7430824", "longitude": "-122.4723084", "place_id": "ChIJ5W1appN9j4ARi0tFbd6Rwxk", "google_sta": "OK", "match_stat": "matched" }, "geometry": { "type": "Point", "coordinates": [ -122.4723084, 37.7430824 ] } },
{ "type": "Feature", "properties": { "company_bu": "Parkview Market", "address": "Frederick St", "city": "San Francisco", "state_abbr": "CA", "zip_code": "94117", "primary_na": "44511003", "primary_si": "541105", "industry_d": "Grocers-Retail", "affiliated": "NA", "brands": "NA", "headquarte": "NA", "location_c": "High", "naics_indu": "Retail Trade", "business_c": "Independent", "square_foo": "1500 - 2499", "employee_c": "1", "sales_volu": "268000", "corporate_": "NA", "query": "Parkview Market, Frederick St, San Francisco, CA, 94117", "formatted_": "501 Frederick St, San Francisco, CA 94117, United States", "latitude": "37.7662624", "longitude": "-122.4531069", "place_id": "ChIJwVyjrVaHhYARU3Z7CqyoDlg", "google_sta": "OK", "match_stat": "matched" }, "geometry": { "type": "Point", "coordinates": [ -122.4531069, 37.7662624 ] } },
{ "type": "Feature", "properties": { "company_bu": "Pay N Save Grocery", "address": "Guerrero St", "city": "San Francisco", "state_abbr": "CA", "zip_code": "94110", "primary_na": "44511003", "primary_si": "541105", "industry_d": "Grocers-Retail", "affiliated": "NA", "brands": "NA", "headquarte": "NA", "location_c": "High", "naics_indu": "Retail Trade", "business_c": "Independent", "square_foo": "1 - 1499", "employee_c": "4", "sales_volu": "1069000", "corporate_": "NA", "query": "Pay N Save Grocery, Guerrero St, San Francisco, CA, 94110", "formatted_": "599 Guerrero St, San Francisco, CA 94110, United States", "latitude": "37.7616918", "longitude": "-122.4236887", "place_id": "ChIJl3k1ryJ-j4ARSX3Ls7YtMh4", "google_sta": "OK", "match_stat": "matched" }, "geometry": { "type": "Point", "coordinates": [ -122.4236887, 37.7616918 ] } },
{ "type": "Feature", "properties": { "company_bu": "Pearl Market", "address": "Divisadero St", "city": "San Francisco", "state_abbr": "CA", "zip_code": "94115", "primary_na": "44511003", "primary_si": "541105", "industry_d": "Grocers-Retail", "affiliated": "NA", "brands": "NA", "headquarte": "NA", "location_c": "High", "naics_indu": "Retail Trade", "business_c": "Independent", "square_foo": "1500 - 2499", "employee_c": "5", "sales_volu": "1337000", "corporate_": "NA", "query": "Pearl Market, Divisadero St, San Francisco, CA, 94115", "formatted_": "1201 Divisadero St, San Francisco, CA 94115, United States", "latitude": "37.7807034", "longitude": "-122.4391309", "place_id": "ChIJKWRszraAhYAR7So97OfApdg", "google_sta": "OK", "match_stat": "matched" }, "geometry": { "type": "Point", "coordinates": [ -122.4391309, 37.7807034 ] } },
{ "type": "Feature", "properties": { "company_bu": "Philippine Delicacies", "address": "Mission St", "city": "San Francisco", "state_abbr": "CA", "zip_code": "94112", "primary_na": "72251117", "primary_si": "581208", "industry_d": "Restaurants, Grocers-Retail, Ice Cream & Frozen Desserts-Distr (Whls), Bread/Other Bakery Prod-Ex Cookies, Candy Making Supplies", "affiliated": "NA", "brands": "NA", "headquarte": "NA", "location_c": "High", "naics_indu": "Accommodation & Food Services", "business_c": "Independent", "square_foo": "1 - 1499", "employee_c": "7", "sales_volu": "499000", "corporate_": "NA", "query": "Philippine Delicacies, Mission St, San Francisco, CA, 94112", "formatted_": "5609 Mission St, San Francisco, CA 94112, United States", "latitude": "37.7112252", "longitude": "-122.4465456", "place_id": "ChIJL-v1AJ5-j4AR0SynLlof2IQ", "google_sta": "OK", "match_stat": "matched" }, "geometry": { "type": "Point", "coordinates": [ -122.4465456, 37.7112252 ] } },
{ "type": "Feature", "properties": { "company_bu": "Pine & Jones Market", "address": "Pine St", "city": "San Francisco", "state_abbr": "CA", "zip_code": "94109", "primary_na": "44511003", "primary_si": "541105", "industry_d": "Grocers-Retail", "affiliated": "NA", "brands": "NA", "headquarte": "NA", "location_c": "High", "naics_indu": "Retail Trade", "business_c": "Independent", "square_foo": "1500 - 2499", "employee_c": "2", "sales_volu": "535000", "corporate_": "NA", "query": "Pine & Jones Market, Pine St, San Francisco, CA, 94109", "formatted_": "1100 Pine St, San Francisco, CA 94109, United States", "latitude": "37.7905474", "longitude": "-122.4141131", "place_id": "ChIJy3PYipKAhYARqFANeR1t5Js", "google_sta": "OK", "match_stat": "matched" }, "geometry": { "type": "Point", "coordinates": [ -122.4141131, 37.7905474 ] } },
{ "type": "Feature", "properties": { "company_bu": "Pine & Taylor Market", "address": "Pine St", "city": "San Francisco", "state_abbr": "CA", "zip_code": "94108", "primary_na": "44511003", "primary_si": "541105", "industry_d": "Grocers-Retail, Liquors-Retail", "affiliated": "NA", "brands": "NA", "headquarte": "NA", "location_c": "High", "naics_indu": "Retail Trade", "business_c": "Independent", "square_foo": "1 - 1499", "employee_c": "1", "sales_volu": "268000", "corporate_": "NA", "query": "Pine & Taylor Market, Pine St, San Francisco, CA, 94108", "formatted_": "996 Pine St, San Francisco, CA 94108, United States", "latitude": "37.790812", "longitude": "-122.4121078", "place_id": "ChIJeY7pgo2AhYARMBnjLbsMebw", "google_sta": "OK", "match_stat": "matched" }, "geometry": { "type": "Point", "coordinates": [ -122.4121078, 37.790812 ] } },
{ "type": "Feature", "properties": { "company_bu": "Portland-Pacific Market", "address": "Main St", "city": "San Francisco", "state_abbr": "CA", "zip_code": "94105", "primary_na": "44511003", "primary_si": "541105", "industry_d": "Grocers-Retail", "affiliated": "NA", "brands": "NA", "headquarte": "NA", "location_c": "High", "naics_indu": "Retail Trade", "business_c": "Independent", "square_foo": "1500 - 2499", "employee_c": "2", "sales_volu": "535000", "corporate_": "NA", "query": "Portland-Pacific Market, Main St, San Francisco, CA, 94105", "formatted_": "430 Main St, San Francisco, CA 94105, United States", "latitude": "37.7876305", "longitude": "-122.389886", "place_id": "ChIJkQWDnXCAhYARmae_iCmiXAU", "google_sta": "OK", "match_stat": "matched" }, "geometry": { "type": "Point", "coordinates": [ -122.389886, 37.7876305 ] } },
{ "type": "Feature", "properties": { "company_bu": "Potrero Terrace Market", "address": "Wisconsin St", "city": "San Francisco", "state_abbr": "CA", "zip_code": "94107", "primary_na": "44511003", "primary_si": "541105", "industry_d": "Grocers-Retail", "affiliated": "NA", "brands": "NA", "headquarte": "NA", "location_c": "High", "naics_indu": "Retail Trade", "business_c": "Independent", "square_foo": "1 - 1499", "employee_c": "3", "sales_volu": "802000", "corporate_": "NA", "query": "Potrero Terrace Market, Wisconsin St, San Francisco, CA, 94107", "formatted_": "990 Wisconsin St, San Francisco, CA 94107, United States", "latitude": "37.7548692", "longitude": "-122.3988755", "place_id": "ChIJ6c9JgbR_j4ARPP24TyruF3E", "google_sta": "OK", "match_stat": "matched" }, "geometry": { "type": "Point", "coordinates": [ -122.3988755, 37.7548692 ] } },
{ "type": "Feature", "properties": { "company_bu": "Precita Food Mart", "address": "Precita Ave", "city": "San Francisco", "state_abbr": "CA", "zip_code": "94110", "primary_na": "44511003", "primary_si": "541105", "industry_d": "Grocers-Retail", "affiliated": "NA", "brands": "NA", "headquarte": "NA", "location_c": "High", "naics_indu": "Retail Trade", "business_c": "Independent", "square_foo": "1 - 1499", "employee_c": "1", "sales_volu": "268000", "corporate_": "NA", "query": "Precita Food Mart, Precita Ave, San Francisco, CA, 94110", "formatted_": "35 Precita Ave, San Francisco, CA 94110, United States", "latitude": "37.746808", "longitude": "-122.4183653", "place_id": "ChIJ0TEYRQB_j4AR61zjuXy6qI4", "google_sta": "OK", "match_stat": "matched" }, "geometry": { "type": "Point", "coordinates": [ -122.4183653, 37.746808 ] } },
{ "type": "Feature", "properties": { "company_bu": "Presidio Food Mart", "address": "Baker St", "city": "San Francisco", "state_abbr": "CA", "zip_code": "94123", "primary_na": "44513101", "primary_si": "541103", "industry_d": "Convenience Stores, Grocers-Retail", "affiliated": "NA", "brands": "NA", "headquarte": "NA", "location_c": "High", "naics_indu": "Retail Trade", "business_c": "Independent", "square_foo": "1 - 1499", "employee_c": "2", "sales_volu": "535000", "corporate_": "NA", "query": "Presidio Food Mart, Baker St, San Francisco, CA, 94123", "formatted_": "2901 Baker St #2903, San Francisco, CA 94123, United States", "latitude": "37.7977981", "longitude": "-122.4459626", "place_id": "ChIJj-RlpdSAhYARlPWRqApPMQU", "google_sta": "OK", "match_stat": "matched" }, "geometry": { "type": "Point", "coordinates": [ -122.4459626, 37.7977981 ] } },
{ "type": "Feature", "properties": { "company_bu": "Quick & Convenient Akber Hussain", "address": "Monterey Blvd", "city": "San Francisco", "state_abbr": "CA", "zip_code": "94127", "primary_na": "44513101", "primary_si": "541103", "industry_d": "Convenience Stores, Grocers-Retail", "affiliated": "NA", "brands": "NA", "headquarte": "NA", "location_c": "High", "naics_indu": "Retail Trade", "business_c": "Independent", "square_foo": "1 - 1499", "employee_c": "3", "sales_volu": "802000", "corporate_": "NA", "query": "Quick & Convenient Akber Hussain, Monterey Blvd, San Francisco, CA, 94127", "formatted_": "600 Monterey Blvd, San Francisco, CA 94127, United States", "latitude": "37.7317295", "longitude": "-122.4491859", "place_id": "ChIJGcCMU9Z9j4AR6KBpyt5emV4", "google_sta": "OK", "match_stat": "matched" }, "geometry": { "type": "Point", "coordinates": [ -122.4491859, 37.7317295 ] } },
{ "type": "Feature", "properties": { "company_bu": "R Image Market", "address": "Folsom St", "city": "San Francisco", "state_abbr": "CA", "zip_code": "94110", "primary_na": "44511003", "primary_si": "541105", "industry_d": "Grocers-Retail", "affiliated": "NA", "brands": "NA", "headquarte": "NA", "location_c": "High", "naics_indu": "Retail Trade", "business_c": "Independent", "square_foo": "1 - 1499", "employee_c": "3", "sales_volu": "802000", "corporate_": "NA", "query": "R Image Market, Folsom St, San Francisco, CA, 94110", "formatted_": "2896 Folsom St, San Francisco, CA 94110, United States", "latitude": "37.7510388", "longitude": "-122.4141487", "place_id": "ChIJu3ZBFUZ-j4ARSTt3mywXERM", "google_sta": "OK", "match_stat": "matched" }, "geometry": { "type": "Point", "coordinates": [ -122.4141487, 37.7510388 ] } },
{ "type": "Feature", "properties": { "company_bu": "Rainbow Grocery Cooperative", "address": "Folsom St", "city": "San Francisco", "state_abbr": "CA", "zip_code": "94103", "primary_na": "44511003", "primary_si": "541105", "industry_d": "Grocers-Retail", "affiliated": "NA", "brands": "NA", "headquarte": "NA", "location_c": "High", "naics_indu": "Retail Trade", "business_c": "Independent", "square_foo": "40000 - 99999", "employee_c": "295", "sales_volu": "78832000", "corporate_": "NA", "query": "Rainbow Grocery Cooperative, Folsom St, San Francisco, CA, 94103", "formatted_": "1745 Folsom St, San Francisco, CA 94103, United States", "latitude": "37.7691136", "longitude": "-122.4153147", "place_id": "ChIJ0XsfYyZ-j4ARNE4pMC-q7UI", "google_sta": "OK", "match_stat": "matched" }, "geometry": { "type": "Point", "coordinates": [ -122.4153147, 37.7691136 ] } },
{ "type": "Feature", "properties": { "company_bu": "Randa's Market", "address": "16th St", "city": "San Francisco", "state_abbr": "CA", "zip_code": "94103", "primary_na": "44511003", "primary_si": "541105", "industry_d": "Grocers-Retail", "affiliated": "NA", "brands": "NA", "headquarte": "NA", "location_c": "High", "naics_indu": "Retail Trade", "business_c": "Independent", "square_foo": "1 - 1499", "employee_c": "2", "sales_volu": "535000", "corporate_": "NA", "query": "Randa's Market, 16th St, San Francisco, CA, 94103", "formatted_": "3131 16th St, San Francisco, CA 94103, United States", "latitude": "37.7647625", "longitude": "-122.4225897", "place_id": "ChIJfxECQiJ-j4ARDQ2QRaWnOBs", "google_sta": "OK", "match_stat": "matched" }, "geometry": { "type": "Point", "coordinates": [ -122.4225897, 37.7647625 ] } },
{ "type": "Feature", "properties": { "company_bu": "RDM Express", "address": "La Playa St", "city": "San Francisco", "state_abbr": "CA", "zip_code": "94121", "primary_na": "44511003", "primary_si": "541105", "industry_d": "Grocers-Retail", "affiliated": "NA", "brands": "NA", "headquarte": "NA", "location_c": "High", "naics_indu": "Retail Trade", "business_c": "Independent", "square_foo": "10000 - 19999", "employee_c": "7", "sales_volu": "1871000", "corporate_": "NA", "query": "RDM Express, La Playa St, San Francisco, CA, 94121", "formatted_": "750 La Playa St, San Francisco, CA 94121, United States", "latitude": "37.7743008", "longitude": "-122.5099982", "place_id": "ChIJRRLHPreHhYARpjH0Rx3Ct64", "google_sta": "OK", "match_stat": "matched" }, "geometry": { "type": "Point", "coordinates": [ -122.5099982, 37.7743008 ] } },
{ "type": "Feature", "properties": { "company_bu": "Real Food Company", "address": "Polk St", "city": "San Francisco", "state_abbr": "CA", "zip_code": "94109", "primary_na": "45619103", "primary_si": "549901", "industry_d": "Health & Diet Foods-Retail, Grocers-Retail, Foods-Natural, Organic Foods & Services", "affiliated": "NA", "brands": "NA", "headquarte": "NA", "location_c": "High", "naics_indu": "Retail Trade", "business_c": "Independent", "square_foo": "20000 - 39999", "employee_c": "50", "sales_volu": "5657000", "corporate_": "NA", "query": "Real Food Company, Polk St, San Francisco, CA, 94109", "formatted_": "2140 Polk St, San Francisco, CA 94109, United States", "latitude": "37.796546", "longitude": "-122.421784", "place_id": "ChIJxasDo-mAhYARpGCi3KBqCtk", "google_sta": "OK", "match_stat": "matched" }, "geometry": { "type": "Point", "coordinates": [ -122.421784, 37.796546 ] } },
{ "type": "Feature", "properties": { "company_bu": "Red Sea Market", "address": "San Jose Ave", "city": "San Francisco", "state_abbr": "CA", "zip_code": "94112", "primary_na": "44511003", "primary_si": "541105", "industry_d": "Grocers-Retail", "affiliated": "NA", "brands": "NA", "headquarte": "NA", "location_c": "High", "naics_indu": "Retail Trade", "business_c": "Independent", "square_foo": "1500 - 2499", "employee_c": "2", "sales_volu": "535000", "corporate_": "NA", "query": "Red Sea Market, San Jose Ave, San Francisco, CA, 94112", "formatted_": "1801 San Jose Ave, San Francisco, CA 94112, United States", "latitude": "37.7287905", "longitude": "-122.4400571", "place_id": "ChIJF4_36X1-j4ARIDN5kqHIRF8", "google_sta": "OK", "match_stat": "matched" }, "geometry": { "type": "Point", "coordinates": [ -122.4400571, 37.7287905 ] } },
{ "type": "Feature", "properties": { "company_bu": "Reliance Market", "address": "Castro St", "city": "San Francisco", "state_abbr": "CA", "zip_code": "94114", "primary_na": "44511003", "primary_si": "541105", "industry_d": "Grocers-Retail", "affiliated": "NA", "brands": "NA", "headquarte": "NA", "location_c": "High", "naics_indu": "Retail Trade", "business_c": "Independent", "square_foo": "1 - 1499", "employee_c": "2", "sales_volu": "535000", "corporate_": "NA", "query": "Reliance Market, Castro St, San Francisco, CA, 94114", "formatted_": "699 Castro St, San Francisco, CA 94114, United States", "latitude": "37.7578017", "longitude": "-122.4344928", "place_id": "ChIJ85lcCBB-j4ARVxfjcNd8UP4", "google_sta": "OK", "match_stat": "matched" }, "geometry": { "type": "Point", "coordinates": [ -122.4344928, 37.7578017 ] } },
{ "type": "Feature", "properties": { "company_bu": "Replenish Grocers LLC", "address": "Bay St", "city": "San Francisco", "state_abbr": "CA", "zip_code": "94133", "primary_na": "44511003", "primary_si": "541105", "industry_d": "Grocers-Retail", "affiliated": "NA", "brands": "NA", "headquarte": "NA", "location_c": "High", "naics_indu": "Retail Trade", "business_c": "Independent", "square_foo": "1 - 1499", "employee_c": "2", "sales_volu": "535000", "corporate_": "NA", "query": "Replenish Grocers LLC, Bay St, San Francisco, CA, 94133", "formatted_": "968 Columbus Ave, San Francisco, CA 94133, United States", "latitude": "37.8032856", "longitude": "-122.4142536", "place_id": "ChIJc2c44fKBhYARmLHzcHUZYQs", "google_sta": "OK", "match_stat": "matched" }, "geometry": { "type": "Point", "coordinates": [ -122.4142536, 37.8032856 ] } },
{ "type": "Feature", "properties": { "company_bu": "Republic National Distributing Company", "address": "Montgomery St", "city": "San Francisco", "state_abbr": "CA", "zip_code": "94111", "primary_na": "42482003", "primary_si": "518201", "industry_d": "Liquors-Wholesale, Wines-Wholesale, Grocers-Retail, Liquors-Retail", "affiliated": "NA", "brands": "NA", "headquarte": "Republic National Distributing Company", "location_c": "High", "naics_indu": "Wholesale Trade", "business_c": "Branch", "square_foo": "1500 - 2499", "employee_c": "3", "sales_volu": "7734000", "corporate_": "NA", "query": "Republic National Distributing Company, Montgomery St, San Francisco, CA, 94111", "formatted_": "1661 Tennessee St, San Francisco, CA 94107, United States", "latitude": "37.7506502", "longitude": "-122.3883961", "place_id": "ChIJl2dS7A9_j4ARtTCX-r07hXc", "google_sta": "OK", "match_stat": "matched" }, "geometry": { "type": "Point", "coordinates": [ -122.3883961, 37.7506502 ] } },
{ "type": "Feature", "properties": { "company_bu": "Richmond New May Wah Supermarket", "address": "Clement St", "city": "San Francisco", "state_abbr": "CA", "zip_code": "94118", "primary_na": "44511003", "primary_si": "541105", "industry_d": "Grocers-Retail", "affiliated": "NA", "brands": "NA", "headquarte": "NA", "location_c": "Medium", "naics_indu": "Retail Trade", "business_c": "Independent", "square_foo": "10000 - 19999", "employee_c": "30", "sales_volu": "8017000", "corporate_": "NA", "query": "Richmond New May Wah Supermarket, Clement St, San Francisco, CA, 94118", "formatted_": "707 Clement St, San Francisco, CA 94118, United States", "latitude": "37.7827332", "longitude": "-122.4668435", "place_id": "ChIJK6NHsT2HhYARVQfWlDRDKQU", "google_sta": "OK", "match_stat": "matched" }, "geometry": { "type": "Point", "coordinates": [ -122.4668435, 37.7827332 ] } },
{ "type": "Feature", "properties": { "company_bu": "Rj's Market", "address": "Sansome St", "city": "San Francisco", "state_abbr": "CA", "zip_code": "94111", "primary_na": "44511003", "primary_si": "541105", "industry_d": "Grocers-Retail", "affiliated": "NA", "brands": "NA", "headquarte": "NA", "location_c": "High", "naics_indu": "Retail Trade", "business_c": "Independent", "square_foo": "1 - 1499", "employee_c": "15", "sales_volu": "4009000", "corporate_": "NA", "query": "Rj's Market, Sansome St, San Francisco, CA, 94111", "formatted_": "1425 Sansome St, San Francisco, CA 94111, United States", "latitude": "37.803456", "longitude": "-122.4034138", "place_id": "ChIJ_fvRTPaAhYARxKeH13QTG34", "google_sta": "OK", "match_stat": "matched" }, "geometry": { "type": "Point", "coordinates": [ -122.4034138, 37.803456 ] } },
{ "type": "Feature", "properties": { "company_bu": "Rosenberg Deli & Market", "address": "Noe St", "city": "San Francisco", "state_abbr": "CA", "zip_code": "94114", "primary_na": "44511003", "primary_si": "541105", "industry_d": "Grocers-Retail, Liquors-Retail, Beer & Ale-Retail, Wines-Retail, Lottery Agents", "affiliated": "NA", "brands": "NA", "headquarte": "NA", "location_c": "High", "naics_indu": "Retail Trade", "business_c": "Independent", "square_foo": "1500 - 2499", "employee_c": "2", "sales_volu": "535000", "corporate_": "NA", "query": "Rosenberg Deli & Market, Noe St, San Francisco, CA, 94114", "formatted_": "276 Noe St #278, San Francisco, CA 94114, United States", "latitude": "37.7646307", "longitude": "-122.4333161", "place_id": "ChIJczwl7hx-j4ARTdlMD3YwH-8", "google_sta": "OK", "match_stat": "matched" }, "geometry": { "type": "Point", "coordinates": [ -122.4333161, 37.7646307 ] } },
{ "type": "Feature", "properties": { "company_bu": "Round the Clock", "address": "Bush St", "city": "San Francisco", "state_abbr": "CA", "zip_code": "94109", "primary_na": "44511003", "primary_si": "541105", "industry_d": "Grocers-Retail", "affiliated": "NA", "brands": "NA", "headquarte": "NA", "location_c": "High", "naics_indu": "Retail Trade", "business_c": "Independent", "square_foo": "1500 - 2499", "employee_c": "2", "sales_volu": "535000", "corporate_": "NA", "query": "Round the Clock, Bush St, San Francisco, CA, 94109", "formatted_": "1001 Bush St, San Francisco, CA 94109, United States", "latitude": "37.789418", "longitude": "-122.4138952", "place_id": "ChIJS1t2a5KAhYARLhBPsMcFeUk", "google_sta": "OK", "match_stat": "matched" }, "geometry": { "type": "Point", "coordinates": [ -122.4138952, 37.789418 ] } },
{ "type": "Feature", "properties": { "company_bu": "Roxie Food Store", "address": "San Jose Ave", "city": "San Francisco", "state_abbr": "CA", "zip_code": "94112", "primary_na": "44511003", "primary_si": "541105", "industry_d": "Grocers-Retail", "affiliated": "NA", "brands": "NA", "headquarte": "NA", "location_c": "High", "naics_indu": "Retail Trade", "business_c": "Independent", "square_foo": "1500 - 2499", "employee_c": "9", "sales_volu": "2406000", "corporate_": "NA", "query": "Roxie Food Store, San Jose Ave, San Francisco, CA, 94112", "formatted_": "1901 San Jose Ave, San Francisco, CA 94112, United States", "latitude": "37.7267762", "longitude": "-122.4413937", "place_id": "ChIJpWZaroB-j4ARGnCMgKkSqlY", "google_sta": "OK", "match_stat": "matched" }, "geometry": { "type": "Point", "coordinates": [ -122.4413937, 37.7267762 ] } },
{ "type": "Feature", "properties": { "company_bu": "Roxie's Market & Deli", "address": "Kirkham St", "city": "San Francisco", "state_abbr": "CA", "zip_code": "94122", "primary_na": "44511003", "primary_si": "541105", "industry_d": "Grocers-Retail", "affiliated": "NA", "brands": "NA", "headquarte": "NA", "location_c": "High", "naics_indu": "Retail Trade", "business_c": "Independent", "square_foo": "1500 - 2499", "employee_c": "8", "sales_volu": "2138000", "corporate_": "NA", "query": "Roxie's Market & Deli, Kirkham St, San Francisco, CA, 94122", "formatted_": "500 Kirkham St, San Francisco, CA 94122, United States", "latitude": "37.7604304", "longitude": "-122.4662472", "place_id": "ChIJt21c-V6HhYARlCt0VKzTDpI", "google_sta": "OK", "match_stat": "matched" }, "geometry": { "type": "Point", "coordinates": [ -122.4662472, 37.7604304 ] } },
{ "type": "Feature", "properties": { "company_bu": "Royal Ciuckoo Market", "address": "19th St", "city": "San Francisco", "state_abbr": "CA", "zip_code": "94110", "primary_na": "44511003", "primary_si": "541105", "industry_d": "Grocers-Retail", "affiliated": "NA", "brands": "NA", "headquarte": "NA", "location_c": "High", "naics_indu": "Retail Trade", "business_c": "Independent", "square_foo": "1 - 1499", "employee_c": "3", "sales_volu": "802000", "corporate_": "NA", "query": "Royal Ciuckoo Market, 19th St, San Francisco, CA, 94110", "formatted_": "3202 Mission St, San Francisco, CA 94110, United States", "latitude": "37.7454116", "longitude": "-122.4202035", "place_id": "ChIJp1DjC0N-j4AR06GEFpyB_Hw", "google_sta": "OK", "match_stat": "matched" }, "geometry": { "type": "Point", "coordinates": [ -122.4202035, 37.7454116 ] } },
{ "type": "Feature", "properties": { "company_bu": "Royal Market & Bakery", "address": "Geary Blvd", "city": "San Francisco", "state_abbr": "CA", "zip_code": "94121", "primary_na": "31181102", "primary_si": "546102", "industry_d": "Bakers-Retail, Grocers-Retail", "affiliated": "NA", "brands": "NA", "headquarte": "NA", "location_c": "High", "naics_indu": "Manufacturing", "business_c": "Independent", "square_foo": "1500 - 2499", "employee_c": "14", "sales_volu": "1077000", "corporate_": "NA", "query": "Royal Market & Bakery, Geary Blvd, San Francisco, CA, 94121", "formatted_": "5335 Geary Blvd, San Francisco, CA 94121, United States", "latitude": "37.7802885", "longitude": "-122.4767589", "place_id": "ChIJGXBCGRGHhYARj1QVc4tcTqM", "google_sta": "OK", "match_stat": "matched" }, "geometry": { "type": "Point", "coordinates": [ -122.4767589, 37.7802885 ] } },
{ "type": "Feature", "properties": { "company_bu": "Rug & Upholstery Cleaning Professionals", "address": "3rd Ave", "city": "San Francisco", "state_abbr": "CA", "zip_code": "94122", "primary_na": "56174001", "primary_si": "721704", "industry_d": "Carpet & Rug Cleaners, Grocers-Retail", "affiliated": "NA", "brands": "NA", "headquarte": "NA", "location_c": "High", "naics_indu": "Administrative, Support & Waste Mgmt", "business_c": "Independent", "square_foo": "1 - 1499", "employee_c": "2", "sales_volu": "125000", "corporate_": "NA", "query": "Rug & Upholstery Cleaning Professionals, 3rd Ave, San Francisco, CA, 94122", "formatted_": "62 Arco Way, San Francisco, CA 94112, United States", "latitude": "37.7270896", "longitude": "-122.4444016", "place_id": "ChIJpZaOprxY5W8RwAYq0bCzjZQ", "google_sta": "OK", "match_stat": "matched" }, "geometry": { "type": "Point", "coordinates": [ -122.4444016, 37.7270896 ] } },
{ "type": "Feature", "properties": { "company_bu": "Russian Imports", "address": "Geary Blvd", "city": "San Francisco", "state_abbr": "CA", "zip_code": "94121", "primary_na": "44511003", "primary_si": "541105", "industry_d": "Grocers-Retail, Importers (Whls), Restaurants", "affiliated": "NA", "brands": "NA", "headquarte": "NA", "location_c": "High", "naics_indu": "Retail Trade", "business_c": "Independent", "square_foo": "1 - 1499", "employee_c": "4", "sales_volu": "1069000", "corporate_": "NA", "query": "Russian Imports, Geary Blvd, San Francisco, CA, 94121", "formatted_": "5641 Geary Blvd, San Francisco, CA 94121, United States", "latitude": "37.7801116", "longitude": "-122.4801061", "place_id": "ChIJD8t-JRCHhYARO2vqUDQYwP0", "google_sta": "OK", "match_stat": "matched" }, "geometry": { "type": "Point", "coordinates": [ -122.4801061, 37.7801116 ] } },
{ "type": "Feature", "properties": { "company_bu": "Rutily's Market & Deli", "address": "Filbert St", "city": "San Francisco", "state_abbr": "CA", "zip_code": "94123", "primary_na": "44511003", "primary_si": "541105", "industry_d": "Grocers-Retail, Restaurants", "affiliated": "NA", "brands": "NA", "headquarte": "NA", "location_c": "High", "naics_indu": "Retail Trade", "business_c": "Independent", "square_foo": "1500 - 2499", "employee_c": "1", "sales_volu": "268000", "corporate_": "NA", "query": "Rutily's Market & Deli, Filbert St, San Francisco, CA, 94123", "formatted_": "1700 Filbert St, San Francisco, CA 94123, United States", "latitude": "37.799279", "longitude": "-122.4276347", "place_id": "ChIJy1h729yAhYAR1xLqKwIjN4g", "google_sta": "OK", "match_stat": "matched" }, "geometry": { "type": "Point", "coordinates": [ -122.4276347, 37.799279 ] } },
{ "type": "Feature", "properties": { "company_bu": "S & A Liquor", "address": "Sanchez St", "city": "San Francisco", "state_abbr": "CA", "zip_code": "94114", "primary_na": "44511003", "primary_si": "541105", "industry_d": "Grocers-Retail", "affiliated": "NA", "brands": "NA", "headquarte": "NA", "location_c": "High", "naics_indu": "Retail Trade", "business_c": "Independent", "square_foo": "1500 - 2499", "employee_c": "3", "sales_volu": "802000", "corporate_": "NA", "query": "S & A Liquor, Sanchez St, San Francisco, CA, 94114", "formatted_": "98 1/2 Sanchez St, San Francisco, CA 94114, United States", "latitude": "37.7677151", "longitude": "-122.431396", "place_id": "ChIJXwOvbqeAhYAR6h2itM-rnEk", "google_sta": "OK", "match_stat": "matched" }, "geometry": { "type": "Point", "coordinates": [ -122.431396, 37.7677151 ] } },
{ "type": "Feature", "properties": { "company_bu": "S & B Grocery Liquor & Store", "address": "Post St", "city": "San Francisco", "state_abbr": "CA", "zip_code": "94109", "primary_na": "44511003", "primary_si": "541105", "industry_d": "Grocers-Retail", "affiliated": "NA", "brands": "NA", "headquarte": "NA", "location_c": "High", "naics_indu": "Retail Trade", "business_c": "Independent", "square_foo": "1 - 1499", "employee_c": "1", "sales_volu": "268000", "corporate_": "NA", "query": "S & B Grocery Liquor & Store, Post St, San Francisco, CA, 94109", "formatted_": "1012 Post St, San Francisco, CA 94109, United States", "latitude": "37.7871159", "longitude": "-122.418603", "place_id": "ChIJuRlSBpSAhYARawcqpXRYXJo", "google_sta": "OK", "match_stat": "matched" }, "geometry": { "type": "Point", "coordinates": [ -122.418603, 37.7871159 ] } },
{ "type": "Feature", "properties": { "company_bu": "S & S Grocery", "address": "Grant Ave", "city": "San Francisco", "state_abbr": "CA", "zip_code": "94133", "primary_na": "44511003", "primary_si": "541105", "industry_d": "Grocers-Retail", "affiliated": "NA", "brands": "NA", "headquarte": "NA", "location_c": "High", "naics_indu": "Retail Trade", "business_c": "Independent", "square_foo": "1 - 1499", "employee_c": "3", "sales_volu": "802000", "corporate_": "NA", "query": "S & S Grocery, Grant Ave, San Francisco, CA, 94133", "formatted_": "1461 Grant Ave, San Francisco, CA 94133, United States", "latitude": "37.8004302", "longitude": "-122.4076505", "place_id": "ChIJiafUSPGAhYAR7MrWELf0JOQ", "google_sta": "OK", "match_stat": "matched" }, "geometry": { "type": "Point", "coordinates": [ -122.4076505, 37.8004302 ] } },
{ "type": "Feature", "properties": { "company_bu": "S & W", "address": "Haight St", "city": "San Francisco", "state_abbr": "CA", "zip_code": "94102", "primary_na": "44511003", "primary_si": "541105", "industry_d": "Grocers-Retail", "affiliated": "NA", "brands": "NA", "headquarte": "NA", "location_c": "High", "naics_indu": "Retail Trade", "business_c": "Independent", "square_foo": "1 - 1499", "employee_c": "1", "sales_volu": "268000", "corporate_": "NA", "query": "S & W, Haight St, San Francisco, CA, 94102", "formatted_": "Haight St, San Francisco, CA, USA", "latitude": "37.7712091", "longitude": "-122.4376407", "place_id": "ChIJ6X0u06iAhYARxUKPmuMLwm8", "google_sta": "OK", "match_stat": "matched" }, "geometry": { "type": "Point", "coordinates": [ -122.4376407, 37.7712091 ] } },
{ "type": "Feature", "properties": { "company_bu": "Saabis Groceries", "address": "Revere Ave", "city": "San Francisco", "state_abbr": "CA", "zip_code": "94124", "primary_na": "44511003", "primary_si": "541105", "industry_d": "Grocers-Retail", "affiliated": "NA", "brands": "NA", "headquarte": "NA", "location_c": "High", "naics_indu": "Retail Trade", "business_c": "Independent", "square_foo": "1 - 1499", "employee_c": "2", "sales_volu": "535000", "corporate_": "NA", "query": "Saabis Groceries, Revere Ave, San Francisco, CA, 94124", "formatted_": "1599 Revere Ave, San Francisco, CA 94124, United States", "latitude": "37.7314735", "longitude": "-122.3901806", "place_id": "ChIJNd8Sghp_j4ARfeQvmMw7xhg", "google_sta": "OK", "match_stat": "matched" }, "geometry": { "type": "Point", "coordinates": [ -122.3901806, 37.7314735 ] } },
{ "type": "Feature", "properties": { "company_bu": "Safeway", "address": "Market St", "city": "San Francisco", "state_abbr": "CA", "zip_code": "94114", "primary_na": "44511003", "primary_si": "541105", "industry_d": "Grocers-Retail, Importers (Whls), Liquors-Retail, Florists-Retail, Organic Foods & Services, Farm Markets, Bakers-Retail", "affiliated": "NA", "brands": "NA", "headquarte": "Safeway Inc", "location_c": "High", "naics_indu": "Retail Trade", "business_c": "Branch", "square_foo": "40000 - 99999", "employee_c": "240", "sales_volu": "64135000", "corporate_": "Albertsons Companies", "query": "Safeway, Market St, San Francisco, CA, 94114", "formatted_": "2020 Market St, San Francisco, CA 94114, United States", "latitude": "37.7691755", "longitude": "-122.4278748", "place_id": "ChIJRRbkIx5-j4ARLyQH0X-xdbY", "google_sta": "OK", "match_stat": "matched" }, "geometry": { "type": "Point", "coordinates": [ -122.4278748, 37.7691755 ] } },
{ "type": "Feature", "properties": { "company_bu": "Safeway", "address": "King St", "city": "San Francisco", "state_abbr": "CA", "zip_code": "94107", "primary_na": "44511003", "primary_si": "541105", "industry_d": "Grocers-Retail, Florists-Retail, Organic Foods & Services, Farm Markets, Bakers-Retail", "affiliated": "NA", "brands": "NA", "headquarte": "Safeway Inc", "location_c": "High", "naics_indu": "Retail Trade", "business_c": "Branch", "square_foo": "40000 - 99999", "employee_c": "84", "sales_volu": "22447000", "corporate_": "Albertsons Companies", "query": "Safeway, King St, San Francisco, CA, 94107", "formatted_": "298 King St, San Francisco, CA 94107, United States", "latitude": "37.7767786", "longitude": "-122.3940717", "place_id": "ChIJ7yjl6tZ_j4AR8EZbiYD5hKs", "google_sta": "OK", "match_stat": "matched" }, "geometry": { "type": "Point", "coordinates": [ -122.3940717, 37.7767786 ] } },
{ "type": "Feature", "properties": { "company_bu": "Safeway", "address": "Jackson St", "city": "San Francisco", "state_abbr": "CA", "zip_code": "94111", "primary_na": "44511003", "primary_si": "541105", "industry_d": "Grocers-Retail, Liquors-Retail, Florists-Retail, Organic Foods & Services, Farm Markets, Bakers-Retail", "affiliated": "NA", "brands": "NA", "headquarte": "Safeway Inc", "location_c": "High", "naics_indu": "Retail Trade", "business_c": "Branch", "square_foo": "40000 - 99999", "employee_c": "60", "sales_volu": "16034000", "corporate_": "Albertsons Companies", "query": "Safeway, Jackson St, San Francisco, CA, 94111", "formatted_": "145 Jackson St, San Francisco, CA 94111, United States", "latitude": "37.796899", "longitude": "-122.3986159", "place_id": "ChIJKfpyiGCAhYARNyu9cCeqEbk", "google_sta": "OK", "match_stat": "matched" }, "geometry": { "type": "Point", "coordinates": [ -122.3986159, 37.796899 ] } },
{ "type": "Feature", "properties": { "company_bu": "Safeway", "address": "16 Th St", "city": "San Francisco", "state_abbr": "CA", "zip_code": "94103", "primary_na": "44511003", "primary_si": "541105", "industry_d": "Grocers-Retail, Liquors-Retail, Florists-Retail, Organic Foods & Services, Farm Markets, Bakers-Retail", "affiliated": "NA", "brands": "NA", "headquarte": "Safeway Inc", "location_c": "High", "naics_indu": "Retail Trade", "business_c": "Branch", "square_foo": "40000 - 99999", "employee_c": "300", "sales_volu": "80168000", "corporate_": "Albertsons Companies", "query": "Safeway, 16 Th St, San Francisco, CA, 94103", "formatted_": "2300 16th St Unit 203, San Francisco, CA 94103, United States", "latitude": "37.7669091", "longitude": "-122.4093346", "place_id": "ChIJ9a3hyi9-j4AR2ayb9h1Vxss", "google_sta": "OK", "match_stat": "matched" }, "geometry": { "type": "Point", "coordinates": [ -122.4093346, 37.7669091 ] } },
{ "type": "Feature", "properties": { "company_bu": "Safeway", "address": "Marina Blvd", "city": "San Francisco", "state_abbr": "CA", "zip_code": "94123", "primary_na": "44511003", "primary_si": "541105", "industry_d": "Grocers-Retail, Liquors-Retail, Florists-Retail, Organic Foods & Services, Farm Markets, Bakers-Retail", "affiliated": "NA", "brands": "NA", "headquarte": "Safeway Inc", "location_c": "High", "naics_indu": "Retail Trade", "business_c": "Branch", "square_foo": "40000 - 99999", "employee_c": "300", "sales_volu": "80168000", "corporate_": "Albertsons Companies", "query": "Safeway, Marina Blvd, San Francisco, CA, 94123", "formatted_": "15 Marina Blvd, San Francisco, CA 94123, United States", "latitude": "37.8044671", "longitude": "-122.4328651", "place_id": "ChIJd95lW9iAhYARwmwzx6GugCg", "google_sta": "OK", "match_stat": "matched" }, "geometry": { "type": "Point", "coordinates": [ -122.4328651, 37.8044671 ] } },
{ "type": "Feature", "properties": { "company_bu": "Safeway", "address": "La Playa St", "city": "San Francisco", "state_abbr": "CA", "zip_code": "94121", "primary_na": "44511003", "primary_si": "541105", "industry_d": "Grocers-Retail, Liquors-Retail, Florists-Retail, Organic Foods & Services, Farm Markets, Bakers-Retail", "affiliated": "NA", "brands": "NA", "headquarte": "Safeway Inc", "location_c": "Medium", "naics_indu": "Retail Trade", "business_c": "Branch", "square_foo": "40000 - 99999", "employee_c": "200", "sales_volu": "53446000", "corporate_": "Albertsons Companies", "query": "Safeway, La Playa St, San Francisco, CA, 94121", "formatted_": "850 La Playa St, San Francisco, CA 94121, United States", "latitude": "37.7725138", "longitude": "-122.5094765", "place_id": "ChIJ1yCg8LmHhYAR7COgpDdQ9xs", "google_sta": "OK", "match_stat": "matched" }, "geometry": { "type": "Point", "coordinates": [ -122.5094765, 37.7725138 ] } },
{ "type": "Feature", "properties": { "company_bu": "Safeway", "address": "7 Th Ave", "city": "San Francisco", "state_abbr": "CA", "zip_code": "94118", "primary_na": "44511003", "primary_si": "541105", "industry_d": "Grocers-Retail, Liquors-Retail, Florists-Retail, Organic Foods & Services, Farm Markets, Bakers-Retail", "affiliated": "NA", "brands": "NA", "headquarte": "Safeway Inc", "location_c": "High", "naics_indu": "Retail Trade", "business_c": "Branch", "square_foo": "40000 - 99999", "employee_c": "86", "sales_volu": "22982000", "corporate_": "Albertsons Companies", "query": "Safeway, 7 Th Ave, San Francisco, CA, 94118", "formatted_": "735 7th Ave, San Francisco, CA 94118, United States", "latitude": "37.774508", "longitude": "-122.4652621", "place_id": "ChIJv3jQ4UCHhYAR7Gr3AI9kRqs", "google_sta": "OK", "match_stat": "matched" }, "geometry": { "type": "Point", "coordinates": [ -122.4652621, 37.774508 ] } },
{ "type": "Feature", "properties": { "company_bu": "Safeway", "address": "Monterey Blvd", "city": "San Francisco", "state_abbr": "CA", "zip_code": "94127", "primary_na": "44511003", "primary_si": "541105", "industry_d": "Grocers-Retail, Liquors-Retail, Organic Foods & Services, Farm Markets, Bakers-Retail", "affiliated": "NA", "brands": "NA", "headquarte": "Safeway Inc", "location_c": "Medium", "naics_indu": "Retail Trade", "business_c": "Branch", "square_foo": "40000 - 99999", "employee_c": "60", "sales_volu": "16034000", "corporate_": "Albertsons Companies", "query": "Safeway, Monterey Blvd, San Francisco, CA, 94127", "formatted_": "625 Monterey Blvd, San Francisco, CA 94127, United States", "latitude": "37.7312957", "longitude": "-122.4499683", "place_id": "ChIJwYBT-tZ9j4ARN9xZa-E3IHU", "google_sta": "OK", "match_stat": "matched" }, "geometry": { "type": "Point", "coordinates": [ -122.4499683, 37.7312957 ] } },
{ "type": "Feature", "properties": { "company_bu": "Safeway", "address": "Mission St", "city": "San Francisco", "state_abbr": "CA", "zip_code": "94112", "primary_na": "44511003", "primary_si": "541105", "industry_d": "Grocers-Retail, Liquors-Retail, Florists-Retail, Organic Foods & Services, Farm Markets, Bakers-Retail", "affiliated": "NA", "brands": "NA", "headquarte": "Safeway Inc", "location_c": "High", "naics_indu": "Retail Trade", "business_c": "Branch", "square_foo": "40000 - 99999", "employee_c": "130", "sales_volu": "34740000", "corporate_": "Albertsons Companies", "query": "Safeway, Mission St, San Francisco, CA, 94112", "formatted_": "4950 Mission St, San Francisco, CA 94112, United States", "latitude": "37.7198782", "longitude": "-122.4388601", "place_id": "ChIJXTEb4YR-j4AR6NDLGF8mh1g", "google_sta": "OK", "match_stat": "matched" }, "geometry": { "type": "Point", "coordinates": [ -122.4388601, 37.7198782 ] } },
{ "type": "Feature", "properties": { "company_bu": "Safeway", "address": "Noriega St", "city": "San Francisco", "state_abbr": "CA", "zip_code": "94122", "primary_na": "44511003", "primary_si": "541105", "industry_d": "Grocers-Retail, Liquors-Retail, Florists-Retail, Organic Foods & Services, Farm Markets, Bakers-Retail", "affiliated": "NA", "brands": "NA", "headquarte": "Safeway Inc", "location_c": "High", "naics_indu": "Retail Trade", "business_c": "Branch", "square_foo": "40000 - 99999", "employee_c": "100", "sales_volu": "26723000", "corporate_": "Albertsons Companies", "query": "Safeway, Noriega St, San Francisco, CA, 94122", "formatted_": "2350 Noriega St, San Francisco, CA 94122, United States", "latitude": "37.754172", "longitude": "-122.4888173", "place_id": "ChIJ3wsN5H6HhYAR4srjTCVRQ3M", "google_sta": "OK", "match_stat": "matched" }, "geometry": { "type": "Point", "coordinates": [ -122.4888173, 37.754172 ] } },
{ "type": "Feature", "properties": { "company_bu": "Safeway", "address": "Taraval St", "city": "San Francisco", "state_abbr": "CA", "zip_code": "94116", "primary_na": "44511003", "primary_si": "541105", "industry_d": "Grocers-Retail, Bakers-Retail, Liquors-Retail, Florists-Retail, Organic Foods & Services, Farm Markets", "affiliated": "NA", "brands": "NA", "headquarte": "Safeway Inc", "location_c": "Medium", "naics_indu": "Retail Trade", "business_c": "Branch", "square_foo": "40000 - 99999", "employee_c": "100", "sales_volu": "26723000", "corporate_": "Albertsons Companies", "query": "Safeway, Taraval St, San Francisco, CA, 94116", "formatted_": "730 Taraval St, San Francisco, CA 94116, United States", "latitude": "37.7434468", "longitude": "-122.4740564", "place_id": "ChIJT_yGy5N9j4ARirOJ7uGsXZw", "google_sta": "OK", "match_stat": "matched" }, "geometry": { "type": "Point", "coordinates": [ -122.4740564, 37.7434468 ] } },
{ "type": "Feature", "properties": { "company_bu": "Safeway", "address": "Mission St", "city": "San Francisco", "state_abbr": "CA", "zip_code": "94110", "primary_na": "44511003", "primary_si": "541105", "industry_d": "Grocers-Retail, Liquors-Retail, Florists-Retail, Organic Foods & Services, Farm Markets, Bakers-Retail", "affiliated": "NA", "brands": "NA", "headquarte": "Safeway Inc", "location_c": "High", "naics_indu": "Retail Trade", "business_c": "Branch", "square_foo": "40000 - 99999", "employee_c": "200", "sales_volu": "53446000", "corporate_": "Albertsons Companies", "query": "Safeway, Mission St, San Francisco, CA, 94110", "formatted_": "3350 Mission St, San Francisco, CA 94110, United States", "latitude": "37.7431945", "longitude": "-122.42245", "place_id": "ChIJU6bC00J-j4AREWM2VBvPUDc", "google_sta": "OK", "match_stat": "matched" }, "geometry": { "type": "Point", "coordinates": [ -122.42245, 37.7431945 ] } },
{ "type": "Feature", "properties": { "company_bu": "Safeway", "address": "Diamond Heights Blvd", "city": "San Francisco", "state_abbr": "CA", "zip_code": "94131", "primary_na": "44511003", "primary_si": "541105", "industry_d": "Grocers-Retail, Bakers-Retail, Liquors-Retail, Florists-Retail, Organic Foods & Services, Farm Markets", "affiliated": "NA", "brands": "NA", "headquarte": "Safeway Inc", "location_c": "Medium", "naics_indu": "Retail Trade", "business_c": "Branch", "square_foo": "40000 - 99999", "employee_c": "150", "sales_volu": "40084000", "corporate_": "Albertsons Companies", "query": "Safeway, Diamond Heights Blvd, San Francisco, CA, 94131", "formatted_": "5290 Diamond Heights Blvd, San Francisco, CA 94131, United States", "latitude": "37.7435707", "longitude": "-122.4390064", "place_id": "ChIJj5nGu3N-j4ARVFZ5HeQ2vlk", "google_sta": "OK", "match_stat": "matched" }, "geometry": { "type": "Point", "coordinates": [ -122.4390064, 37.7435707 ] } },
{ "type": "Feature", "properties": { "company_bu": "Safeway", "address": "E La Cadena", "city": "San Francisco", "state_abbr": "CA", "zip_code": "94122", "primary_na": "44511003", "primary_si": "541105", "industry_d": "Grocers-Retail", "affiliated": "NA", "brands": "NA", "headquarte": "Safeway Inc", "location_c": "Low", "naics_indu": "Retail Trade", "business_c": "Branch", "square_foo": "NA", "employee_c": "41", "sales_volu": "10957000", "corporate_": "Albertsons Companies", "query": "Safeway, E La Cadena, San Francisco, CA, 94122", "formatted_": "2350 Noriega St, San Francisco, CA 94122, United States", "latitude": "37.754172", "longitude": "-122.4888173", "place_id": "ChIJ3wsN5H6HhYAR4srjTCVRQ3M", "google_sta": "OK", "match_stat": "matched" }, "geometry": { "type": "Point", "coordinates": [ -122.4888173, 37.754172 ] } },
{ "type": "Feature", "properties": { "company_bu": "Salama Halal Meat", "address": "Geary St", "city": "San Francisco", "state_abbr": "CA", "zip_code": "94102", "primary_na": "31161103", "primary_si": "201104", "industry_d": "Meat Products (Mfrs), Meat-Wholesale, Fruits & Vegetables & Produce-Retail, Grocers-Retail", "affiliated": "NA", "brands": "NA", "headquarte": "NA", "location_c": "High", "naics_indu": "Manufacturing", "business_c": "Independent", "square_foo": "10000 - 19999", "employee_c": "8", "sales_volu": "4497000", "corporate_": "NA", "query": "Salama Halal Meat, Geary St, San Francisco, CA, 94102", "formatted_": "604 Geary St, San Francisco, CA 94102, United States", "latitude": "37.7868178", "longitude": "-122.4134537", "place_id": "ChIJG3HS3JGAhYAR32ZPyYKjlIc", "google_sta": "OK", "match_stat": "matched" }, "geometry": { "type": "Point", "coordinates": [ -122.4134537, 37.7868178 ] } },
{ "type": "Feature", "properties": { "company_bu": "Samiramis Imports", "address": "Mission St", "city": "San Francisco", "state_abbr": "CA", "zip_code": "94110", "primary_na": "42399019", "primary_si": "509905", "industry_d": "Importers (Whls), Coffee & Tea, Grocers-Retail, Restaurants, Middle Eastern Goods", "affiliated": "NA", "brands": "NA", "headquarte": "NA", "location_c": "High", "naics_indu": "Wholesale Trade", "business_c": "Independent", "square_foo": "1500 - 2499", "employee_c": "6", "sales_volu": "1604000", "corporate_": "NA", "query": "Samiramis Imports, Mission St, San Francisco, CA, 94110", "formatted_": "2990 Mission St, San Francisco, CA 94110, United States", "latitude": "37.7492194", "longitude": "-122.418328", "place_id": "ChIJQYKwskZ-j4ARw-Sn8bGX78U", "google_sta": "OK", "match_stat": "matched" }, "geometry": { "type": "Point", "coordinates": [ -122.418328, 37.7492194 ] } },
{ "type": "Feature", "properties": { "company_bu": "San Bruno Supermarket", "address": "San Bruno Ave", "city": "San Francisco", "state_abbr": "CA", "zip_code": "94134", "primary_na": "44511003", "primary_si": "541105", "industry_d": "Grocers-Retail", "affiliated": "NA", "brands": "NA", "headquarte": "NA", "location_c": "High", "naics_indu": "Retail Trade", "business_c": "Independent", "square_foo": "2500 - 4999", "employee_c": "9", "sales_volu": "2406000", "corporate_": "NA", "query": "San Bruno Supermarket, San Bruno Ave, San Francisco, CA, 94134", "formatted_": "2480 San Bruno Ave, San Francisco, CA 94134, United States", "latitude": "37.7304247", "longitude": "-122.4049426", "place_id": "ChIJReuU5fx-j4ARde8bewEDodY", "google_sta": "OK", "match_stat": "matched" }, "geometry": { "type": "Point", "coordinates": [ -122.4049426, 37.7304247 ] } },
{ "type": "Feature", "properties": { "company_bu": "San Francisco Cheesequake", "address": "Ofarrell St", "city": "San Francisco", "state_abbr": "CA", "zip_code": "94109", "primary_na": "44511003", "primary_si": "541105", "industry_d": "Grocers-Retail, Bakers-Wholesale", "affiliated": "NA", "brands": "NA", "headquarte": "NA", "location_c": "High", "naics_indu": "Retail Trade", "business_c": "Independent", "square_foo": "1500 - 2499", "employee_c": "1", "sales_volu": "268000", "corporate_": "NA", "query": "San Francisco Cheesequake, Ofarrell St, San Francisco, CA, 94109", "formatted_": "477 O'Farrell St, San Francisco, CA 94102, United States", "latitude": "37.7857616", "longitude": "-122.4125034", "place_id": "ChIJbyq81o-AhYARuXPsVufrjsc", "google_sta": "OK", "match_stat": "matched" }, "geometry": { "type": "Point", "coordinates": [ -122.4125034, 37.7857616 ] } },
{ "type": "Feature", "properties": { "company_bu": "San Francisco Farmers Market", "address": "Mission St", "city": "San Francisco", "state_abbr": "CA", "zip_code": "94112", "primary_na": "44511003", "primary_si": "541105", "industry_d": "Grocers-Retail, Farm Markets", "affiliated": "NA", "brands": "NA", "headquarte": "NA", "location_c": "High", "naics_indu": "Retail Trade", "business_c": "Independent", "square_foo": "1500 - 2499", "employee_c": "3", "sales_volu": "802000", "corporate_": "NA", "query": "San Francisco Farmers Market, Mission St, San Francisco, CA, 94112", "formatted_": "4929 Mission St, San Francisco, CA 94112, United States", "latitude": "37.7195013", "longitude": "-122.4385712", "place_id": "ChIJvzwC3IR-j4ARg5m-YG9oxI4", "google_sta": "OK", "match_stat": "matched" }, "geometry": { "type": "Point", "coordinates": [ -122.4385712, 37.7195013 ] } },
{ "type": "Feature", "properties": { "company_bu": "San Francisco Ice Company", "address": "Williams Ave", "city": "San Francisco", "state_abbr": "CA", "zip_code": "94124", "primary_na": "31211302", "primary_si": "209701", "industry_d": "Ice-Manufacturers, Dry Ice, Ice, Business Services NEC, Grocers-Retail, Party Planning Service", "affiliated": "NA", "brands": "NA", "headquarte": "NA", "location_c": "High", "naics_indu": "Manufacturing", "business_c": "Independent", "square_foo": "2500 - 4999", "employee_c": "5", "sales_volu": "1128000", "corporate_": "NA", "query": "San Francisco Ice Company, Williams Ave, San Francisco, CA, 94124", "formatted_": "45 Williams Ave # A, San Francisco, CA 94124, United States", "latitude": "37.7292953", "longitude": "-122.3936569", "place_id": "ChIJX1aHuxt_j4ARcXIopoL34ls", "google_sta": "OK", "match_stat": "matched" }, "geometry": { "type": "Point", "coordinates": [ -122.3936569, 37.7292953 ] } },
{ "type": "Feature", "properties": { "company_bu": "Sanchez", "address": "Sanchez St", "city": "San Francisco", "state_abbr": "CA", "zip_code": "94114", "primary_na": "44532004", "primary_si": "592102", "industry_d": "Liquors-Retail, Grocers-Retail", "affiliated": "NA", "brands": "NA", "headquarte": "NA", "location_c": "High", "naics_indu": "Retail Trade", "business_c": "Independent", "square_foo": "1 - 1499", "employee_c": "4", "sales_volu": "1468000", "corporate_": "NA", "query": "Sanchez, Sanchez St, San Francisco, CA, 94114", "formatted_": "Sanchez St, San Francisco, CA, USA", "latitude": "37.7547716", "longitude": "-122.4299806", "place_id": "ChIJnzY7VBF-j4ARQ--7Vk9ph4A", "google_sta": "OK", "match_stat": "matched" }, "geometry": { "type": "Point", "coordinates": [ -122.4299806, 37.7547716 ] } },
{ "type": "Feature", "properties": { "company_bu": "Santa Clara Organic Market", "address": "Haight St", "city": "San Francisco", "state_abbr": "CA", "zip_code": "94117", "primary_na": "44511003", "primary_si": "541105", "industry_d": "Grocers-Retail, Organic Foods & Services", "affiliated": "NA", "brands": "NA", "headquarte": "NA", "location_c": "High", "naics_indu": "Retail Trade", "business_c": "Independent", "square_foo": "1 - 1499", "employee_c": "2", "sales_volu": "535000", "corporate_": "NA", "query": "Santa Clara Organic Market, Haight St, San Francisco, CA, 94117", "formatted_": "798 Haight St, San Francisco, CA 94117, United States", "latitude": "37.7716152", "longitude": "-122.4352733", "place_id": "ChIJ3yeHAqaAhYARP1Hj6b4eAIM", "google_sta": "OK", "match_stat": "matched" }, "geometry": { "type": "Point", "coordinates": [ -122.4352733, 37.7716152 ] } },
{ "type": "Feature", "properties": { "company_bu": "Save Market", "address": "Crescent Ave", "city": "San Francisco", "state_abbr": "CA", "zip_code": "94110", "primary_na": "44511003", "primary_si": "541105", "industry_d": "Grocers-Retail, Beer & Ale-Retail", "affiliated": "NA", "brands": "NA", "headquarte": "NA", "location_c": "High", "naics_indu": "Retail Trade", "business_c": "Independent", "square_foo": "1500 - 2499", "employee_c": "2", "sales_volu": "535000", "corporate_": "NA", "query": "Save Market, Crescent Ave, San Francisco, CA, 94110", "formatted_": "399 Crescent Ave, San Francisco, CA 94110, United States", "latitude": "37.7349941", "longitude": "-122.4169575", "place_id": "ChIJuaCrn1h-j4ARYXTPLCYpnc8", "google_sta": "OK", "match_stat": "matched" }, "geometry": { "type": "Point", "coordinates": [ -122.4169575, 37.7349941 ] } },
{ "type": "Feature", "properties": { "company_bu": "Sea Cliff Liquor & Deli", "address": "Clement St", "city": "San Francisco", "state_abbr": "CA", "zip_code": "94121", "primary_na": "44511003", "primary_si": "541105", "industry_d": "Grocers-Retail", "affiliated": "NA", "brands": "NA", "headquarte": "NA", "location_c": "High", "naics_indu": "Retail Trade", "business_c": "Independent", "square_foo": "1 - 1499", "employee_c": "2", "sales_volu": "535000", "corporate_": "NA", "query": "Sea Cliff Liquor & Deli, Clement St, San Francisco, CA, 94121", "formatted_": "2145 Clement St, San Francisco, CA 94121, United States", "latitude": "37.7820311", "longitude": "-122.482481", "place_id": "ChIJDavWbgWHhYARIBwyFxJMC8A", "google_sta": "OK", "match_stat": "matched" }, "geometry": { "type": "Point", "coordinates": [ -122.482481, 37.7820311 ] } },
{ "type": "Feature", "properties": { "company_bu": "Searchlight Market", "address": "Hyde St", "city": "San Francisco", "state_abbr": "CA", "zip_code": "94109", "primary_na": "44511003", "primary_si": "541105", "industry_d": "Grocers-Retail", "affiliated": "NA", "brands": "NA", "headquarte": "NA", "location_c": "High", "naics_indu": "Retail Trade", "business_c": "Independent", "square_foo": "1 - 1499", "employee_c": "1", "sales_volu": "268000", "corporate_": "NA", "query": "Searchlight Market, Hyde St, San Francisco, CA, 94109", "formatted_": "1964 Hyde St, San Francisco, CA 94109, United States", "latitude": "37.7991438", "longitude": "-122.4189416", "place_id": "ChIJRxNIzuiAhYAR9V03dRBKtuo", "google_sta": "OK", "match_stat": "matched" }, "geometry": { "type": "Point", "coordinates": [ -122.4189416, 37.7991438 ] } },
{ "type": "Feature", "properties": { "company_bu": "Seasoning Food Special", "address": "Jackson St", "city": "San Francisco", "state_abbr": "CA", "zip_code": "94133", "primary_na": "44511003", "primary_si": "541105", "industry_d": "Grocers-Retail", "affiliated": "NA", "brands": "NA", "headquarte": "NA", "location_c": "High", "naics_indu": "Retail Trade", "business_c": "Independent", "square_foo": "2500 - 4999", "employee_c": "5", "sales_volu": "1337000", "corporate_": "NA", "query": "Seasoning Food Special, Jackson St, San Francisco, CA, 94133", "formatted_": "768 Jackson St, San Francisco, CA 94133, United States", "latitude": "37.7959787", "longitude": "-122.4077462", "place_id": "ChIJReyfaPOAhYAR5ZAsspqFuZo", "google_sta": "OK", "match_stat": "matched" }, "geometry": { "type": "Point", "coordinates": [ -122.4077462, 37.7959787 ] } },
{ "type": "Feature", "properties": { "company_bu": "Seventeenth & Noe Groceteria", "address": "17th St", "city": "San Francisco", "state_abbr": "CA", "zip_code": "94114", "primary_na": "44511003", "primary_si": "541105", "industry_d": "Grocers-Retail", "affiliated": "NA", "brands": "NA", "headquarte": "NA", "location_c": "High", "naics_indu": "Retail Trade", "business_c": "Independent", "square_foo": "1 - 1499", "employee_c": "3", "sales_volu": "802000", "corporate_": "NA", "query": "Seventeenth & Noe Groceteria, 17th St, San Francisco, CA, 94114", "formatted_": "3900 17th St, San Francisco, CA 94114, United States", "latitude": "37.7627101", "longitude": "-122.4331563", "place_id": "ChIJ1xQKext-j4ARbBUwNmxgr8M", "google_sta": "OK", "match_stat": "matched" }, "geometry": { "type": "Point", "coordinates": [ -122.4331563, 37.7627101 ] } },
{ "type": "Feature", "properties": { "company_bu": "Sheng Hing Market Inc", "address": "Stockton St", "city": "San Francisco", "state_abbr": "CA", "zip_code": "94133", "primary_na": "44511003", "primary_si": "541105", "industry_d": "Grocers-Retail", "affiliated": "NA", "brands": "NA", "headquarte": "NA", "location_c": "Medium", "naics_indu": "Retail Trade", "business_c": "Independent", "square_foo": "1500 - 2499", "employee_c": "3", "sales_volu": "802000", "corporate_": "NA", "query": "Sheng Hing Market Inc, Stockton St, San Francisco, CA, 94133", "formatted_": "1107 Stockton St, San Francisco, CA 94133, United States", "latitude": "37.7959912", "longitude": "-122.4084442", "place_id": "ChIJw0VCa_OAhYARdBp05hxbhJ8", "google_sta": "OK", "match_stat": "matched" }, "geometry": { "type": "Point", "coordinates": [ -122.4084442, 37.7959912 ] } },
{ "type": "Feature", "properties": { "company_bu": "Sherman Market", "address": "Union St", "city": "San Francisco", "state_abbr": "CA", "zip_code": "94123", "primary_na": "44511003", "primary_si": "541105", "industry_d": "Grocers-Retail", "affiliated": "NA", "brands": "NA", "headquarte": "NA", "location_c": "High", "naics_indu": "Retail Trade", "business_c": "Independent", "square_foo": "1500 - 2499", "employee_c": "2", "sales_volu": "535000", "corporate_": "NA", "query": "Sherman Market, Union St, San Francisco, CA, 94123", "formatted_": "1598 Union St, San Francisco, CA 94123, United States", "latitude": "37.7984719", "longitude": "-122.4255551", "place_id": "ChIJHeGKycKAhYAR6dOgkH--zA4", "google_sta": "OK", "match_stat": "matched" }, "geometry": { "type": "Point", "coordinates": [ -122.4255551, 37.7984719 ] } },
{ "type": "Feature", "properties": { "company_bu": "Shufat Market", "address": "24th St", "city": "San Francisco", "state_abbr": "CA", "zip_code": "94114", "primary_na": "44513101", "primary_si": "541103", "industry_d": "Convenience Stores, Grocers-Retail, Restaurants", "affiliated": "NA", "brands": "NA", "headquarte": "NA", "location_c": "High", "naics_indu": "Retail Trade", "business_c": "Independent", "square_foo": "1 - 1499", "employee_c": "2", "sales_volu": "535000", "corporate_": "NA", "query": "Shufat Market, 24th St, San Francisco, CA, 94114", "formatted_": "3807 24th St, San Francisco, CA 94114, United States", "latitude": "37.7515655", "longitude": "-122.4276874", "place_id": "ChIJ1bnAwhR-j4AR_iYN3bHvXwo", "google_sta": "OK", "match_stat": "matched" }, "geometry": { "type": "Point", "coordinates": [ -122.4276874, 37.7515655 ] } },
{ "type": "Feature", "properties": { "company_bu": "Si Hong Feng", "address": "Washington St", "city": "San Francisco", "state_abbr": "CA", "zip_code": "94108", "primary_na": "44511003", "primary_si": "541105", "industry_d": "Grocers-Retail", "affiliated": "NA", "brands": "NA", "headquarte": "NA", "location_c": "High", "naics_indu": "Retail Trade", "business_c": "Independent", "square_foo": "1500 - 2499", "employee_c": "2", "sales_volu": "535000", "corporate_": "NA", "query": "Si Hong Feng, Washington St, San Francisco, CA, 94108", "formatted_": "848 Washington St, San Francisco, CA 94108, United States", "latitude": "37.7951468", "longitude": "-122.4072241", "place_id": "ChIJzd-lTPOAhYARxPsYzdGg4jI", "google_sta": "OK", "match_stat": "matched" }, "geometry": { "type": "Point", "coordinates": [ -122.4072241, 37.7951468 ] } },
{ "type": "Feature", "properties": { "company_bu": "Smart & Final Extra!", "address": "7 Th Ave", "city": "San Francisco", "state_abbr": "CA", "zip_code": "94118", "primary_na": "44511003", "primary_si": "541105", "industry_d": "Grocers-Retail, Food Products (Whls), Grocers-Wholesale, Fruits & Vegetables & Produce-Retail, Wholesalers, Convenience Stores", "affiliated": "NA", "brands": "NA", "headquarte": "Smart & Final Stores LLC", "location_c": "High", "naics_indu": "Retail Trade", "business_c": "Branch", "square_foo": "5000 - 9999", "employee_c": "16", "sales_volu": "4276000", "corporate_": "NA", "query": "Smart & Final Extra!, 7 Th Ave, San Francisco, CA, 94118", "formatted_": "350 7th Ave, San Francisco, CA 94118, United States", "latitude": "37.7823468", "longitude": "-122.4652117", "place_id": "ChIJvfEkITyHhYARshdHRh21TOY", "google_sta": "OK", "match_stat": "matched" }, "geometry": { "type": "Point", "coordinates": [ -122.4652117, 37.7823468 ] } },
{ "type": "Feature", "properties": { "company_bu": "Smith & Loring Inc", "address": "Clement St", "city": "San Francisco", "state_abbr": "CA", "zip_code": "94118", "primary_na": "44511003", "primary_si": "541105", "industry_d": "Grocers-Retail", "affiliated": "NA", "brands": "NA", "headquarte": "NA", "location_c": "High", "naics_indu": "Retail Trade", "business_c": "Independent", "square_foo": "1500 - 2499", "employee_c": "2", "sales_volu": "535000", "corporate_": "NA", "query": "Smith & Loring Inc, Clement St, San Francisco, CA, 94118", "formatted_": "2 Clement St, San Francisco, CA 94118, United States", "latitude": "37.7833425", "longitude": "-122.4592662", "place_id": "ChIJa1qB8zmHhYARNHsQA8KUMHs", "google_sta": "OK", "match_stat": "matched" }, "geometry": { "type": "Point", "coordinates": [ -122.4592662, 37.7833425 ] } },
{ "type": "Feature", "properties": { "company_bu": "Star Market-San Francisco", "address": "3 Rd St", "city": "San Francisco", "state_abbr": "CA", "zip_code": "94124", "primary_na": "44511003", "primary_si": "541105", "industry_d": "Grocers-Retail", "affiliated": "NA", "brands": "NA", "headquarte": "NA", "location_c": "Medium", "naics_indu": "Retail Trade", "business_c": "Independent", "square_foo": "1500 - 2499", "employee_c": "3", "sales_volu": "802000", "corporate_": "NA", "query": "Star Market-San Francisco, 3 Rd St, San Francisco, CA, 94124", "formatted_": "4400 3rd St, San Francisco, CA 94124, United States", "latitude": "37.73794669999999", "longitude": "-122.3898125", "place_id": "ChIJdbvHVg9_j4ARMBwVc06fTR0", "google_sta": "OK", "match_stat": "matched" }, "geometry": { "type": "Point", "coordinates": [ -122.3898125, 37.737946699999988 ] } },
{ "type": "Feature", "properties": { "company_bu": "Starlight Market", "address": "Ellis St", "city": "San Francisco", "state_abbr": "CA", "zip_code": "94102", "primary_na": "44511003", "primary_si": "541105", "industry_d": "Grocers-Retail", "affiliated": "NA", "brands": "NA", "headquarte": "NA", "location_c": "High", "naics_indu": "Retail Trade", "business_c": "Independent", "square_foo": "1500 - 2499", "employee_c": "2", "sales_volu": "535000", "corporate_": "NA", "query": "Starlight Market, Ellis St, San Francisco, CA, 94102", "formatted_": "402 Ellis St, San Francisco, CA 94102, United States", "latitude": "37.7849613", "longitude": "-122.4129526", "place_id": "ChIJ5bGoIZCAhYARo4qqJp0xvoY", "google_sta": "OK", "match_stat": "matched" }, "geometry": { "type": "Point", "coordinates": [ -122.4129526, 37.7849613 ] } },
{ "type": "Feature", "properties": { "company_bu": "State Market", "address": "Geary Blvd", "city": "San Francisco", "state_abbr": "CA", "zip_code": "94118", "primary_na": "44511003", "primary_si": "541105", "industry_d": "Grocers-Retail", "affiliated": "NA", "brands": "NA", "headquarte": "NA", "location_c": "High", "naics_indu": "Retail Trade", "business_c": "Independent", "square_foo": "1 - 1499", "employee_c": "1", "sales_volu": "268000", "corporate_": "NA", "query": "State Market, Geary Blvd, San Francisco, CA, 94118", "formatted_": "4751 Geary Blvd, San Francisco, CA 94118, United States", "latitude": "37.7805682", "longitude": "-122.4705733", "place_id": "ChIJF67rCxaHhYARlc8tsxYu3hI", "google_sta": "OK", "match_stat": "matched" }, "geometry": { "type": "Point", "coordinates": [ -122.4705733, 37.7805682 ] } },
{ "type": "Feature", "properties": { "company_bu": "STC Distributing Co", "address": "Jerrold Ave", "city": "San Francisco", "state_abbr": "CA", "zip_code": "94124", "primary_na": "44511003", "primary_si": "541105", "industry_d": "Grocers-Retail, Grocers-Wholesale", "affiliated": "NA", "brands": "NA", "headquarte": "NA", "location_c": "Medium", "naics_indu": "Retail Trade", "business_c": "Independent", "square_foo": "1500 - 2499", "employee_c": "2", "sales_volu": "535000", "corporate_": "NA", "query": "STC Distributing Co, Jerrold Ave, San Francisco, CA, 94124", "formatted_": "1980 Jerrold Ave, San Francisco, CA 94124, United States", "latitude": "37.7430741", "longitude": "-122.3961178", "place_id": "ChIJESDKMKp_j4ARASFxVtEaKT4", "google_sta": "OK", "match_stat": "matched" }, "geometry": { "type": "Point", "coordinates": [ -122.3961178, 37.7430741 ] } },
{ "type": "Feature", "properties": { "company_bu": "Stop N Shop", "address": "Mission St", "city": "San Francisco", "state_abbr": "CA", "zip_code": "94110", "primary_na": "44513101", "primary_si": "541103", "industry_d": "Convenience Stores, Grocers-Retail, Service Stations-Gasoline & Oil", "affiliated": "NA", "brands": "NA", "headquarte": "NA", "location_c": "High", "naics_indu": "Retail Trade", "business_c": "Independent", "square_foo": "1500 - 2499", "employee_c": "1", "sales_volu": "268000", "corporate_": "NA", "query": "Stop N Shop, Mission St, San Francisco, CA, 94110", "formatted_": "3000 Mission St, San Francisco, CA 94110, United States", "latitude": "37.748933", "longitude": "-122.4183184", "place_id": "ChIJi5iFrEZ-j4ARvSeXZXKHzpM", "google_sta": "OK", "match_stat": "matched" }, "geometry": { "type": "Point", "coordinates": [ -122.4183184, 37.748933 ] } },
{ "type": "Feature", "properties": { "company_bu": "Sun Fat Seafood", "address": "Mission St", "city": "San Francisco", "state_abbr": "CA", "zip_code": "94110", "primary_na": "72251117", "primary_si": "581208", "industry_d": "Restaurants, Poultry-Retail, Game Birds Venison Etc, Seafood-Retail, Seafood-Wholesale, Pottery, Grocers-Retail", "affiliated": "NA", "brands": "NA", "headquarte": "NA", "location_c": "High", "naics_indu": "Accommodation & Food Services", "business_c": "Independent", "square_foo": "1 - 1499", "employee_c": "4", "sales_volu": "285000", "corporate_": "NA", "query": "Sun Fat Seafood, Mission St, San Francisco, CA, 94110", "formatted_": "2687 Mission St, San Francisco, CA 94110, United States", "latitude": "37.7541457", "longitude": "-122.4184955", "place_id": "ChIJ143qTD9-j4ARxFJjHSBttwk", "google_sta": "OK", "match_stat": "matched" }, "geometry": { "type": "Point", "coordinates": [ -122.4184955, 37.7541457 ] } },
{ "type": "Feature", "properties": { "company_bu": "Sun Kau Shing Co Inc", "address": "Stockton St", "city": "San Francisco", "state_abbr": "CA", "zip_code": "94133", "primary_na": "44511003", "primary_si": "541105", "industry_d": "Grocers-Retail", "affiliated": "NA", "brands": "NA", "headquarte": "NA", "location_c": "High", "naics_indu": "Retail Trade", "business_c": "Independent", "square_foo": "1500 - 2499", "employee_c": "5", "sales_volu": "1337000", "corporate_": "NA", "query": "Sun Kau Shing Co Inc, Stockton St, San Francisco, CA, 94133", "formatted_": "1352 Stockton St, San Francisco, CA 94133, United States", "latitude": "37.79840600000001", "longitude": "-122.4086637", "place_id": "ChIJO0-zw_OAhYARfaRxoopJaFc", "google_sta": "OK", "match_stat": "matched" }, "geometry": { "type": "Point", "coordinates": [ -122.4086637, 37.798406 ] } },
{ "type": "Feature", "properties": { "company_bu": "Sun Valley Dairy", "address": "Church St", "city": "San Francisco", "state_abbr": "CA", "zip_code": "94131", "primary_na": "44511003", "primary_si": "541105", "industry_d": "Grocers-Retail", "affiliated": "NA", "brands": "NA", "headquarte": "NA", "location_c": "High", "naics_indu": "Retail Trade", "business_c": "Independent", "square_foo": "1 - 1499", "employee_c": "1", "sales_volu": "268000", "corporate_": "NA", "query": "Sun Valley Dairy, Church St, San Francisco, CA, 94131", "formatted_": "1601 Church St, San Francisco, CA 94131, United States", "latitude": "37.7452029", "longitude": "-122.4266789", "place_id": "ChIJD9dsnWl-j4ARK3AOq5loEVI", "google_sta": "OK", "match_stat": "matched" }, "geometry": { "type": "Point", "coordinates": [ -122.4266789, 37.7452029 ] } },
{ "type": "Feature", "properties": { "company_bu": "Sunrise Market", "address": "Haight St", "city": "San Francisco", "state_abbr": "CA", "zip_code": "94117", "primary_na": "45521908", "primary_si": "539901", "industry_d": "General Merchandise-Retail, Grocers-Retail", "affiliated": "NA", "brands": "NA", "headquarte": "NA", "location_c": "High", "naics_indu": "Retail Trade", "business_c": "Independent", "square_foo": "1 - 1499", "employee_c": "1", "sales_volu": "189000", "corporate_": "NA", "query": "Sunrise Market, Haight St, San Francisco, CA, 94117", "formatted_": "688 Haight St, San Francisco, CA 94117, United States", "latitude": "37.77184829999999", "longitude": "-122.4335383", "place_id": "ChIJ7aZZbqaAhYARK7MvtpNfZzQ", "google_sta": "OK", "match_stat": "matched" }, "geometry": { "type": "Point", "coordinates": [ -122.4335383, 37.771848299999988 ] } },
{ "type": "Feature", "properties": { "company_bu": "Sunset II Supermarket", "address": "Vicente St", "city": "San Francisco", "state_abbr": "CA", "zip_code": "94116", "primary_na": "44529822", "primary_si": "549916", "industry_d": "Oriental Food Products, Grocers-Retail", "affiliated": "NA", "brands": "NA", "headquarte": "NA", "location_c": "High", "naics_indu": "Retail Trade", "business_c": "Independent", "square_foo": "40000 - 99999", "employee_c": "50", "sales_volu": "5657000", "corporate_": "NA", "query": "Sunset II Supermarket, Vicente St, San Francisco, CA, 94116", "formatted_": "2801 Vicente St, San Francisco, CA 94116, United States", "latitude": "37.73824159999999", "longitude": "-122.4974641", "place_id": "ChIJlTOMU3d9j4AR3W6b12Bese8", "google_sta": "OK", "match_stat": "matched" }, "geometry": { "type": "Point", "coordinates": [ -122.4974641, 37.738241599999988 ] } },
{ "type": "Feature", "properties": { "company_bu": "Sunset Super", "address": "Irving St", "city": "San Francisco", "state_abbr": "CA", "zip_code": "94122", "primary_na": "44511003", "primary_si": "541105", "industry_d": "Grocers-Retail", "affiliated": "NA", "brands": "NA", "headquarte": "NA", "location_c": "High", "naics_indu": "Retail Trade", "business_c": "Independent", "square_foo": "100000+", "employee_c": "50", "sales_volu": "13362000", "corporate_": "NA", "query": "Sunset Super, Irving St, San Francisco, CA, 94122", "formatted_": "2425 Irving St, San Francisco, CA 94122, United States", "latitude": "37.7631681", "longitude": "-122.4840107", "place_id": "ChIJj-s68nCHhYARYjVjy8V-GrE", "google_sta": "OK", "match_stat": "matched" }, "geometry": { "type": "Point", "coordinates": [ -122.4840107, 37.7631681 ] } },
{ "type": "Feature", "properties": { "company_bu": "Super", "address": "Florida St", "city": "San Francisco", "state_abbr": "CA", "zip_code": "94110", "primary_na": "44511003", "primary_si": "541105", "industry_d": "Grocers-Retail", "affiliated": "NA", "brands": "NA", "headquarte": "NA", "location_c": "High", "naics_indu": "Retail Trade", "business_c": "Independent", "square_foo": "2500 - 4999", "employee_c": "4", "sales_volu": "1069000", "corporate_": "NA", "query": "Super, Florida St, San Francisco, CA, 94110", "formatted_": "855 Valencia St, San Francisco, CA 94110, United States", "latitude": "37.7592228", "longitude": "-122.4212218", "place_id": "ChIJl8CIGh1-j4AReW8gImPTpyQ", "google_sta": "OK", "match_stat": "matched" }, "geometry": { "type": "Point", "coordinates": [ -122.4212218, 37.7592228 ] } },
{ "type": "Feature", "properties": { "company_bu": "Super 7", "address": "16th St", "city": "San Francisco", "state_abbr": "CA", "zip_code": "94103", "primary_na": "45942013", "primary_si": "594712", "industry_d": "Gift Shops, Grocers-Retail", "affiliated": "NA", "brands": "NA", "headquarte": "NA", "location_c": "High", "naics_indu": "Retail Trade", "business_c": "Independent", "square_foo": "1 - 1499", "employee_c": "3", "sales_volu": "343000", "corporate_": "NA", "query": "Super 7, 16th St, San Francisco, CA, 94103", "formatted_": "3253 16th St, San Francisco, CA 94103, United States", "latitude": "37.7646092", "longitude": "-122.4252037", "place_id": "ChIJuXfguBh-j4ARz_kRWsLqi4M", "google_sta": "OK", "match_stat": "matched" }, "geometry": { "type": "Point", "coordinates": [ -122.4252037, 37.7646092 ] } },
{ "type": "Feature", "properties": { "company_bu": "Super Mira", "address": "Sutter St", "city": "San Francisco", "state_abbr": "CA", "zip_code": "94115", "primary_na": "44511003", "primary_si": "541105", "industry_d": "Grocers-Retail", "affiliated": "NA", "brands": "NA", "headquarte": "NA", "location_c": "High", "naics_indu": "Retail Trade", "business_c": "Independent", "square_foo": "5000 - 9999", "employee_c": "10", "sales_volu": "2673000", "corporate_": "NA", "query": "Super Mira, Sutter St, San Francisco, CA, 94115", "formatted_": "1790 Sutter St, San Francisco, CA 94115, United States", "latitude": "37.7866439", "longitude": "-122.4298736", "place_id": "ChIJ0clYyriAhYARwMHrl1mubRg", "google_sta": "OK", "match_stat": "matched" }, "geometry": { "type": "Point", "coordinates": [ -122.4298736, 37.7866439 ] } },
{ "type": "Feature", "properties": { "company_bu": "Super Sam Food", "address": "Mcallister St", "city": "San Francisco", "state_abbr": "CA", "zip_code": "94102", "primary_na": "44513101", "primary_si": "541103", "industry_d": "Convenience Stores, Grocers-Retail", "affiliated": "NA", "brands": "NA", "headquarte": "NA", "location_c": "High", "naics_indu": "Retail Trade", "business_c": "Independent", "square_foo": "1500 - 2499", "employee_c": "2", "sales_volu": "535000", "corporate_": "NA", "query": "Super Sam Food, Mcallister St, San Francisco, CA, 94102", "formatted_": "691 McAllister St, San Francisco, CA 94102, United States", "latitude": "37.7796074", "longitude": "-122.4234047", "place_id": "ChIJ1zEqEJiAhYARFh8jM0o6H6o", "google_sta": "OK", "match_stat": "matched" }, "geometry": { "type": "Point", "coordinates": [ -122.4234047, 37.7796074 ] } },
{ "type": "Feature", "properties": { "company_bu": "Super Save Super Market", "address": "3rd St", "city": "San Francisco", "state_abbr": "CA", "zip_code": "94124", "primary_na": "44511003", "primary_si": "541105", "industry_d": "Grocers-Retail", "affiliated": "NA", "brands": "NA", "headquarte": "NA", "location_c": "High", "naics_indu": "Retail Trade", "business_c": "Independent", "square_foo": "20000 - 39999", "employee_c": "22", "sales_volu": "5879000", "corporate_": "NA", "query": "Super Save Super Market, 3rd St, San Francisco, CA, 94124", "formatted_": "4517 3rd St, San Francisco, CA 94124, United States", "latitude": "37.73666740000001", "longitude": "-122.3897897", "place_id": "ChIJ9RetZA9_j4ARa7nX86tAGco", "google_sta": "OK", "match_stat": "matched" }, "geometry": { "type": "Point", "coordinates": [ -122.3897897, 37.7366674 ] } },
{ "type": "Feature", "properties": { "company_bu": "Superette", "address": "Eddy St", "city": "San Francisco", "state_abbr": "CA", "zip_code": "94102", "primary_na": "44532005", "primary_si": "592103", "industry_d": "Wines-Retail, Grocers-Retail, Restaurants", "affiliated": "NA", "brands": "NA", "headquarte": "NA", "location_c": "High", "naics_indu": "Retail Trade", "business_c": "Independent", "square_foo": "1 - 1499", "employee_c": "3", "sales_volu": "1101000", "corporate_": "NA", "query": "Superette, Eddy St, San Francisco, CA, 94102", "formatted_": "128 Eddy St, San Francisco, CA 94102, United States", "latitude": "37.7844076", "longitude": "-122.4097858", "place_id": "ChIJ2Tm3gYWAhYAR5OtktGrNkrU", "google_sta": "OK", "match_stat": "matched" }, "geometry": { "type": "Point", "coordinates": [ -122.4097858, 37.7844076 ] } },
{ "type": "Feature", "properties": { "company_bu": "Superette Market", "address": "Haight St", "city": "San Francisco", "state_abbr": "CA", "zip_code": "94117", "primary_na": "45511003", "primary_si": "531104", "industry_d": "Retail Shops, Grocers-Retail", "affiliated": "NA", "brands": "NA", "headquarte": "NA", "location_c": "High", "naics_indu": "Retail Trade", "business_c": "Independent", "square_foo": "2500 - 4999", "employee_c": "2", "sales_volu": "411000", "corporate_": "NA", "query": "Superette Market, Haight St, San Francisco, CA, 94117", "formatted_": "901 Haight St, San Francisco, CA 94117, United States", "latitude": "37.7710375", "longitude": "-122.4371745", "place_id": "ChIJx_EJzKiAhYAR8aFiGZyx3No", "google_sta": "OK", "match_stat": "matched" }, "geometry": { "type": "Point", "coordinates": [ -122.4371745, 37.7710375 ] } },
{ "type": "Feature", "properties": { "company_bu": "Sutter Fine Foods", "address": "Sutter St", "city": "San Francisco", "state_abbr": "CA", "zip_code": "94109", "primary_na": "44511003", "primary_si": "541105", "industry_d": "Grocers-Retail", "affiliated": "NA", "brands": "NA", "headquarte": "NA", "location_c": "High", "naics_indu": "Retail Trade", "business_c": "Independent", "square_foo": "1500 - 2499", "employee_c": "2", "sales_volu": "535000", "corporate_": "NA", "query": "Sutter Fine Foods, Sutter St, San Francisco, CA, 94109", "formatted_": "988 Sutter St, San Francisco, CA 94109, United States", "latitude": "37.7883569", "longitude": "-122.4165475", "place_id": "ChIJV4PjxpOAhYAR1BIE8OhoXww", "google_sta": "OK", "match_stat": "matched" }, "geometry": { "type": "Point", "coordinates": [ -122.4165475, 37.7883569 ] } },
{ "type": "Feature", "properties": { "company_bu": "T & L Food Market", "address": "Eddy St", "city": "San Francisco", "state_abbr": "CA", "zip_code": "94109", "primary_na": "44511003", "primary_si": "541105", "industry_d": "Grocers-Retail", "affiliated": "NA", "brands": "NA", "headquarte": "NA", "location_c": "High", "naics_indu": "Retail Trade", "business_c": "Independent", "square_foo": "1500 - 2499", "employee_c": "4", "sales_volu": "1069000", "corporate_": "NA", "query": "T & L Food Market, Eddy St, San Francisco, CA, 94109", "formatted_": "405 Eddy St, San Francisco, CA 94109, United States", "latitude": "37.7836023", "longitude": "-122.414515", "place_id": "ChIJL-U1cpCAhYARF7t0bVPl_6k", "google_sta": "OK", "match_stat": "matched" }, "geometry": { "type": "Point", "coordinates": [ -122.414515, 37.7836023 ] } },
{ "type": "Feature", "properties": { "company_bu": "Tai Hing Inc", "address": "Broadway", "city": "San Francisco", "state_abbr": "CA", "zip_code": "94133", "primary_na": "44511003", "primary_si": "541105", "industry_d": "Grocers-Retail", "affiliated": "NA", "brands": "NA", "headquarte": "NA", "location_c": "High", "naics_indu": "Retail Trade", "business_c": "Independent", "square_foo": "1 - 1499", "employee_c": "2", "sales_volu": "535000", "corporate_": "NA", "query": "Tai Hing Inc, Broadway, San Francisco, CA, 94133", "formatted_": "681 Broadway, San Francisco, CA 94133, United States", "latitude": "37.7975606", "longitude": "-122.4082678", "place_id": "ChIJJ30Ql_OAhYARMebTvpg3Gk0", "google_sta": "OK", "match_stat": "matched" }, "geometry": { "type": "Point", "coordinates": [ -122.4082678, 37.7975606 ] } },
{ "type": "Feature", "properties": { "company_bu": "Target", "address": "Mission St", "city": "San Francisco", "state_abbr": "CA", "zip_code": "94103", "primary_na": "45511001", "primary_si": "531102", "industry_d": "Department Stores, Grocers-Retail, Childrens & Infants Wear-Retail, Clothing-Retail, Toys-Retail, Baby Accessories, House Furnishings-Retail, Bedding, Furniture-Dealers-Retail, Kitchen Accessories, Home Accessories & Furnishings, Appliances-Household-Sma", "affiliated": "NA", "brands": "NA", "headquarte": "Target Stores Inc", "location_c": "High", "naics_indu": "Retail Trade", "business_c": "Branch", "square_foo": "100000+", "employee_c": "8", "sales_volu": "1643000", "corporate_": "Target", "query": "Target, Mission St, San Francisco, CA, 94103", "formatted_": "789 Mission St, San Francisco, CA 94103, United States", "latitude": "37.78440399999999", "longitude": "-122.4038104", "place_id": "ChIJ5y1zsoeAhYARJl9k0fuMdRs", "google_sta": "OK", "match_stat": "matched" }, "geometry": { "type": "Point", "coordinates": [ -122.4038104, 37.784404 ] } },
{ "type": "Feature", "properties": { "company_bu": "Target", "address": "Geary Blvd", "city": "San Francisco", "state_abbr": "CA", "zip_code": "94118", "primary_na": "45511001", "primary_si": "531102", "industry_d": "Department Stores, Baby Accessories, Clothing-Retail, Bedding, Furniture-Dealers-Retail, Kitchen Accessories, Home Accessories & Furnishings, Appliances-Household-Small-Dealers, Video Games, Electronic Equipment & Supplies-Retail, Records Tapes & Compact", "affiliated": "NA", "brands": "NA", "headquarte": "Target Stores Inc", "location_c": "High", "naics_indu": "Retail Trade", "business_c": "Branch", "square_foo": "100000+", "employee_c": "150", "sales_volu": "30805000", "corporate_": "Target", "query": "Target, Geary Blvd, San Francisco, CA, 94118", "formatted_": "2675 Geary Blvd, San Francisco, CA 94118, United States", "latitude": "37.7821957", "longitude": "-122.4468438", "place_id": "ChIJIeLvsUqHhYARYDJ1HzoLki0", "google_sta": "OK", "match_stat": "matched" }, "geometry": { "type": "Point", "coordinates": [ -122.4468438, 37.7821957 ] } },
{ "type": "Feature", "properties": { "company_bu": "Ted's Market", "address": "Howard St", "city": "San Francisco", "state_abbr": "CA", "zip_code": "94103", "primary_na": "44511003", "primary_si": "541105", "industry_d": "Grocers-Retail", "affiliated": "NA", "brands": "NA", "headquarte": "NA", "location_c": "High", "naics_indu": "Retail Trade", "business_c": "Independent", "square_foo": "1500 - 2499", "employee_c": "5", "sales_volu": "1337000", "corporate_": "NA", "query": "Ted's Market, Howard St, San Francisco, CA, 94103", "formatted_": "1530 Howard St, San Francisco, CA 94103, United States", "latitude": "37.7728303", "longitude": "-122.4162045", "place_id": "ChIJ5Tx9eyd-j4ARYvy7ogfQ7wM", "google_sta": "OK", "match_stat": "matched" }, "geometry": { "type": "Point", "coordinates": [ -122.4162045, 37.7728303 ] } },
{ "type": "Feature", "properties": { "company_bu": "The Battambang Market", "address": "Eddy St", "city": "San Francisco", "state_abbr": "CA", "zip_code": "94102", "primary_na": "44511003", "primary_si": "541105", "industry_d": "Grocers-Retail, Greeting Cards-Retail", "affiliated": "NA", "brands": "NA", "headquarte": "NA", "location_c": "High", "naics_indu": "Retail Trade", "business_c": "Independent", "square_foo": "1 - 1499", "employee_c": "2", "sales_volu": "535000", "corporate_": "NA", "query": "The Battambang Market, Eddy St, San Francisco, CA, 94102", "formatted_": "339 Eddy St, San Francisco, CA 94102, United States", "latitude": "37.7837626", "longitude": "-122.4132388", "place_id": "ChIJDfrtBpCAhYARkUuN-8BCLL8", "google_sta": "OK", "match_stat": "matched" }, "geometry": { "type": "Point", "coordinates": [ -122.4132388, 37.7837626 ] } },
{ "type": "Feature", "properties": { "company_bu": "The Epicurean Trader", "address": "Union St", "city": "San Francisco", "state_abbr": "CA", "zip_code": "94123", "primary_na": "42449005", "primary_si": "514937", "industry_d": "Beverages (Whls), Grocers-Ethnic Foods, Bars, Gift Shops, Gifts-Specialty", "affiliated": "NA", "brands": "NA", "headquarte": "NA", "location_c": "High", "naics_indu": "Wholesale Trade", "business_c": "Independent", "square_foo": "1 - 1499", "employee_c": "3", "sales_volu": "5425000", "corporate_": "NA", "query": "The Epicurean Trader, Union St, San Francisco, CA, 94123", "formatted_": "1909 Union St, San Francisco, CA 94123, United States", "latitude": "37.7975803", "longitude": "-122.4309186", "place_id": "ChIJX5krlNqAhYAR-D2T-7XPvzs", "google_sta": "OK", "match_stat": "matched" }, "geometry": { "type": "Point", "coordinates": [ -122.4309186, 37.7975803 ] } },
{ "type": "Feature", "properties": { "company_bu": "The Epicurean Trader", "address": "Hayes St", "city": "San Francisco", "state_abbr": "CA", "zip_code": "94102", "primary_na": "44511003", "primary_si": "541105", "industry_d": "Grocers-Retail, Restaurants, Cheese, Chocolate & Cocoa-Manufacturers", "affiliated": "NA", "brands": "NA", "headquarte": "NA", "location_c": "High", "naics_indu": "Retail Trade", "business_c": "Independent", "square_foo": "1 - 1499", "employee_c": "6", "sales_volu": "1604000", "corporate_": "NA", "query": "The Epicurean Trader, Hayes St, San Francisco, CA, 94102", "formatted_": "465 Hayes St, San Francisco, CA 94102, United States", "latitude": "37.7766464", "longitude": "-122.4238951", "place_id": "ChIJs78Bn8yBhYARyl8b2N91Lp8", "google_sta": "OK", "match_stat": "matched" }, "geometry": { "type": "Point", "coordinates": [ -122.4238951, 37.7766464 ] } },
{ "type": "Feature", "properties": { "company_bu": "the MARKET", "address": "Market St", "city": "San Francisco", "state_abbr": "CA", "zip_code": "94103", "primary_na": "72231009", "primary_si": "581220", "industry_d": "Restaurant Management, Shopping Service-Personal, Grocers-Retail, Federal Government Contractors", "affiliated": "NA", "brands": "NA", "headquarte": "NA", "location_c": "High", "naics_indu": "Accommodation & Food Services", "business_c": "Independent", "square_foo": "5000 - 9999", "employee_c": "8", "sales_volu": "570000", "corporate_": "NA", "query": "the MARKET, Market St, San Francisco, CA, 94103", "formatted_": "1355 Market St suite 100, San Francisco, CA 94103, United States", "latitude": "37.7766667", "longitude": "-122.4169444", "place_id": "ChIJJT-Ha5yAhYARQIKd3ejXo4k", "google_sta": "OK", "match_stat": "matched" }, "geometry": { "type": "Point", "coordinates": [ -122.4169444, 37.7766667 ] } },
{ "type": "Feature", "properties": { "company_bu": "The Spanish Table", "address": "Clement St", "city": "San Francisco", "state_abbr": "CA", "zip_code": "94118", "primary_na": "45521908", "primary_si": "539901", "industry_d": "General Merchandise-Retail, Grocers-Retail", "affiliated": "NA", "brands": "NA", "headquarte": "NA", "location_c": "High", "naics_indu": "Retail Trade", "business_c": "Independent", "square_foo": "1500 - 2499", "employee_c": "3", "sales_volu": "565000", "corporate_": "NA", "query": "The Spanish Table, Clement St, San Francisco, CA, 94118", "formatted_": "130 Clement St, San Francisco, CA 94118, United States", "latitude": "37.7832675", "longitude": "-122.4607835", "place_id": "ChIJ_fPeKjqHhYARZc4X250_xPo", "google_sta": "OK", "match_stat": "matched" }, "geometry": { "type": "Point", "coordinates": [ -122.4607835, 37.7832675 ] } },
{ "type": "Feature", "properties": { "company_bu": "Tian Tian Market Inc", "address": "Stockton St", "city": "San Francisco", "state_abbr": "CA", "zip_code": "94133", "primary_na": "45511003", "primary_si": "531104", "industry_d": "Retail Shops, Grocers-Retail", "affiliated": "NA", "brands": "NA", "headquarte": "NA", "location_c": "High", "naics_indu": "Retail Trade", "business_c": "Independent", "square_foo": "5000 - 9999", "employee_c": "4", "sales_volu": "822000", "corporate_": "NA", "query": "Tian Tian Market Inc, Stockton St, San Francisco, CA, 94133", "formatted_": "1117 Stockton St, San Francisco, CA 94133, United States", "latitude": "37.7960808", "longitude": "-122.4084586", "place_id": "ChIJHYm4bPOAhYARHgidiqwA0hA", "google_sta": "OK", "match_stat": "matched" }, "geometry": { "type": "Point", "coordinates": [ -122.4084586, 37.7960808 ] } },
{ "type": "Feature", "properties": { "company_bu": "Tierra Santa Market", "address": "San Bruno Ave", "city": "San Francisco", "state_abbr": "CA", "zip_code": "94134", "primary_na": "44511003", "primary_si": "541105", "industry_d": "Grocers-Retail", "affiliated": "NA", "brands": "NA", "headquarte": "NA", "location_c": "High", "naics_indu": "Retail Trade", "business_c": "Independent", "square_foo": "1 - 1499", "employee_c": "2", "sales_volu": "535000", "corporate_": "NA", "query": "Tierra Santa Market, San Bruno Ave, San Francisco, CA, 94134", "formatted_": "2890 San Bruno Ave, San Francisco, CA 94134, United States", "latitude": "37.7253086", "longitude": "-122.4027893", "place_id": "ChIJifsvGOJ-j4ARzoMuwmAxNlg", "google_sta": "OK", "match_stat": "matched" }, "geometry": { "type": "Point", "coordinates": [ -122.4027893, 37.7253086 ] } },
{ "type": "Feature", "properties": { "company_bu": "Tim's Market", "address": "Fillmore St", "city": "San Francisco", "state_abbr": "CA", "zip_code": "94117", "primary_na": "44511003", "primary_si": "541105", "industry_d": "Grocers-Retail", "affiliated": "NA", "brands": "NA", "headquarte": "NA", "location_c": "High", "naics_indu": "Retail Trade", "business_c": "Independent", "square_foo": "1 - 1499", "employee_c": "2", "sales_volu": "535000", "corporate_": "NA", "query": "Tim's Market, Fillmore St, San Francisco, CA, 94117", "formatted_": "667 Fillmore St, San Francisco, CA 94117, United States", "latitude": "37.7757125", "longitude": "-122.4313502", "place_id": "ChIJF2eq9aSAhYARVz6at_XsCiQ", "google_sta": "OK", "match_stat": "matched" }, "geometry": { "type": "Point", "coordinates": [ -122.4313502, 37.7757125 ] } },
{ "type": "Feature", "properties": { "company_bu": "Torino Grocery Market", "address": "3rd St", "city": "San Francisco", "state_abbr": "CA", "zip_code": "94124", "primary_na": "44511003", "primary_si": "541105", "industry_d": "Grocers-Retail, Pizza", "affiliated": "NA", "brands": "NA", "headquarte": "NA", "location_c": "High", "naics_indu": "Retail Trade", "business_c": "Independent", "square_foo": "1 - 1499", "employee_c": "3", "sales_volu": "802000", "corporate_": "NA", "query": "Torino Grocery Market, 3rd St, San Francisco, CA, 94124", "formatted_": "4830 3rd St, San Francisco, CA 94124, United States", "latitude": "37.7344093", "longitude": "-122.3910828", "place_id": "ChIJfTe2aQV_j4ARnE-Do3m9oUY", "google_sta": "OK", "match_stat": "matched" }, "geometry": { "type": "Point", "coordinates": [ -122.3910828, 37.7344093 ] } },
{ "type": "Feature", "properties": { "company_bu": "Trader Joe's", "address": "Bay St", "city": "San Francisco", "state_abbr": "CA", "zip_code": "94133", "primary_na": "44511003", "primary_si": "541105", "industry_d": "Grocers-Retail, Wines-Retail, Grocers-Ethnic Foods", "affiliated": "NA", "brands": "NA", "headquarte": "Trader Joe's", "location_c": "High", "naics_indu": "Retail Trade", "business_c": "Branch", "square_foo": "10000 - 19999", "employee_c": "80", "sales_volu": "21379000", "corporate_": "Aldi", "query": "Trader Joe's, Bay St, San Francisco, CA, 94133", "formatted_": "401 Bay St, San Francisco, CA 94133, United States", "latitude": "37.8054852", "longitude": "-122.4137755", "place_id": "ChIJBU6MxOSAhYARYAZiSw44REU", "google_sta": "OK", "match_stat": "matched" }, "geometry": { "type": "Point", "coordinates": [ -122.4137755, 37.8054852 ] } },
{ "type": "Feature", "properties": { "company_bu": "Trader Joe's", "address": "9 Th St", "city": "San Francisco", "state_abbr": "CA", "zip_code": "94103", "primary_na": "44511003", "primary_si": "541105", "industry_d": "Grocers-Retail, Wines-Retail, Grocers-Ethnic Foods", "affiliated": "NA", "brands": "NA", "headquarte": "Trader Joe's", "location_c": "High", "naics_indu": "Retail Trade", "business_c": "Branch", "square_foo": "10000 - 19999", "employee_c": "140", "sales_volu": "37412000", "corporate_": "Aldi", "query": "Trader Joe's, 9 Th St, San Francisco, CA, 94103", "formatted_": "555 9th St, San Francisco, CA 94103, United States", "latitude": "37.7711099", "longitude": "-122.4073786", "place_id": "ChIJBWRDUyl-j4ARbqKZH9F4ezA", "google_sta": "OK", "match_stat": "matched" }, "geometry": { "type": "Point", "coordinates": [ -122.4073786, 37.7711099 ] } },
{ "type": "Feature", "properties": { "company_bu": "Trader Joe's", "address": "Hyde St", "city": "San Francisco", "state_abbr": "CA", "zip_code": "94109", "primary_na": "44511003", "primary_si": "541105", "industry_d": "Grocers-Retail, Wines-Retail, Grocers-Ethnic Foods", "affiliated": "NA", "brands": "NA", "headquarte": "Trader Joe's", "location_c": "High", "naics_indu": "Retail Trade", "business_c": "Branch", "square_foo": "10000 - 19999", "employee_c": "100", "sales_volu": "26723000", "corporate_": "Aldi", "query": "Trader Joe's, Hyde St, San Francisco, CA, 94109", "formatted_": "1095 Hyde St, San Francisco, CA 94109, United States", "latitude": "37.7906551", "longitude": "-122.41776", "place_id": "ChIJi9oZRJOAhYARghWHny7nWBA", "google_sta": "OK", "match_stat": "matched" }, "geometry": { "type": "Point", "coordinates": [ -122.41776, 37.7906551 ] } },
{ "type": "Feature", "properties": { "company_bu": "Trader Joe's", "address": "Winston Dr", "city": "San Francisco", "state_abbr": "CA", "zip_code": "94132", "primary_na": "44511003", "primary_si": "541105", "industry_d": "Grocers-Retail, Wines-Retail, Grocers-Ethnic Foods", "affiliated": "NA", "brands": "NA", "headquarte": "Trader Joe's", "location_c": "High", "naics_indu": "Retail Trade", "business_c": "Branch", "square_foo": "10000 - 19999", "employee_c": "140", "sales_volu": "37412000", "corporate_": "Aldi", "query": "Trader Joe's, Winston Dr, San Francisco, CA, 94132", "formatted_": "265 Winston Dr, San Francisco, CA 94132, United States", "latitude": "37.7266507", "longitude": "-122.4761844", "place_id": "ChIJfzGVGrp9j4ARvr54VKCLQnc", "google_sta": "OK", "match_stat": "matched" }, "geometry": { "type": "Point", "coordinates": [ -122.4761844, 37.7266507 ] } },
{ "type": "Feature", "properties": { "company_bu": "Trader Joe's", "address": "4 Th St", "city": "San Francisco", "state_abbr": "CA", "zip_code": "94103", "primary_na": "44511003", "primary_si": "541105", "industry_d": "Grocers-Retail, Wines-Retail, Grocers-Ethnic Foods", "affiliated": "NA", "brands": "NA", "headquarte": "Trader Joe's", "location_c": "High", "naics_indu": "Retail Trade", "business_c": "Branch", "square_foo": "10000 - 19999", "employee_c": "26", "sales_volu": "6948000", "corporate_": "Aldi", "query": "Trader Joe's, 4 Th St, San Francisco, CA, 94103", "formatted_": "10 4th St, San Francisco, CA 94103, United States", "latitude": "37.7853239", "longitude": "-122.4055518", "place_id": "ChIJLfhTIoaAhYARQJpt5keGfk8", "google_sta": "OK", "match_stat": "matched" }, "geometry": { "type": "Point", "coordinates": [ -122.4055518, 37.7853239 ] } },
{ "type": "Feature", "properties": { "company_bu": "Trader Joe's", "address": "Masonic Ave", "city": "San Francisco", "state_abbr": "CA", "zip_code": "94118", "primary_na": "44511003", "primary_si": "541105", "industry_d": "Grocers-Retail, Wines-Retail, Grocers-Ethnic Foods", "affiliated": "NA", "brands": "NA", "headquarte": "Trader Joe's", "location_c": "Medium", "naics_indu": "Retail Trade", "business_c": "Branch", "square_foo": "10000 - 19999", "employee_c": "150", "sales_volu": "40084000", "corporate_": "Aldi", "query": "Trader Joe's, Masonic Ave, San Francisco, CA, 94118", "formatted_": "3 Masonic Ave, San Francisco, CA 94118, United States", "latitude": "37.7833698", "longitude": "-122.4478739", "place_id": "ChIJGeeuRjWHhYARh6JurlcBi5Y", "google_sta": "OK", "match_stat": "matched" }, "geometry": { "type": "Point", "coordinates": [ -122.4478739, 37.7833698 ] } },
{ "type": "Feature", "properties": { "company_bu": "Trader Joe's", "address": "Fulton St", "city": "San Francisco", "state_abbr": "CA", "zip_code": "94102", "primary_na": "44511003", "primary_si": "541105", "industry_d": "Grocers-Retail", "affiliated": "NA", "brands": "NA", "headquarte": "Trader Joe's", "location_c": "High", "naics_indu": "Retail Trade", "business_c": "Branch", "square_foo": "NA", "employee_c": "63", "sales_volu": "16836000", "corporate_": "Aldi", "query": "Trader Joe's, Fulton St, San Francisco, CA, 94102", "formatted_": "555 Fulton St, San Francisco, CA 94102, United States", "latitude": "37.7780834", "longitude": "-122.4265022", "place_id": "ChIJS51PMACBhYARr4UikntQR0Q", "google_sta": "OK", "match_stat": "matched" }, "geometry": { "type": "Point", "coordinates": [ -122.4265022, 37.7780834 ] } },
{ "type": "Feature", "properties": { "company_bu": "Transfer Market", "address": "Divisadero St", "city": "San Francisco", "state_abbr": "CA", "zip_code": "94117", "primary_na": "44511003", "primary_si": "541105", "industry_d": "Grocers-Retail, Money Transfer Service, Money Order Service", "affiliated": "NA", "brands": "NA", "headquarte": "NA", "location_c": "High", "naics_indu": "Retail Trade", "business_c": "Independent", "square_foo": "1500 - 2499", "employee_c": "2", "sales_volu": "535000", "corporate_": "NA", "query": "Transfer Market, Divisadero St, San Francisco, CA, 94117", "formatted_": "861 Divisadero St, San Francisco, CA 94117, United States", "latitude": "37.7776523", "longitude": "-122.438523", "place_id": "ChIJ-cq4rbGAhYAR_jyC8g7Xb8o", "google_sta": "OK", "match_stat": "matched" }, "geometry": { "type": "Point", "coordinates": [ -122.438523, 37.7776523 ] } },
{ "type": "Feature", "properties": { "company_bu": "Tuong Phong Market", "address": "Ellis St", "city": "San Francisco", "state_abbr": "CA", "zip_code": "94109", "primary_na": "44511003", "primary_si": "541105", "industry_d": "Grocers-Retail", "affiliated": "NA", "brands": "NA", "headquarte": "NA", "location_c": "High", "naics_indu": "Retail Trade", "business_c": "Independent", "square_foo": "1500 - 2499", "employee_c": "4", "sales_volu": "1069000", "corporate_": "NA", "query": "Tuong Phong Market, Ellis St, San Francisco, CA, 94109", "formatted_": "628 Ellis St, San Francisco, CA 94109, United States", "latitude": "37.7845077", "longitude": "-122.4166336", "place_id": "ChIJ34ug5pCAhYARKyCvuvnnaPo", "google_sta": "OK", "match_stat": "matched" }, "geometry": { "type": "Point", "coordinates": [ -122.4166336, 37.7845077 ] } },
{ "type": "Feature", "properties": { "company_bu": "U C Market", "address": "3rd Ave", "city": "San Francisco", "state_abbr": "CA", "zip_code": "94122", "primary_na": "44511003", "primary_si": "541105", "industry_d": "Grocers-Retail", "affiliated": "NA", "brands": "NA", "headquarte": "NA", "location_c": "High", "naics_indu": "Retail Trade", "business_c": "Independent", "square_foo": "1500 - 2499", "employee_c": "1", "sales_volu": "268000", "corporate_": "NA", "query": "U C Market, 3rd Ave, San Francisco, CA, 94122", "formatted_": "1251 3rd Ave, San Francisco, CA 94122, United States", "latitude": "37.7651691", "longitude": "-122.4601619", "place_id": "ChIJx68NOlqHhYARiK2_kprO44c", "google_sta": "OK", "match_stat": "matched" }, "geometry": { "type": "Point", "coordinates": [ -122.4601619, 37.7651691 ] } },
{ "type": "Feature", "properties": { "company_bu": "Un Market", "address": "Post St", "city": "San Francisco", "state_abbr": "CA", "zip_code": "94109", "primary_na": "44511003", "primary_si": "541105", "industry_d": "Grocers-Retail", "affiliated": "NA", "brands": "NA", "headquarte": "NA", "location_c": "High", "naics_indu": "Retail Trade", "business_c": "Independent", "square_foo": "1 - 1499", "employee_c": "1", "sales_volu": "268000", "corporate_": "NA", "query": "Un Market, Post St, San Francisco, CA, 94109", "formatted_": "900 Post St, San Francisco, CA 94109, United States", "latitude": "37.7873647", "longitude": "-122.4169285", "place_id": "ChIJ28NU35OAhYARPeZKyPY9t2E", "google_sta": "OK", "match_stat": "matched" }, "geometry": { "type": "Point", "coordinates": [ -122.4169285, 37.7873647 ] } },
{ "type": "Feature", "properties": { "company_bu": "Unimart", "address": "Howard St", "city": "San Francisco", "state_abbr": "CA", "zip_code": "94103", "primary_na": "44511003", "primary_si": "541105", "industry_d": "Grocers-Retail, Convenience Stores, Service Stations-Gasoline & Oil", "affiliated": "NA", "brands": "NA", "headquarte": "NA", "location_c": "High", "naics_indu": "Retail Trade", "business_c": "Independent", "square_foo": "2500 - 4999", "employee_c": "2", "sales_volu": "535000", "corporate_": "NA", "query": "Unimart, Howard St, San Francisco, CA, 94103", "formatted_": "1201 Howard St, San Francisco, CA 94103, United States", "latitude": "37.7759411", "longitude": "-122.4115719", "place_id": "ChIJC26fxIKAhYARvIOXekYDQX4", "google_sta": "OK", "match_stat": "matched" }, "geometry": { "type": "Point", "coordinates": [ -122.4115719, 37.7759411 ] } },
{ "type": "Feature", "properties": { "company_bu": "Upper Terrace Market", "address": "17th St", "city": "San Francisco", "state_abbr": "CA", "zip_code": "94114", "primary_na": "44511003", "primary_si": "541105", "industry_d": "Grocers-Retail", "affiliated": "NA", "brands": "NA", "headquarte": "NA", "location_c": "High", "naics_indu": "Retail Trade", "business_c": "Independent", "square_foo": "1 - 1499", "employee_c": "2", "sales_volu": "535000", "corporate_": "NA", "query": "Upper Terrace Market, 17th St, San Francisco, CA, 94114", "formatted_": "4499 17th St, San Francisco, CA 94114, United States", "latitude": "37.761769", "longitude": "-122.4452772", "place_id": "ChIJeRrxXwB-j4ARBUsn4D7LSdc", "google_sta": "OK", "match_stat": "matched" }, "geometry": { "type": "Point", "coordinates": [ -122.4452772, 37.761769 ] } },
{ "type": "Feature", "properties": { "company_bu": "US Foods | CHEF'STORE", "address": "S Van Ness Ave", "city": "San Francisco", "state_abbr": "CA", "zip_code": "94103", "primary_na": "42441005", "primary_si": "514105", "industry_d": "Grocers-Wholesale, Restaurant/Commercial Kitchen Equipment & Supplies (Whls), Food Service-Distributors (Whls), Food Service-Supplies (Whls), Grocers-Retail, Warehouses, Food Products (Whls), Check Cashing Service, Groceries & Related Products NEC (Whls)", "affiliated": "NA", "brands": "NA", "headquarte": "US Foods Holding Corp", "location_c": "High", "naics_indu": "Wholesale Trade", "business_c": "Branch", "square_foo": "10000 - 19999", "employee_c": "10", "sales_volu": "22022000", "corporate_": "NA", "query": "US Foods | CHEF'STORE, S Van Ness Ave, San Francisco, CA, 94103", "formatted_": "170 S Van Ness Ave, San Francisco, CA 94103, United States", "latitude": "37.7705574", "longitude": "-122.4185026", "place_id": "ChIJNexR0CZ-j4ARyPl4a4au75M", "google_sta": "OK", "match_stat": "matched" }, "geometry": { "type": "Point", "coordinates": [ -122.4185026, 37.7705574 ] } },
{ "type": "Feature", "properties": { "company_bu": "USA Market", "address": "Eddy St", "city": "San Francisco", "state_abbr": "CA", "zip_code": "94109", "primary_na": "44511003", "primary_si": "541105", "industry_d": "Grocers-Retail", "affiliated": "NA", "brands": "NA", "headquarte": "NA", "location_c": "High", "naics_indu": "Retail Trade", "business_c": "Independent", "square_foo": "1500 - 2499", "employee_c": "2", "sales_volu": "535000", "corporate_": "NA", "query": "USA Market, Eddy St, San Francisco, CA, 94109", "formatted_": "904 Eddy St, San Francisco, CA 94109, United States", "latitude": "37.7827588", "longitude": "-122.4226882", "place_id": "ChIJNWD1tZeAhYARRzzhB2xrixM", "google_sta": "OK", "match_stat": "matched" }, "geometry": { "type": "Point", "coordinates": [ -122.4226882, 37.7827588 ] } },
{ "type": "Feature", "properties": { "company_bu": "Valencia Farmer's Market", "address": "Valencia St", "city": "San Francisco", "state_abbr": "CA", "zip_code": "94110", "primary_na": "44511003", "primary_si": "541105", "industry_d": "Grocers-Retail, Restaurants", "affiliated": "NA", "brands": "NA", "headquarte": "NA", "location_c": "High", "naics_indu": "Retail Trade", "business_c": "Independent", "square_foo": "1 - 1499", "employee_c": "3", "sales_volu": "802000", "corporate_": "NA", "query": "Valencia Farmer's Market, Valencia St, San Francisco, CA, 94110", "formatted_": "1299 Valencia St, San Francisco, CA 94110, United States", "latitude": "37.7522475", "longitude": "-122.4205638", "place_id": "ChIJJbHThEB-j4ARJE3tTWqjBUw", "google_sta": "OK", "match_stat": "matched" }, "geometry": { "type": "Point", "coordinates": [ -122.4205638, 37.7522475 ] } },
{ "type": "Feature", "properties": { "company_bu": "Valentino Market", "address": "Filbert St", "city": "San Francisco", "state_abbr": "CA", "zip_code": "94123", "primary_na": "44511003", "primary_si": "541105", "industry_d": "Grocers-Retail", "affiliated": "NA", "brands": "NA", "headquarte": "NA", "location_c": "High", "naics_indu": "Retail Trade", "business_c": "Independent", "square_foo": "1500 - 2499", "employee_c": "1", "sales_volu": "268000", "corporate_": "NA", "query": "Valentino Market, Filbert St, San Francisco, CA, 94123", "formatted_": "2000 Filbert St, San Francisco, CA 94123, United States", "latitude": "37.79852169999999", "longitude": "-122.4325863", "place_id": "ChIJxZGmWN-BhYARALjwRGOmT98", "google_sta": "OK", "match_stat": "matched" }, "geometry": { "type": "Point", "coordinates": [ -122.4325863, 37.798521699999988 ] } },
{ "type": "Feature", "properties": { "company_bu": "VegiLand Market Inc", "address": "Stockton St", "city": "San Francisco", "state_abbr": "CA", "zip_code": "94108", "primary_na": "44511003", "primary_si": "541105", "industry_d": "Grocers-Retail", "affiliated": "NA", "brands": "NA", "headquarte": "NA", "location_c": "High", "naics_indu": "Retail Trade", "business_c": "Independent", "square_foo": "1500 - 2499", "employee_c": "2", "sales_volu": "535000", "corporate_": "NA", "query": "VegiLand Market Inc, Stockton St, San Francisco, CA, 94108", "formatted_": "1055 Stockton St, San Francisco, CA 94108, United States", "latitude": "37.7957273", "longitude": "-122.4083916", "place_id": "ChIJM1AeQPOAhYARS22C9YaVPD4", "google_sta": "OK", "match_stat": "matched" }, "geometry": { "type": "Point", "coordinates": [ -122.4083916, 37.7957273 ] } },
{ "type": "Feature", "properties": { "company_bu": "Village Market Kabo", "address": "Ferry Building", "city": "San Francisco", "state_abbr": "CA", "zip_code": "94111", "primary_na": "44511003", "primary_si": "541105", "industry_d": "Grocers-Retail", "affiliated": "NA", "brands": "NA", "headquarte": "NA", "location_c": "Medium", "naics_indu": "Retail Trade", "business_c": "Independent", "square_foo": "2500 - 4999", "employee_c": "3", "sales_volu": "802000", "corporate_": "NA", "query": "Village Market Kabo, Ferry Building, San Francisco, CA, 94111", "formatted_": "One Ferry Building, Ferry Bldg #29, San Francisco, CA 94111, United States", "latitude": "37.7955703", "longitude": "-122.3933208", "place_id": "ChIJWTGPjmaAhYARXJjfxF5X--Y", "google_sta": "OK", "match_stat": "matched" }, "geometry": { "type": "Point", "coordinates": [ -122.3933208, 37.7955703 ] } },
{ "type": "Feature", "properties": { "company_bu": "VJ Grocery", "address": "Clay St", "city": "San Francisco", "state_abbr": "CA", "zip_code": "94108", "primary_na": "44511003", "primary_si": "541105", "industry_d": "Grocers-Retail", "affiliated": "NA", "brands": "NA", "headquarte": "NA", "location_c": "High", "naics_indu": "Retail Trade", "business_c": "Independent", "square_foo": "1 - 1499", "employee_c": "2", "sales_volu": "535000", "corporate_": "NA", "query": "VJ Grocery, Clay St, San Francisco, CA, 94108", "formatted_": "1199 Clay St, San Francisco, CA 94108, United States", "latitude": "37.7933123", "longitude": "-122.4126997", "place_id": "ChIJK4GIVe2AhYARmbJKnmuglXk", "google_sta": "OK", "match_stat": "matched" }, "geometry": { "type": "Point", "coordinates": [ -122.4126997, 37.7933123 ] } },
{ "type": "Feature", "properties": { "company_bu": "Walgreens", "address": "California St", "city": "San Francisco", "state_abbr": "CA", "zip_code": "94118", "primary_na": "45611009", "primary_si": "591205", "industry_d": "Pharmacies, Variety Stores, Grocers-Retail, Vitamin & Food Supplements, Health Care Products, First Aid Supplies, Greeting Cards-Retail, Cosmetics & Perfumes-Retail, Photo Finishing-Retail", "affiliated": "NA", "brands": "NA", "headquarte": "Walgreen Co", "location_c": "High", "naics_indu": "Retail Trade", "business_c": "Branch", "square_foo": "10000 - 19999", "employee_c": "40", "sales_volu": "13995000", "corporate_": "Walgreens Boots Alliance", "query": "Walgreens, California St, San Francisco, CA, 94118", "formatted_": "3601 California St, San Francisco, CA 94118, United States", "latitude": "37.786137600000004", "longitude": "-122.4535371", "place_id": "ChIJOxu0RjGHhYARqfx6uYarY3s", "google_sta": "OK", "match_stat": "matched" }, "geometry": { "type": "Point", "coordinates": [ -122.4535371, 37.7861376 ] } },
{ "type": "Feature", "properties": { "company_bu": "Welcome Supermarket", "address": "Folsom St", "city": "San Francisco", "state_abbr": "CA", "zip_code": "94103", "primary_na": "44511003", "primary_si": "541105", "industry_d": "Grocers-Retail", "affiliated": "NA", "brands": "NA", "headquarte": "NA", "location_c": "High", "naics_indu": "Retail Trade", "business_c": "Independent", "square_foo": "1500 - 2499", "employee_c": "2", "sales_volu": "535000", "corporate_": "NA", "query": "Welcome Supermarket, Folsom St, San Francisco, CA, 94103", "formatted_": "1141 Folsom St, San Francisco, CA 94103, United States", "latitude": "37.7759286", "longitude": "-122.4086906", "place_id": "ChIJp9BucoKAhYARysjwtLBMNJI", "google_sta": "OK", "match_stat": "matched" }, "geometry": { "type": "Point", "coordinates": [ -122.4086906, 37.7759286 ] } },
{ "type": "Feature", "properties": { "company_bu": "West Portal Produce Market", "address": "West Portal Ave", "city": "San Francisco", "state_abbr": "CA", "zip_code": "94127", "primary_na": "44511003", "primary_si": "541105", "industry_d": "Grocers-Retail", "affiliated": "NA", "brands": "NA", "headquarte": "NA", "location_c": "High", "naics_indu": "Retail Trade", "business_c": "Independent", "square_foo": "20000 - 39999", "employee_c": "20", "sales_volu": "5345000", "corporate_": "NA", "query": "West Portal Produce Market, West Portal Ave, San Francisco, CA, 94127", "formatted_": "222 W Portal Ave, San Francisco, CA 94127, United States", "latitude": "37.7387208", "longitude": "-122.468497", "place_id": "ChIJWd2ru-p9j4ARb4zyNOy_hZg", "google_sta": "OK", "match_stat": "matched" }, "geometry": { "type": "Point", "coordinates": [ -122.468497, 37.7387208 ] } },
{ "type": "Feature", "properties": { "company_bu": "WFM Coffee Bar", "address": "Ocean Ave", "city": "San Francisco", "state_abbr": "CA", "zip_code": "94112", "primary_na": "72251505", "primary_si": "581228", "industry_d": "Coffee Shops, Coffee & Tea, Grocers-Retail", "affiliated": "NA", "brands": "NA", "headquarte": "Whole Foods Market, Inc", "location_c": "High", "naics_indu": "Accommodation & Food Services", "business_c": "Branch", "square_foo": "1 - 1499", "employee_c": "10", "sales_volu": "712000", "corporate_": "NA", "query": "WFM Coffee Bar, Ocean Ave, San Francisco, CA, 94112", "formatted_": "1150 Ocean Ave, San Francisco, CA 94112, United States", "latitude": "37.7237744", "longitude": "-122.4550507", "place_id": "ChIJyfKYvK59j4AR3SINJJjvCpo", "google_sta": "OK", "match_stat": "matched" }, "geometry": { "type": "Point", "coordinates": [ -122.4550507, 37.7237744 ] } },
{ "type": "Feature", "properties": { "company_bu": "Whole Foods Market", "address": "Ocean Ave", "city": "San Francisco", "state_abbr": "CA", "zip_code": "94112", "primary_na": "44511003", "primary_si": "541105", "industry_d": "Grocers-Retail, Organic Foods & Services, Florists-Retail, Vitamin & Food Supplements", "affiliated": "NA", "brands": "NA", "headquarte": "Whole Foods Market, Inc", "location_c": "High", "naics_indu": "Retail Trade", "business_c": "Branch", "square_foo": "20000 - 39999", "employee_c": "200", "sales_volu": "53446000", "corporate_": "Amazon.com", "query": "Whole Foods Market, Ocean Ave, San Francisco, CA, 94112", "formatted_": "1150 Ocean Ave, San Francisco, CA 94112, United States", "latitude": "37.7237983", "longitude": "-122.4545528", "place_id": "ChIJq6qqqoZ-j4ARg4Jybn5PcoM", "google_sta": "OK", "match_stat": "matched" }, "geometry": { "type": "Point", "coordinates": [ -122.4545528, 37.7237983 ] } },
{ "type": "Feature", "properties": { "company_bu": "Whole Foods Market", "address": "24th St", "city": "San Francisco", "state_abbr": "CA", "zip_code": "94114", "primary_na": "44511003", "primary_si": "541105", "industry_d": "Grocers-Retail, Vitamin & Food Supplements, Organic Foods & Services, Florists-Retail", "affiliated": "NA", "brands": "NA", "headquarte": "Whole Foods Market, Inc", "location_c": "High", "naics_indu": "Retail Trade", "business_c": "Branch", "square_foo": "20000 - 39999", "employee_c": "75", "sales_volu": "20042000", "corporate_": "Amazon.com", "query": "Whole Foods Market, 24th St, San Francisco, CA, 94114", "formatted_": "3950 24th St, San Francisco, CA 94114, United States", "latitude": "37.7519697", "longitude": "-122.4308871", "place_id": "ChIJpaZAnhN-j4ARC-HGxxzejQ8", "google_sta": "OK", "match_stat": "matched" }, "geometry": { "type": "Point", "coordinates": [ -122.4308871, 37.7519697 ] } },
{ "type": "Feature", "properties": { "company_bu": "Whole Foods Market", "address": "Stanyan St", "city": "San Francisco", "state_abbr": "CA", "zip_code": "94117", "primary_na": "44511003", "primary_si": "541105", "industry_d": "Grocers-Retail, Food Products (Whls), Chinese Food Products, Restaurants, Organic Foods & Services, Florists-Retail, Vitamin & Food Supplements", "affiliated": "NA", "brands": "NA", "headquarte": "Whole Foods Market, Inc", "location_c": "High", "naics_indu": "Retail Trade", "business_c": "Branch", "square_foo": "20000 - 39999", "employee_c": "148", "sales_volu": "39550000", "corporate_": "Amazon.com", "query": "Whole Foods Market, Stanyan St, San Francisco, CA, 94117", "formatted_": "690 Stanyan St, San Francisco, CA 94117, United States", "latitude": "37.769483", "longitude": "-122.4530294", "place_id": "ChIJU7KLkFGHhYARM2eYQ9u3yJE", "google_sta": "OK", "match_stat": "matched" }, "geometry": { "type": "Point", "coordinates": [ -122.4530294, 37.769483 ] } },
{ "type": "Feature", "properties": { "company_bu": "Whole Foods Market", "address": "Market St", "city": "San Francisco", "state_abbr": "CA", "zip_code": "94114", "primary_na": "44511003", "primary_si": "541105", "industry_d": "Grocers-Retail, Health & Diet Foods-Retail, Organic Foods & Services, Florists-Retail, Vitamin & Food Supplements", "affiliated": "NA", "brands": "NA", "headquarte": "Whole Foods Market, Inc", "location_c": "Medium", "naics_indu": "Retail Trade", "business_c": "Branch", "square_foo": "20000 - 39999", "employee_c": "150", "sales_volu": "40084000", "corporate_": "Amazon.com", "query": "Whole Foods Market, Market St, San Francisco, CA, 94114", "formatted_": "2001 Market St, San Francisco, CA 94114, United States", "latitude": "37.7687595", "longitude": "-122.4270525", "place_id": "ChIJMdstMx5-j4ARTiRtCtd6LFg", "google_sta": "OK", "match_stat": "matched" }, "geometry": { "type": "Point", "coordinates": [ -122.4270525, 37.7687595 ] } },
{ "type": "Feature", "properties": { "company_bu": "Whole Foods Market", "address": "California St", "city": "San Francisco", "state_abbr": "CA", "zip_code": "94109", "primary_na": "44511003", "primary_si": "541105", "industry_d": "Grocers-Retail, Organic Foods & Services, Florists-Retail, Vitamin & Food Supplements, Electric Charging Station", "affiliated": "NA", "brands": "NA", "headquarte": "Whole Foods Market, Inc", "location_c": "High", "naics_indu": "Retail Trade", "business_c": "Branch", "square_foo": "20000 - 39999", "employee_c": "150", "sales_volu": "40084000", "corporate_": "Amazon.com", "query": "Whole Foods Market, California St, San Francisco, CA, 94109", "formatted_": "1765 California St, San Francisco, CA 94109, United States", "latitude": "37.790107", "longitude": "-122.4233935", "place_id": "ChIJC55dsuqAhYARQApjF1OPPWU", "google_sta": "OK", "match_stat": "matched" }, "geometry": { "type": "Point", "coordinates": [ -122.4233935, 37.790107 ] } },
{ "type": "Feature", "properties": { "company_bu": "Whole Foods Market", "address": "Rhode Island St", "city": "San Francisco", "state_abbr": "CA", "zip_code": "94107", "primary_na": "44511003", "primary_si": "541105", "industry_d": "Grocers-Retail, Organic Foods & Services, Florists-Retail, Vitamin & Food Supplements", "affiliated": "NA", "brands": "NA", "headquarte": "Whole Foods Market, Inc", "location_c": "High", "naics_indu": "Retail Trade", "business_c": "Branch", "square_foo": "20000 - 39999", "employee_c": "20", "sales_volu": "5345000", "corporate_": "Amazon.com", "query": "Whole Foods Market, Rhode Island St, San Francisco, CA, 94107", "formatted_": "450 Rhode Island St, San Francisco, CA 94107, United States", "latitude": "37.7643326", "longitude": "-122.4028178", "place_id": "ChIJnwZ_QDN-j4ARZgoZ-NAkywY", "google_sta": "OK", "match_stat": "matched" }, "geometry": { "type": "Point", "coordinates": [ -122.4028178, 37.7643326 ] } },
{ "type": "Feature", "properties": { "company_bu": "Whole Foods Market", "address": "4th St", "city": "San Francisco", "state_abbr": "CA", "zip_code": "94107", "primary_na": "44511003", "primary_si": "541105", "industry_d": "Grocers-Retail, Organic Foods & Services, Florists-Retail, Vitamin & Food Supplements, Electric Charging Station", "affiliated": "NA", "brands": "NA", "headquarte": "Whole Foods Market, Inc", "location_c": "High", "naics_indu": "Retail Trade", "business_c": "Branch", "square_foo": "20000 - 39999", "employee_c": "41", "sales_volu": "10957000", "corporate_": "Amazon.com", "query": "Whole Foods Market, 4th St, San Francisco, CA, 94107", "formatted_": "399 4th St, San Francisco, CA 94107, United States", "latitude": "37.7813901", "longitude": "-122.3996464", "place_id": "ChIJhYcNTH6AhYARLCy6SOK5mbo", "google_sta": "OK", "match_stat": "matched" }, "geometry": { "type": "Point", "coordinates": [ -122.3996464, 37.7813901 ] } },
{ "type": "Feature", "properties": { "company_bu": "Whole Foods Market", "address": "20 Th Ave", "city": "San Francisco", "state_abbr": "CA", "zip_code": "94132", "primary_na": "44511003", "primary_si": "541105", "industry_d": "Grocers-Retail", "affiliated": "NA", "brands": "NA", "headquarte": "Whole Foods Market, Inc", "location_c": "High", "naics_indu": "Retail Trade", "business_c": "Branch", "square_foo": "NA", "employee_c": "68", "sales_volu": "18172000", "corporate_": "Amazon.com", "query": "Whole Foods Market, 20 Th Ave, San Francisco, CA, 94132", "formatted_": "3251 20th Ave Suite 340, San Francisco, CA 94132, United States", "latitude": "37.7293049", "longitude": "-122.4762085", "place_id": "ChIJIQ3RBlh9j4ARGtcTX2YAI4M", "google_sta": "OK", "match_stat": "matched" }, "geometry": { "type": "Point", "coordinates": [ -122.4762085, 37.7293049 ] } },
{ "type": "Feature", "properties": { "company_bu": "Wing Cheung", "address": "Irving St", "city": "San Francisco", "state_abbr": "CA", "zip_code": "94122", "primary_na": "44511003", "primary_si": "541105", "industry_d": "Grocers-Retail", "affiliated": "NA", "brands": "NA", "headquarte": "NA", "location_c": "High", "naics_indu": "Retail Trade", "business_c": "Independent", "square_foo": "1500 - 2499", "employee_c": "2", "sales_volu": "535000", "corporate_": "NA", "query": "Wing Cheung, Irving St, San Francisco, CA, 94122", "formatted_": "2121 Irving St, San Francisco, CA 94122, United States", "latitude": "37.7632852", "longitude": "-122.48076", "place_id": "ChIJHYmwAnCHhYARH3V0493J3EM", "google_sta": "OK", "match_stat": "matched" }, "geometry": { "type": "Point", "coordinates": [ -122.48076, 37.7632852 ] } },
{ "type": "Feature", "properties": { "company_bu": "WK Market", "address": "24th St", "city": "San Francisco", "state_abbr": "CA", "zip_code": "94110", "primary_na": "44511003", "primary_si": "541105", "industry_d": "Grocers-Retail", "affiliated": "NA", "brands": "NA", "headquarte": "NA", "location_c": "High", "naics_indu": "Retail Trade", "business_c": "Independent", "square_foo": "1500 - 2499", "employee_c": "4", "sales_volu": "1069000", "corporate_": "NA", "query": "WK Market, 24th St, San Francisco, CA, 94110", "formatted_": "3098 24th St, San Francisco, CA 94110, United States", "latitude": "37.7526163", "longitude": "-122.4139274", "place_id": "ChIJnVjby0d-j4ARHEXv9pOyKEg", "google_sta": "OK", "match_stat": "matched" }, "geometry": { "type": "Point", "coordinates": [ -122.4139274, 37.7526163 ] } },
{ "type": "Feature", "properties": { "company_bu": "Wonkow Food Products", "address": "Stockton St", "city": "San Francisco", "state_abbr": "CA", "zip_code": "94108", "primary_na": "44511003", "primary_si": "541105", "industry_d": "Grocers-Retail", "affiliated": "NA", "brands": "NA", "headquarte": "NA", "location_c": "High", "naics_indu": "Retail Trade", "business_c": "Independent", "square_foo": "1 - 1499", "employee_c": "1", "sales_volu": "268000", "corporate_": "NA", "query": "Wonkow Food Products, Stockton St, San Francisco, CA, 94108", "formatted_": "863 Washington St, San Francisco, CA 94108, United States", "latitude": "37.7949294", "longitude": "-122.4076314", "place_id": "ChIJ6YqcWfOAhYARrxQ5s-t0jaA", "google_sta": "OK", "match_stat": "matched" }, "geometry": { "type": "Point", "coordinates": [ -122.4076314, 37.7949294 ] } },
{ "type": "Feature", "properties": { "company_bu": "Woodland Markets", "address": "Main St", "city": "San Francisco", "state_abbr": "CA", "zip_code": "94105", "primary_na": "45511003", "primary_si": "531104", "industry_d": "Retail Shops, Grocers-Retail", "affiliated": "NA", "brands": "NA", "headquarte": "NA", "location_c": "High", "naics_indu": "Retail Trade", "business_c": "Independent", "square_foo": "5000 - 9999", "employee_c": "4", "sales_volu": "822000", "corporate_": "NA", "query": "Woodland Markets, Main St, San Francisco, CA, 94105", "formatted_": "203 Folsom St, San Francisco, CA 94105, United States", "latitude": "37.7890895", "longitude": "-122.3920523", "place_id": "ChIJ4zPD53qAhYAR6rKmEpiEMnM", "google_sta": "OK", "match_stat": "matched" }, "geometry": { "type": "Point", "coordinates": [ -122.3920523, 37.7890895 ] } },
{ "type": "Feature", "properties": { "company_bu": "Woori Market", "address": "Fillmore St", "city": "San Francisco", "state_abbr": "CA", "zip_code": "94115", "primary_na": "44511003", "primary_si": "541105", "industry_d": "Grocers-Retail", "affiliated": "NA", "brands": "NA", "headquarte": "NA", "location_c": "High", "naics_indu": "Retail Trade", "business_c": "Independent", "square_foo": "1500 - 2499", "employee_c": "7", "sales_volu": "1871000", "corporate_": "NA", "query": "Woori Market, Fillmore St, San Francisco, CA, 94115", "formatted_": "1528 Fillmore St, San Francisco, CA 94115, United States", "latitude": "37.7837596", "longitude": "-122.4326823", "place_id": "ChIJIfEjobmAhYARxHhdK3AZ33g", "google_sta": "OK", "match_stat": "matched" }, "geometry": { "type": "Point", "coordinates": [ -122.4326823, 37.7837596 ] } },
{ "type": "Feature", "properties": { "company_bu": "Yang Tze Market", "address": "Mission St", "city": "San Francisco", "state_abbr": "CA", "zip_code": "94110", "primary_na": "44524006", "primary_si": "542107", "industry_d": "Meat-Retail, Grocers-Retail", "affiliated": "NA", "brands": "NA", "headquarte": "NA", "location_c": "High", "naics_indu": "Retail Trade", "business_c": "Independent", "square_foo": "2500 - 4999", "employee_c": "6", "sales_volu": "1558000", "corporate_": "NA", "query": "Yang Tze Market, Mission St, San Francisco, CA, 94110", "formatted_": "2026 Mission St, San Francisco, CA 94110, United States", "latitude": "37.7645164", "longitude": "-122.4198119", "place_id": "ChIJ26NacyN-j4ARCY0ekUy5HUQ", "google_sta": "OK", "match_stat": "matched" }, "geometry": { "type": "Point", "coordinates": [ -122.4198119, 37.7645164 ] } },
{ "type": "Feature", "properties": { "company_bu": "Yang Tze Market", "address": "Mission St", "city": "San Francisco", "state_abbr": "CA", "zip_code": "94112", "primary_na": "44511003", "primary_si": "541105", "industry_d": "Grocers-Retail", "affiliated": "NA", "brands": "NA", "headquarte": "NA", "location_c": "High", "naics_indu": "Retail Trade", "business_c": "Independent", "square_foo": "2500 - 4999", "employee_c": "5", "sales_volu": "1337000", "corporate_": "NA", "query": "Yang Tze Market, Mission St, San Francisco, CA, 94112", "formatted_": "4599 Mission St, San Francisco, CA 94112, United States", "latitude": "37.7247276", "longitude": "-122.4346134", "place_id": "ChIJLemorYh-j4ARUXzg1Eg9dTQ", "google_sta": "OK", "match_stat": "matched" }, "geometry": { "type": "Point", "coordinates": [ -122.4346134, 37.7247276 ] } },
{ "type": "Feature", "properties": { "company_bu": "Yogi Food Market", "address": "Sutter St", "city": "San Francisco", "state_abbr": "CA", "zip_code": "94109", "primary_na": "44511003", "primary_si": "541105", "industry_d": "Grocers-Retail", "affiliated": "NA", "brands": "NA", "headquarte": "NA", "location_c": "High", "naics_indu": "Retail Trade", "business_c": "Independent", "square_foo": "1500 - 2499", "employee_c": "3", "sales_volu": "802000", "corporate_": "NA", "query": "Yogi Food Market, Sutter St, San Francisco, CA, 94109", "formatted_": "908 Sutter St, San Francisco, CA 94109, United States", "latitude": "37.7885566", "longitude": "-122.4154415", "place_id": "ChIJn59c3j6BhYARtfXMslko2Bc", "google_sta": "OK", "match_stat": "matched" }, "geometry": { "type": "Point", "coordinates": [ -122.4154415, 37.7885566 ] } },
{ "type": "Feature", "properties": { "company_bu": "Your Market", "address": "48th Ave", "city": "San Francisco", "state_abbr": "CA", "zip_code": "94122", "primary_na": "44511003", "primary_si": "541105", "industry_d": "Grocers-Retail", "affiliated": "NA", "brands": "NA", "headquarte": "NA", "location_c": "High", "naics_indu": "Retail Trade", "business_c": "Independent", "square_foo": "1500 - 2499", "employee_c": "3", "sales_volu": "802000", "corporate_": "NA", "query": "Your Market, 48th Ave, San Francisco, CA, 94122", "formatted_": "1460 48th Ave, San Francisco, CA 94122, United States", "latitude": "37.7591857", "longitude": "-122.507884", "place_id": "ChIJ7fSvtJaHhYAR1E50SuOBXmY", "google_sta": "OK", "match_stat": "matched" }, "geometry": { "type": "Point", "coordinates": [ -122.507884, 37.7591857 ] } }
]
}
