{
"type": "FeatureCollection",
"name": "sf_all_shop",
"features": [
{ "type": "Feature", "properties": { "full_id": "r3585039", "osm_id": "3585039", "osm_type": "relation", "shop": "supermarket", "contact_ph": null, "name_zh": null, "addr_unit": null, "official_n": null, "contact_fa": null, "sfgov_OBJN": null, "payment_co": null, "organic": null, "level": null, "origin": null, "alt_name": null, "addr_house": null, "atm": null, "payment_de": null, "payment_cr": null, "payment_ca": null, "roof_shape": null, "start_date": null, "roof_colou": null, "internet_a": null, "building_c": null, "layer": null, "operator": null, "wikipedia": null, "wikidata": null, "payment_vi": null, "payment_ma": null, "image": null, "email": null, "cooperativ": null, "roof_level": null, "check_date": null, "smoking": null, "ref": null, "branch": null, "wheelchair": null, "phone": null, "height": null, "designatio": null, "website": "https://local.andronicos.com/ca/san-francisco/1200-irving-st.html", "type": "multipolygon", "opening_ho": "06:00-23:00", "name": "Andronico's Community Market", "check_da_1": "2025-09-24", "building_l": "1", "building": "retail", "brand_wiki": "Q4759491", "brand": "Andronico's", "addr_stree": "Irving Street", "addr_state": "CA", "addr_postc": "94122", "addr_hou_1": "1200", "addr_count": "US", "addr_city": "San Francisco", "name_zh-Ha": null, "name_zh-_1": null, "name_ko": null, "name_en": null, "alt_name_k": null, "payment_am": null, "entrance": null, "door": null, "automatic_": null, "drink_wine": null, "diet_veget": null, "diet_vegan": null, "diet_halal": null, "descriptio": null, "wikimedia_": null, "payment_ap": null, "cuisine": null, "toilets_wh": null, "old_name": null, "addr_cou_1": null, "visibility": null, "support": null, "faces": null, "display": null, "date": null, "amenity": null, "self_check": null, "opening__1": null, "internet_1": null, "dog": null, "path": "/Users/admin/Desktop/QGIS/Polygon_markets_sf.shp" }, "geometry": { "type": "Point", "coordinates": [ -122.4711677, 37.7641325 ] } },
{ "type": "Feature", "properties": { "full_id": "w25821952", "osm_id": "25821952", "osm_type": "way", "shop": "supermarket", "contact_ph": null, "name_zh": null, "addr_unit": null, "official_n": null, "contact_fa": null, "sfgov_OBJN": null, "payment_co": null, "organic": null, "level": null, "origin": null, "alt_name": null, "addr_house": null, "atm": null, "payment_de": null, "payment_cr": null, "payment_ca": null, "roof_shape": null, "start_date": null, "roof_colou": null, "internet_a": null, "building_c": null, "layer": null, "operator": null, "wikipedia": null, "wikidata": null, "payment_vi": null, "payment_ma": null, "image": null, "email": null, "cooperativ": null, "roof_level": null, "check_date": null, "smoking": null, "ref": null, "branch": null, "wheelchair": null, "phone": null, "height": null, "designatio": null, "website": null, "type": null, "opening_ho": "06:00-01:00", "name": "Foods Co", "check_da_1": null, "building_l": null, "building": "retail", "brand_wiki": "Q5465282", "brand": "Foods Co", "addr_stree": "Folsom Street", "addr_state": null, "addr_postc": null, "addr_hou_1": "1800", "addr_count": null, "addr_city": null, "name_zh-Ha": null, "name_zh-_1": null, "name_ko": null, "name_en": null, "alt_name_k": null, "payment_am": null, "entrance": null, "door": null, "automatic_": null, "drink_wine": null, "diet_veget": null, "diet_vegan": null, "diet_halal": null, "descriptio": null, "wikimedia_": null, "payment_ap": null, "cuisine": null, "toilets_wh": null, "old_name": null, "addr_cou_1": null, "visibility": null, "support": null, "faces": null, "display": null, "date": null, "amenity": null, "self_check": null, "opening__1": null, "internet_1": null, "dog": null, "path": "/Users/admin/Desktop/QGIS/Polygon_markets_sf.shp" }, "geometry": { "type": "Point", "coordinates": [ -122.4161033, 37.7676433 ] } },
{ "type": "Feature", "properties": { "full_id": "w26135377", "osm_id": "26135377", "osm_type": "way", "shop": "supermarket", "contact_ph": null, "name_zh": null, "addr_unit": null, "official_n": null, "contact_fa": null, "sfgov_OBJN": null, "payment_co": null, "organic": null, "level": null, "origin": null, "alt_name": null, "addr_house": null, "atm": null, "payment_de": null, "payment_cr": null, "payment_ca": null, "roof_shape": null, "start_date": null, "roof_colou": null, "internet_a": null, "building_c": null, "layer": null, "operator": null, "wikipedia": null, "wikidata": null, "payment_vi": null, "payment_ma": null, "image": null, "email": null, "cooperativ": null, "roof_level": null, "check_date": null, "smoking": null, "ref": null, "branch": null, "wheelchair": "yes", "phone": "+1 415-563-4946", "height": "5", "designatio": "Safeway 1711", "website": "https://local.safeway.com/safeway/ca/san-francisco/15-marina-blvd.html", "type": null, "opening_ho": "24/7", "name": "Safeway", "check_da_1": null, "building_l": null, "building": "yes", "brand_wiki": "Q1508234", "brand": "Safeway", "addr_stree": "Marina Boulevard", "addr_state": "CA", "addr_postc": "94123", "addr_hou_1": "15", "addr_count": null, "addr_city": "San Francisco", "name_zh-Ha": null, "name_zh-_1": null, "name_ko": null, "name_en": null, "alt_name_k": null, "payment_am": null, "entrance": null, "door": null, "automatic_": null, "drink_wine": null, "diet_veget": null, "diet_vegan": null, "diet_halal": null, "descriptio": null, "wikimedia_": null, "payment_ap": null, "cuisine": null, "toilets_wh": null, "old_name": null, "addr_cou_1": null, "visibility": null, "support": null, "faces": null, "display": null, "date": null, "amenity": null, "self_check": null, "opening__1": null, "internet_1": null, "dog": null, "path": "/Users/admin/Desktop/QGIS/Polygon_markets_sf.shp" }, "geometry": { "type": "Point", "coordinates": [ -122.4328175, 37.804458 ] } },
{ "type": "Feature", "properties": { "full_id": "w28941473", "osm_id": "28941473", "osm_type": "way", "shop": "supermarket", "contact_ph": null, "name_zh": null, "addr_unit": null, "official_n": null, "contact_fa": null, "sfgov_OBJN": null, "payment_co": null, "organic": null, "level": null, "origin": null, "alt_name": null, "addr_house": null, "atm": null, "payment_de": null, "payment_cr": null, "payment_ca": null, "roof_shape": null, "start_date": null, "roof_colou": null, "internet_a": null, "building_c": null, "layer": null, "operator": null, "wikipedia": null, "wikidata": null, "payment_vi": null, "payment_ma": null, "image": null, "email": null, "cooperativ": null, "roof_level": null, "check_date": null, "smoking": null, "ref": "909", "branch": "0909", "wheelchair": null, "phone": "+1 415-665-4136", "height": "5", "designatio": "Safeway 0909", "website": "https://local.safeway.com/safeway/ca/san-francisco/730-taraval-st.html", "type": null, "opening_ho": "06:00-24:00", "name": "Safeway", "check_da_1": null, "building_l": null, "building": "yes", "brand_wiki": "Q1508234", "brand": "Safeway", "addr_stree": "Taraval Street", "addr_state": "CA", "addr_postc": "94116", "addr_hou_1": "730", "addr_count": null, "addr_city": "San Francisco", "name_zh-Ha": null, "name_zh-_1": null, "name_ko": null, "name_en": null, "alt_name_k": null, "payment_am": null, "entrance": null, "door": null, "automatic_": null, "drink_wine": null, "diet_veget": null, "diet_vegan": null, "diet_halal": null, "descriptio": null, "wikimedia_": null, "payment_ap": null, "cuisine": null, "toilets_wh": null, "old_name": null, "addr_cou_1": null, "visibility": null, "support": null, "faces": null, "display": null, "date": null, "amenity": null, "self_check": null, "opening__1": null, "internet_1": null, "dog": null, "path": "/Users/admin/Desktop/QGIS/Polygon_markets_sf.shp" }, "geometry": { "type": "Point", "coordinates": [ -122.4740955, 37.7434167 ] } },
{ "type": "Feature", "properties": { "full_id": "w32611756", "osm_id": "32611756", "osm_type": "way", "shop": "supermarket", "contact_ph": null, "name_zh": null, "addr_unit": null, "official_n": null, "contact_fa": null, "sfgov_OBJN": null, "payment_co": null, "organic": null, "level": null, "origin": null, "alt_name": null, "addr_house": null, "atm": null, "payment_de": null, "payment_cr": null, "payment_ca": null, "roof_shape": null, "start_date": null, "roof_colou": null, "internet_a": null, "building_c": null, "layer": null, "operator": null, "wikipedia": null, "wikidata": null, "payment_vi": null, "payment_ma": null, "image": null, "email": null, "cooperativ": null, "roof_level": null, "check_date": null, "smoking": "no", "ref": null, "branch": null, "wheelchair": "yes", "phone": null, "height": null, "designatio": null, "website": null, "type": null, "opening_ho": null, "name": "Luke's Local Grocery", "check_da_1": "2023-05-27", "building_l": null, "building": "commercial", "brand_wiki": null, "brand": null, "addr_stree": "Green Street", "addr_state": "CA", "addr_postc": "94133", "addr_hou_1": "580", "addr_count": null, "addr_city": "San Francisco", "name_zh-Ha": null, "name_zh-_1": null, "name_ko": null, "name_en": null, "alt_name_k": null, "payment_am": null, "entrance": null, "door": null, "automatic_": null, "drink_wine": null, "diet_veget": null, "diet_vegan": null, "diet_halal": null, "descriptio": null, "wikimedia_": null, "payment_ap": null, "cuisine": null, "toilets_wh": null, "old_name": null, "addr_cou_1": null, "visibility": null, "support": null, "faces": null, "display": null, "date": null, "amenity": null, "self_check": null, "opening__1": null, "internet_1": null, "dog": null, "path": "/Users/admin/Desktop/QGIS/Polygon_markets_sf.shp" }, "geometry": { "type": "Point", "coordinates": [ -122.4087832, 37.7996691 ] } },
{ "type": "Feature", "properties": { "full_id": "w34323155", "osm_id": "34323155", "osm_type": "way", "shop": "supermarket", "contact_ph": null, "name_zh": null, "addr_unit": null, "official_n": null, "contact_fa": null, "sfgov_OBJN": null, "payment_co": null, "organic": null, "level": null, "origin": null, "alt_name": null, "addr_house": null, "atm": null, "payment_de": null, "payment_cr": null, "payment_ca": null, "roof_shape": null, "start_date": null, "roof_colou": null, "internet_a": null, "building_c": null, "layer": null, "operator": null, "wikipedia": null, "wikidata": null, "payment_vi": null, "payment_ma": null, "image": null, "email": null, "cooperativ": null, "roof_level": "0", "check_date": "2022-08-11", "smoking": null, "ref": "100", "branch": "San Francisco", "wheelchair": "yes", "phone": "+1 415-346-9964", "height": "7", "designatio": null, "website": "https://locations.traderjoes.com/ca/san-francisco/100/", "type": null, "opening_ho": "Mo-Su 08:00-21:00", "name": "Trader Joe's", "check_da_1": "2025-04-26", "building_l": "1", "building": "retail", "brand_wiki": "Q688825", "brand": "Trader Joe's", "addr_stree": "Masonic Avenue", "addr_state": "CA", "addr_postc": "94118", "addr_hou_1": "3", "addr_count": null, "addr_city": "San Francisco", "name_zh-Ha": null, "name_zh-_1": null, "name_ko": null, "name_en": null, "alt_name_k": null, "payment_am": null, "entrance": null, "door": null, "automatic_": null, "drink_wine": null, "diet_veget": null, "diet_vegan": null, "diet_halal": null, "descriptio": null, "wikimedia_": null, "payment_ap": null, "cuisine": null, "toilets_wh": null, "old_name": null, "addr_cou_1": null, "visibility": null, "support": null, "faces": null, "display": null, "date": null, "amenity": null, "self_check": null, "opening__1": null, "internet_1": null, "dog": null, "path": "/Users/admin/Desktop/QGIS/Polygon_markets_sf.shp" }, "geometry": { "type": "Point", "coordinates": [ -122.4478393, 37.7833838 ] } },
{ "type": "Feature", "properties": { "full_id": "w42916777", "osm_id": "42916777", "osm_type": "way", "shop": "supermarket", "contact_ph": null, "name_zh": null, "addr_unit": null, "official_n": null, "contact_fa": null, "sfgov_OBJN": null, "payment_co": null, "organic": null, "level": null, "origin": null, "alt_name": null, "addr_house": null, "atm": null, "payment_de": null, "payment_cr": null, "payment_ca": null, "roof_shape": null, "start_date": null, "roof_colou": null, "internet_a": null, "building_c": null, "layer": null, "operator": null, "wikipedia": null, "wikidata": null, "payment_vi": null, "payment_ma": null, "image": null, "email": null, "cooperativ": null, "roof_level": null, "check_date": null, "smoking": null, "ref": null, "branch": null, "wheelchair": null, "phone": null, "height": "5", "designatio": null, "website": null, "type": null, "opening_ho": null, "name": "Cash & Carry", "check_da_1": null, "building_l": null, "building": "yes", "brand_wiki": null, "brand": null, "addr_stree": null, "addr_state": null, "addr_postc": null, "addr_hou_1": null, "addr_count": null, "addr_city": null, "name_zh-Ha": null, "name_zh-_1": null, "name_ko": null, "name_en": null, "alt_name_k": null, "payment_am": null, "entrance": null, "door": null, "automatic_": null, "drink_wine": null, "diet_veget": null, "diet_vegan": null, "diet_halal": null, "descriptio": null, "wikimedia_": null, "payment_ap": null, "cuisine": null, "toilets_wh": null, "old_name": null, "addr_cou_1": null, "visibility": null, "support": null, "faces": null, "display": null, "date": null, "amenity": null, "self_check": null, "opening__1": null, "internet_1": null, "dog": null, "path": "/Users/admin/Desktop/QGIS/Polygon_markets_sf.shp" }, "geometry": { "type": "Point", "coordinates": [ -122.4184953, 37.7705585 ] } },
{ "type": "Feature", "properties": { "full_id": "w151183375", "osm_id": "151183375", "osm_type": "way", "shop": "supermarket", "contact_ph": null, "name_zh": null, "addr_unit": null, "official_n": null, "contact_fa": null, "sfgov_OBJN": null, "payment_co": null, "organic": null, "level": null, "origin": null, "alt_name": null, "addr_house": null, "atm": null, "payment_de": null, "payment_cr": null, "payment_ca": null, "roof_shape": null, "start_date": null, "roof_colou": null, "internet_a": null, "building_c": null, "layer": null, "operator": null, "wikipedia": null, "wikidata": null, "payment_vi": null, "payment_ma": null, "image": null, "email": null, "cooperativ": null, "roof_level": null, "check_date": null, "smoking": null, "ref": null, "branch": null, "wheelchair": null, "phone": "+1-415-330-1870", "height": "6", "designatio": null, "website": "foodsco.net", "type": null, "opening_ho": "Mo-Su 06:00-00:00", "name": "Foods Co", "check_da_1": null, "building_l": null, "building": "yes", "brand_wiki": "Q5465282", "brand": "Foods Co", "addr_stree": "Williams Avenue", "addr_state": "CA", "addr_postc": "94124", "addr_hou_1": "345", "addr_count": null, "addr_city": "San Francisco", "name_zh-Ha": null, "name_zh-_1": null, "name_ko": null, "name_en": null, "alt_name_k": null, "payment_am": null, "entrance": null, "door": null, "automatic_": null, "drink_wine": null, "diet_veget": null, "diet_vegan": null, "diet_halal": null, "descriptio": null, "wikimedia_": null, "payment_ap": null, "cuisine": null, "toilets_wh": null, "old_name": null, "addr_cou_1": null, "visibility": null, "support": null, "faces": null, "display": null, "date": null, "amenity": null, "self_check": null, "opening__1": null, "internet_1": null, "dog": null, "path": "/Users/admin/Desktop/QGIS/Polygon_markets_sf.shp" }, "geometry": { "type": "Point", "coordinates": [ -122.3988251, 37.7297848 ] } },
{ "type": "Feature", "properties": { "full_id": "w169204245", "osm_id": "169204245", "osm_type": "way", "shop": "supermarket", "contact_ph": null, "name_zh": null, "addr_unit": null, "official_n": null, "contact_fa": null, "sfgov_OBJN": null, "payment_co": null, "organic": null, "level": null, "origin": null, "alt_name": null, "addr_house": null, "atm": null, "payment_de": null, "payment_cr": null, "payment_ca": null, "roof_shape": null, "start_date": null, "roof_colou": null, "internet_a": null, "building_c": null, "layer": null, "operator": null, "wikipedia": "en:Rainbow Grocery Cooperative", "wikidata": "Q7284643", "payment_vi": "yes", "payment_ma": "yes", "image": "https://upload.wikimedia.org/wikipedia/en/4/46/Rainbow_grocery_logo.png", "email": "general@rainbow.coop", "cooperativ": "yes", "roof_level": null, "check_date": null, "smoking": null, "ref": null, "branch": null, "wheelchair": "yes", "phone": "+1 415-863-0620", "height": null, "designatio": null, "website": "https://www.rainbow.coop/", "type": null, "opening_ho": "Mo-Su 09:00-21:00; PH closed; Mar 31 closed; May 01 closed", "name": "Rainbow Grocery Coop", "check_da_1": "2025-12-06", "building_l": null, "building": "hall", "brand_wiki": null, "brand": null, "addr_stree": "Folsom Street", "addr_state": "CA", "addr_postc": "94103", "addr_hou_1": "1745", "addr_count": "US", "addr_city": "San Francisco", "name_zh-Ha": null, "name_zh-_1": null, "name_ko": null, "name_en": null, "alt_name_k": null, "payment_am": null, "entrance": null, "door": null, "automatic_": null, "drink_wine": null, "diet_veget": null, "diet_vegan": null, "diet_halal": null, "descriptio": null, "wikimedia_": null, "payment_ap": null, "cuisine": null, "toilets_wh": null, "old_name": null, "addr_cou_1": null, "visibility": null, "support": null, "faces": null, "display": null, "date": null, "amenity": null, "self_check": null, "opening__1": null, "internet_1": null, "dog": null, "path": "/Users/admin/Desktop/QGIS/Polygon_markets_sf.shp" }, "geometry": { "type": "Point", "coordinates": [ -122.4151303, 37.7690883 ] } },
{ "type": "Feature", "properties": { "full_id": "w170845442", "osm_id": "170845442", "osm_type": "way", "shop": "supermarket", "contact_ph": null, "name_zh": null, "addr_unit": null, "official_n": null, "contact_fa": null, "sfgov_OBJN": null, "payment_co": null, "organic": null, "level": null, "origin": null, "alt_name": null, "addr_house": null, "atm": null, "payment_de": null, "payment_cr": null, "payment_ca": null, "roof_shape": null, "start_date": null, "roof_colou": null, "internet_a": null, "building_c": null, "layer": null, "operator": null, "wikipedia": null, "wikidata": null, "payment_vi": null, "payment_ma": null, "image": null, "email": null, "cooperativ": null, "roof_level": null, "check_date": null, "smoking": null, "ref": null, "branch": null, "wheelchair": "yes", "phone": null, "height": "8", "designatio": null, "website": null, "type": null, "opening_ho": null, "name": "Smart & Final", "check_da_1": null, "building_l": null, "building": "yes", "brand_wiki": "Q7543916", "brand": "Smart & Final", "addr_stree": null, "addr_state": null, "addr_postc": null, "addr_hou_1": null, "addr_count": null, "addr_city": null, "name_zh-Ha": null, "name_zh-_1": null, "name_ko": null, "name_en": null, "alt_name_k": null, "payment_am": null, "entrance": null, "door": null, "automatic_": null, "drink_wine": null, "diet_veget": null, "diet_vegan": null, "diet_halal": null, "descriptio": null, "wikimedia_": null, "payment_ap": null, "cuisine": null, "toilets_wh": null, "old_name": null, "addr_cou_1": null, "visibility": null, "support": null, "faces": null, "display": null, "date": null, "amenity": null, "self_check": null, "opening__1": null, "internet_1": null, "dog": null, "path": "/Users/admin/Desktop/QGIS/Polygon_markets_sf.shp" }, "geometry": { "type": "Point", "coordinates": [ -122.4651741, 37.7822889 ] } },
{ "type": "Feature", "properties": { "full_id": "w194906343", "osm_id": "194906343", "osm_type": "way", "shop": "supermarket", "contact_ph": null, "name_zh": null, "addr_unit": null, "official_n": null, "contact_fa": null, "sfgov_OBJN": null, "payment_co": null, "organic": null, "level": null, "origin": null, "alt_name": null, "addr_house": null, "atm": null, "payment_de": null, "payment_cr": null, "payment_ca": null, "roof_shape": null, "start_date": null, "roof_colou": null, "internet_a": null, "building_c": null, "layer": null, "operator": "Whole Foods", "wikipedia": null, "wikidata": null, "payment_vi": null, "payment_ma": null, "image": null, "email": null, "cooperativ": null, "roof_level": null, "check_date": "2024-10-03", "smoking": null, "ref": "noevalley", "branch": "Noe Valley", "wheelchair": null, "phone": "+1 415-282-4700", "height": null, "designatio": null, "website": "https://www.wholefoodsmarket.com/stores/noevalley", "type": null, "opening_ho": "Mo-Su 08:00-22:00", "name": "Whole Foods Market", "check_da_1": "2024-10-03", "building_l": null, "building": "yes", "brand_wiki": "Q1809448", "brand": "Whole Foods Market", "addr_stree": "24th Street", "addr_state": "CA", "addr_postc": "94114", "addr_hou_1": "3950", "addr_count": null, "addr_city": "San Francisco", "name_zh-Ha": null, "name_zh-_1": null, "name_ko": null, "name_en": null, "alt_name_k": null, "payment_am": null, "entrance": null, "door": null, "automatic_": null, "drink_wine": null, "diet_veget": null, "diet_vegan": null, "diet_halal": null, "descriptio": null, "wikimedia_": null, "payment_ap": null, "cuisine": null, "toilets_wh": null, "old_name": null, "addr_cou_1": null, "visibility": null, "support": null, "faces": null, "display": null, "date": null, "amenity": null, "self_check": null, "opening__1": null, "internet_1": null, "dog": null, "path": "/Users/admin/Desktop/QGIS/Polygon_markets_sf.shp" }, "geometry": { "type": "Point", "coordinates": [ -122.4309074, 37.7520118 ] } },
{ "type": "Feature", "properties": { "full_id": "w219058329", "osm_id": "219058329", "osm_type": "way", "shop": "supermarket", "contact_ph": null, "name_zh": null, "addr_unit": null, "official_n": null, "contact_fa": null, "sfgov_OBJN": null, "payment_co": null, "organic": null, "level": null, "origin": null, "alt_name": null, "addr_house": null, "atm": null, "payment_de": null, "payment_cr": null, "payment_ca": null, "roof_shape": null, "start_date": null, "roof_colou": null, "internet_a": null, "building_c": null, "layer": "1", "operator": null, "wikipedia": null, "wikidata": null, "payment_vi": null, "payment_ma": null, "image": null, "email": null, "cooperativ": null, "roof_level": null, "check_date": null, "smoking": null, "ref": "985", "branch": null, "wheelchair": "yes", "phone": "+1 415-665-4565", "height": "0", "designatio": "Safeway 0985", "website": "https://local.safeway.com/safeway/ca/san-francisco/2350-noriega-st.html", "type": null, "opening_ho": "06:00-02:00", "name": "Safeway", "check_da_1": "2026-02-15", "building_l": null, "building": "yes", "brand_wiki": "Q1508234", "brand": "Safeway", "addr_stree": "Noriega Street", "addr_state": "CA", "addr_postc": "94122", "addr_hou_1": "2350", "addr_count": null, "addr_city": "San Francisco", "name_zh-Ha": null, "name_zh-_1": null, "name_ko": null, "name_en": null, "alt_name_k": null, "payment_am": null, "entrance": null, "door": null, "automatic_": null, "drink_wine": null, "diet_veget": null, "diet_vegan": null, "diet_halal": null, "descriptio": null, "wikimedia_": null, "payment_ap": null, "cuisine": null, "toilets_wh": null, "old_name": null, "addr_cou_1": null, "visibility": null, "support": null, "faces": null, "display": null, "date": null, "amenity": null, "self_check": null, "opening__1": null, "internet_1": null, "dog": null, "path": "/Users/admin/Desktop/QGIS/Polygon_markets_sf.shp" }, "geometry": { "type": "Point", "coordinates": [ -122.4888549, 37.7541881 ] } },
{ "type": "Feature", "properties": { "full_id": "w219059013", "osm_id": "219059013", "osm_type": "way", "shop": "supermarket", "contact_ph": null, "name_zh": null, "addr_unit": null, "official_n": null, "contact_fa": null, "sfgov_OBJN": null, "payment_co": null, "organic": null, "level": null, "origin": null, "alt_name": null, "addr_house": null, "atm": null, "payment_de": null, "payment_cr": null, "payment_ca": null, "roof_shape": null, "start_date": "1971", "roof_colou": "#dad8d4", "internet_a": "wlan", "building_c": "#d9d4cd", "layer": null, "operator": null, "wikipedia": null, "wikidata": null, "payment_vi": null, "payment_ma": null, "image": null, "email": null, "cooperativ": null, "roof_level": null, "check_date": null, "smoking": null, "ref": "0785", "branch": null, "wheelchair": "yes", "phone": "+1 415-387-4664", "height": "0.01", "designatio": "Safeway 0785", "website": "https://local.safeway.com/safeway/ca/san-francisco/850-la-playa-st.html", "type": null, "opening_ho": "Mo-Su 09:00-00:00", "name": "Safeway", "check_da_1": "2025-07-26", "building_l": "1", "building": "retail", "brand_wiki": "Q1508234", "brand": "Safeway", "addr_stree": "La Playa Street", "addr_state": "CA", "addr_postc": "94121", "addr_hou_1": "850", "addr_count": null, "addr_city": "San Francisco", "name_zh-Ha": null, "name_zh-_1": null, "name_ko": null, "name_en": null, "alt_name_k": null, "payment_am": null, "entrance": null, "door": null, "automatic_": null, "drink_wine": null, "diet_veget": null, "diet_vegan": null, "diet_halal": null, "descriptio": null, "wikimedia_": null, "payment_ap": null, "cuisine": null, "toilets_wh": null, "old_name": null, "addr_cou_1": null, "visibility": null, "support": null, "faces": null, "display": null, "date": null, "amenity": null, "self_check": null, "opening__1": null, "internet_1": null, "dog": null, "path": "/Users/admin/Desktop/QGIS/Polygon_markets_sf.shp" }, "geometry": { "type": "Point", "coordinates": [ -122.5093671, 37.7725265 ] } },
{ "type": "Feature", "properties": { "full_id": "w219059390", "osm_id": "219059390", "osm_type": "way", "shop": "supermarket", "contact_ph": null, "name_zh": null, "addr_unit": null, "official_n": null, "contact_fa": null, "sfgov_OBJN": null, "payment_co": null, "organic": null, "level": null, "origin": null, "alt_name": null, "addr_house": null, "atm": null, "payment_de": null, "payment_cr": null, "payment_ca": null, "roof_shape": null, "start_date": null, "roof_colou": null, "internet_a": null, "building_c": null, "layer": "-1", "operator": null, "wikipedia": null, "wikidata": null, "payment_vi": null, "payment_ma": null, "image": null, "email": null, "cooperativ": null, "roof_level": null, "check_date": null, "smoking": null, "ref": "759", "branch": "0759", "wheelchair": null, "phone": "+1 415-586-2421", "height": null, "designatio": "Safeway 0759", "website": "https://local.safeway.com/safeway/ca/san-francisco/625-monterey-blvd.html", "type": null, "opening_ho": "06:00-24:00", "name": "Safeway", "check_da_1": null, "building_l": null, "building": "yes", "brand_wiki": "Q1508234", "brand": "Safeway", "addr_stree": "Monterey Boulevard", "addr_state": "CA", "addr_postc": "94127", "addr_hou_1": "625", "addr_count": null, "addr_city": "San Francisco", "name_zh-Ha": null, "name_zh-_1": null, "name_ko": null, "name_en": null, "alt_name_k": null, "payment_am": null, "entrance": null, "door": null, "automatic_": null, "drink_wine": null, "diet_veget": null, "diet_vegan": null, "diet_halal": null, "descriptio": null, "wikimedia_": null, "payment_ap": null, "cuisine": null, "toilets_wh": null, "old_name": null, "addr_cou_1": null, "visibility": null, "support": null, "faces": null, "display": null, "date": null, "amenity": null, "self_check": null, "opening__1": null, "internet_1": null, "dog": null, "path": "/Users/admin/Desktop/QGIS/Polygon_markets_sf.shp" }, "geometry": { "type": "Point", "coordinates": [ -122.4500486, 37.7312549 ] } },
{ "type": "Feature", "properties": { "full_id": "w219071301", "osm_id": "219071301", "osm_type": "way", "shop": "supermarket", "contact_ph": null, "name_zh": null, "addr_unit": null, "official_n": null, "contact_fa": null, "sfgov_OBJN": null, "payment_co": null, "organic": null, "level": null, "origin": null, "alt_name": null, "addr_house": null, "atm": null, "payment_de": null, "payment_cr": null, "payment_ca": null, "roof_shape": null, "start_date": null, "roof_colou": null, "internet_a": null, "building_c": null, "layer": null, "operator": null, "wikipedia": null, "wikidata": null, "payment_vi": null, "payment_ma": null, "image": null, "email": null, "cooperativ": null, "roof_level": null, "check_date": null, "smoking": null, "ref": "0667", "branch": "0667", "wheelchair": "yes", "phone": "+1 415-824-7744", "height": "6", "designatio": "Safeway 0667", "website": "https://local.safeway.com/safeway/ca/san-francisco/5290-diamond-heights-blvd.html", "type": null, "opening_ho": "06:00-02:00", "name": "Safeway", "check_da_1": null, "building_l": null, "building": "yes", "brand_wiki": "Q1508234", "brand": "Safeway", "addr_stree": "Diamond Heights Boulevard", "addr_state": "CA", "addr_postc": "94131", "addr_hou_1": "5290", "addr_count": null, "addr_city": "San Francisco", "name_zh-Ha": null, "name_zh-_1": null, "name_ko": null, "name_en": null, "alt_name_k": null, "payment_am": null, "entrance": null, "door": null, "automatic_": null, "drink_wine": null, "diet_veget": null, "diet_vegan": null, "diet_halal": null, "descriptio": null, "wikimedia_": null, "payment_ap": null, "cuisine": null, "toilets_wh": null, "old_name": null, "addr_cou_1": null, "visibility": null, "support": null, "faces": null, "display": null, "date": null, "amenity": null, "self_check": null, "opening__1": null, "internet_1": null, "dog": null, "path": "/Users/admin/Desktop/QGIS/Polygon_markets_sf.shp" }, "geometry": { "type": "Point", "coordinates": [ -122.4389537, 37.7435736 ] } },
{ "type": "Feature", "properties": { "full_id": "w219072560", "osm_id": "219072560", "osm_type": "way", "shop": "supermarket", "contact_ph": null, "name_zh": null, "addr_unit": null, "official_n": null, "contact_fa": null, "sfgov_OBJN": null, "payment_co": null, "organic": null, "level": null, "origin": null, "alt_name": null, "addr_house": null, "atm": null, "payment_de": null, "payment_cr": null, "payment_ca": null, "roof_shape": null, "start_date": null, "roof_colou": null, "internet_a": null, "building_c": null, "layer": "1", "operator": null, "wikipedia": null, "wikidata": null, "payment_vi": null, "payment_ma": null, "image": null, "email": null, "cooperativ": null, "roof_level": null, "check_date": null, "smoking": null, "ref": "1507", "branch": null, "wheelchair": "yes", "phone": "+1 415-861-7660", "height": "6", "designatio": null, "website": "https://local.safeway.com/safeway/ca/san-francisco/2020-market-st.html", "type": null, "opening_ho": "Mo-Su 06:00-21:00", "name": "Safeway", "check_da_1": "2025-12-02", "building_l": "1", "building": "retail", "brand_wiki": "Q1508234", "brand": "Safeway", "addr_stree": "Market Street", "addr_state": "CA", "addr_postc": "94114", "addr_hou_1": "2020", "addr_count": null, "addr_city": "San Francisco", "name_zh-Ha": null, "name_zh-_1": null, "name_ko": null, "name_en": null, "alt_name_k": null, "payment_am": null, "entrance": null, "door": null, "automatic_": null, "drink_wine": null, "diet_veget": null, "diet_vegan": null, "diet_halal": null, "descriptio": null, "wikimedia_": null, "payment_ap": null, "cuisine": null, "toilets_wh": null, "old_name": null, "addr_cou_1": null, "visibility": null, "support": null, "faces": null, "display": null, "date": null, "amenity": null, "self_check": null, "opening__1": null, "internet_1": null, "dog": null, "path": "/Users/admin/Desktop/QGIS/Polygon_markets_sf.shp" }, "geometry": { "type": "Point", "coordinates": [ -122.4282976, 37.7691234 ] } },
{ "type": "Feature", "properties": { "full_id": "w225063111", "osm_id": "225063111", "osm_type": "way", "shop": "supermarket", "contact_ph": null, "name_zh": null, "addr_unit": null, "official_n": null, "contact_fa": null, "sfgov_OBJN": null, "payment_co": null, "organic": null, "level": null, "origin": null, "alt_name": null, "addr_house": null, "atm": null, "payment_de": null, "payment_cr": null, "payment_ca": null, "roof_shape": null, "start_date": null, "roof_colou": null, "internet_a": null, "building_c": null, "layer": null, "operator": null, "wikipedia": null, "wikidata": null, "payment_vi": null, "payment_ma": null, "image": null, "email": null, "cooperativ": null, "roof_level": null, "check_date": null, "smoking": null, "ref": null, "branch": null, "wheelchair": "yes", "phone": null, "height": null, "designatio": null, "website": null, "type": null, "opening_ho": "Mo-Su 07:00-21:30", "name": "Good Life Grocery", "check_da_1": null, "building_l": null, "building": "yes", "brand_wiki": null, "brand": null, "addr_stree": "Cortland Avenue", "addr_state": null, "addr_postc": "94110", "addr_hou_1": "448", "addr_count": null, "addr_city": null, "name_zh-Ha": null, "name_zh-_1": null, "name_ko": null, "name_en": null, "alt_name_k": null, "payment_am": null, "entrance": null, "door": null, "automatic_": null, "drink_wine": null, "diet_veget": null, "diet_vegan": null, "diet_halal": null, "descriptio": null, "wikimedia_": null, "payment_ap": null, "cuisine": null, "toilets_wh": null, "old_name": null, "addr_cou_1": null, "visibility": null, "support": null, "faces": null, "display": null, "date": null, "amenity": null, "self_check": null, "opening__1": null, "internet_1": null, "dog": null, "path": "/Users/admin/Desktop/QGIS/Polygon_markets_sf.shp" }, "geometry": { "type": "Point", "coordinates": [ -122.4166675, 37.738895 ] } },
{ "type": "Feature", "properties": { "full_id": "w228246796", "osm_id": "228246796", "osm_type": "way", "shop": "supermarket", "contact_ph": null, "name_zh": null, "addr_unit": null, "official_n": null, "contact_fa": null, "sfgov_OBJN": null, "payment_co": null, "organic": null, "level": null, "origin": null, "alt_name": null, "addr_house": null, "atm": null, "payment_de": null, "payment_cr": null, "payment_ca": null, "roof_shape": "flat", "start_date": null, "roof_colou": null, "internet_a": null, "building_c": null, "layer": null, "operator": null, "wikipedia": null, "wikidata": null, "payment_vi": null, "payment_ma": null, "image": null, "email": null, "cooperativ": null, "roof_level": null, "check_date": "2024-10-03", "smoking": null, "ref": "haightstreet", "branch": "Haight Street", "wheelchair": "yes", "phone": "+1 415-876-6740", "height": "6", "designatio": null, "website": "https://www.wholefoodsmarket.com/stores/haightstreet", "type": null, "opening_ho": "Mo-Su 08:00-22:00", "name": "Whole Foods Market", "check_da_1": "2026-01-25", "building_l": "1", "building": "retail", "brand_wiki": "Q1809448", "brand": "Whole Foods Market", "addr_stree": "Stanyan Street", "addr_state": "CA", "addr_postc": "94117", "addr_hou_1": "690", "addr_count": null, "addr_city": "San Francisco", "name_zh-Ha": null, "name_zh-_1": null, "name_ko": null, "name_en": null, "alt_name_k": null, "payment_am": null, "entrance": null, "door": null, "automatic_": null, "drink_wine": null, "diet_veget": null, "diet_vegan": null, "diet_halal": null, "descriptio": null, "wikimedia_": null, "payment_ap": null, "cuisine": null, "toilets_wh": null, "old_name": null, "addr_cou_1": null, "visibility": null, "support": null, "faces": null, "display": null, "date": null, "amenity": null, "self_check": null, "opening__1": null, "internet_1": null, "dog": null, "path": "/Users/admin/Desktop/QGIS/Polygon_markets_sf.shp" }, "geometry": { "type": "Point", "coordinates": [ -122.4528259, 37.7695633 ] } },
{ "type": "Feature", "properties": { "full_id": "w231656266", "osm_id": "231656266", "osm_type": "way", "shop": "supermarket", "contact_ph": null, "name_zh": null, "addr_unit": null, "official_n": null, "contact_fa": null, "sfgov_OBJN": null, "payment_co": null, "organic": null, "level": null, "origin": null, "alt_name": null, "addr_house": null, "atm": null, "payment_de": "yes", "payment_cr": "yes", "payment_ca": "yes", "roof_shape": null, "start_date": null, "roof_colou": null, "internet_a": null, "building_c": null, "layer": null, "operator": null, "wikipedia": null, "wikidata": null, "payment_vi": null, "payment_ma": null, "image": null, "email": null, "cooperativ": null, "roof_level": null, "check_date": null, "smoking": null, "ref": "0739", "branch": null, "wheelchair": "yes", "phone": "+1 415-826-2866", "height": "7", "designatio": "Safeway 0739", "website": "https://local.safeway.com/safeway/ca/san-francisco/3350-mission-st.html", "type": null, "opening_ho": "24/7", "name": "Safeway", "check_da_1": "2024-03-08", "building_l": null, "building": "yes", "brand_wiki": "Q1508234", "brand": "Safeway", "addr_stree": "Mission Street", "addr_state": "CA", "addr_postc": "94110", "addr_hou_1": "3350", "addr_count": null, "addr_city": "San Francisco", "name_zh-Ha": null, "name_zh-_1": null, "name_ko": null, "name_en": null, "alt_name_k": null, "payment_am": null, "entrance": null, "door": null, "automatic_": null, "drink_wine": null, "diet_veget": null, "diet_vegan": null, "diet_halal": null, "descriptio": null, "wikimedia_": null, "payment_ap": null, "cuisine": null, "toilets_wh": null, "old_name": null, "addr_cou_1": null, "visibility": null, "support": null, "faces": null, "display": null, "date": null, "amenity": null, "self_check": null, "opening__1": null, "internet_1": null, "dog": null, "path": "/Users/admin/Desktop/QGIS/Polygon_markets_sf.shp" }, "geometry": { "type": "Point", "coordinates": [ -122.4224735, 37.7432528 ] } },
{ "type": "Feature", "properties": { "full_id": "w256912288", "osm_id": "256912288", "osm_type": "way", "shop": "supermarket", "contact_ph": null, "name_zh": null, "addr_unit": null, "official_n": null, "contact_fa": null, "sfgov_OBJN": null, "payment_co": null, "organic": null, "level": null, "origin": null, "alt_name": null, "addr_house": null, "atm": null, "payment_de": null, "payment_cr": null, "payment_ca": null, "roof_shape": null, "start_date": null, "roof_colou": null, "internet_a": null, "building_c": null, "layer": null, "operator": null, "wikipedia": null, "wikidata": null, "payment_vi": null, "payment_ma": null, "image": null, "email": null, "cooperativ": null, "roof_level": null, "check_date": null, "smoking": null, "ref": null, "branch": null, "wheelchair": null, "phone": null, "height": "6", "designatio": null, "website": null, "type": null, "opening_ho": null, "name": "Miraloma Market", "check_da_1": null, "building_l": null, "building": "retail", "brand_wiki": null, "brand": null, "addr_stree": "Portola Drive", "addr_state": null, "addr_postc": "94127", "addr_hou_1": "755", "addr_count": null, "addr_city": "San Francisco", "name_zh-Ha": null, "name_zh-_1": null, "name_ko": null, "name_en": null, "alt_name_k": null, "payment_am": null, "entrance": null, "door": null, "automatic_": null, "drink_wine": null, "diet_veget": null, "diet_vegan": null, "diet_halal": null, "descriptio": null, "wikimedia_": null, "payment_ap": null, "cuisine": null, "toilets_wh": null, "old_name": null, "addr_cou_1": null, "visibility": null, "support": null, "faces": null, "display": null, "date": null, "amenity": null, "self_check": null, "opening__1": null, "internet_1": null, "dog": null, "path": "/Users/admin/Desktop/QGIS/Polygon_markets_sf.shp" }, "geometry": { "type": "Point", "coordinates": [ -122.4536946, 37.7437804 ] } },
{ "type": "Feature", "properties": { "full_id": "w258157210", "osm_id": "258157210", "osm_type": "way", "shop": "supermarket", "contact_ph": null, "name_zh": null, "addr_unit": null, "official_n": null, "contact_fa": null, "sfgov_OBJN": null, "payment_co": null, "organic": null, "level": null, "origin": null, "alt_name": null, "addr_house": null, "atm": null, "payment_de": null, "payment_cr": null, "payment_ca": null, "roof_shape": null, "start_date": null, "roof_colou": null, "internet_a": null, "building_c": null, "layer": null, "operator": null, "wikipedia": null, "wikidata": null, "payment_vi": null, "payment_ma": null, "image": null, "email": null, "cooperativ": null, "roof_level": null, "check_date": null, "smoking": null, "ref": null, "branch": null, "wheelchair": null, "phone": null, "height": "9", "designatio": null, "website": null, "type": null, "opening_ho": null, "name": "Lo-cost Meat Market", "check_da_1": null, "building_l": null, "building": "yes", "brand_wiki": null, "brand": null, "addr_stree": "24th Street", "addr_state": "CA", "addr_postc": null, "addr_hou_1": "2918", "addr_count": null, "addr_city": "San Francisco", "name_zh-Ha": null, "name_zh-_1": null, "name_ko": null, "name_en": null, "alt_name_k": null, "payment_am": null, "entrance": null, "door": null, "automatic_": null, "drink_wine": null, "diet_veget": null, "diet_vegan": null, "diet_halal": null, "descriptio": null, "wikimedia_": null, "payment_ap": null, "cuisine": null, "toilets_wh": null, "old_name": null, "addr_cou_1": null, "visibility": null, "support": null, "faces": null, "display": null, "date": null, "amenity": null, "self_check": null, "opening__1": null, "internet_1": null, "dog": null, "path": "/Users/admin/Desktop/QGIS/Polygon_markets_sf.shp" }, "geometry": { "type": "Point", "coordinates": [ -122.4105129, 37.7529135 ] } },
{ "type": "Feature", "properties": { "full_id": "w260194579", "osm_id": "260194579", "osm_type": "way", "shop": "supermarket", "contact_ph": null, "name_zh": null, "addr_unit": null, "official_n": null, "contact_fa": null, "sfgov_OBJN": null, "payment_co": null, "organic": null, "level": null, "origin": null, "alt_name": null, "addr_house": null, "atm": null, "payment_de": null, "payment_cr": null, "payment_ca": null, "roof_shape": null, "start_date": null, "roof_colou": null, "internet_a": null, "building_c": null, "layer": null, "operator": null, "wikipedia": null, "wikidata": null, "payment_vi": null, "payment_ma": null, "image": null, "email": null, "cooperativ": null, "roof_level": null, "check_date": null, "smoking": null, "ref": null, "branch": null, "wheelchair": null, "phone": null, "height": "5", "designatio": null, "website": null, "type": null, "opening_ho": "Mo-Sa 07:30-20:00; Su 07:30-19:00; PH closed", "name": "Arguello Market", "check_da_1": "2025-04-27", "building_l": "1", "building": "commercial", "brand_wiki": null, "brand": null, "addr_stree": "Arguello Boulevard", "addr_state": "CA", "addr_postc": "94118", "addr_hou_1": "782", "addr_count": null, "addr_city": "San Francisco", "name_zh-Ha": null, "name_zh-_1": null, "name_ko": null, "name_en": null, "alt_name_k": null, "payment_am": null, "entrance": null, "door": null, "automatic_": null, "drink_wine": null, "diet_veget": null, "diet_vegan": null, "diet_halal": null, "descriptio": null, "wikimedia_": null, "payment_ap": null, "cuisine": null, "toilets_wh": null, "old_name": null, "addr_cou_1": null, "visibility": null, "support": null, "faces": null, "display": null, "date": null, "amenity": null, "self_check": null, "opening__1": null, "internet_1": null, "dog": null, "path": "/Users/admin/Desktop/QGIS/Polygon_markets_sf.shp" }, "geometry": { "type": "Point", "coordinates": [ -122.4581407, 37.7756527 ] } },
{ "type": "Feature", "properties": { "full_id": "w260967541", "osm_id": "260967541", "osm_type": "way", "shop": "supermarket", "contact_ph": null, "name_zh": null, "addr_unit": null, "official_n": null, "contact_fa": null, "sfgov_OBJN": null, "payment_co": null, "organic": null, "level": null, "origin": null, "alt_name": null, "addr_house": null, "atm": "no", "payment_de": null, "payment_cr": null, "payment_ca": null, "roof_shape": null, "start_date": null, "roof_colou": null, "internet_a": null, "building_c": null, "layer": null, "operator": null, "wikipedia": null, "wikidata": null, "payment_vi": null, "payment_ma": null, "image": null, "email": null, "cooperativ": null, "roof_level": null, "check_date": null, "smoking": null, "ref": null, "branch": null, "wheelchair": null, "phone": "+1-415-398-3288", "height": "8", "designatio": null, "website": null, "type": null, "opening_ho": null, "name": "Chef Bowl, Inc.", "check_da_1": null, "building_l": "2", "building": "yes", "brand_wiki": null, "brand": null, "addr_stree": "Vallejo Street", "addr_state": "CA", "addr_postc": "94133", "addr_hou_1": "775;779", "addr_count": null, "addr_city": "San Francisco", "name_zh-Ha": null, "name_zh-_1": null, "name_ko": null, "name_en": null, "alt_name_k": null, "payment_am": null, "entrance": null, "door": null, "automatic_": null, "drink_wine": null, "diet_veget": null, "diet_vegan": null, "diet_halal": null, "descriptio": null, "wikimedia_": null, "payment_ap": null, "cuisine": null, "toilets_wh": null, "old_name": null, "addr_cou_1": null, "visibility": null, "support": null, "faces": null, "display": null, "date": null, "amenity": null, "self_check": null, "opening__1": null, "internet_1": null, "dog": null, "path": "/Users/admin/Desktop/QGIS/Polygon_markets_sf.shp" }, "geometry": { "type": "Point", "coordinates": [ -122.4099486, 37.7982889 ] } },
{ "type": "Feature", "properties": { "full_id": "w261292750", "osm_id": "261292750", "osm_type": "way", "shop": "supermarket", "contact_ph": null, "name_zh": null, "addr_unit": null, "official_n": null, "contact_fa": null, "sfgov_OBJN": null, "payment_co": null, "organic": null, "level": null, "origin": null, "alt_name": null, "addr_house": "Bi-Rite Market", "atm": null, "payment_de": null, "payment_cr": null, "payment_ca": null, "roof_shape": null, "start_date": null, "roof_colou": null, "internet_a": null, "building_c": null, "layer": null, "operator": null, "wikipedia": null, "wikidata": null, "payment_vi": null, "payment_ma": null, "image": null, "email": null, "cooperativ": null, "roof_level": null, "check_date": null, "smoking": null, "ref": null, "branch": null, "wheelchair": null, "phone": null, "height": "7", "designatio": null, "website": "https://biritemarket.com/", "type": null, "opening_ho": null, "name": "Bi-Rite Market", "check_da_1": "2025-09-17", "building_l": null, "building": "yes", "brand_wiki": null, "brand": null, "addr_stree": "Divisadero Street", "addr_state": null, "addr_postc": "94117", "addr_hou_1": "550", "addr_count": null, "addr_city": null, "name_zh-Ha": null, "name_zh-_1": null, "name_ko": null, "name_en": null, "alt_name_k": null, "payment_am": null, "entrance": null, "door": null, "automatic_": null, "drink_wine": null, "diet_veget": null, "diet_vegan": null, "diet_halal": null, "descriptio": null, "wikimedia_": null, "payment_ap": null, "cuisine": null, "toilets_wh": null, "old_name": null, "addr_cou_1": null, "visibility": null, "support": null, "faces": null, "display": null, "date": null, "amenity": null, "self_check": null, "opening__1": null, "internet_1": null, "dog": null, "path": "/Users/admin/Desktop/QGIS/Polygon_markets_sf.shp" }, "geometry": { "type": "Point", "coordinates": [ -122.4374871, 37.774803 ] } },
{ "type": "Feature", "properties": { "full_id": "w263224863", "osm_id": "263224863", "osm_type": "way", "shop": "supermarket", "contact_ph": null, "name_zh": null, "addr_unit": null, "official_n": null, "contact_fa": null, "sfgov_OBJN": null, "payment_co": null, "organic": null, "level": null, "origin": null, "alt_name": null, "addr_house": null, "atm": null, "payment_de": null, "payment_cr": null, "payment_ca": null, "roof_shape": null, "start_date": null, "roof_colou": null, "internet_a": null, "building_c": null, "layer": null, "operator": null, "wikipedia": null, "wikidata": null, "payment_vi": null, "payment_ma": null, "image": null, "email": null, "cooperativ": null, "roof_level": null, "check_date": null, "smoking": null, "ref": null, "branch": null, "wheelchair": "yes", "phone": "+1-415-567-4902", "height": "9", "designatio": null, "website": null, "type": null, "opening_ho": null, "name": "Mollie Stone's", "check_da_1": "2025-12-09", "building_l": null, "building": "yes", "brand_wiki": null, "brand": null, "addr_stree": "California Street", "addr_state": "CA", "addr_postc": null, "addr_hou_1": "2435", "addr_count": "US", "addr_city": "San Francisco", "name_zh-Ha": null, "name_zh-_1": null, "name_ko": null, "name_en": null, "alt_name_k": null, "payment_am": null, "entrance": null, "door": null, "automatic_": null, "drink_wine": null, "diet_veget": null, "diet_vegan": null, "diet_halal": null, "descriptio": null, "wikimedia_": null, "payment_ap": null, "cuisine": null, "toilets_wh": null, "old_name": null, "addr_cou_1": null, "visibility": null, "support": null, "faces": null, "display": null, "date": null, "amenity": null, "self_check": null, "opening__1": null, "internet_1": null, "dog": null, "path": "/Users/admin/Desktop/QGIS/Polygon_markets_sf.shp" }, "geometry": { "type": "Point", "coordinates": [ -122.4345222, 37.7885533 ] } },
{ "type": "Feature", "properties": { "full_id": "w264202048", "osm_id": "264202048", "osm_type": "way", "shop": "supermarket", "contact_ph": null, "name_zh": null, "addr_unit": null, "official_n": null, "contact_fa": null, "sfgov_OBJN": null, "payment_co": null, "organic": null, "level": null, "origin": null, "alt_name": null, "addr_house": null, "atm": null, "payment_de": null, "payment_cr": null, "payment_ca": null, "roof_shape": null, "start_date": null, "roof_colou": null, "internet_a": null, "building_c": null, "layer": null, "operator": null, "wikipedia": null, "wikidata": null, "payment_vi": null, "payment_ma": null, "image": null, "email": null, "cooperativ": null, "roof_level": null, "check_date": null, "smoking": null, "ref": null, "branch": null, "wheelchair": null, "phone": null, "height": "7", "designatio": null, "website": null, "type": null, "opening_ho": "Mo-Su 08:00-20:00", "name": "Roxie’s Market & Deli", "check_da_1": null, "building_l": null, "building": "commercial", "brand_wiki": null, "brand": null, "addr_stree": "Kirkham Street", "addr_state": null, "addr_postc": "94122", "addr_hou_1": "500", "addr_count": null, "addr_city": "San Francisco", "name_zh-Ha": null, "name_zh-_1": null, "name_ko": null, "name_en": null, "alt_name_k": null, "payment_am": null, "entrance": null, "door": null, "automatic_": null, "drink_wine": null, "diet_veget": null, "diet_vegan": null, "diet_halal": null, "descriptio": null, "wikimedia_": null, "payment_ap": null, "cuisine": null, "toilets_wh": null, "old_name": null, "addr_cou_1": null, "visibility": null, "support": null, "faces": null, "display": null, "date": null, "amenity": null, "self_check": null, "opening__1": null, "internet_1": null, "dog": null, "path": "/Users/admin/Desktop/QGIS/Polygon_markets_sf.shp" }, "geometry": { "type": "Point", "coordinates": [ -122.4663813, 37.7604773 ] } },
{ "type": "Feature", "properties": { "full_id": "w264371887", "osm_id": "264371887", "osm_type": "way", "shop": "supermarket", "contact_ph": null, "name_zh": null, "addr_unit": null, "official_n": null, "contact_fa": null, "sfgov_OBJN": null, "payment_co": null, "organic": null, "level": null, "origin": null, "alt_name": null, "addr_house": "Haight Street Market", "atm": null, "payment_de": null, "payment_cr": null, "payment_ca": "yes", "roof_shape": null, "start_date": null, "roof_colou": null, "internet_a": null, "building_c": null, "layer": null, "operator": null, "wikipedia": null, "wikidata": null, "payment_vi": null, "payment_ma": null, "image": null, "email": null, "cooperativ": null, "roof_level": null, "check_date": null, "smoking": null, "ref": null, "branch": null, "wheelchair": "yes", "phone": null, "height": "6", "designatio": "Grocery, product, deli, meats and fish", "website": "http://www.haightstreetmarket.com", "type": null, "opening_ho": "Mo-Su 07:00-21:30", "name": "Haight Street Market", "check_da_1": "2025-09-10", "building_l": null, "building": "yes", "brand_wiki": null, "brand": null, "addr_stree": "Haight Street", "addr_state": null, "addr_postc": "94117", "addr_hou_1": "1530", "addr_count": null, "addr_city": null, "name_zh-Ha": null, "name_zh-_1": null, "name_ko": null, "name_en": null, "alt_name_k": null, "payment_am": null, "entrance": null, "door": null, "automatic_": null, "drink_wine": null, "diet_veget": null, "diet_vegan": null, "diet_halal": null, "descriptio": null, "wikimedia_": null, "payment_ap": null, "cuisine": null, "toilets_wh": null, "old_name": null, "addr_cou_1": null, "visibility": null, "support": null, "faces": null, "display": null, "date": null, "amenity": null, "self_check": null, "opening__1": null, "internet_1": null, "dog": null, "path": "/Users/admin/Desktop/QGIS/Polygon_markets_sf.shp" }, "geometry": { "type": "Point", "coordinates": [ -122.4476309, 37.7702039 ] } },
{ "type": "Feature", "properties": { "full_id": "w264645161", "osm_id": "264645161", "osm_type": "way", "shop": "supermarket", "contact_ph": null, "name_zh": null, "addr_unit": null, "official_n": null, "contact_fa": null, "sfgov_OBJN": null, "payment_co": null, "organic": null, "level": null, "origin": null, "alt_name": null, "addr_house": null, "atm": null, "payment_de": null, "payment_cr": "yes", "payment_ca": "yes", "roof_shape": null, "start_date": null, "roof_colou": null, "internet_a": null, "building_c": null, "layer": null, "operator": null, "wikipedia": null, "wikidata": null, "payment_vi": null, "payment_ma": null, "image": null, "email": null, "cooperativ": null, "roof_level": null, "check_date": null, "smoking": null, "ref": null, "branch": null, "wheelchair": "yes", "phone": null, "height": "5", "designatio": null, "website": null, "type": null, "opening_ho": "Mo-Su 08:00-21:00", "name": "Luke's Local", "check_da_1": "2025-12-03", "building_l": null, "building": "retail", "brand_wiki": null, "brand": null, "addr_stree": "Cole Street", "addr_state": "CA", "addr_postc": "94117", "addr_hou_1": "960", "addr_count": "US", "addr_city": "San Francisco", "name_zh-Ha": null, "name_zh-_1": null, "name_ko": null, "name_en": null, "alt_name_k": null, "payment_am": null, "entrance": null, "door": null, "automatic_": null, "drink_wine": null, "diet_veget": null, "diet_vegan": null, "diet_halal": null, "descriptio": null, "wikimedia_": null, "payment_ap": null, "cuisine": null, "toilets_wh": null, "old_name": null, "addr_cou_1": null, "visibility": null, "support": null, "faces": null, "display": null, "date": null, "amenity": null, "self_check": null, "opening__1": null, "internet_1": null, "dog": null, "path": "/Users/admin/Desktop/QGIS/Polygon_markets_sf.shp" }, "geometry": { "type": "Point", "coordinates": [ -122.4495365, 37.7650517 ] } },
{ "type": "Feature", "properties": { "full_id": "w273331515", "osm_id": "273331515", "osm_type": "way", "shop": "supermarket", "contact_ph": null, "name_zh": null, "addr_unit": null, "official_n": null, "contact_fa": null, "sfgov_OBJN": null, "payment_co": null, "organic": null, "level": null, "origin": null, "alt_name": null, "addr_house": null, "atm": null, "payment_de": null, "payment_cr": null, "payment_ca": null, "roof_shape": null, "start_date": null, "roof_colou": null, "internet_a": null, "building_c": null, "layer": null, "operator": null, "wikipedia": null, "wikidata": null, "payment_vi": null, "payment_ma": null, "image": null, "email": null, "cooperativ": null, "roof_level": null, "check_date": null, "smoking": null, "ref": null, "branch": null, "wheelchair": "yes", "phone": null, "height": "7", "designatio": null, "website": null, "type": null, "opening_ho": "Mo-Sa 09:00-18:00; Su off", "name": "Bryan's Grocery", "check_da_1": "2024-08-18", "building_l": null, "building": "yes", "brand_wiki": null, "brand": null, "addr_stree": "California Street", "addr_state": "CA", "addr_postc": "94118", "addr_hou_1": "3445", "addr_count": null, "addr_city": "San Francisco", "name_zh-Ha": null, "name_zh-_1": null, "name_ko": null, "name_en": null, "alt_name_k": null, "payment_am": null, "entrance": null, "door": null, "automatic_": null, "drink_wine": null, "diet_veget": null, "diet_vegan": null, "diet_halal": null, "descriptio": null, "wikimedia_": null, "payment_ap": null, "cuisine": null, "toilets_wh": null, "old_name": null, "addr_cou_1": null, "visibility": null, "support": null, "faces": null, "display": null, "date": null, "amenity": null, "self_check": null, "opening__1": null, "internet_1": null, "dog": null, "path": "/Users/admin/Desktop/QGIS/Polygon_markets_sf.shp" }, "geometry": { "type": "Point", "coordinates": [ -122.4508476, 37.7864543 ] } },
{ "type": "Feature", "properties": { "full_id": "w276546465", "osm_id": "276546465", "osm_type": "way", "shop": "supermarket", "contact_ph": null, "name_zh": null, "addr_unit": null, "official_n": null, "contact_fa": null, "sfgov_OBJN": null, "payment_co": null, "organic": null, "level": null, "origin": null, "alt_name": "Tower Market", "addr_house": null, "atm": null, "payment_de": null, "payment_cr": null, "payment_ca": null, "roof_shape": null, "start_date": null, "roof_colou": null, "internet_a": null, "building_c": null, "layer": null, "operator": null, "wikipedia": null, "wikidata": null, "payment_vi": null, "payment_ma": null, "image": null, "email": null, "cooperativ": null, "roof_level": null, "check_date": null, "smoking": null, "ref": null, "branch": null, "wheelchair": "yes", "phone": null, "height": "7", "designatio": null, "website": null, "type": null, "opening_ho": "07:00-21:00", "name": "Mollie Stone's", "check_da_1": null, "building_l": "1", "building": "retail", "brand_wiki": null, "brand": null, "addr_stree": "Portola Drive", "addr_state": "CA", "addr_postc": "94127", "addr_hou_1": "635", "addr_count": "US", "addr_city": "San Francisco", "name_zh-Ha": null, "name_zh-_1": null, "name_ko": null, "name_en": null, "alt_name_k": null, "payment_am": null, "entrance": null, "door": null, "automatic_": null, "drink_wine": null, "diet_veget": null, "diet_vegan": null, "diet_halal": null, "descriptio": null, "wikimedia_": null, "payment_ap": null, "cuisine": null, "toilets_wh": null, "old_name": null, "addr_cou_1": null, "visibility": null, "support": null, "faces": null, "display": null, "date": null, "amenity": null, "self_check": null, "opening__1": null, "internet_1": null, "dog": null, "path": "/Users/admin/Desktop/QGIS/Polygon_markets_sf.shp" }, "geometry": { "type": "Point", "coordinates": [ -122.4523079, 37.7447469 ] } },
{ "type": "Feature", "properties": { "full_id": "w276623337", "osm_id": "276623337", "osm_type": "way", "shop": "supermarket", "contact_ph": null, "name_zh": null, "addr_unit": null, "official_n": null, "contact_fa": null, "sfgov_OBJN": null, "payment_co": null, "organic": null, "level": null, "origin": null, "alt_name": null, "addr_house": null, "atm": null, "payment_de": null, "payment_cr": null, "payment_ca": null, "roof_shape": null, "start_date": null, "roof_colou": null, "internet_a": null, "building_c": null, "layer": null, "operator": null, "wikipedia": null, "wikidata": null, "payment_vi": null, "payment_ma": null, "image": null, "email": null, "cooperativ": null, "roof_level": null, "check_date": null, "smoking": null, "ref": null, "branch": null, "wheelchair": "yes", "phone": null, "height": "7", "designatio": null, "website": null, "type": null, "opening_ho": "Mo-Sa 07:30-19:00; Su 07:30-18:00", "name": "22nd & Irving Market", "check_da_1": "2025-12-14", "building_l": "1", "building": "retail", "brand_wiki": null, "brand": null, "addr_stree": "Irving Street", "addr_state": "CA", "addr_postc": "94122", "addr_hou_1": "2101", "addr_count": "US", "addr_city": "San Francisco", "name_zh-Ha": null, "name_zh-_1": null, "name_ko": null, "name_en": null, "alt_name_k": null, "payment_am": null, "entrance": null, "door": null, "automatic_": null, "drink_wine": null, "diet_veget": null, "diet_vegan": null, "diet_halal": null, "descriptio": null, "wikimedia_": null, "payment_ap": null, "cuisine": null, "toilets_wh": null, "old_name": null, "addr_cou_1": null, "visibility": null, "support": null, "faces": null, "display": null, "date": null, "amenity": null, "self_check": null, "opening__1": null, "internet_1": null, "dog": null, "path": "/Users/admin/Desktop/QGIS/Polygon_markets_sf.shp" }, "geometry": { "type": "Point", "coordinates": [ -122.4805503, 37.763181 ] } },
{ "type": "Feature", "properties": { "full_id": "w276814493", "osm_id": "276814493", "osm_type": "way", "shop": "supermarket", "contact_ph": null, "name_zh": null, "addr_unit": null, "official_n": null, "contact_fa": null, "sfgov_OBJN": null, "payment_co": null, "organic": null, "level": null, "origin": "asian", "alt_name": null, "addr_house": null, "atm": null, "payment_de": null, "payment_cr": null, "payment_ca": null, "roof_shape": null, "start_date": null, "roof_colou": null, "internet_a": null, "building_c": null, "layer": null, "operator": null, "wikipedia": null, "wikidata": null, "payment_vi": null, "payment_ma": null, "image": null, "email": null, "cooperativ": null, "roof_level": null, "check_date": null, "smoking": null, "ref": null, "branch": null, "wheelchair": "yes", "phone": null, "height": "8", "designatio": null, "website": null, "type": null, "opening_ho": null, "name": "25th Irving Market", "check_da_1": "2025-02-09", "building_l": null, "building": "yes", "brand_wiki": null, "brand": null, "addr_stree": "Irving Street", "addr_state": "CA", "addr_postc": "94122", "addr_hou_1": "2425", "addr_count": null, "addr_city": "San Francisco", "name_zh-Ha": null, "name_zh-_1": null, "name_ko": null, "name_en": null, "alt_name_k": null, "payment_am": null, "entrance": null, "door": null, "automatic_": null, "drink_wine": null, "diet_veget": null, "diet_vegan": null, "diet_halal": null, "descriptio": null, "wikimedia_": null, "payment_ap": null, "cuisine": null, "toilets_wh": null, "old_name": null, "addr_cou_1": null, "visibility": null, "support": null, "faces": null, "display": null, "date": null, "amenity": null, "self_check": null, "opening__1": null, "internet_1": null, "dog": null, "path": "/Users/admin/Desktop/QGIS/Polygon_markets_sf.shp" }, "geometry": { "type": "Point", "coordinates": [ -122.48409, 37.7630162 ] } },
{ "type": "Feature", "properties": { "full_id": "w277743066", "osm_id": "277743066", "osm_type": "way", "shop": "supermarket", "contact_ph": null, "name_zh": null, "addr_unit": null, "official_n": null, "contact_fa": null, "sfgov_OBJN": null, "payment_co": null, "organic": null, "level": "1", "origin": null, "alt_name": null, "addr_house": null, "atm": null, "payment_de": null, "payment_cr": null, "payment_ca": null, "roof_shape": null, "start_date": null, "roof_colou": null, "internet_a": null, "building_c": null, "layer": null, "operator": null, "wikipedia": null, "wikidata": null, "payment_vi": null, "payment_ma": null, "image": null, "email": null, "cooperativ": null, "roof_level": null, "check_date": null, "smoking": "no", "ref": null, "branch": null, "wheelchair": null, "phone": "+1 415 586 9999", "height": null, "designatio": null, "website": "https://canyonmarket.com/", "type": null, "opening_ho": "Mo-Su 07:00-20:00", "name": "Canyon Market", "check_da_1": null, "building_l": null, "building": "commercial", "brand_wiki": null, "brand": null, "addr_stree": "Diamond Street", "addr_state": "CA", "addr_postc": "94131", "addr_hou_1": "2815", "addr_count": null, "addr_city": "San Francisco", "name_zh-Ha": null, "name_zh-_1": null, "name_ko": null, "name_en": null, "alt_name_k": null, "payment_am": null, "entrance": null, "door": null, "automatic_": null, "drink_wine": null, "diet_veget": null, "diet_vegan": null, "diet_halal": null, "descriptio": null, "wikimedia_": null, "payment_ap": null, "cuisine": null, "toilets_wh": null, "old_name": null, "addr_cou_1": null, "visibility": null, "support": null, "faces": null, "display": null, "date": null, "amenity": null, "self_check": null, "opening__1": null, "internet_1": null, "dog": null, "path": "/Users/admin/Desktop/QGIS/Polygon_markets_sf.shp" }, "geometry": { "type": "Point", "coordinates": [ -122.4338238, 37.7340687 ] } },
{ "type": "Feature", "properties": { "full_id": "w277861419", "osm_id": "277861419", "osm_type": "way", "shop": "supermarket", "contact_ph": null, "name_zh": null, "addr_unit": null, "official_n": null, "contact_fa": null, "sfgov_OBJN": null, "payment_co": null, "organic": null, "level": "0", "origin": null, "alt_name": null, "addr_house": null, "atm": null, "payment_de": null, "payment_cr": null, "payment_ca": null, "roof_shape": null, "start_date": null, "roof_colou": null, "internet_a": null, "building_c": null, "layer": null, "operator": null, "wikipedia": null, "wikidata": null, "payment_vi": null, "payment_ma": null, "image": null, "email": "info@otheravenues.coop", "cooperativ": null, "roof_level": null, "check_date": null, "smoking": null, "ref": null, "branch": null, "wheelchair": "yes", "phone": "+1-415-661-7475", "height": null, "designatio": null, "website": "https://otheravenues.coop", "type": null, "opening_ho": "08:00-21:00", "name": "Other Avenues Grocery Co-op", "check_da_1": "2025-12-21", "building_l": null, "building": "yes", "brand_wiki": null, "brand": null, "addr_stree": "Judah Street", "addr_state": "CA", "addr_postc": "94122", "addr_hou_1": "3930", "addr_count": null, "addr_city": "San Francisco", "name_zh-Ha": null, "name_zh-_1": null, "name_ko": null, "name_en": null, "alt_name_k": null, "payment_am": null, "entrance": null, "door": null, "automatic_": null, "drink_wine": null, "diet_veget": null, "diet_vegan": null, "diet_halal": null, "descriptio": null, "wikimedia_": null, "payment_ap": null, "cuisine": null, "toilets_wh": null, "old_name": null, "addr_cou_1": null, "visibility": null, "support": null, "faces": null, "display": null, "date": null, "amenity": null, "self_check": null, "opening__1": null, "internet_1": null, "dog": null, "path": "/Users/admin/Desktop/QGIS/Polygon_markets_sf.shp" }, "geometry": { "type": "Point", "coordinates": [ -122.5043529, 37.760676 ] } },
{ "type": "Feature", "properties": { "full_id": "w278909610", "osm_id": "278909610", "osm_type": "way", "shop": "supermarket", "contact_ph": null, "name_zh": null, "addr_unit": null, "official_n": null, "contact_fa": null, "sfgov_OBJN": null, "payment_co": "yes", "organic": "yes", "level": null, "origin": null, "alt_name": null, "addr_house": null, "atm": null, "payment_de": "yes", "payment_cr": "yes", "payment_ca": "yes", "roof_shape": null, "start_date": null, "roof_colou": null, "internet_a": null, "building_c": null, "layer": null, "operator": null, "wikipedia": null, "wikidata": null, "payment_vi": null, "payment_ma": null, "image": null, "email": null, "cooperativ": null, "roof_level": null, "check_date": null, "smoking": null, "ref": null, "branch": null, "wheelchair": null, "phone": null, "height": "6", "designatio": null, "website": "http://www.parksidefarmersmarket.com/", "type": null, "opening_ho": "Mo-Sa 07:00-19:00; Su 07:00-18:00", "name": "Parkside Farmers Market", "check_da_1": null, "building_l": null, "building": "yes", "brand_wiki": null, "brand": null, "addr_stree": "Taraval Street", "addr_state": "CA", "addr_postc": "94116", "addr_hou_1": "555", "addr_count": "US", "addr_city": "San Francisco", "name_zh-Ha": null, "name_zh-_1": null, "name_ko": null, "name_en": null, "alt_name_k": null, "payment_am": null, "entrance": null, "door": null, "automatic_": null, "drink_wine": null, "diet_veget": null, "diet_vegan": null, "diet_halal": null, "descriptio": null, "wikimedia_": null, "payment_ap": null, "cuisine": null, "toilets_wh": null, "old_name": null, "addr_cou_1": null, "visibility": null, "support": null, "faces": null, "display": null, "date": null, "amenity": null, "self_check": null, "opening__1": null, "internet_1": null, "dog": null, "path": "/Users/admin/Desktop/QGIS/Polygon_markets_sf.shp" }, "geometry": { "type": "Point", "coordinates": [ -122.4722613, 37.7429809 ] } },
{ "type": "Feature", "properties": { "full_id": "w288678028", "osm_id": "288678028", "osm_type": "way", "shop": "supermarket", "contact_ph": null, "name_zh": null, "addr_unit": null, "official_n": null, "contact_fa": null, "sfgov_OBJN": "SanfranQ_4133", "payment_co": null, "organic": null, "level": null, "origin": null, "alt_name": null, "addr_house": null, "atm": null, "payment_de": null, "payment_cr": null, "payment_ca": null, "roof_shape": null, "start_date": null, "roof_colou": null, "internet_a": null, "building_c": null, "layer": null, "operator": null, "wikipedia": null, "wikidata": null, "payment_vi": null, "payment_ma": null, "image": null, "email": null, "cooperativ": null, "roof_level": null, "check_date": null, "smoking": null, "ref": null, "branch": null, "wheelchair": null, "phone": null, "height": "7", "designatio": null, "website": null, "type": null, "opening_ho": null, "name": "Sunset Super", "check_da_1": "2025-11-26", "building_l": null, "building": "yes", "brand_wiki": null, "brand": null, "addr_stree": "Vicente Street", "addr_state": "CA", "addr_postc": "94116", "addr_hou_1": "2801", "addr_count": "US", "addr_city": "San Francisco", "name_zh-Ha": null, "name_zh-_1": null, "name_ko": null, "name_en": null, "alt_name_k": null, "payment_am": null, "entrance": null, "door": null, "automatic_": null, "drink_wine": null, "diet_veget": null, "diet_vegan": null, "diet_halal": null, "descriptio": null, "wikimedia_": null, "payment_ap": null, "cuisine": null, "toilets_wh": null, "old_name": null, "addr_cou_1": null, "visibility": null, "support": null, "faces": null, "display": null, "date": null, "amenity": null, "self_check": null, "opening__1": null, "internet_1": null, "dog": null, "path": "/Users/admin/Desktop/QGIS/Polygon_markets_sf.shp" }, "geometry": { "type": "Point", "coordinates": [ -122.4973714, 37.738113 ] } },
{ "type": "Feature", "properties": { "full_id": "w289560462", "osm_id": "289560462", "osm_type": "way", "shop": "supermarket", "contact_ph": null, "name_zh": null, "addr_unit": null, "official_n": "Grocery Outlet Bargain Market", "contact_fa": "https://www.facebook.com/visitacionvalleygroceryou", "sfgov_OBJN": null, "payment_co": null, "organic": null, "level": null, "origin": null, "alt_name": null, "addr_house": null, "atm": null, "payment_de": null, "payment_cr": null, "payment_ca": null, "roof_shape": null, "start_date": null, "roof_colou": null, "internet_a": null, "building_c": null, "layer": null, "operator": null, "wikipedia": null, "wikidata": null, "payment_vi": null, "payment_ma": null, "image": null, "email": "visitacionvalley@groceryoutlet.com", "cooperativ": null, "roof_level": null, "check_date": null, "smoking": null, "ref": null, "branch": "Visitacion Valley", "wheelchair": null, "phone": "+1 415-715-1030", "height": "5", "designatio": null, "website": null, "type": null, "opening_ho": "08:00-21:00", "name": "Grocery Outlet", "check_da_1": null, "building_l": null, "building": "yes", "brand_wiki": "Q5609934", "brand": "Grocery Outlet", "addr_stree": "Bayshore Boulevard", "addr_state": "CA", "addr_postc": "94134", "addr_hou_1": "2630", "addr_count": null, "addr_city": "San Francisco", "name_zh-Ha": null, "name_zh-_1": null, "name_ko": null, "name_en": null, "alt_name_k": null, "payment_am": null, "entrance": null, "door": null, "automatic_": null, "drink_wine": null, "diet_veget": null, "diet_vegan": null, "diet_halal": null, "descriptio": null, "wikimedia_": null, "payment_ap": null, "cuisine": null, "toilets_wh": null, "old_name": null, "addr_cou_1": null, "visibility": null, "support": null, "faces": null, "display": null, "date": null, "amenity": null, "self_check": null, "opening__1": null, "internet_1": null, "dog": null, "path": "/Users/admin/Desktop/QGIS/Polygon_markets_sf.shp" }, "geometry": { "type": "Point", "coordinates": [ -122.406002, 37.7084958 ] } },
{ "type": "Feature", "properties": { "full_id": "w290044336", "osm_id": "290044336", "osm_type": "way", "shop": "supermarket", "contact_ph": null, "name_zh": null, "addr_unit": null, "official_n": "Grocery Outlet Bargain Market", "contact_fa": null, "sfgov_OBJN": null, "payment_co": null, "organic": null, "level": null, "origin": null, "alt_name": null, "addr_house": null, "atm": null, "payment_de": null, "payment_cr": null, "payment_ca": null, "roof_shape": null, "start_date": null, "roof_colou": null, "internet_a": null, "building_c": null, "layer": null, "operator": null, "wikipedia": null, "wikidata": null, "payment_vi": null, "payment_ma": null, "image": null, "email": null, "cooperativ": null, "roof_level": null, "check_date": null, "smoking": null, "ref": null, "branch": null, "wheelchair": null, "phone": "+1-415-825-5678", "height": "7", "designatio": null, "website": null, "type": null, "opening_ho": "Mo-Su 08:00-21:00", "name": "Grocery Outlet", "check_da_1": null, "building_l": null, "building": "yes", "brand_wiki": "Q5609934", "brand": "Grocery Outlet", "addr_stree": "Silver Avenue", "addr_state": null, "addr_postc": null, "addr_hou_1": "1390", "addr_count": null, "addr_city": null, "name_zh-Ha": null, "name_zh-_1": null, "name_ko": null, "name_en": null, "alt_name_k": null, "payment_am": null, "entrance": null, "door": null, "automatic_": null, "drink_wine": null, "diet_veget": null, "diet_vegan": null, "diet_halal": null, "descriptio": null, "wikimedia_": null, "payment_ap": null, "cuisine": null, "toilets_wh": null, "old_name": null, "addr_cou_1": null, "visibility": null, "support": null, "faces": null, "display": null, "date": null, "amenity": null, "self_check": null, "opening__1": null, "internet_1": null, "dog": null, "path": "/Users/admin/Desktop/QGIS/Polygon_markets_sf.shp" }, "geometry": { "type": "Point", "coordinates": [ -122.4090582, 37.731046 ] } },
{ "type": "Feature", "properties": { "full_id": "w290616523", "osm_id": "290616523", "osm_type": "way", "shop": "supermarket", "contact_ph": null, "name_zh": null, "addr_unit": null, "official_n": null, "contact_fa": null, "sfgov_OBJN": null, "payment_co": null, "organic": null, "level": null, "origin": null, "alt_name": null, "addr_house": null, "atm": null, "payment_de": null, "payment_cr": null, "payment_ca": null, "roof_shape": null, "start_date": null, "roof_colou": null, "internet_a": null, "building_c": null, "layer": null, "operator": null, "wikipedia": null, "wikidata": null, "payment_vi": null, "payment_ma": null, "image": null, "email": null, "cooperativ": null, "roof_level": null, "check_date": null, "smoking": null, "ref": null, "branch": null, "wheelchair": null, "phone": "+1 415-587-7200", "height": "6", "designatio": "Safeway 0964", "website": "https://local.safeway.com/safeway/ca/san-francisco/4950-mission-st.html", "type": null, "opening_ho": "24/7", "name": "Safeway", "check_da_1": null, "building_l": null, "building": "yes", "brand_wiki": "Q1508234", "brand": "Safeway", "addr_stree": "Mission Street", "addr_state": "CA", "addr_postc": "94112", "addr_hou_1": "4950", "addr_count": null, "addr_city": "San Francisco", "name_zh-Ha": null, "name_zh-_1": null, "name_ko": null, "name_en": null, "alt_name_k": null, "payment_am": null, "entrance": null, "door": null, "automatic_": null, "drink_wine": null, "diet_veget": null, "diet_vegan": null, "diet_halal": null, "descriptio": null, "wikimedia_": null, "payment_ap": null, "cuisine": null, "toilets_wh": null, "old_name": null, "addr_cou_1": null, "visibility": null, "support": null, "faces": null, "display": null, "date": null, "amenity": null, "self_check": null, "opening__1": null, "internet_1": null, "dog": null, "path": "/Users/admin/Desktop/QGIS/Polygon_markets_sf.shp" }, "geometry": { "type": "Point", "coordinates": [ -122.4389359, 37.7199377 ] } },
{ "type": "Feature", "properties": { "full_id": "w293604057", "osm_id": "293604057", "osm_type": "way", "shop": "supermarket", "contact_ph": null, "name_zh": null, "addr_unit": "203", "official_n": null, "contact_fa": null, "sfgov_OBJN": null, "payment_co": null, "organic": null, "level": null, "origin": null, "alt_name": null, "addr_house": null, "atm": null, "payment_de": null, "payment_cr": null, "payment_ca": null, "roof_shape": null, "start_date": null, "roof_colou": null, "internet_a": null, "building_c": null, "layer": null, "operator": null, "wikipedia": null, "wikidata": null, "payment_vi": null, "payment_ma": null, "image": null, "email": null, "cooperativ": null, "roof_level": null, "check_date": null, "smoking": null, "ref": null, "branch": null, "wheelchair": null, "phone": "+1 415-575-1120", "height": null, "designatio": "Safeway 1490", "website": "https://local.safeway.com/safeway/ca/san-francisco/2300-16th-st-unit-203.html", "type": null, "opening_ho": "06:00-23:00", "name": "Safeway", "check_da_1": "2024-06-07", "building_l": null, "building": "retail", "brand_wiki": "Q1508234", "brand": "Safeway", "addr_stree": "16th Street", "addr_state": "CA", "addr_postc": "94102", "addr_hou_1": "2300", "addr_count": null, "addr_city": "San Francisco", "name_zh-Ha": null, "name_zh-_1": null, "name_ko": null, "name_en": null, "alt_name_k": null, "payment_am": null, "entrance": null, "door": null, "automatic_": null, "drink_wine": null, "diet_veget": null, "diet_vegan": null, "diet_halal": null, "descriptio": null, "wikimedia_": null, "payment_ap": null, "cuisine": null, "toilets_wh": null, "old_name": null, "addr_cou_1": null, "visibility": null, "support": null, "faces": null, "display": null, "date": null, "amenity": null, "self_check": null, "opening__1": null, "internet_1": null, "dog": null, "path": "/Users/admin/Desktop/QGIS/Polygon_markets_sf.shp" }, "geometry": { "type": "Point", "coordinates": [ -122.409314, 37.7668858 ] } },
{ "type": "Feature", "properties": { "full_id": "w503144637", "osm_id": "503144637", "osm_type": "way", "shop": "supermarket", "contact_ph": null, "name_zh": null, "addr_unit": null, "official_n": null, "contact_fa": null, "sfgov_OBJN": null, "payment_co": null, "organic": null, "level": null, "origin": null, "alt_name": null, "addr_house": null, "atm": null, "payment_de": null, "payment_cr": null, "payment_ca": null, "roof_shape": null, "start_date": null, "roof_colou": null, "internet_a": null, "building_c": null, "layer": null, "operator": null, "wikipedia": null, "wikidata": null, "payment_vi": null, "payment_ma": null, "image": null, "email": null, "cooperativ": null, "roof_level": null, "check_date": null, "smoking": null, "ref": null, "branch": null, "wheelchair": null, "phone": "+1-415-337-7272", "height": null, "designatio": null, "website": null, "type": null, "opening_ho": "Mo-Su 09:00-19:30", "name": "Manila Oriental Market", "check_da_1": null, "building_l": null, "building": "yes", "brand_wiki": null, "brand": null, "addr_stree": "Mission Street", "addr_state": "CA", "addr_postc": "94112", "addr_hou_1": "4175", "addr_count": null, "addr_city": "San Francisco", "name_zh-Ha": null, "name_zh-_1": null, "name_ko": null, "name_en": null, "alt_name_k": null, "payment_am": null, "entrance": null, "door": null, "automatic_": null, "drink_wine": null, "diet_veget": null, "diet_vegan": null, "diet_halal": null, "descriptio": null, "wikimedia_": null, "payment_ap": null, "cuisine": null, "toilets_wh": null, "old_name": null, "addr_cou_1": null, "visibility": null, "support": null, "faces": null, "display": null, "date": null, "amenity": null, "self_check": null, "opening__1": null, "internet_1": null, "dog": null, "path": "/Users/admin/Desktop/QGIS/Polygon_markets_sf.shp" }, "geometry": { "type": "Point", "coordinates": [ -122.4289688, 37.7303358 ] } },
{ "type": "Feature", "properties": { "full_id": "w503427028", "osm_id": "503427028", "osm_type": "way", "shop": "supermarket", "contact_ph": null, "name_zh": null, "addr_unit": null, "official_n": "Grocery Outlet Bargain Market", "contact_fa": null, "sfgov_OBJN": null, "payment_co": null, "organic": null, "level": null, "origin": null, "alt_name": null, "addr_house": null, "atm": null, "payment_de": null, "payment_cr": null, "payment_ca": null, "roof_shape": null, "start_date": null, "roof_colou": null, "internet_a": null, "building_c": null, "layer": null, "operator": null, "wikipedia": null, "wikidata": null, "payment_vi": null, "payment_ma": null, "image": null, "email": null, "cooperativ": null, "roof_level": null, "check_date": null, "smoking": null, "ref": null, "branch": null, "wheelchair": null, "phone": "+1-415-872-7170", "height": null, "designatio": null, "website": "https://groceryoutlet.com/circulars/storeid/306", "type": null, "opening_ho": "Mo-Su 08:00-20:00", "name": "Grocery Outlet", "check_da_1": null, "building_l": null, "building": "yes", "brand_wiki": "Q5609934", "brand": "Grocery Outlet", "addr_stree": "South Van Ness Avenue", "addr_state": "CA", "addr_postc": "94110", "addr_hou_1": "1245", "addr_count": null, "addr_city": "San Francisco", "name_zh-Ha": null, "name_zh-_1": null, "name_ko": null, "name_en": null, "alt_name_k": null, "payment_am": null, "entrance": null, "door": null, "automatic_": null, "drink_wine": null, "diet_veget": null, "diet_vegan": null, "diet_halal": null, "descriptio": null, "wikimedia_": null, "payment_ap": null, "cuisine": null, "toilets_wh": null, "old_name": null, "addr_cou_1": null, "visibility": null, "support": null, "faces": null, "display": null, "date": null, "amenity": null, "self_check": null, "opening__1": null, "internet_1": null, "dog": null, "path": "/Users/admin/Desktop/QGIS/Polygon_markets_sf.shp" }, "geometry": { "type": "Point", "coordinates": [ -122.415935, 37.7531357 ] } },
{ "type": "Feature", "properties": { "full_id": "w624596716", "osm_id": "624596716", "osm_type": "way", "shop": "supermarket", "contact_ph": null, "name_zh": "新美華超級市場", "addr_unit": null, "official_n": null, "contact_fa": null, "sfgov_OBJN": null, "payment_co": null, "organic": null, "level": null, "origin": null, "alt_name": null, "addr_house": null, "atm": null, "payment_de": null, "payment_cr": null, "payment_ca": null, "roof_shape": null, "start_date": null, "roof_colou": null, "internet_a": null, "building_c": null, "layer": null, "operator": null, "wikipedia": null, "wikidata": null, "payment_vi": null, "payment_ma": null, "image": null, "email": null, "cooperativ": null, "roof_level": null, "check_date": null, "smoking": null, "ref": null, "branch": null, "wheelchair": null, "phone": null, "height": null, "designatio": null, "website": null, "type": null, "opening_ho": null, "name": "Richmond New May Wah Supermarket", "check_da_1": null, "building_l": null, "building": null, "brand_wiki": null, "brand": null, "addr_stree": null, "addr_state": null, "addr_postc": null, "addr_hou_1": null, "addr_count": null, "addr_city": null, "name_zh-Ha": null, "name_zh-_1": null, "name_ko": null, "name_en": null, "alt_name_k": null, "payment_am": null, "entrance": null, "door": null, "automatic_": null, "drink_wine": null, "diet_veget": null, "diet_vegan": null, "diet_halal": null, "descriptio": null, "wikimedia_": null, "payment_ap": null, "cuisine": null, "toilets_wh": null, "old_name": null, "addr_cou_1": null, "visibility": null, "support": null, "faces": null, "display": null, "date": null, "amenity": null, "self_check": null, "opening__1": null, "internet_1": null, "dog": null, "path": "/Users/admin/Desktop/QGIS/Polygon_markets_sf.shp" }, "geometry": { "type": "Point", "coordinates": [ -122.4669509, 37.7826019 ] } },
{ "type": "Feature", "properties": { "full_id": "w1105289817", "osm_id": "1105289817", "osm_type": "way", "shop": "supermarket", "contact_ph": null, "name_zh": null, "addr_unit": "100", "official_n": null, "contact_fa": null, "sfgov_OBJN": null, "payment_co": null, "organic": null, "level": "0", "origin": null, "alt_name": "Market on Market", "addr_house": null, "atm": null, "payment_de": null, "payment_cr": null, "payment_ca": null, "roof_shape": null, "start_date": null, "roof_colou": null, "internet_a": null, "building_c": null, "layer": null, "operator": null, "wikipedia": null, "wikidata": null, "payment_vi": null, "payment_ma": null, "image": null, "email": null, "cooperativ": null, "roof_level": null, "check_date": null, "smoking": null, "ref": null, "branch": null, "wheelchair": null, "phone": "+1 415-767-5130", "height": null, "designatio": null, "website": "https://www.visitthemarket.com/", "type": null, "opening_ho": "Mo-Fr 08:00-20:00", "name": "The Market", "check_da_1": "2025-12-02", "building_l": null, "building": null, "brand_wiki": null, "brand": null, "addr_stree": "Market Street", "addr_state": "CA", "addr_postc": "94103", "addr_hou_1": "1355", "addr_count": null, "addr_city": "San Francisco", "name_zh-Ha": null, "name_zh-_1": null, "name_ko": null, "name_en": null, "alt_name_k": null, "payment_am": null, "entrance": null, "door": null, "automatic_": null, "drink_wine": null, "diet_veget": null, "diet_vegan": null, "diet_halal": null, "descriptio": null, "wikimedia_": null, "payment_ap": null, "cuisine": null, "toilets_wh": null, "old_name": null, "addr_cou_1": null, "visibility": null, "support": null, "faces": null, "display": null, "date": null, "amenity": null, "self_check": null, "opening__1": null, "internet_1": null, "dog": null, "path": "/Users/admin/Desktop/QGIS/Polygon_markets_sf.shp" }, "geometry": { "type": "Point", "coordinates": [ -122.4168079, 37.7765404 ] } },
{ "type": "Feature", "properties": { "full_id": "w1156829796", "osm_id": "1156829796", "osm_type": "way", "shop": "supermarket", "contact_ph": null, "name_zh": null, "addr_unit": null, "official_n": null, "contact_fa": null, "sfgov_OBJN": null, "payment_co": null, "organic": null, "level": null, "origin": null, "alt_name": null, "addr_house": null, "atm": null, "payment_de": null, "payment_cr": null, "payment_ca": null, "roof_shape": null, "start_date": null, "roof_colou": null, "internet_a": null, "building_c": null, "layer": "1", "operator": null, "wikipedia": null, "wikidata": null, "payment_vi": null, "payment_ma": null, "image": null, "email": null, "cooperativ": null, "roof_level": null, "check_date": null, "smoking": null, "ref": null, "branch": null, "wheelchair": null, "phone": null, "height": null, "designatio": null, "website": "https://local.andronicos.com/ca/san-francisco/375-32nd-ave.html", "type": null, "opening_ho": null, "name": "Andronico's", "check_da_1": null, "building_l": null, "building": "yes", "brand_wiki": "Q4759491", "brand": "Andronico's", "addr_stree": "32nd Avenue", "addr_state": "CA", "addr_postc": "94121", "addr_hou_1": "375", "addr_count": null, "addr_city": "San Francisco", "name_zh-Ha": null, "name_zh-_1": null, "name_ko": null, "name_en": null, "alt_name_k": null, "payment_am": null, "entrance": null, "door": null, "automatic_": null, "drink_wine": null, "diet_veget": null, "diet_vegan": null, "diet_halal": null, "descriptio": null, "wikimedia_": null, "payment_ap": null, "cuisine": null, "toilets_wh": null, "old_name": null, "addr_cou_1": null, "visibility": null, "support": null, "faces": null, "display": null, "date": null, "amenity": null, "self_check": null, "opening__1": null, "internet_1": null, "dog": null, "path": "/Users/admin/Desktop/QGIS/Polygon_markets_sf.shp" }, "geometry": { "type": "Point", "coordinates": [ -122.4930644, 37.7822187 ] } },
{ "type": "Feature", "properties": { "full_id": "w1378825464", "osm_id": "1378825464", "osm_type": "way", "shop": "supermarket", "contact_ph": "+1-415-681-4300", "name_zh": null, "addr_unit": null, "official_n": null, "contact_fa": null, "sfgov_OBJN": null, "payment_co": null, "organic": null, "level": null, "origin": null, "alt_name": null, "addr_house": null, "atm": null, "payment_de": null, "payment_cr": null, "payment_ca": null, "roof_shape": null, "start_date": null, "roof_colou": null, "internet_a": null, "building_c": null, "layer": null, "operator": null, "wikipedia": null, "wikidata": null, "payment_vi": null, "payment_ma": null, "image": null, "email": null, "cooperativ": null, "roof_level": null, "check_date": null, "smoking": null, "ref": "755", "branch": null, "wheelchair": null, "phone": null, "height": "7", "designatio": null, "website": null, "type": null, "opening_ho": null, "name": "Lucky", "check_da_1": null, "building_l": null, "building": "retail", "brand_wiki": "Q6698032", "brand": "Lucky", "addr_stree": "Sloat Boulevard", "addr_state": "CA", "addr_postc": "94132", "addr_hou_1": "1515", "addr_count": "US", "addr_city": "San Francisco", "name_zh-Ha": null, "name_zh-_1": null, "name_ko": null, "name_en": null, "alt_name_k": null, "payment_am": null, "entrance": null, "door": null, "automatic_": null, "drink_wine": null, "diet_veget": null, "diet_vegan": null, "diet_halal": null, "descriptio": null, "wikimedia_": null, "payment_ap": null, "cuisine": null, "toilets_wh": null, "old_name": null, "addr_cou_1": null, "visibility": null, "support": null, "faces": null, "display": null, "date": null, "amenity": null, "self_check": null, "opening__1": null, "internet_1": null, "dog": null, "path": "/Users/admin/Desktop/QGIS/Polygon_markets_sf.shp" }, "geometry": { "type": "Point", "coordinates": [ -122.4894449, 37.7330694 ] } },
{ "type": "Feature", "properties": { "full_id": "n293632937", "osm_id": "293632937", "osm_type": "node", "shop": "supermarket", "contact_ph": null, "name_zh": null, "addr_unit": null, "official_n": null, "contact_fa": null, "sfgov_OBJN": null, "payment_co": null, "organic": "yes", "level": null, "origin": null, "alt_name": null, "addr_house": "298", "atm": null, "payment_de": null, "payment_cr": null, "payment_ca": null, "roof_shape": null, "start_date": null, "roof_colou": null, "internet_a": "no", "building_c": null, "layer": null, "operator": null, "wikipedia": null, "wikidata": null, "payment_vi": null, "payment_ma": null, "image": null, "email": null, "cooperativ": null, "roof_level": null, "check_date": null, "smoking": null, "ref": "2606", "branch": null, "wheelchair": "yes", "phone": "+1 415-633-1001", "height": null, "designatio": "Safeway 2606", "website": "https://local.safeway.com/safeway/ca/san-francisco/298-king-st.html", "type": null, "opening_ho": null, "name": "Safeway", "check_da_1": "2024-09-02", "building_l": null, "building": null, "brand_wiki": "Q1508234", "brand": "Safeway", "addr_stree": "King Street", "addr_state": "CA", "addr_postc": "94107", "addr_hou_1": null, "addr_count": null, "addr_city": "San Francisco", "name_zh-Ha": null, "name_zh-_1": null, "name_ko": null, "name_en": null, "alt_name_k": null, "payment_am": null, "entrance": null, "door": null, "automatic_": null, "drink_wine": null, "diet_veget": null, "diet_vegan": null, "diet_halal": null, "descriptio": null, "wikimedia_": null, "payment_ap": null, "cuisine": null, "toilets_wh": null, "old_name": null, "addr_cou_1": null, "visibility": null, "support": null, "faces": null, "display": null, "date": null, "amenity": null, "self_check": "no", "opening__1": "Su-Sa 06:00-22:00", "internet_1": "wlan", "dog": "no", "path": "/Users/admin/Desktop/QGIS/point.shp" }, "geometry": { "type": "Point", "coordinates": [ -122.3940709, 37.7767776 ] } },
{ "type": "Feature", "properties": { "full_id": "n332787306", "osm_id": "332787306", "osm_type": "node", "shop": "supermarket", "contact_ph": null, "name_zh": null, "addr_unit": null, "official_n": null, "contact_fa": null, "sfgov_OBJN": null, "payment_co": null, "organic": null, "level": null, "origin": null, "alt_name": null, "addr_house": null, "atm": null, "payment_de": null, "payment_cr": null, "payment_ca": null, "roof_shape": null, "start_date": null, "roof_colou": null, "internet_a": null, "building_c": null, "layer": null, "operator": null, "wikipedia": null, "wikidata": null, "payment_vi": null, "payment_ma": null, "image": null, "email": null, "cooperativ": null, "roof_level": null, "check_date": "2023-11-03", "smoking": null, "ref": null, "branch": null, "wheelchair": "yes", "phone": null, "height": null, "designatio": null, "website": null, "type": null, "opening_ho": null, "name": "Calmart", "check_da_1": null, "building_l": null, "building": null, "brand_wiki": null, "brand": null, "addr_stree": null, "addr_state": null, "addr_postc": null, "addr_hou_1": null, "addr_count": null, "addr_city": null, "name_zh-Ha": null, "name_zh-_1": null, "name_ko": null, "name_en": null, "alt_name_k": null, "payment_am": null, "entrance": null, "door": null, "automatic_": null, "drink_wine": null, "diet_veget": null, "diet_vegan": null, "diet_halal": null, "descriptio": null, "wikimedia_": null, "payment_ap": null, "cuisine": null, "toilets_wh": null, "old_name": null, "addr_cou_1": null, "visibility": null, "support": null, "faces": null, "display": null, "date": null, "amenity": null, "self_check": null, "opening__1": null, "internet_1": null, "dog": null, "path": "/Users/admin/Desktop/QGIS/point.shp" }, "geometry": { "type": "Point", "coordinates": [ -122.4528047, 37.786265 ] } },
{ "type": "Feature", "properties": { "full_id": "n389404007", "osm_id": "389404007", "osm_type": "node", "shop": "supermarket", "contact_ph": null, "name_zh": null, "addr_unit": null, "official_n": null, "contact_fa": null, "sfgov_OBJN": null, "payment_co": null, "organic": "yes", "level": null, "origin": null, "alt_name": null, "addr_house": "399", "atm": null, "payment_de": null, "payment_cr": null, "payment_ca": null, "roof_shape": null, "start_date": null, "roof_colou": null, "internet_a": null, "building_c": null, "layer": null, "operator": null, "wikipedia": null, "wikidata": null, "payment_vi": null, "payment_ma": null, "image": null, "email": null, "cooperativ": null, "roof_level": null, "check_date": "2024-10-03", "smoking": null, "ref": "soma", "branch": "SoMa", "wheelchair": null, "phone": "+1 415-618-0066", "height": null, "designatio": null, "website": "https://www.wholefoodsmarket.com/stores/soma", "type": null, "opening_ho": null, "name": "Whole Foods Market", "check_da_1": "2024-10-03", "building_l": null, "building": null, "brand_wiki": "Q1809448", "brand": "Whole Foods Market", "addr_stree": "4th Street", "addr_state": "CA", "addr_postc": "94107", "addr_hou_1": null, "addr_count": null, "addr_city": "San Francisco", "name_zh-Ha": null, "name_zh-_1": null, "name_ko": null, "name_en": null, "alt_name_k": null, "payment_am": null, "entrance": null, "door": null, "automatic_": null, "drink_wine": null, "diet_veget": null, "diet_vegan": null, "diet_halal": null, "descriptio": null, "wikimedia_": null, "payment_ap": null, "cuisine": null, "toilets_wh": null, "old_name": null, "addr_cou_1": null, "visibility": null, "support": null, "faces": null, "display": null, "date": null, "amenity": null, "self_check": null, "opening__1": "Mo-Su 08:00-22:00", "internet_1": null, "dog": "no", "path": "/Users/admin/Desktop/QGIS/point.shp" }, "geometry": { "type": "Point", "coordinates": [ -122.3997789, 37.7811499 ] } },
{ "type": "Feature", "properties": { "full_id": "n411910255", "osm_id": "411910255", "osm_type": "node", "shop": null, "contact_ph": null, "name_zh": null, "addr_unit": null, "official_n": null, "contact_fa": null, "sfgov_OBJN": null, "payment_co": null, "organic": null, "level": null, "origin": null, "alt_name": null, "addr_house": null, "atm": null, "payment_de": null, "payment_cr": null, "payment_ca": null, "roof_shape": null, "start_date": null, "roof_colou": null, "internet_a": null, "building_c": null, "layer": null, "operator": null, "wikipedia": null, "wikidata": null, "payment_vi": null, "payment_ma": null, "image": null, "email": null, "cooperativ": null, "roof_level": null, "check_date": null, "smoking": null, "ref": null, "branch": null, "wheelchair": null, "phone": null, "height": null, "designatio": null, "website": null, "type": null, "opening_ho": null, "name": null, "check_da_1": null, "building_l": null, "building": null, "brand_wiki": null, "brand": null, "addr_stree": null, "addr_state": null, "addr_postc": null, "addr_hou_1": null, "addr_count": null, "addr_city": null, "name_zh-Ha": null, "name_zh-_1": null, "name_ko": null, "name_en": null, "alt_name_k": null, "payment_am": null, "entrance": null, "door": null, "automatic_": null, "drink_wine": null, "diet_veget": null, "diet_vegan": null, "diet_halal": null, "descriptio": null, "wikimedia_": null, "payment_ap": null, "cuisine": null, "toilets_wh": null, "old_name": null, "addr_cou_1": null, "visibility": "street", "support": "wall_mounted", "faces": "3", "display": "analog", "date": "no", "amenity": "clock", "self_check": null, "opening__1": null, "internet_1": null, "dog": null, "path": "/Users/admin/Desktop/QGIS/point.shp" }, "geometry": { "type": "Point", "coordinates": [ -122.417258, 37.7765031 ] } },
{ "type": "Feature", "properties": { "full_id": "n416779714", "osm_id": "416779714", "osm_type": "node", "shop": "supermarket", "contact_ph": null, "name_zh": null, "addr_unit": null, "official_n": null, "contact_fa": null, "sfgov_OBJN": null, "payment_co": null, "organic": null, "level": null, "origin": null, "alt_name": null, "addr_house": "2323", "atm": null, "payment_de": null, "payment_cr": null, "payment_ca": null, "roof_shape": null, "start_date": null, "roof_colou": null, "internet_a": null, "building_c": null, "layer": null, "operator": null, "wikipedia": null, "wikidata": null, "payment_vi": null, "payment_ma": null, "image": null, "email": null, "cooperativ": null, "roof_level": null, "check_date": null, "smoking": null, "ref": null, "branch": null, "wheelchair": "yes", "phone": null, "height": null, "designatio": null, "website": null, "type": null, "opening_ho": null, "name": "Marina Supermarket", "check_da_1": null, "building_l": null, "building": null, "brand_wiki": null, "brand": null, "addr_stree": "Chestnut Street", "addr_state": "CA", "addr_postc": null, "addr_hou_1": null, "addr_count": null, "addr_city": "San Francisco", "name_zh-Ha": null, "name_zh-_1": null, "name_ko": null, "name_en": null, "alt_name_k": null, "payment_am": null, "entrance": null, "door": null, "automatic_": null, "drink_wine": null, "diet_veget": null, "diet_vegan": null, "diet_halal": null, "descriptio": null, "wikimedia_": null, "payment_ap": null, "cuisine": null, "toilets_wh": null, "old_name": null, "addr_cou_1": null, "visibility": null, "support": null, "faces": null, "display": null, "date": null, "amenity": null, "self_check": null, "opening__1": null, "internet_1": null, "dog": null, "path": "/Users/admin/Desktop/QGIS/point.shp" }, "geometry": { "type": "Point", "coordinates": [ -122.4416127, 37.8000223 ] } },
{ "type": "Feature", "properties": { "full_id": "n459504817", "osm_id": "459504817", "osm_type": "node", "shop": "supermarket", "contact_ph": null, "name_zh": null, "addr_unit": null, "official_n": null, "contact_fa": null, "sfgov_OBJN": null, "payment_co": null, "organic": null, "level": null, "origin": null, "alt_name": null, "addr_house": "4201", "atm": null, "payment_de": null, "payment_cr": null, "payment_ca": null, "roof_shape": null, "start_date": null, "roof_colou": null, "internet_a": null, "building_c": null, "layer": null, "operator": null, "wikipedia": null, "wikidata": null, "payment_vi": null, "payment_ma": null, "image": null, "email": null, "cooperativ": null, "roof_level": null, "check_date": null, "smoking": null, "ref": null, "branch": null, "wheelchair": "yes", "phone": "+1-415-255-8959", "height": null, "designatio": null, "website": "https://www.molliestones.com/", "type": null, "opening_ho": null, "name": "Mollie Stone's", "check_da_1": null, "building_l": null, "building": null, "brand_wiki": null, "brand": null, "addr_stree": "18th Street", "addr_state": null, "addr_postc": null, "addr_hou_1": null, "addr_count": null, "addr_city": null, "name_zh-Ha": null, "name_zh-_1": null, "name_ko": null, "name_en": null, "alt_name_k": null, "payment_am": null, "entrance": null, "door": null, "automatic_": null, "drink_wine": null, "diet_veget": null, "diet_vegan": null, "diet_halal": null, "descriptio": null, "wikimedia_": null, "payment_ap": null, "cuisine": null, "toilets_wh": null, "old_name": null, "addr_cou_1": null, "visibility": null, "support": null, "faces": null, "display": null, "date": null, "amenity": null, "self_check": null, "opening__1": "Mo-Su 07:00-21:00", "internet_1": null, "dog": null, "path": "/Users/admin/Desktop/QGIS/point.shp" }, "geometry": { "type": "Point", "coordinates": [ -122.436559, 37.7606657 ] } },
{ "type": "Feature", "properties": { "full_id": "n612767884", "osm_id": "612767884", "osm_type": "node", "shop": "supermarket", "contact_ph": null, "name_zh": "恆興超級市場", "addr_unit": null, "official_n": null, "contact_fa": null, "sfgov_OBJN": null, "payment_co": null, "organic": null, "level": null, "origin": null, "alt_name": null, "addr_house": "1401", "atm": null, "payment_de": null, "payment_cr": null, "payment_ca": null, "roof_shape": null, "start_date": null, "roof_colou": null, "internet_a": null, "building_c": null, "layer": null, "operator": null, "wikipedia": null, "wikidata": null, "payment_vi": null, "payment_ma": null, "image": null, "email": null, "cooperativ": null, "roof_level": null, "check_date": null, "smoking": null, "ref": null, "branch": null, "wheelchair": null, "phone": "+1 415 3972668", "height": null, "designatio": null, "website": null, "type": null, "opening_ho": null, "name": "JW & L Market", "check_da_1": null, "building_l": null, "building": null, "brand_wiki": null, "brand": null, "addr_stree": "Stockton Street", "addr_state": "CA", "addr_postc": null, "addr_hou_1": null, "addr_count": null, "addr_city": "San Francisco", "name_zh-Ha": null, "name_zh-_1": null, "name_ko": null, "name_en": null, "alt_name_k": null, "payment_am": null, "entrance": null, "door": null, "automatic_": null, "drink_wine": null, "diet_veget": null, "diet_vegan": null, "diet_halal": null, "descriptio": null, "wikimedia_": null, "payment_ap": null, "cuisine": null, "toilets_wh": null, "old_name": null, "addr_cou_1": "US", "visibility": null, "support": null, "faces": null, "display": null, "date": null, "amenity": null, "self_check": null, "opening__1": null, "internet_1": null, "dog": null, "path": "/Users/admin/Desktop/QGIS/point.shp" }, "geometry": { "type": "Point", "coordinates": [ -122.4090015, 37.7986741 ] } },
{ "type": "Feature", "properties": { "full_id": "n761762694", "osm_id": "761762694", "osm_type": "node", "shop": "supermarket", "contact_ph": null, "name_zh": null, "addr_unit": null, "official_n": null, "contact_fa": null, "sfgov_OBJN": null, "payment_co": null, "organic": null, "level": null, "origin": null, "alt_name": null, "addr_house": "265", "atm": null, "payment_de": null, "payment_cr": null, "payment_ca": null, "roof_shape": null, "start_date": null, "roof_colou": null, "internet_a": null, "building_c": null, "layer": null, "operator": null, "wikipedia": null, "wikidata": null, "payment_vi": null, "payment_ma": null, "image": null, "email": null, "cooperativ": null, "roof_level": null, "check_date": null, "smoking": null, "ref": "236", "branch": "San Francisco - Stonestown", "wheelchair": null, "phone": "+1 415-665-1835", "height": null, "designatio": null, "website": "https://locations.traderjoes.com/ca/san-francisco/236/", "type": null, "opening_ho": null, "name": "Trader Joe's", "check_da_1": null, "building_l": null, "building": null, "brand_wiki": "Q688825", "brand": "Trader Joe's", "addr_stree": "Winston Drive", "addr_state": "CA", "addr_postc": "94132", "addr_hou_1": null, "addr_count": null, "addr_city": "San Francisco", "name_zh-Ha": null, "name_zh-_1": null, "name_ko": null, "name_en": null, "alt_name_k": null, "payment_am": null, "entrance": null, "door": null, "automatic_": null, "drink_wine": null, "diet_veget": null, "diet_vegan": null, "diet_halal": null, "descriptio": null, "wikimedia_": null, "payment_ap": null, "cuisine": null, "toilets_wh": null, "old_name": null, "addr_cou_1": null, "visibility": null, "support": null, "faces": null, "display": null, "date": null, "amenity": null, "self_check": null, "opening__1": "Mo-Su 08:00-21:00", "internet_1": null, "dog": null, "path": "/Users/admin/Desktop/QGIS/point.shp" }, "geometry": { "type": "Point", "coordinates": [ -122.4762074, 37.7265935 ] } },
{ "type": "Feature", "properties": { "full_id": "n904141569", "osm_id": "904141569", "osm_type": "node", "shop": "grocery", "contact_ph": null, "name_zh": null, "addr_unit": null, "official_n": null, "contact_fa": null, "sfgov_OBJN": null, "payment_co": null, "organic": "only", "level": null, "origin": null, "alt_name": null, "addr_house": null, "atm": null, "payment_de": null, "payment_cr": null, "payment_ca": null, "roof_shape": null, "start_date": null, "roof_colou": null, "internet_a": null, "building_c": null, "layer": null, "operator": null, "wikipedia": null, "wikidata": null, "payment_vi": null, "payment_ma": null, "image": null, "email": null, "cooperativ": null, "roof_level": null, "check_date": null, "smoking": null, "ref": null, "branch": null, "wheelchair": null, "phone": null, "height": null, "designatio": null, "website": null, "type": null, "opening_ho": null, "name": "Starco Mart", "check_da_1": null, "building_l": null, "building": null, "brand_wiki": null, "brand": null, "addr_stree": null, "addr_state": null, "addr_postc": null, "addr_hou_1": null, "addr_count": null, "addr_city": null, "name_zh-Ha": null, "name_zh-_1": null, "name_ko": null, "name_en": null, "alt_name_k": null, "payment_am": null, "entrance": null, "door": null, "automatic_": null, "drink_wine": null, "diet_veget": null, "diet_vegan": null, "diet_halal": null, "descriptio": null, "wikimedia_": null, "payment_ap": null, "cuisine": null, "toilets_wh": null, "old_name": null, "addr_cou_1": null, "visibility": null, "support": null, "faces": null, "display": null, "date": null, "amenity": null, "self_check": null, "opening__1": null, "internet_1": null, "dog": null, "path": "/Users/admin/Desktop/QGIS/point.shp" }, "geometry": { "type": "Point", "coordinates": [ -122.4088465, 37.7786169 ] } },
{ "type": "Feature", "properties": { "full_id": "n1002186270", "osm_id": "1002186270", "osm_type": "node", "shop": "supermarket", "contact_ph": null, "name_zh": null, "addr_unit": null, "official_n": null, "contact_fa": null, "sfgov_OBJN": null, "payment_co": null, "organic": null, "level": null, "origin": null, "alt_name": null, "addr_house": "1765", "atm": null, "payment_de": null, "payment_cr": null, "payment_ca": null, "roof_shape": null, "start_date": null, "roof_colou": null, "internet_a": "no", "building_c": null, "layer": null, "operator": null, "wikipedia": null, "wikidata": null, "payment_vi": null, "payment_ma": null, "image": null, "email": null, "cooperativ": null, "roof_level": null, "check_date": "2024-10-03", "smoking": null, "ref": "franklin", "branch": "Franklin", "wheelchair": "yes", "phone": "+1 415-674-0500", "height": null, "designatio": null, "website": "https://www.wholefoodsmarket.com/stores/franklin", "type": null, "opening_ho": null, "name": "Whole Foods Market", "check_da_1": "2024-10-03", "building_l": null, "building": null, "brand_wiki": "Q1809448", "brand": "Whole Foods Market", "addr_stree": "California Street", "addr_state": "CA", "addr_postc": "94109", "addr_hou_1": null, "addr_count": null, "addr_city": "San Francisco", "name_zh-Ha": null, "name_zh-_1": null, "name_ko": null, "name_en": null, "alt_name_k": null, "payment_am": null, "entrance": null, "door": null, "automatic_": null, "drink_wine": null, "diet_veget": null, "diet_vegan": null, "diet_halal": null, "descriptio": null, "wikimedia_": null, "payment_ap": null, "cuisine": null, "toilets_wh": null, "old_name": null, "addr_cou_1": null, "visibility": null, "support": null, "faces": null, "display": null, "date": null, "amenity": null, "self_check": null, "opening__1": "Mo-Su 08:00-22:00", "internet_1": "wlan", "dog": null, "path": "/Users/admin/Desktop/QGIS/point.shp" }, "geometry": { "type": "Point", "coordinates": [ -122.4234142, 37.7900899 ] } },
{ "type": "Feature", "properties": { "full_id": "n1205120785", "osm_id": "1205120785", "osm_type": "node", "shop": "supermarket", "contact_ph": null, "name_zh": null, "addr_unit": null, "official_n": null, "contact_fa": null, "sfgov_OBJN": null, "payment_co": null, "organic": null, "level": null, "origin": null, "alt_name": null, "addr_house": null, "atm": null, "payment_de": null, "payment_cr": null, "payment_ca": null, "roof_shape": null, "start_date": null, "roof_colou": null, "internet_a": null, "building_c": null, "layer": null, "operator": null, "wikipedia": null, "wikidata": null, "payment_vi": null, "payment_ma": null, "image": null, "email": null, "cooperativ": null, "roof_level": null, "check_date": null, "smoking": null, "ref": null, "branch": null, "wheelchair": null, "phone": null, "height": null, "designatio": null, "website": null, "type": null, "opening_ho": null, "name": "Super Save", "check_da_1": null, "building_l": null, "building": null, "brand_wiki": null, "brand": null, "addr_stree": null, "addr_state": null, "addr_postc": null, "addr_hou_1": null, "addr_count": null, "addr_city": null, "name_zh-Ha": null, "name_zh-_1": null, "name_ko": null, "name_en": null, "alt_name_k": null, "payment_am": null, "entrance": null, "door": null, "automatic_": null, "drink_wine": null, "diet_veget": null, "diet_vegan": null, "diet_halal": null, "descriptio": null, "wikimedia_": null, "payment_ap": null, "cuisine": null, "toilets_wh": null, "old_name": null, "addr_cou_1": null, "visibility": null, "support": null, "faces": null, "display": null, "date": null, "amenity": null, "self_check": null, "opening__1": null, "internet_1": null, "dog": null, "path": "/Users/admin/Desktop/QGIS/point.shp" }, "geometry": { "type": "Point", "coordinates": [ -122.3897193, 37.7367631 ] } },
{ "type": "Feature", "properties": { "full_id": "n1213823254", "osm_id": "1213823254", "osm_type": "node", "shop": "supermarket", "contact_ph": null, "name_zh": null, "addr_unit": null, "official_n": null, "contact_fa": null, "sfgov_OBJN": null, "payment_co": null, "organic": null, "level": null, "origin": null, "alt_name": null, "addr_house": "555", "atm": null, "payment_de": null, "payment_cr": null, "payment_ca": null, "roof_shape": null, "start_date": null, "roof_colou": null, "internet_a": null, "building_c": null, "layer": null, "operator": null, "wikipedia": null, "wikidata": null, "payment_vi": null, "payment_ma": null, "image": null, "email": null, "cooperativ": null, "roof_level": null, "check_date": "2023-05-21", "smoking": null, "ref": "78", "branch": "San Francisco - 9th Street", "wheelchair": "yes", "phone": "+1 415-863-1292", "height": null, "designatio": null, "website": "https://locations.traderjoes.com/ca/san-francisco/78/", "type": null, "opening_ho": null, "name": "Trader Joe's", "check_da_1": null, "building_l": null, "building": null, "brand_wiki": "Q688825", "brand": "Trader Joe's", "addr_stree": "9th Street", "addr_state": "CA", "addr_postc": "94103", "addr_hou_1": null, "addr_count": null, "addr_city": "San Francisco", "name_zh-Ha": null, "name_zh-_1": null, "name_ko": null, "name_en": null, "alt_name_k": null, "payment_am": null, "entrance": null, "door": null, "automatic_": null, "drink_wine": null, "diet_veget": null, "diet_vegan": null, "diet_halal": null, "descriptio": null, "wikimedia_": null, "payment_ap": null, "cuisine": null, "toilets_wh": null, "old_name": null, "addr_cou_1": null, "visibility": null, "support": null, "faces": null, "display": null, "date": null, "amenity": null, "self_check": null, "opening__1": "08:00-21:00", "internet_1": null, "dog": null, "path": "/Users/admin/Desktop/QGIS/point.shp" }, "geometry": { "type": "Point", "coordinates": [ -122.4077368, 37.7709988 ] } },
{ "type": "Feature", "properties": { "full_id": "n1350484814", "osm_id": "1350484814", "osm_type": "node", "shop": "supermarket", "contact_ph": null, "name_zh": null, "addr_unit": null, "official_n": null, "contact_fa": null, "sfgov_OBJN": null, "payment_co": null, "organic": null, "level": null, "origin": null, "alt_name": null, "addr_house": "1263", "atm": null, "payment_de": null, "payment_cr": "yes", "payment_ca": "yes", "roof_shape": null, "start_date": null, "roof_colou": null, "internet_a": null, "building_c": null, "layer": null, "operator": null, "wikipedia": null, "wikidata": null, "payment_vi": null, "payment_ma": null, "image": null, "email": null, "cooperativ": null, "roof_level": null, "check_date": null, "smoking": null, "ref": null, "branch": null, "wheelchair": null, "phone": "+1-415-885-3030", "height": null, "designatio": null, "website": "https://www.lebeaumarket.com/", "type": null, "opening_ho": null, "name": "Le Beau Market", "check_da_1": null, "building_l": null, "building": null, "brand_wiki": null, "brand": null, "addr_stree": "Leavenworth Street", "addr_state": null, "addr_postc": "94109", "addr_hou_1": null, "addr_count": null, "addr_city": null, "name_zh-Ha": null, "name_zh-_1": null, "name_ko": null, "name_en": null, "alt_name_k": null, "payment_am": null, "entrance": null, "door": null, "automatic_": null, "drink_wine": null, "diet_veget": null, "diet_vegan": null, "diet_halal": null, "descriptio": null, "wikimedia_": null, "payment_ap": null, "cuisine": null, "toilets_wh": null, "old_name": null, "addr_cou_1": null, "visibility": null, "support": null, "faces": null, "display": null, "date": null, "amenity": null, "self_check": null, "opening__1": null, "internet_1": null, "dog": null, "path": "/Users/admin/Desktop/QGIS/point.shp" }, "geometry": { "type": "Point", "coordinates": [ -122.416234, 37.7928844 ] } },
{ "type": "Feature", "properties": { "full_id": "n1478520948", "osm_id": "1478520948", "osm_type": "node", "shop": "supermarket", "contact_ph": null, "name_zh": null, "addr_unit": null, "official_n": null, "contact_fa": null, "sfgov_OBJN": null, "payment_co": null, "organic": null, "level": null, "origin": null, "alt_name": null, "addr_house": "2140", "atm": null, "payment_de": null, "payment_cr": null, "payment_ca": null, "roof_shape": null, "start_date": null, "roof_colou": null, "internet_a": null, "building_c": null, "layer": null, "operator": null, "wikipedia": null, "wikidata": null, "payment_vi": null, "payment_ma": null, "image": null, "email": null, "cooperativ": null, "roof_level": null, "check_date": null, "smoking": null, "ref": null, "branch": null, "wheelchair": null, "phone": "+1-415-278-7800", "height": null, "designatio": null, "website": "https://biritemarket.com/", "type": null, "opening_ho": null, "name": "Bi-Rite Market", "check_da_1": null, "building_l": null, "building": null, "brand_wiki": null, "brand": null, "addr_stree": "Polk Street", "addr_state": "CA", "addr_postc": "94109", "addr_hou_1": null, "addr_count": null, "addr_city": "San Francisco", "name_zh-Ha": null, "name_zh-_1": null, "name_ko": null, "name_en": null, "alt_name_k": null, "payment_am": null, "entrance": null, "door": null, "automatic_": null, "drink_wine": null, "diet_veget": null, "diet_vegan": null, "diet_halal": null, "descriptio": null, "wikimedia_": null, "payment_ap": null, "cuisine": null, "toilets_wh": null, "old_name": null, "addr_cou_1": null, "visibility": null, "support": null, "faces": null, "display": null, "date": null, "amenity": null, "self_check": null, "opening__1": "Mo-Su 08:00-21:00", "internet_1": null, "dog": null, "path": "/Users/admin/Desktop/QGIS/point.shp" }, "geometry": { "type": "Point", "coordinates": [ -122.4217072, 37.7965466 ] } },
{ "type": "Feature", "properties": { "full_id": "n1706618868", "osm_id": "1706618868", "osm_type": "node", "shop": "supermarket", "contact_ph": null, "name_zh": null, "addr_unit": null, "official_n": null, "contact_fa": null, "sfgov_OBJN": null, "payment_co": null, "organic": null, "level": "0", "origin": null, "alt_name": "Fulton Market", "addr_house": "1750", "atm": null, "payment_de": null, "payment_cr": null, "payment_ca": null, "roof_shape": null, "start_date": null, "roof_colou": null, "internet_a": null, "building_c": null, "layer": null, "operator": null, "wikipedia": null, "wikidata": null, "payment_vi": null, "payment_ma": null, "image": null, "email": null, "cooperativ": null, "roof_level": null, "check_date": "2026-01-09", "smoking": null, "ref": null, "branch": null, "wheelchair": "yes", "phone": null, "height": null, "designatio": null, "website": null, "type": null, "opening_ho": null, "name": "Lucky", "check_da_1": null, "building_l": null, "building": null, "brand_wiki": "Q6698032", "brand": "Lucky", "addr_stree": "Fulton Street", "addr_state": "CA", "addr_postc": "94117", "addr_hou_1": null, "addr_count": null, "addr_city": "San Francisco", "name_zh-Ha": null, "name_zh-_1": null, "name_ko": null, "name_en": null, "alt_name_k": null, "payment_am": null, "entrance": null, "door": null, "automatic_": null, "drink_wine": null, "diet_veget": null, "diet_vegan": null, "diet_halal": null, "descriptio": null, "wikimedia_": null, "payment_ap": null, "cuisine": null, "toilets_wh": null, "old_name": "Petrini Market", "addr_cou_1": "US", "visibility": null, "support": null, "faces": null, "display": null, "date": null, "amenity": null, "self_check": null, "opening__1": "Mo-Su 07:00-22:00", "internet_1": null, "dog": null, "path": "/Users/admin/Desktop/QGIS/point.shp" }, "geometry": { "type": "Point", "coordinates": [ -122.4459793, 37.7761053 ] } },
{ "type": "Feature", "properties": { "full_id": "n1924130352", "osm_id": "1924130352", "osm_type": "node", "shop": "supermarket", "contact_ph": null, "name_zh": null, "addr_unit": null, "official_n": null, "contact_fa": null, "sfgov_OBJN": null, "payment_co": null, "organic": null, "level": null, "origin": null, "alt_name": null, "addr_house": "1150", "atm": null, "payment_de": null, "payment_cr": null, "payment_ca": null, "roof_shape": null, "start_date": null, "roof_colou": null, "internet_a": null, "building_c": null, "layer": null, "operator": null, "wikipedia": null, "wikidata": null, "payment_vi": null, "payment_ma": null, "image": null, "email": null, "cooperativ": null, "roof_level": null, "check_date": "2024-10-03", "smoking": null, "ref": "ocean", "branch": "Ocean", "wheelchair": null, "phone": "+1 415-333-7400", "height": null, "designatio": null, "website": "https://www.wholefoodsmarket.com/stores/ocean", "type": null, "opening_ho": null, "name": "Whole Foods Market", "check_da_1": "2024-10-03", "building_l": null, "building": null, "brand_wiki": "Q1809448", "brand": "Whole Foods Market", "addr_stree": "Ocean Avenue", "addr_state": "CA", "addr_postc": "94112", "addr_hou_1": null, "addr_count": null, "addr_city": "San Francisco", "name_zh-Ha": null, "name_zh-_1": null, "name_ko": null, "name_en": null, "alt_name_k": null, "payment_am": null, "entrance": null, "door": null, "automatic_": null, "drink_wine": null, "diet_veget": null, "diet_vegan": null, "diet_halal": null, "descriptio": null, "wikimedia_": null, "payment_ap": null, "cuisine": null, "toilets_wh": null, "old_name": null, "addr_cou_1": null, "visibility": null, "support": null, "faces": null, "display": null, "date": null, "amenity": null, "self_check": null, "opening__1": "Mo-Su 08:00-22:00", "internet_1": null, "dog": null, "path": "/Users/admin/Desktop/QGIS/point.shp" }, "geometry": { "type": "Point", "coordinates": [ -122.4546813, 37.7237981 ] } },
{ "type": "Feature", "properties": { "full_id": "n2047570604", "osm_id": "2047570604", "osm_type": "node", "shop": "supermarket", "contact_ph": null, "name_zh": null, "addr_unit": null, "official_n": null, "contact_fa": null, "sfgov_OBJN": null, "payment_co": null, "organic": null, "level": null, "origin": null, "alt_name": null, "addr_house": null, "atm": null, "payment_de": null, "payment_cr": null, "payment_ca": null, "roof_shape": null, "start_date": null, "roof_colou": null, "internet_a": null, "building_c": null, "layer": null, "operator": null, "wikipedia": null, "wikidata": null, "payment_vi": null, "payment_ma": null, "image": null, "email": null, "cooperativ": null, "roof_level": null, "check_date": "2025-02-27", "smoking": null, "ref": null, "branch": null, "wheelchair": "limited", "phone": null, "height": null, "designatio": null, "website": null, "type": null, "opening_ho": null, "name": "Casa Guadalupe", "check_da_1": "2025-02-27", "building_l": null, "building": null, "brand_wiki": null, "brand": null, "addr_stree": null, "addr_state": null, "addr_postc": null, "addr_hou_1": null, "addr_count": null, "addr_city": null, "name_zh-Ha": null, "name_zh-_1": null, "name_ko": null, "name_en": null, "alt_name_k": null, "payment_am": null, "entrance": null, "door": null, "automatic_": null, "drink_wine": null, "diet_veget": null, "diet_vegan": null, "diet_halal": null, "descriptio": null, "wikimedia_": null, "payment_ap": null, "cuisine": null, "toilets_wh": null, "old_name": null, "addr_cou_1": null, "visibility": null, "support": null, "faces": null, "display": null, "date": null, "amenity": null, "self_check": null, "opening__1": "Mo-Su 08:00-20:00", "internet_1": null, "dog": null, "path": "/Users/admin/Desktop/QGIS/point.shp" }, "geometry": { "type": "Point", "coordinates": [ -122.4180336, 37.7492129 ] } },
{ "type": "Feature", "properties": { "full_id": "n2050131394", "osm_id": "2050131394", "osm_type": "node", "shop": "supermarket", "contact_ph": null, "name_zh": null, "addr_unit": null, "official_n": null, "contact_fa": null, "sfgov_OBJN": null, "payment_co": null, "organic": null, "level": null, "origin": null, "alt_name": null, "addr_house": "1299", "atm": null, "payment_de": null, "payment_cr": null, "payment_ca": null, "roof_shape": null, "start_date": null, "roof_colou": null, "internet_a": null, "building_c": null, "layer": null, "operator": null, "wikipedia": null, "wikidata": null, "payment_vi": null, "payment_ma": null, "image": null, "email": null, "cooperativ": null, "roof_level": null, "check_date": "2025-02-27", "smoking": null, "ref": null, "branch": null, "wheelchair": "no", "phone": null, "height": null, "designatio": null, "website": null, "type": null, "opening_ho": null, "name": "Valencia Farmers Market", "check_da_1": "2025-02-27", "building_l": null, "building": null, "brand_wiki": null, "brand": null, "addr_stree": "Valencia Street", "addr_state": null, "addr_postc": null, "addr_hou_1": null, "addr_count": null, "addr_city": null, "name_zh-Ha": null, "name_zh-_1": null, "name_ko": null, "name_en": null, "alt_name_k": null, "payment_am": null, "entrance": null, "door": null, "automatic_": null, "drink_wine": null, "diet_veget": null, "diet_vegan": null, "diet_halal": null, "descriptio": null, "wikimedia_": null, "payment_ap": null, "cuisine": null, "toilets_wh": null, "old_name": null, "addr_cou_1": null, "visibility": null, "support": null, "faces": null, "display": null, "date": null, "amenity": null, "self_check": null, "opening__1": "Mo-Fr 08:00-19:00; Sa,Su 08:30-18:30", "internet_1": null, "dog": null, "path": "/Users/admin/Desktop/QGIS/point.shp" }, "geometry": { "type": "Point", "coordinates": [ -122.4205268, 37.7522376 ] } },
{ "type": "Feature", "properties": { "full_id": "n2059226347", "osm_id": "2059226347", "osm_type": "node", "shop": "supermarket", "contact_ph": null, "name_zh": null, "addr_unit": null, "official_n": null, "contact_fa": null, "sfgov_OBJN": null, "payment_co": null, "organic": null, "level": null, "origin": null, "alt_name": null, "addr_house": null, "atm": null, "payment_de": null, "payment_cr": null, "payment_ca": null, "roof_shape": null, "start_date": null, "roof_colou": null, "internet_a": null, "building_c": null, "layer": null, "operator": null, "wikipedia": null, "wikidata": null, "payment_vi": null, "payment_ma": null, "image": null, "email": null, "cooperativ": null, "roof_level": null, "check_date": null, "smoking": null, "ref": null, "branch": null, "wheelchair": null, "phone": null, "height": null, "designatio": null, "website": null, "type": null, "opening_ho": null, "name": "San Bruno Supermarket", "check_da_1": null, "building_l": null, "building": null, "brand_wiki": null, "brand": null, "addr_stree": null, "addr_state": null, "addr_postc": null, "addr_hou_1": null, "addr_count": null, "addr_city": null, "name_zh-Ha": null, "name_zh-_1": null, "name_ko": null, "name_en": null, "alt_name_k": null, "payment_am": null, "entrance": null, "door": null, "automatic_": null, "drink_wine": null, "diet_veget": null, "diet_vegan": null, "diet_halal": null, "descriptio": null, "wikimedia_": null, "payment_ap": null, "cuisine": null, "toilets_wh": null, "old_name": null, "addr_cou_1": null, "visibility": null, "support": null, "faces": null, "display": null, "date": null, "amenity": null, "self_check": null, "opening__1": null, "internet_1": null, "dog": null, "path": "/Users/admin/Desktop/QGIS/point.shp" }, "geometry": { "type": "Point", "coordinates": [ -122.4051055, 37.7303902 ] } },
{ "type": "Feature", "properties": { "full_id": "n2069159598", "osm_id": "2069159598", "osm_type": "node", "shop": "supermarket", "contact_ph": null, "name_zh": null, "addr_unit": null, "official_n": null, "contact_fa": null, "sfgov_OBJN": null, "payment_co": null, "organic": null, "level": null, "origin": null, "alt_name": null, "addr_house": "999", "atm": null, "payment_de": null, "payment_cr": null, "payment_ca": null, "roof_shape": null, "start_date": null, "roof_colou": null, "internet_a": null, "building_c": null, "layer": null, "operator": null, "wikipedia": null, "wikidata": null, "payment_vi": "yes", "payment_ma": "yes", "image": null, "email": null, "cooperativ": null, "roof_level": null, "check_date": "2025-07-31", "smoking": null, "ref": null, "branch": null, "wheelchair": "yes", "phone": null, "height": null, "designatio": null, "website": null, "type": null, "opening_ho": null, "name": "Valencia Whole Foods", "check_da_1": "2025-07-31", "building_l": null, "building": null, "brand_wiki": null, "brand": null, "addr_stree": "Valencia Street", "addr_state": null, "addr_postc": null, "addr_hou_1": null, "addr_count": null, "addr_city": null, "name_zh-Ha": null, "name_zh-_1": null, "name_ko": null, "name_en": null, "alt_name_k": null, "payment_am": null, "entrance": null, "door": null, "automatic_": null, "drink_wine": null, "diet_veget": null, "diet_vegan": null, "diet_halal": null, "descriptio": null, "wikimedia_": null, "payment_ap": null, "cuisine": null, "toilets_wh": "yes", "old_name": null, "addr_cou_1": null, "visibility": null, "support": null, "faces": null, "display": null, "date": null, "amenity": null, "self_check": null, "opening__1": "Th-Tu 11:00-21:00", "internet_1": null, "dog": null, "path": "/Users/admin/Desktop/QGIS/point.shp" }, "geometry": { "type": "Point", "coordinates": [ -122.4209796, 37.7570365 ] } },
{ "type": "Feature", "properties": { "full_id": "n2078333126", "osm_id": "2078333126", "osm_type": "node", "shop": "supermarket", "contact_ph": null, "name_zh": null, "addr_unit": null, "official_n": null, "contact_fa": null, "sfgov_OBJN": null, "payment_co": null, "organic": null, "level": null, "origin": null, "alt_name": null, "addr_house": null, "atm": null, "payment_de": null, "payment_cr": null, "payment_ca": null, "roof_shape": null, "start_date": null, "roof_colou": null, "internet_a": null, "building_c": null, "layer": null, "operator": null, "wikipedia": null, "wikidata": null, "payment_vi": null, "payment_ma": null, "image": null, "email": null, "cooperativ": null, "roof_level": null, "check_date": null, "smoking": null, "ref": null, "branch": null, "wheelchair": null, "phone": null, "height": null, "designatio": null, "website": null, "type": null, "opening_ho": null, "name": "Buddies Market", "check_da_1": null, "building_l": null, "building": null, "brand_wiki": null, "brand": null, "addr_stree": null, "addr_state": null, "addr_postc": null, "addr_hou_1": null, "addr_count": null, "addr_city": null, "name_zh-Ha": null, "name_zh-_1": null, "name_ko": null, "name_en": null, "alt_name_k": null, "payment_am": null, "entrance": null, "door": null, "automatic_": null, "drink_wine": null, "diet_veget": null, "diet_vegan": null, "diet_halal": null, "descriptio": null, "wikimedia_": null, "payment_ap": null, "cuisine": null, "toilets_wh": null, "old_name": null, "addr_cou_1": null, "visibility": null, "support": null, "faces": null, "display": null, "date": null, "amenity": null, "self_check": null, "opening__1": null, "internet_1": null, "dog": null, "path": "/Users/admin/Desktop/QGIS/point.shp" }, "geometry": { "type": "Point", "coordinates": [ -122.4337115, 37.7346227 ] } },
{ "type": "Feature", "properties": { "full_id": "n2130264969", "osm_id": "2130264969", "osm_type": "node", "shop": "supermarket", "contact_ph": null, "name_zh": null, "addr_unit": null, "official_n": null, "contact_fa": null, "sfgov_OBJN": null, "payment_co": null, "organic": null, "level": null, "origin": null, "alt_name": null, "addr_house": "401", "atm": null, "payment_de": null, "payment_cr": null, "payment_ca": null, "roof_shape": null, "start_date": null, "roof_colou": null, "internet_a": null, "building_c": null, "layer": null, "operator": null, "wikipedia": null, "wikidata": null, "payment_vi": null, "payment_ma": null, "image": null, "email": null, "cooperativ": null, "roof_level": null, "check_date": null, "smoking": null, "ref": "19", "branch": "San Francisco - North Beach", "wheelchair": null, "phone": "+1 415-351-1013", "height": null, "designatio": null, "website": "https://locations.traderjoes.com/ca/san-francisco/19/", "type": null, "opening_ho": null, "name": "Trader Joe's", "check_da_1": null, "building_l": null, "building": null, "brand_wiki": "Q688825", "brand": "Trader Joe's", "addr_stree": "Bay Street", "addr_state": "CA", "addr_postc": "94133", "addr_hou_1": null, "addr_count": null, "addr_city": "San Francisco", "name_zh-Ha": null, "name_zh-_1": null, "name_ko": null, "name_en": null, "alt_name_k": null, "payment_am": null, "entrance": null, "door": null, "automatic_": null, "drink_wine": null, "diet_veget": null, "diet_vegan": null, "diet_halal": null, "descriptio": null, "wikimedia_": null, "payment_ap": null, "cuisine": null, "toilets_wh": null, "old_name": null, "addr_cou_1": null, "visibility": null, "support": null, "faces": null, "display": null, "date": null, "amenity": null, "self_check": null, "opening__1": "Mo-Su 08:00-21:00", "internet_1": null, "dog": null, "path": "/Users/admin/Desktop/QGIS/point.shp" }, "geometry": { "type": "Point", "coordinates": [ -122.4137896, 37.8054807 ] } },
{ "type": "Feature", "properties": { "full_id": "n2184767720", "osm_id": "2184767720", "osm_type": "node", "shop": "supermarket", "contact_ph": null, "name_zh": null, "addr_unit": "#333", "official_n": null, "contact_fa": null, "sfgov_OBJN": null, "payment_co": null, "organic": "yes", "level": "0", "origin": null, "alt_name": null, "addr_house": "1737", "atm": null, "payment_de": "yes", "payment_cr": "yes", "payment_ca": "yes", "roof_shape": null, "start_date": null, "roof_colou": null, "internet_a": null, "building_c": null, "layer": null, "operator": null, "wikipedia": null, "wikidata": null, "payment_vi": null, "payment_ma": null, "image": null, "email": null, "cooperativ": null, "roof_level": null, "check_date": "2024-02-03", "smoking": null, "ref": null, "branch": null, "wheelchair": "yes", "phone": "+1 415 5631901", "height": null, "designatio": null, "website": "https://www.nijiya.com/", "type": null, "opening_ho": "https://www.nijiya.com/store-location", "name": "Nijiya Market", "check_da_1": null, "building_l": null, "building": null, "brand_wiki": "Q24566947", "brand": null, "addr_stree": "Post Street", "addr_state": "CA", "addr_postc": "94115", "addr_hou_1": null, "addr_count": null, "addr_city": "San Francisco", "name_zh-Ha": null, "name_zh-_1": null, "name_ko": null, "name_en": null, "alt_name_k": null, "payment_am": null, "entrance": null, "door": null, "automatic_": null, "drink_wine": null, "diet_veget": null, "diet_vegan": null, "diet_halal": null, "descriptio": null, "wikimedia_": "Category:Nijiya Market (San Francisco store)", "payment_ap": "yes", "cuisine": "japanese", "toilets_wh": null, "old_name": null, "addr_cou_1": null, "visibility": null, "support": null, "faces": null, "display": null, "date": null, "amenity": null, "self_check": null, "opening__1": "Mo-Su 10:00-20:00", "internet_1": null, "dog": null, "path": "/Users/admin/Desktop/QGIS/point.shp" }, "geometry": { "type": "Point", "coordinates": [ -122.4310324, 37.7852546 ] } },
{ "type": "Feature", "properties": { "full_id": "n2184790554", "osm_id": "2184790554", "osm_type": "node", "shop": "supermarket", "contact_ph": null, "name_zh": null, "addr_unit": null, "official_n": null, "contact_fa": null, "sfgov_OBJN": null, "payment_co": null, "organic": null, "level": null, "origin": null, "alt_name": null, "addr_house": "1095", "atm": null, "payment_de": null, "payment_cr": "yes", "payment_ca": null, "roof_shape": null, "start_date": null, "roof_colou": null, "internet_a": null, "building_c": null, "layer": null, "operator": null, "wikipedia": null, "wikidata": null, "payment_vi": null, "payment_ma": null, "image": null, "email": null, "cooperativ": null, "roof_level": null, "check_date": "2023-01-09", "smoking": null, "ref": "200", "branch": "San Francisco - Nob Hill", "wheelchair": "yes", "phone": "+1 415-292-7665", "height": null, "designatio": null, "website": "https://locations.traderjoes.com/ca/san-francisco/200/", "type": null, "opening_ho": null, "name": "Trader Joe's", "check_da_1": null, "building_l": null, "building": null, "brand_wiki": "Q688825", "brand": "Trader Joe's", "addr_stree": "Hyde Street", "addr_state": "CA", "addr_postc": "94109", "addr_hou_1": null, "addr_count": null, "addr_city": "San Francisco", "name_zh-Ha": null, "name_zh-_1": null, "name_ko": null, "name_en": null, "alt_name_k": null, "payment_am": null, "entrance": null, "door": null, "automatic_": null, "drink_wine": null, "diet_veget": null, "diet_vegan": null, "diet_halal": null, "descriptio": null, "wikimedia_": null, "payment_ap": null, "cuisine": null, "toilets_wh": null, "old_name": null, "addr_cou_1": null, "visibility": null, "support": null, "faces": null, "display": null, "date": null, "amenity": null, "self_check": null, "opening__1": "Mo-Su 09:00-21:00", "internet_1": null, "dog": null, "path": "/Users/admin/Desktop/QGIS/point.shp" }, "geometry": { "type": "Point", "coordinates": [ -122.4179305, 37.7907686 ] } },
{ "type": "Feature", "properties": { "full_id": "n2220082604", "osm_id": "2220082604", "osm_type": "node", "shop": "supermarket", "contact_ph": null, "name_zh": null, "addr_unit": null, "official_n": null, "contact_fa": null, "sfgov_OBJN": null, "payment_co": null, "organic": null, "level": null, "origin": null, "alt_name": null, "addr_house": null, "atm": null, "payment_de": null, "payment_cr": null, "payment_ca": null, "roof_shape": null, "start_date": null, "roof_colou": null, "internet_a": null, "building_c": null, "layer": null, "operator": null, "wikipedia": null, "wikidata": null, "payment_vi": null, "payment_ma": null, "image": null, "email": null, "cooperativ": null, "roof_level": null, "check_date": null, "smoking": null, "ref": null, "branch": null, "wheelchair": null, "phone": null, "height": null, "designatio": null, "website": null, "type": null, "opening_ho": null, "name": "New Russian Hill Market", "check_da_1": null, "building_l": null, "building": null, "brand_wiki": null, "brand": null, "addr_stree": "Jones Street", "addr_state": null, "addr_postc": null, "addr_hou_1": null, "addr_count": null, "addr_city": "San Francisco", "name_zh-Ha": null, "name_zh-_1": null, "name_ko": null, "name_en": null, "alt_name_k": null, "payment_am": null, "entrance": null, "door": null, "automatic_": null, "drink_wine": null, "diet_veget": null, "diet_vegan": null, "diet_halal": null, "descriptio": null, "wikimedia_": null, "payment_ap": null, "cuisine": null, "toilets_wh": null, "old_name": null, "addr_cou_1": null, "visibility": null, "support": null, "faces": null, "display": null, "date": null, "amenity": null, "self_check": null, "opening__1": null, "internet_1": null, "dog": null, "path": "/Users/admin/Desktop/QGIS/point.shp" }, "geometry": { "type": "Point", "coordinates": [ -122.4149018, 37.7959769 ] } },
{ "type": "Feature", "properties": { "full_id": "n2338835471", "osm_id": "2338835471", "osm_type": "node", "shop": "supermarket", "contact_ph": null, "name_zh": null, "addr_unit": null, "official_n": null, "contact_fa": null, "sfgov_OBJN": null, "payment_co": null, "organic": null, "level": "0", "origin": null, "alt_name": null, "addr_house": "860", "atm": null, "payment_de": null, "payment_cr": null, "payment_ca": null, "roof_shape": null, "start_date": null, "roof_colou": null, "internet_a": null, "building_c": null, "layer": null, "operator": null, "wikipedia": null, "wikidata": null, "payment_vi": null, "payment_ma": null, "image": null, "email": null, "cooperativ": null, "roof_level": null, "check_date": "2025-09-05", "smoking": null, "ref": null, "branch": null, "wheelchair": "yes", "phone": null, "height": null, "designatio": null, "website": "http://www.greenearthnaturalfoods.com/", "type": null, "opening_ho": null, "name": "Green Earth", "check_da_1": null, "building_l": null, "building": null, "brand_wiki": null, "brand": null, "addr_stree": "Divisadero Street", "addr_state": "CA", "addr_postc": "94117", "addr_hou_1": null, "addr_count": null, "addr_city": "San Francisco", "name_zh-Ha": null, "name_zh-_1": null, "name_ko": null, "name_en": null, "alt_name_k": null, "payment_am": null, "entrance": null, "door": null, "automatic_": null, "drink_wine": null, "diet_veget": null, "diet_vegan": null, "diet_halal": null, "descriptio": null, "wikimedia_": null, "payment_ap": null, "cuisine": null, "toilets_wh": null, "old_name": null, "addr_cou_1": null, "visibility": null, "support": null, "faces": null, "display": null, "date": null, "amenity": null, "self_check": null, "opening__1": "Mo-Su 09:00-21:00", "internet_1": null, "dog": null, "path": "/Users/admin/Desktop/QGIS/point.shp" }, "geometry": { "type": "Point", "coordinates": [ -122.43816, 37.777716 ] } },
{ "type": "Feature", "properties": { "full_id": "n2479681841", "osm_id": "2479681841", "osm_type": "node", "shop": "supermarket", "contact_ph": null, "name_zh": null, "addr_unit": null, "official_n": null, "contact_fa": null, "sfgov_OBJN": null, "payment_co": null, "organic": null, "level": "0", "origin": null, "alt_name": null, "addr_house": "2001", "atm": null, "payment_de": null, "payment_cr": null, "payment_ca": null, "roof_shape": null, "start_date": null, "roof_colou": null, "internet_a": null, "building_c": null, "layer": null, "operator": null, "wikipedia": null, "wikidata": null, "payment_vi": null, "payment_ma": null, "image": null, "email": null, "cooperativ": null, "roof_level": null, "check_date": "2025-06-06", "smoking": null, "ref": "2001marketstreet", "branch": "2001 Market Street", "wheelchair": "yes", "phone": "+1 415-626-1430", "height": null, "designatio": null, "website": "https://www.wholefoodsmarket.com/stores/2001marketstreet", "type": null, "opening_ho": null, "name": "Whole Foods Market", "check_da_1": "2025-06-06", "building_l": null, "building": null, "brand_wiki": "Q1809448", "brand": "Whole Foods Market", "addr_stree": "Market Street", "addr_state": "CA", "addr_postc": "94114", "addr_hou_1": null, "addr_count": null, "addr_city": "San Francisco", "name_zh-Ha": null, "name_zh-_1": null, "name_ko": null, "name_en": null, "alt_name_k": null, "payment_am": null, "entrance": null, "door": null, "automatic_": null, "drink_wine": null, "diet_veget": null, "diet_vegan": null, "diet_halal": null, "descriptio": null, "wikimedia_": null, "payment_ap": null, "cuisine": null, "toilets_wh": null, "old_name": null, "addr_cou_1": null, "visibility": null, "support": null, "faces": null, "display": null, "date": null, "amenity": null, "self_check": null, "opening__1": "Mo-Su 08:00-22:00", "internet_1": null, "dog": null, "path": "/Users/admin/Desktop/QGIS/point.shp" }, "geometry": { "type": "Point", "coordinates": [ -122.4270651, 37.7687435 ] } },
{ "type": "Feature", "properties": { "full_id": "n2641796593", "osm_id": "2641796593", "osm_type": "node", "shop": "supermarket", "contact_ph": null, "name_zh": null, "addr_unit": null, "official_n": "Grocery Outlet Bargain Market", "contact_fa": null, "sfgov_OBJN": null, "payment_co": null, "organic": null, "level": null, "origin": null, "alt_name": null, "addr_house": "355", "atm": null, "payment_de": null, "payment_cr": null, "payment_ca": null, "roof_shape": null, "start_date": null, "roof_colou": null, "internet_a": null, "building_c": null, "layer": null, "operator": null, "wikipedia": null, "wikidata": null, "payment_vi": null, "payment_ma": null, "image": null, "email": null, "cooperativ": null, "roof_level": null, "check_date": null, "smoking": null, "ref": null, "branch": null, "wheelchair": "yes", "phone": null, "height": null, "designatio": null, "website": null, "type": null, "opening_ho": null, "name": "Grocery Outlet", "check_da_1": null, "building_l": null, "building": null, "brand_wiki": "Q5609934", "brand": "Grocery Outlet", "addr_stree": "Bayshore Boulevard", "addr_state": null, "addr_postc": "94124", "addr_hou_1": null, "addr_count": null, "addr_city": "San Francisco", "name_zh-Ha": null, "name_zh-_1": null, "name_ko": null, "name_en": null, "alt_name_k": null, "payment_am": null, "entrance": null, "door": null, "automatic_": null, "drink_wine": null, "diet_veget": null, "diet_vegan": null, "diet_halal": null, "descriptio": null, "wikimedia_": null, "payment_ap": null, "cuisine": null, "toilets_wh": null, "old_name": null, "addr_cou_1": null, "visibility": null, "support": null, "faces": null, "display": null, "date": null, "amenity": null, "self_check": null, "opening__1": "Mo-Su 08:00-21:00", "internet_1": null, "dog": null, "path": "/Users/admin/Desktop/QGIS/point.shp" }, "geometry": { "type": "Point", "coordinates": [ -122.405368, 37.7415785 ] } },
{ "type": "Feature", "properties": { "full_id": "n2667574537", "osm_id": "2667574537", "osm_type": "node", "shop": "supermarket", "contact_ph": null, "name_zh": null, "addr_unit": null, "official_n": null, "contact_fa": "https://www.facebook.com/profile.php?id=100063808397737", "sfgov_OBJN": null, "payment_co": null, "organic": "yes", "level": null, "origin": null, "alt_name": null, "addr_house": "2824", "atm": null, "payment_de": null, "payment_cr": null, "payment_ca": null, "roof_shape": null, "start_date": null, "roof_colou": null, "internet_a": null, "building_c": null, "layer": null, "operator": null, "wikipedia": null, "wikidata": null, "payment_vi": "yes", "payment_ma": "yes", "image": null, "email": null, "cooperativ": null, "roof_level": null, "check_date": "2023-02-11", "smoking": null, "ref": null, "branch": null, "wheelchair": "yes", "phone": "+1 415-282-6838", "height": null, "designatio": null, "website": null, "type": null, "opening_ho": null, "name": "Five Markets", "check_da_1": null, "building_l": null, "building": null, "brand_wiki": null, "brand": null, "addr_stree": "24th Street", "addr_state": null, "addr_postc": "94110", "addr_hou_1": null, "addr_count": null, "addr_city": "San Francisco", "name_zh-Ha": null, "name_zh-_1": null, "name_ko": null, "name_en": null, "alt_name_k": null, "payment_am": null, "entrance": null, "door": null, "automatic_": null, "drink_wine": null, "diet_veget": "yes", "diet_vegan": "yes", "diet_halal": "yes", "descriptio": "Natural food grocery store", "wikimedia_": null, "payment_ap": null, "cuisine": null, "toilets_wh": null, "old_name": null, "addr_cou_1": null, "visibility": null, "support": null, "faces": null, "display": null, "date": null, "amenity": null, "self_check": null, "opening__1": "09:00-20:00", "internet_1": null, "dog": null, "path": "/Users/admin/Desktop/QGIS/point.shp" }, "geometry": { "type": "Point", "coordinates": [ -122.408716, 37.7529431 ] } },
{ "type": "Feature", "properties": { "full_id": "n2693004231", "osm_id": "2693004231", "osm_type": "node", "shop": "supermarket", "contact_ph": null, "name_zh": null, "addr_unit": null, "official_n": null, "contact_fa": null, "sfgov_OBJN": null, "payment_co": null, "organic": null, "level": "0", "origin": null, "alt_name": null, "addr_house": "1699", "atm": null, "payment_de": null, "payment_cr": null, "payment_ca": null, "roof_shape": null, "start_date": null, "roof_colou": null, "internet_a": null, "building_c": null, "layer": null, "operator": null, "wikipedia": null, "wikidata": null, "payment_vi": null, "payment_ma": null, "image": null, "email": null, "cooperativ": null, "roof_level": null, "check_date": "2026-01-25", "smoking": null, "ref": null, "branch": null, "wheelchair": "yes", "phone": null, "height": null, "designatio": null, "website": null, "type": null, "opening_ho": null, "name": "Frank's Liquors", "check_da_1": null, "building_l": null, "building": null, "brand_wiki": null, "brand": null, "addr_stree": "Haight Street", "addr_state": null, "addr_postc": null, "addr_hou_1": null, "addr_count": null, "addr_city": null, "name_zh-Ha": null, "name_zh-_1": null, "name_ko": null, "name_en": null, "alt_name_k": null, "payment_am": null, "entrance": null, "door": null, "automatic_": null, "drink_wine": null, "diet_veget": null, "diet_vegan": null, "diet_halal": null, "descriptio": null, "wikimedia_": null, "payment_ap": null, "cuisine": null, "toilets_wh": null, "old_name": null, "addr_cou_1": null, "visibility": null, "support": null, "faces": null, "display": null, "date": null, "amenity": null, "self_check": null, "opening__1": "Mo-Th,Su 07:00-02:00; Fr-Sa 07:00-24:00", "internet_1": null, "dog": null, "path": "/Users/admin/Desktop/QGIS/point.shp" }, "geometry": { "type": "Point", "coordinates": [ -122.4505453, 37.7694214 ] } },
{ "type": "Feature", "properties": { "full_id": "n2698387925", "osm_id": "2698387925", "osm_type": "node", "shop": "supermarket", "contact_ph": null, "name_zh": null, "addr_unit": null, "official_n": null, "contact_fa": null, "sfgov_OBJN": null, "payment_co": null, "organic": null, "level": null, "origin": null, "alt_name": null, "addr_house": "1475", "atm": null, "payment_de": null, "payment_cr": "yes", "payment_ca": null, "roof_shape": null, "start_date": null, "roof_colou": null, "internet_a": null, "building_c": null, "layer": null, "operator": null, "wikipedia": null, "wikidata": null, "payment_vi": null, "payment_ma": null, "image": null, "email": null, "cooperativ": null, "roof_level": null, "check_date": "2023-02-09", "smoking": null, "ref": null, "branch": null, "wheelchair": "yes", "phone": "+1-415-771-9099", "height": null, "designatio": null, "website": null, "type": null, "opening_ho": null, "name": "Golden Farmer Market", "check_da_1": null, "building_l": null, "building": null, "brand_wiki": null, "brand": null, "addr_stree": "Polk Street", "addr_state": null, "addr_postc": "94109", "addr_hou_1": null, "addr_count": null, "addr_city": "San Francisco", "name_zh-Ha": null, "name_zh-_1": null, "name_ko": null, "name_en": null, "alt_name_k": null, "payment_am": null, "entrance": null, "door": null, "automatic_": null, "drink_wine": null, "diet_veget": null, "diet_vegan": null, "diet_halal": null, "descriptio": null, "wikimedia_": null, "payment_ap": null, "cuisine": null, "toilets_wh": null, "old_name": null, "addr_cou_1": null, "visibility": null, "support": null, "faces": null, "display": null, "date": null, "amenity": null, "self_check": null, "opening__1": null, "internet_1": null, "dog": null, "path": "/Users/admin/Desktop/QGIS/point.shp" }, "geometry": { "type": "Point", "coordinates": [ -122.420782, 37.7902045 ] } },
{ "type": "Feature", "properties": { "full_id": "n3148123214", "osm_id": "3148123214", "osm_type": "node", "shop": "supermarket", "contact_ph": null, "name_zh": null, "addr_unit": null, "official_n": null, "contact_fa": null, "sfgov_OBJN": null, "payment_co": null, "organic": null, "level": null, "origin": null, "alt_name": null, "addr_house": null, "atm": null, "payment_de": null, "payment_cr": null, "payment_ca": null, "roof_shape": null, "start_date": null, "roof_colou": null, "internet_a": null, "building_c": null, "layer": null, "operator": null, "wikipedia": null, "wikidata": null, "payment_vi": null, "payment_ma": null, "image": null, "email": null, "cooperativ": null, "roof_level": null, "check_date": null, "smoking": null, "ref": null, "branch": null, "wheelchair": null, "phone": null, "height": null, "designatio": null, "website": null, "type": null, "opening_ho": null, "name": "Pang Kee Bargain Market", "check_da_1": null, "building_l": null, "building": null, "brand_wiki": null, "brand": null, "addr_stree": null, "addr_state": null, "addr_postc": null, "addr_hou_1": null, "addr_count": null, "addr_city": null, "name_zh-Ha": null, "name_zh-_1": null, "name_ko": null, "name_en": null, "alt_name_k": null, "payment_am": null, "entrance": null, "door": null, "automatic_": null, "drink_wine": null, "diet_veget": null, "diet_vegan": null, "diet_halal": null, "descriptio": null, "wikimedia_": null, "payment_ap": null, "cuisine": null, "toilets_wh": null, "old_name": null, "addr_cou_1": null, "visibility": null, "support": null, "faces": null, "display": null, "date": null, "amenity": null, "self_check": null, "opening__1": null, "internet_1": null, "dog": null, "path": "/Users/admin/Desktop/QGIS/point.shp" }, "geometry": { "type": "Point", "coordinates": [ -122.4085421, 37.7979062 ] } },
{ "type": "Feature", "properties": { "full_id": "n3148123215", "osm_id": "3148123215", "osm_type": "node", "shop": "supermarket", "contact_ph": null, "name_zh": null, "addr_unit": null, "official_n": null, "contact_fa": null, "sfgov_OBJN": null, "payment_co": null, "organic": null, "level": null, "origin": null, "alt_name": null, "addr_house": null, "atm": null, "payment_de": null, "payment_cr": null, "payment_ca": null, "roof_shape": null, "start_date": null, "roof_colou": null, "internet_a": null, "building_c": null, "layer": null, "operator": null, "wikipedia": null, "wikidata": null, "payment_vi": null, "payment_ma": null, "image": null, "email": null, "cooperativ": null, "roof_level": null, "check_date": null, "smoking": null, "ref": null, "branch": null, "wheelchair": null, "phone": null, "height": null, "designatio": null, "website": null, "type": null, "opening_ho": null, "name": "Sun Kau Shing Co., Inc.", "check_da_1": null, "building_l": null, "building": null, "brand_wiki": null, "brand": null, "addr_stree": null, "addr_state": null, "addr_postc": null, "addr_hou_1": null, "addr_count": null, "addr_city": null, "name_zh-Ha": null, "name_zh-_1": null, "name_ko": null, "name_en": null, "alt_name_k": null, "payment_am": null, "entrance": null, "door": null, "automatic_": null, "drink_wine": null, "diet_veget": null, "diet_vegan": null, "diet_halal": null, "descriptio": null, "wikimedia_": null, "payment_ap": null, "cuisine": null, "toilets_wh": null, "old_name": null, "addr_cou_1": null, "visibility": null, "support": null, "faces": null, "display": null, "date": null, "amenity": null, "self_check": null, "opening__1": null, "internet_1": null, "dog": null, "path": "/Users/admin/Desktop/QGIS/point.shp" }, "geometry": { "type": "Point", "coordinates": [ -122.4086385, 37.798411 ] } },
{ "type": "Feature", "properties": { "full_id": "n3376135508", "osm_id": "3376135508", "osm_type": "node", "shop": "supermarket", "contact_ph": null, "name_zh": null, "addr_unit": null, "official_n": null, "contact_fa": null, "sfgov_OBJN": null, "payment_co": null, "organic": null, "level": null, "origin": null, "alt_name": null, "addr_house": "988", "atm": null, "payment_de": null, "payment_cr": null, "payment_ca": null, "roof_shape": null, "start_date": null, "roof_colou": null, "internet_a": null, "building_c": null, "layer": null, "operator": null, "wikipedia": null, "wikidata": null, "payment_vi": null, "payment_ma": null, "image": null, "email": null, "cooperativ": null, "roof_level": null, "check_date": null, "smoking": null, "ref": null, "branch": null, "wheelchair": null, "phone": null, "height": null, "designatio": null, "website": null, "type": null, "opening_ho": null, "name": "Sutter Fine Foods", "check_da_1": null, "building_l": null, "building": null, "brand_wiki": null, "brand": null, "addr_stree": "Sutter Street", "addr_state": "CA", "addr_postc": "94109", "addr_hou_1": null, "addr_count": null, "addr_city": "San Francisco", "name_zh-Ha": null, "name_zh-_1": null, "name_ko": null, "name_en": null, "alt_name_k": null, "payment_am": null, "entrance": null, "door": null, "automatic_": null, "drink_wine": null, "diet_veget": null, "diet_vegan": null, "diet_halal": null, "descriptio": null, "wikimedia_": null, "payment_ap": null, "cuisine": null, "toilets_wh": null, "old_name": null, "addr_cou_1": null, "visibility": null, "support": null, "faces": null, "display": null, "date": null, "amenity": null, "self_check": null, "opening__1": "Mo-Su 08:00-20:00", "internet_1": null, "dog": null, "path": "/Users/admin/Desktop/QGIS/point.shp" }, "geometry": { "type": "Point", "coordinates": [ -122.4165679, 37.7884234 ] } },
{ "type": "Feature", "properties": { "full_id": "n3524458050", "osm_id": "3524458050", "osm_type": "node", "shop": "supermarket", "contact_ph": null, "name_zh": null, "addr_unit": null, "official_n": null, "contact_fa": null, "sfgov_OBJN": null, "payment_co": null, "organic": null, "level": null, "origin": null, "alt_name": null, "addr_house": "6001", "atm": null, "payment_de": null, "payment_cr": null, "payment_ca": null, "roof_shape": null, "start_date": null, "roof_colou": null, "internet_a": null, "building_c": null, "layer": null, "operator": null, "wikipedia": null, "wikidata": null, "payment_vi": null, "payment_ma": null, "image": null, "email": null, "cooperativ": null, "roof_level": null, "check_date": null, "smoking": null, "ref": null, "branch": null, "wheelchair": null, "phone": "+1 415-221-7600", "height": null, "designatio": null, "website": null, "type": null, "opening_ho": null, "name": "6001 California Market (Appel & Dietrich)", "check_da_1": null, "building_l": null, "building": null, "brand_wiki": null, "brand": null, "addr_stree": "California Street", "addr_state": "CA", "addr_postc": "94121", "addr_hou_1": null, "addr_count": null, "addr_city": "San Francisco", "name_zh-Ha": null, "name_zh-_1": null, "name_ko": null, "name_en": null, "alt_name_k": null, "payment_am": null, "entrance": null, "door": null, "automatic_": null, "drink_wine": null, "diet_veget": null, "diet_vegan": null, "diet_halal": null, "descriptio": null, "wikimedia_": null, "payment_ap": null, "cuisine": null, "toilets_wh": null, "old_name": null, "addr_cou_1": null, "visibility": null, "support": null, "faces": null, "display": null, "date": null, "amenity": null, "self_check": null, "opening__1": "Mo-Su 08:30-20:30", "internet_1": null, "dog": null, "path": "/Users/admin/Desktop/QGIS/point.shp" }, "geometry": { "type": "Point", "coordinates": [ -122.4819672, 37.7839057 ] } },
{ "type": "Feature", "properties": { "full_id": "n3564521986", "osm_id": "3564521986", "osm_type": "node", "shop": "supermarket", "contact_ph": null, "name_zh": "幸運平價市場", "addr_unit": null, "official_n": null, "contact_fa": null, "sfgov_OBJN": null, "payment_co": null, "organic": null, "level": null, "origin": null, "alt_name": null, "addr_house": "1217", "atm": null, "payment_de": null, "payment_cr": null, "payment_ca": null, "roof_shape": null, "start_date": null, "roof_colou": null, "internet_a": null, "building_c": null, "layer": null, "operator": null, "wikipedia": null, "wikidata": null, "payment_vi": null, "payment_ma": null, "image": null, "email": null, "cooperativ": null, "roof_level": null, "check_date": null, "smoking": null, "ref": null, "branch": null, "wheelchair": null, "phone": "+1 415 682-8822", "height": null, "designatio": null, "website": null, "type": null, "opening_ho": null, "name": "Good Luck Market", "check_da_1": null, "building_l": null, "building": null, "brand_wiki": null, "brand": null, "addr_stree": "Taraval Street", "addr_state": "CA", "addr_postc": "94116", "addr_hou_1": null, "addr_count": null, "addr_city": "San Francisco", "name_zh-Ha": null, "name_zh-_1": null, "name_ko": null, "name_en": null, "alt_name_k": null, "payment_am": null, "entrance": null, "door": null, "automatic_": null, "drink_wine": null, "diet_veget": null, "diet_vegan": null, "diet_halal": null, "descriptio": null, "wikimedia_": null, "payment_ap": null, "cuisine": null, "toilets_wh": null, "old_name": null, "addr_cou_1": null, "visibility": null, "support": null, "faces": null, "display": null, "date": null, "amenity": null, "self_check": null, "opening__1": null, "internet_1": null, "dog": null, "path": "/Users/admin/Desktop/QGIS/point.shp" }, "geometry": { "type": "Point", "coordinates": [ -122.479296, 37.7427662 ] } },
{ "type": "Feature", "properties": { "full_id": "n3641710571", "osm_id": "3641710571", "osm_type": "node", "shop": "supermarket", "contact_ph": null, "name_zh": null, "addr_unit": null, "official_n": null, "contact_fa": null, "sfgov_OBJN": null, "payment_co": null, "organic": null, "level": null, "origin": null, "alt_name": null, "addr_house": null, "atm": null, "payment_de": null, "payment_cr": null, "payment_ca": null, "roof_shape": null, "start_date": null, "roof_colou": null, "internet_a": null, "building_c": null, "layer": null, "operator": null, "wikipedia": null, "wikidata": null, "payment_vi": null, "payment_ma": null, "image": null, "email": null, "cooperativ": null, "roof_level": null, "check_date": "2024-04-14", "smoking": null, "ref": null, "branch": null, "wheelchair": null, "phone": null, "height": null, "designatio": null, "website": null, "type": null, "opening_ho": null, "name": "Harvest Urban Market", "check_da_1": null, "building_l": null, "building": null, "brand_wiki": null, "brand": null, "addr_stree": "8th Street", "addr_state": null, "addr_postc": null, "addr_hou_1": null, "addr_count": null, "addr_city": null, "name_zh-Ha": null, "name_zh-_1": null, "name_ko": null, "name_en": null, "alt_name_k": null, "payment_am": null, "entrance": null, "door": null, "automatic_": null, "drink_wine": null, "diet_veget": null, "diet_vegan": null, "diet_halal": null, "descriptio": null, "wikimedia_": null, "payment_ap": null, "cuisine": null, "toilets_wh": null, "old_name": null, "addr_cou_1": null, "visibility": null, "support": null, "faces": null, "display": null, "date": null, "amenity": null, "self_check": null, "opening__1": "Mo-Fr 07:00-22:00; Sa-Su 08:30-22:00", "internet_1": null, "dog": null, "path": "/Users/admin/Desktop/QGIS/point.shp" }, "geometry": { "type": "Point", "coordinates": [ -122.4116366, 37.7764867 ] } },
{ "type": "Feature", "properties": { "full_id": "n3850073315", "osm_id": "3850073315", "osm_type": "node", "shop": "supermarket", "contact_ph": null, "name_zh": null, "addr_unit": null, "official_n": null, "contact_fa": null, "sfgov_OBJN": null, "payment_co": null, "organic": null, "level": null, "origin": null, "alt_name": null, "addr_house": "2111", "atm": null, "payment_de": null, "payment_cr": null, "payment_ca": null, "roof_shape": null, "start_date": null, "roof_colou": null, "internet_a": null, "building_c": null, "layer": null, "operator": null, "wikipedia": null, "wikidata": null, "payment_vi": null, "payment_ma": null, "image": null, "email": null, "cooperativ": null, "roof_level": null, "check_date": null, "smoking": null, "ref": null, "branch": null, "wheelchair": null, "phone": "+1 415 431 9300", "height": null, "designatio": null, "website": "https://gussmarket.com/", "type": null, "opening_ho": null, "name": "Gus's Community Market", "check_da_1": null, "building_l": null, "building": null, "brand_wiki": null, "brand": null, "addr_stree": "Harrison Street", "addr_state": null, "addr_postc": "94110", "addr_hou_1": null, "addr_count": null, "addr_city": null, "name_zh-Ha": null, "name_zh-_1": null, "name_ko": null, "name_en": null, "alt_name_k": null, "payment_am": null, "entrance": null, "door": null, "automatic_": null, "drink_wine": null, "diet_veget": null, "diet_vegan": null, "diet_halal": null, "descriptio": null, "wikimedia_": null, "payment_ap": null, "cuisine": null, "toilets_wh": null, "old_name": null, "addr_cou_1": null, "visibility": null, "support": null, "faces": null, "display": null, "date": null, "amenity": null, "self_check": null, "opening__1": "07:00-22:00", "internet_1": null, "dog": null, "path": "/Users/admin/Desktop/QGIS/point.shp" }, "geometry": { "type": "Point", "coordinates": [ -122.4128227, 37.763978 ] } },
{ "type": "Feature", "properties": { "full_id": "n3857827557", "osm_id": "3857827557", "osm_type": "node", "shop": "supermarket", "contact_ph": null, "name_zh": null, "addr_unit": null, "official_n": null, "contact_fa": null, "sfgov_OBJN": null, "payment_co": null, "organic": null, "level": null, "origin": null, "alt_name": null, "addr_house": "2997", "atm": "yes", "payment_de": null, "payment_cr": null, "payment_ca": null, "roof_shape": null, "start_date": null, "roof_colou": null, "internet_a": null, "building_c": null, "layer": null, "operator": null, "wikipedia": null, "wikidata": null, "payment_vi": "yes", "payment_ma": "yes", "image": null, "email": null, "cooperativ": null, "roof_level": null, "check_date": "2024-04-09", "smoking": null, "ref": null, "branch": null, "wheelchair": "no", "phone": null, "height": null, "designatio": null, "website": null, "type": null, "opening_ho": null, "name": "Rubin's Market", "check_da_1": null, "building_l": null, "building": null, "brand_wiki": null, "brand": null, "addr_stree": "Folsom Street", "addr_state": null, "addr_postc": null, "addr_hou_1": null, "addr_count": null, "addr_city": "San Francisco", "name_zh-Ha": null, "name_zh-_1": null, "name_ko": null, "name_en": null, "alt_name_k": null, "payment_am": null, "entrance": null, "door": null, "automatic_": null, "drink_wine": null, "diet_veget": null, "diet_vegan": null, "diet_halal": null, "descriptio": null, "wikimedia_": null, "payment_ap": null, "cuisine": null, "toilets_wh": null, "old_name": null, "addr_cou_1": null, "visibility": null, "support": null, "faces": null, "display": null, "date": null, "amenity": null, "self_check": null, "opening__1": null, "internet_1": null, "dog": null, "path": "/Users/admin/Desktop/QGIS/point.shp" }, "geometry": { "type": "Point", "coordinates": [ -122.413623, 37.749437 ] } },
{ "type": "Feature", "properties": { "full_id": "n3969574176", "osm_id": "3969574176", "osm_type": "node", "shop": "supermarket", "contact_ph": null, "name_zh": null, "addr_unit": null, "official_n": null, "contact_fa": null, "sfgov_OBJN": null, "payment_co": null, "organic": null, "level": null, "origin": null, "alt_name": null, "addr_house": null, "atm": null, "payment_de": null, "payment_cr": null, "payment_ca": null, "roof_shape": null, "start_date": null, "roof_colou": null, "internet_a": null, "building_c": null, "layer": null, "operator": null, "wikipedia": null, "wikidata": null, "payment_vi": null, "payment_ma": null, "image": null, "email": null, "cooperativ": null, "roof_level": null, "check_date": null, "smoking": null, "ref": null, "branch": null, "wheelchair": null, "phone": null, "height": null, "designatio": null, "website": null, "type": null, "opening_ho": null, "name": "Kiki Supermarket", "check_da_1": null, "building_l": null, "building": null, "brand_wiki": null, "brand": null, "addr_stree": null, "addr_state": null, "addr_postc": null, "addr_hou_1": null, "addr_count": null, "addr_city": null, "name_zh-Ha": null, "name_zh-_1": null, "name_ko": null, "name_en": null, "alt_name_k": null, "payment_am": null, "entrance": null, "door": null, "automatic_": null, "drink_wine": null, "diet_veget": null, "diet_vegan": null, "diet_halal": null, "descriptio": null, "wikimedia_": null, "payment_ap": null, "cuisine": null, "toilets_wh": null, "old_name": null, "addr_cou_1": null, "visibility": null, "support": null, "faces": null, "display": null, "date": null, "amenity": null, "self_check": null, "opening__1": null, "internet_1": null, "dog": null, "path": "/Users/admin/Desktop/QGIS/point.shp" }, "geometry": { "type": "Point", "coordinates": [ -122.4100247, 37.795529 ] } },
{ "type": "Feature", "properties": { "full_id": "n4017220288", "osm_id": "4017220288", "osm_type": "node", "shop": "supermarket", "contact_ph": null, "name_zh": null, "addr_unit": null, "official_n": null, "contact_fa": null, "sfgov_OBJN": null, "payment_co": null, "organic": null, "level": null, "origin": null, "alt_name": null, "addr_house": "1215", "atm": null, "payment_de": null, "payment_cr": null, "payment_ca": null, "roof_shape": null, "start_date": null, "roof_colou": null, "internet_a": null, "building_c": null, "layer": null, "operator": null, "wikipedia": null, "wikidata": null, "payment_vi": null, "payment_ma": null, "image": null, "email": null, "cooperativ": null, "roof_level": null, "check_date": null, "smoking": null, "ref": null, "branch": null, "wheelchair": null, "phone": null, "height": null, "designatio": null, "website": null, "type": null, "opening_ho": null, "name": "J & L Vegi Supermarket", "check_da_1": null, "building_l": null, "building": null, "brand_wiki": null, "brand": null, "addr_stree": "Stockton Street", "addr_state": null, "addr_postc": null, "addr_hou_1": null, "addr_count": null, "addr_city": null, "name_zh-Ha": null, "name_zh-_1": null, "name_ko": null, "name_en": null, "alt_name_k": null, "payment_am": null, "entrance": null, "door": null, "automatic_": null, "drink_wine": null, "diet_veget": null, "diet_vegan": null, "diet_halal": null, "descriptio": null, "wikimedia_": null, "payment_ap": null, "cuisine": null, "toilets_wh": null, "old_name": null, "addr_cou_1": null, "visibility": null, "support": null, "faces": null, "display": null, "date": null, "amenity": null, "self_check": null, "opening__1": null, "internet_1": null, "dog": null, "path": "/Users/admin/Desktop/QGIS/point.shp" }, "geometry": { "type": "Point", "coordinates": [ -122.4086681, 37.7970928 ] } },
{ "type": "Feature", "properties": { "full_id": "n4018980288", "osm_id": "4018980288", "osm_type": "node", "shop": "supermarket", "contact_ph": null, "name_zh": null, "addr_unit": null, "official_n": null, "contact_fa": null, "sfgov_OBJN": null, "payment_co": null, "organic": null, "level": null, "origin": null, "alt_name": null, "addr_house": "772", "atm": null, "payment_de": null, "payment_cr": null, "payment_ca": null, "roof_shape": null, "start_date": null, "roof_colou": null, "internet_a": null, "building_c": null, "layer": null, "operator": null, "wikipedia": null, "wikidata": null, "payment_vi": null, "payment_ma": null, "image": null, "email": null, "cooperativ": null, "roof_level": null, "check_date": null, "smoking": null, "ref": null, "branch": null, "wheelchair": null, "phone": null, "height": null, "designatio": null, "website": null, "type": null, "opening_ho": null, "name": "New Asia Market", "check_da_1": null, "building_l": null, "building": null, "brand_wiki": null, "brand": null, "addr_stree": "Pacific Avenue", "addr_state": null, "addr_postc": "94133", "addr_hou_1": null, "addr_count": null, "addr_city": null, "name_zh-Ha": null, "name_zh-_1": null, "name_ko": null, "name_en": null, "alt_name_k": null, "payment_am": null, "entrance": null, "door": null, "automatic_": null, "drink_wine": null, "diet_veget": null, "diet_vegan": null, "diet_halal": null, "descriptio": null, "wikimedia_": null, "payment_ap": null, "cuisine": null, "toilets_wh": null, "old_name": null, "addr_cou_1": null, "visibility": null, "support": null, "faces": null, "display": null, "date": null, "amenity": null, "self_check": null, "opening__1": null, "internet_1": null, "dog": null, "path": "/Users/admin/Desktop/QGIS/point.shp" }, "geometry": { "type": "Point", "coordinates": [ -122.407988, 37.7968665 ] } },
{ "type": "Feature", "properties": { "full_id": "n4113464697", "osm_id": "4113464697", "osm_type": "node", "shop": "supermarket", "contact_ph": null, "name_zh": null, "addr_unit": null, "official_n": null, "contact_fa": null, "sfgov_OBJN": null, "payment_co": null, "organic": null, "level": null, "origin": null, "alt_name": null, "addr_house": "3400", "atm": null, "payment_de": null, "payment_cr": null, "payment_ca": null, "roof_shape": null, "start_date": null, "roof_colou": null, "internet_a": null, "building_c": null, "layer": null, "operator": null, "wikipedia": null, "wikidata": null, "payment_vi": null, "payment_ma": null, "image": null, "email": null, "cooperativ": null, "roof_level": null, "check_date": "2025-03-06", "smoking": null, "ref": null, "branch": null, "wheelchair": "yes", "phone": null, "height": null, "designatio": null, "website": null, "type": null, "opening_ho": null, "name": "Casa Guadalupe", "check_da_1": "2025-03-06", "building_l": null, "building": null, "brand_wiki": null, "brand": null, "addr_stree": "Cesar Chavez Street", "addr_state": "CA", "addr_postc": "94110", "addr_hou_1": null, "addr_count": null, "addr_city": "San Francisco", "name_zh-Ha": null, "name_zh-_1": null, "name_ko": null, "name_en": null, "alt_name_k": null, "payment_am": null, "entrance": null, "door": null, "automatic_": null, "drink_wine": null, "diet_veget": null, "diet_vegan": null, "diet_halal": null, "descriptio": null, "wikimedia_": null, "payment_ap": null, "cuisine": null, "toilets_wh": null, "old_name": null, "addr_cou_1": null, "visibility": null, "support": null, "faces": null, "display": null, "date": null, "amenity": null, "self_check": null, "opening__1": "Mo-Su 08:00-20:00", "internet_1": null, "dog": null, "path": "/Users/admin/Desktop/QGIS/point.shp" }, "geometry": { "type": "Point", "coordinates": [ -122.4183309, 37.7483339 ] } },
{ "type": "Feature", "properties": { "full_id": "n4173566690", "osm_id": "4173566690", "osm_type": "node", "shop": "supermarket", "contact_ph": null, "name_zh": null, "addr_unit": null, "official_n": null, "contact_fa": null, "sfgov_OBJN": null, "payment_co": null, "organic": null, "level": null, "origin": null, "alt_name": null, "addr_house": "1201;1203;1205", "atm": null, "payment_de": null, "payment_cr": null, "payment_ca": null, "roof_shape": null, "start_date": null, "roof_colou": null, "internet_a": null, "building_c": null, "layer": null, "operator": null, "wikipedia": null, "wikidata": null, "payment_vi": null, "payment_ma": null, "image": null, "email": null, "cooperativ": null, "roof_level": null, "check_date": "2023-02-13", "smoking": null, "ref": null, "branch": null, "wheelchair": null, "phone": null, "height": null, "designatio": null, "website": null, "type": null, "opening_ho": null, "name": "Casa Maria", "check_da_1": null, "building_l": null, "building": null, "brand_wiki": null, "brand": null, "addr_stree": "South Van Ness Avenue", "addr_state": null, "addr_postc": null, "addr_hou_1": null, "addr_count": null, "addr_city": null, "name_zh-Ha": null, "name_zh-_1": null, "name_ko": null, "name_en": null, "alt_name_k": null, "payment_am": null, "entrance": null, "door": null, "automatic_": null, "drink_wine": null, "diet_veget": null, "diet_vegan": null, "diet_halal": null, "descriptio": null, "wikimedia_": null, "payment_ap": null, "cuisine": null, "toilets_wh": null, "old_name": null, "addr_cou_1": null, "visibility": null, "support": null, "faces": null, "display": null, "date": null, "amenity": null, "self_check": null, "opening__1": null, "internet_1": null, "dog": null, "path": "/Users/admin/Desktop/QGIS/point.shp" }, "geometry": { "type": "Point", "coordinates": [ -122.416268, 37.753871 ] } },
{ "type": "Feature", "properties": { "full_id": "n4218361464", "osm_id": "4218361464", "osm_type": "node", "shop": "supermarket", "contact_ph": null, "name_zh": null, "addr_unit": null, "official_n": null, "contact_fa": null, "sfgov_OBJN": null, "payment_co": null, "organic": null, "level": null, "origin": null, "alt_name": null, "addr_house": null, "atm": null, "payment_de": null, "payment_cr": null, "payment_ca": null, "roof_shape": null, "start_date": null, "roof_colou": null, "internet_a": null, "building_c": null, "layer": null, "operator": null, "wikipedia": null, "wikidata": null, "payment_vi": null, "payment_ma": null, "image": null, "email": null, "cooperativ": null, "roof_level": null, "check_date": "2025-05-25", "smoking": null, "ref": null, "branch": null, "wheelchair": "yes", "phone": null, "height": null, "designatio": null, "website": null, "type": null, "opening_ho": null, "name": "City Discount Meat & Grocery Market", "check_da_1": null, "building_l": null, "building": null, "brand_wiki": null, "brand": null, "addr_stree": null, "addr_state": null, "addr_postc": null, "addr_hou_1": null, "addr_count": null, "addr_city": null, "name_zh-Ha": null, "name_zh-_1": null, "name_ko": null, "name_en": null, "alt_name_k": null, "payment_am": null, "entrance": null, "door": null, "automatic_": null, "drink_wine": null, "diet_veget": null, "diet_vegan": null, "diet_halal": null, "descriptio": null, "wikimedia_": null, "payment_ap": null, "cuisine": null, "toilets_wh": null, "old_name": null, "addr_cou_1": null, "visibility": null, "support": null, "faces": null, "display": null, "date": null, "amenity": null, "self_check": null, "opening__1": null, "internet_1": null, "dog": null, "path": "/Users/admin/Desktop/QGIS/point.shp" }, "geometry": { "type": "Point", "coordinates": [ -122.41941, 37.7603364 ] } },
{ "type": "Feature", "properties": { "full_id": "n4548821705", "osm_id": "4548821705", "osm_type": "node", "shop": "supermarket", "contact_ph": null, "name_zh": null, "addr_unit": null, "official_n": null, "contact_fa": null, "sfgov_OBJN": null, "payment_co": null, "organic": null, "level": null, "origin": null, "alt_name": null, "addr_house": "2765", "atm": null, "payment_de": null, "payment_cr": null, "payment_ca": null, "roof_shape": null, "start_date": null, "roof_colou": null, "internet_a": null, "building_c": null, "layer": null, "operator": null, "wikipedia": null, "wikidata": null, "payment_vi": null, "payment_ma": null, "image": null, "email": null, "cooperativ": null, "roof_level": null, "check_date": null, "smoking": null, "ref": null, "branch": null, "wheelchair": "limited", "phone": null, "height": null, "designatio": null, "website": null, "type": null, "opening_ho": null, "name": "Mi Pueblito Market", "check_da_1": null, "building_l": null, "building": null, "brand_wiki": null, "brand": null, "addr_stree": "Mission Street", "addr_state": null, "addr_postc": null, "addr_hou_1": null, "addr_count": null, "addr_city": null, "name_zh-Ha": null, "name_zh-_1": null, "name_ko": null, "name_en": null, "alt_name_k": null, "payment_am": null, "entrance": null, "door": null, "automatic_": null, "drink_wine": null, "diet_veget": null, "diet_vegan": null, "diet_halal": null, "descriptio": null, "wikimedia_": null, "payment_ap": null, "cuisine": null, "toilets_wh": null, "old_name": null, "addr_cou_1": null, "visibility": null, "support": null, "faces": null, "display": null, "date": null, "amenity": null, "self_check": null, "opening__1": null, "internet_1": null, "dog": null, "path": "/Users/admin/Desktop/QGIS/point.shp" }, "geometry": { "type": "Point", "coordinates": [ -122.4183448, 37.7528358 ] } },
{ "type": "Feature", "properties": { "full_id": "n4564626093", "osm_id": "4564626093", "osm_type": "node", "shop": "supermarket", "contact_ph": null, "name_zh": null, "addr_unit": null, "official_n": "Grocery Outlet Bargain Market", "contact_fa": null, "sfgov_OBJN": null, "payment_co": null, "organic": null, "level": "0", "origin": null, "alt_name": null, "addr_house": "6333", "atm": null, "payment_de": "yes", "payment_cr": "yes", "payment_ca": "yes", "roof_shape": null, "start_date": null, "roof_colou": null, "internet_a": null, "building_c": null, "layer": null, "operator": null, "wikipedia": null, "wikidata": null, "payment_vi": null, "payment_ma": null, "image": null, "email": null, "cooperativ": null, "roof_level": null, "check_date": "2022-10-17", "smoking": null, "ref": "245", "branch": null, "wheelchair": "yes", "phone": "+1-415-876-5576", "height": null, "designatio": null, "website": "https://groceryoutlet.com/circulars/storeid/245", "type": null, "opening_ho": null, "name": "Grocery Outlet", "check_da_1": null, "building_l": null, "building": null, "brand_wiki": "Q5609934", "brand": "Grocery Outlet", "addr_stree": "Geary Boulevard", "addr_state": "CA", "addr_postc": "94121", "addr_hou_1": null, "addr_count": null, "addr_city": "San Francisco", "name_zh-Ha": null, "name_zh-_1": null, "name_ko": null, "name_en": null, "alt_name_k": null, "payment_am": null, "entrance": null, "door": null, "automatic_": null, "drink_wine": null, "diet_veget": null, "diet_vegan": null, "diet_halal": null, "descriptio": null, "wikimedia_": null, "payment_ap": null, "cuisine": null, "toilets_wh": null, "old_name": null, "addr_cou_1": null, "visibility": null, "support": null, "faces": null, "display": null, "date": null, "amenity": null, "self_check": null, "opening__1": "Sa-Su 08:00-22:00", "internet_1": null, "dog": null, "path": "/Users/admin/Desktop/QGIS/point.shp" }, "geometry": { "type": "Point", "coordinates": [ -122.487636, 37.7797491 ] } },
{ "type": "Feature", "properties": { "full_id": "n4625108173", "osm_id": "4625108173", "osm_type": "node", "shop": "supermarket", "contact_ph": null, "name_zh": null, "addr_unit": null, "official_n": null, "contact_fa": null, "sfgov_OBJN": null, "payment_co": null, "organic": null, "level": null, "origin": null, "alt_name": null, "addr_house": null, "atm": null, "payment_de": null, "payment_cr": null, "payment_ca": null, "roof_shape": null, "start_date": null, "roof_colou": null, "internet_a": null, "building_c": null, "layer": null, "operator": null, "wikipedia": null, "wikidata": null, "payment_vi": null, "payment_ma": null, "image": null, "email": null, "cooperativ": null, "roof_level": null, "check_date": null, "smoking": null, "ref": null, "branch": null, "wheelchair": "yes", "phone": null, "height": null, "designatio": null, "website": null, "type": null, "opening_ho": null, "name": "Jackson Market", "check_da_1": null, "building_l": null, "building": null, "brand_wiki": null, "brand": null, "addr_stree": null, "addr_state": null, "addr_postc": null, "addr_hou_1": null, "addr_count": null, "addr_city": null, "name_zh-Ha": null, "name_zh-_1": null, "name_ko": null, "name_en": null, "alt_name_k": null, "payment_am": null, "entrance": null, "door": null, "automatic_": null, "drink_wine": null, "diet_veget": null, "diet_vegan": null, "diet_halal": null, "descriptio": null, "wikimedia_": null, "payment_ap": null, "cuisine": null, "toilets_wh": null, "old_name": null, "addr_cou_1": null, "visibility": null, "support": null, "faces": null, "display": null, "date": null, "amenity": null, "self_check": null, "opening__1": "Mo-Sa 14:00-19:00", "internet_1": null, "dog": null, "path": "/Users/admin/Desktop/QGIS/point.shp" }, "geometry": { "type": "Point", "coordinates": [ -122.4149473, 37.7948993 ] } },
{ "type": "Feature", "properties": { "full_id": "n4625169865", "osm_id": "4625169865", "osm_type": "node", "shop": "grocery", "contact_ph": null, "name_zh": null, "addr_unit": null, "official_n": null, "contact_fa": null, "sfgov_OBJN": null, "payment_co": null, "organic": null, "level": null, "origin": null, "alt_name": null, "addr_house": "1199", "atm": "yes", "payment_de": null, "payment_cr": null, "payment_ca": null, "roof_shape": null, "start_date": null, "roof_colou": null, "internet_a": null, "building_c": null, "layer": null, "operator": null, "wikipedia": null, "wikidata": null, "payment_vi": null, "payment_ma": null, "image": null, "email": null, "cooperativ": null, "roof_level": null, "check_date": null, "smoking": null, "ref": null, "branch": null, "wheelchair": null, "phone": null, "height": null, "designatio": null, "website": null, "type": null, "opening_ho": null, "name": "VJ Grocery", "check_da_1": null, "building_l": null, "building": null, "brand_wiki": null, "brand": null, "addr_stree": "Taylor Street", "addr_state": "CA", "addr_postc": null, "addr_hou_1": null, "addr_count": null, "addr_city": "San Francisco", "name_zh-Ha": null, "name_zh-_1": null, "name_ko": null, "name_en": null, "alt_name_k": null, "payment_am": null, "entrance": null, "door": null, "automatic_": null, "drink_wine": "retail", "diet_veget": null, "diet_vegan": null, "diet_halal": null, "descriptio": null, "wikimedia_": null, "payment_ap": null, "cuisine": null, "toilets_wh": null, "old_name": null, "addr_cou_1": null, "visibility": null, "support": null, "faces": null, "display": null, "date": null, "amenity": null, "self_check": null, "opening__1": null, "internet_1": null, "dog": null, "path": "/Users/admin/Desktop/QGIS/point.shp" }, "geometry": { "type": "Point", "coordinates": [ -122.412688, 37.7933763 ] } },
{ "type": "Feature", "properties": { "full_id": "n4625224087", "osm_id": "4625224087", "osm_type": "node", "shop": "grocery", "contact_ph": null, "name_zh": null, "addr_unit": null, "official_n": null, "contact_fa": null, "sfgov_OBJN": null, "payment_co": null, "organic": null, "level": null, "origin": null, "alt_name": null, "addr_house": null, "atm": null, "payment_de": null, "payment_cr": null, "payment_ca": null, "roof_shape": null, "start_date": null, "roof_colou": null, "internet_a": null, "building_c": null, "layer": null, "operator": null, "wikipedia": null, "wikidata": null, "payment_vi": null, "payment_ma": null, "image": null, "email": null, "cooperativ": null, "roof_level": null, "check_date": null, "smoking": null, "ref": null, "branch": null, "wheelchair": null, "phone": null, "height": null, "designatio": null, "website": null, "type": null, "opening_ho": null, "name": null, "check_da_1": null, "building_l": null, "building": null, "brand_wiki": null, "brand": null, "addr_stree": null, "addr_state": null, "addr_postc": null, "addr_hou_1": null, "addr_count": null, "addr_city": null, "name_zh-Ha": null, "name_zh-_1": null, "name_ko": null, "name_en": null, "alt_name_k": null, "payment_am": null, "entrance": null, "door": null, "automatic_": null, "drink_wine": null, "diet_veget": null, "diet_vegan": null, "diet_halal": null, "descriptio": null, "wikimedia_": null, "payment_ap": null, "cuisine": null, "toilets_wh": null, "old_name": null, "addr_cou_1": null, "visibility": null, "support": null, "faces": null, "display": null, "date": null, "amenity": null, "self_check": null, "opening__1": null, "internet_1": null, "dog": null, "path": "/Users/admin/Desktop/QGIS/point.shp" }, "geometry": { "type": "Point", "coordinates": [ -122.4325571, 37.7985332 ] } },
{ "type": "Feature", "properties": { "full_id": "n4630226706", "osm_id": "4630226706", "osm_type": "node", "shop": "supermarket", "contact_ph": null, "name_zh": null, "addr_unit": null, "official_n": null, "contact_fa": null, "sfgov_OBJN": null, "payment_co": null, "organic": null, "level": null, "origin": null, "alt_name": null, "addr_house": null, "atm": null, "payment_de": null, "payment_cr": null, "payment_ca": null, "roof_shape": null, "start_date": null, "roof_colou": null, "internet_a": null, "building_c": null, "layer": null, "operator": null, "wikipedia": null, "wikidata": null, "payment_vi": null, "payment_ma": null, "image": null, "email": null, "cooperativ": null, "roof_level": null, "check_date": null, "smoking": null, "ref": null, "branch": null, "wheelchair": null, "phone": null, "height": null, "designatio": null, "website": null, "type": null, "opening_ho": null, "name": "New California Market", "check_da_1": null, "building_l": null, "building": null, "brand_wiki": null, "brand": null, "addr_stree": null, "addr_state": null, "addr_postc": null, "addr_hou_1": null, "addr_count": null, "addr_city": null, "name_zh-Ha": null, "name_zh-_1": null, "name_ko": null, "name_en": null, "alt_name_k": null, "payment_am": null, "entrance": null, "door": null, "automatic_": null, "drink_wine": null, "diet_veget": null, "diet_vegan": null, "diet_halal": null, "descriptio": null, "wikimedia_": null, "payment_ap": null, "cuisine": null, "toilets_wh": null, "old_name": null, "addr_cou_1": null, "visibility": null, "support": null, "faces": null, "display": null, "date": null, "amenity": null, "self_check": null, "opening__1": null, "internet_1": null, "dog": null, "path": "/Users/admin/Desktop/QGIS/point.shp" }, "geometry": { "type": "Point", "coordinates": [ -122.4788199, 37.7840258 ] } },
{ "type": "Feature", "properties": { "full_id": "n4631891265", "osm_id": "4631891265", "osm_type": "node", "shop": "grocery", "contact_ph": null, "name_zh": null, "addr_unit": null, "official_n": null, "contact_fa": null, "sfgov_OBJN": null, "payment_co": null, "organic": null, "level": null, "origin": null, "alt_name": null, "addr_house": "596", "atm": null, "payment_de": null, "payment_cr": null, "payment_ca": null, "roof_shape": null, "start_date": null, "roof_colou": null, "internet_a": null, "building_c": null, "layer": null, "operator": null, "wikipedia": null, "wikidata": null, "payment_vi": null, "payment_ma": null, "image": null, "email": null, "cooperativ": null, "roof_level": null, "check_date": "2024-03-30", "smoking": null, "ref": null, "branch": null, "wheelchair": null, "phone": null, "height": null, "designatio": null, "website": null, "type": null, "opening_ho": null, "name": "Mi Reyna Market", "check_da_1": null, "building_l": null, "building": null, "brand_wiki": null, "brand": null, "addr_stree": "O'Farrell Street", "addr_state": null, "addr_postc": null, "addr_hou_1": null, "addr_count": null, "addr_city": null, "name_zh-Ha": null, "name_zh-_1": null, "name_ko": null, "name_en": null, "alt_name_k": null, "payment_am": null, "entrance": null, "door": null, "automatic_": null, "drink_wine": null, "diet_veget": null, "diet_vegan": null, "diet_halal": null, "descriptio": null, "wikimedia_": null, "payment_ap": null, "cuisine": null, "toilets_wh": null, "old_name": null, "addr_cou_1": null, "visibility": null, "support": null, "faces": null, "display": null, "date": null, "amenity": null, "self_check": null, "opening__1": null, "internet_1": null, "dog": null, "path": "/Users/admin/Desktop/QGIS/point.shp" }, "geometry": { "type": "Point", "coordinates": [ -122.414517, 37.7857309 ] } },
{ "type": "Feature", "properties": { "full_id": "n4637210183", "osm_id": "4637210183", "osm_type": "node", "shop": "supermarket", "contact_ph": null, "name_zh": null, "addr_unit": null, "official_n": null, "contact_fa": null, "sfgov_OBJN": null, "payment_co": null, "organic": null, "level": null, "origin": null, "alt_name": null, "addr_house": null, "atm": null, "payment_de": null, "payment_cr": null, "payment_ca": null, "roof_shape": null, "start_date": null, "roof_colou": null, "internet_a": null, "building_c": null, "layer": null, "operator": null, "wikipedia": null, "wikidata": null, "payment_vi": null, "payment_ma": null, "image": null, "email": null, "cooperativ": null, "roof_level": null, "check_date": null, "smoking": null, "ref": null, "branch": null, "wheelchair": null, "phone": null, "height": null, "designatio": null, "website": null, "type": null, "opening_ho": null, "name": "J H Grocery and Liquor", "check_da_1": null, "building_l": null, "building": null, "brand_wiki": null, "brand": null, "addr_stree": null, "addr_state": null, "addr_postc": null, "addr_hou_1": null, "addr_count": null, "addr_city": null, "name_zh-Ha": null, "name_zh-_1": null, "name_ko": null, "name_en": null, "alt_name_k": null, "payment_am": null, "entrance": null, "door": null, "automatic_": null, "drink_wine": null, "diet_veget": null, "diet_vegan": null, "diet_halal": null, "descriptio": null, "wikimedia_": null, "payment_ap": null, "cuisine": null, "toilets_wh": null, "old_name": null, "addr_cou_1": null, "visibility": null, "support": null, "faces": null, "display": null, "date": null, "amenity": null, "self_check": null, "opening__1": null, "internet_1": null, "dog": null, "path": "/Users/admin/Desktop/QGIS/point.shp" }, "geometry": { "type": "Point", "coordinates": [ -122.4182553, 37.7944737 ] } },
{ "type": "Feature", "properties": { "full_id": "n4661543003", "osm_id": "4661543003", "osm_type": "node", "shop": "supermarket", "contact_ph": null, "name_zh": null, "addr_unit": null, "official_n": null, "contact_fa": null, "sfgov_OBJN": null, "payment_co": null, "organic": null, "level": null, "origin": null, "alt_name": null, "addr_house": "450", "atm": null, "payment_de": null, "payment_cr": null, "payment_ca": null, "roof_shape": null, "start_date": null, "roof_colou": null, "internet_a": null, "building_c": null, "layer": null, "operator": "Whole Foods", "wikipedia": null, "wikidata": null, "payment_vi": null, "payment_ma": null, "image": null, "email": null, "cooperativ": null, "roof_level": null, "check_date": "2024-10-03", "smoking": null, "ref": "potrerohill", "branch": "Potrero Hill", "wheelchair": "no", "phone": "+1 415-552-1155", "height": null, "designatio": null, "website": "https://www.wholefoodsmarket.com/stores/potrerohill", "type": null, "opening_ho": null, "name": "Whole Foods Market", "check_da_1": "2024-10-03", "building_l": null, "building": null, "brand_wiki": "Q1809448", "brand": "Whole Foods Market", "addr_stree": "Rhode Island Street", "addr_state": "CA", "addr_postc": "94107", "addr_hou_1": null, "addr_count": null, "addr_city": "San Francisco", "name_zh-Ha": null, "name_zh-_1": null, "name_ko": null, "name_en": null, "alt_name_k": null, "payment_am": null, "entrance": null, "door": null, "automatic_": null, "drink_wine": null, "diet_veget": null, "diet_vegan": null, "diet_halal": null, "descriptio": null, "wikimedia_": null, "payment_ap": null, "cuisine": null, "toilets_wh": null, "old_name": null, "addr_cou_1": null, "visibility": null, "support": null, "faces": null, "display": null, "date": null, "amenity": null, "self_check": null, "opening__1": "Mo-Su 08:00-22:00", "internet_1": null, "dog": null, "path": "/Users/admin/Desktop/QGIS/point.shp" }, "geometry": { "type": "Point", "coordinates": [ -122.4027236, 37.7643298 ] } },
{ "type": "Feature", "properties": { "full_id": "n4693634740", "osm_id": "4693634740", "osm_type": "node", "shop": "supermarket", "contact_ph": null, "name_zh": null, "addr_unit": null, "official_n": null, "contact_fa": null, "sfgov_OBJN": null, "payment_co": "yes", "organic": null, "level": null, "origin": null, "alt_name": null, "addr_house": "1101", "atm": null, "payment_de": null, "payment_cr": "yes", "payment_ca": "yes", "roof_shape": null, "start_date": null, "roof_colou": null, "internet_a": null, "building_c": null, "layer": null, "operator": null, "wikipedia": null, "wikidata": null, "payment_vi": null, "payment_ma": null, "image": null, "email": null, "cooperativ": null, "roof_level": null, "check_date": null, "smoking": null, "ref": null, "branch": null, "wheelchair": "yes", "phone": null, "height": null, "designatio": null, "website": null, "type": null, "opening_ho": null, "name": "Gus's Community Market", "check_da_1": null, "building_l": null, "building": null, "brand_wiki": null, "brand": null, "addr_stree": "4th Street", "addr_state": "CA", "addr_postc": "94158", "addr_hou_1": null, "addr_count": null, "addr_city": "San Francisco", "name_zh-Ha": null, "name_zh-_1": null, "name_ko": null, "name_en": null, "alt_name_k": null, "payment_am": null, "entrance": null, "door": null, "automatic_": null, "drink_wine": null, "diet_veget": null, "diet_vegan": null, "diet_halal": null, "descriptio": null, "wikimedia_": null, "payment_ap": null, "cuisine": null, "toilets_wh": null, "old_name": null, "addr_cou_1": null, "visibility": null, "support": null, "faces": null, "display": null, "date": null, "amenity": null, "self_check": null, "opening__1": "PH,Mo-Su 08:00-21:00", "internet_1": null, "dog": null, "path": "/Users/admin/Desktop/QGIS/point.shp" }, "geometry": { "type": "Point", "coordinates": [ -122.391412, 37.7742721 ] } },
{ "type": "Feature", "properties": { "full_id": "n4704557447", "osm_id": "4704557447", "osm_type": "node", "shop": "supermarket", "contact_ph": null, "name_zh": null, "addr_unit": null, "official_n": null, "contact_fa": null, "sfgov_OBJN": null, "payment_co": null, "organic": null, "level": "-1", "origin": null, "alt_name": null, "addr_house": "10", "atm": null, "payment_de": null, "payment_cr": null, "payment_ca": null, "roof_shape": null, "start_date": null, "roof_colou": null, "internet_a": null, "building_c": null, "layer": null, "operator": null, "wikipedia": null, "wikidata": null, "payment_vi": null, "payment_ma": null, "image": null, "email": null, "cooperativ": null, "roof_level": null, "check_date": "2025-03-04", "smoking": null, "ref": "225", "branch": "San Francisco - Pacific Place", "wheelchair": null, "phone": "+1 415-536-7801", "height": null, "designatio": null, "website": "https://locations.traderjoes.com/ca/san-francisco/225/", "type": null, "opening_ho": null, "name": "Trader Joe's", "check_da_1": "2022-10-14", "building_l": null, "building": null, "brand_wiki": "Q688825", "brand": "Trader Joe's", "addr_stree": "4th Street", "addr_state": "CA", "addr_postc": "94103", "addr_hou_1": null, "addr_count": null, "addr_city": "San Francisco", "name_zh-Ha": null, "name_zh-_1": null, "name_ko": null, "name_en": null, "alt_name_k": null, "payment_am": null, "entrance": null, "door": null, "automatic_": null, "drink_wine": null, "diet_veget": null, "diet_vegan": null, "diet_halal": null, "descriptio": null, "wikimedia_": null, "payment_ap": null, "cuisine": null, "toilets_wh": null, "old_name": null, "addr_cou_1": null, "visibility": null, "support": null, "faces": null, "display": null, "date": null, "amenity": null, "self_check": null, "opening__1": "09:00-21:00", "internet_1": null, "dog": null, "path": "/Users/admin/Desktop/QGIS/point.shp" }, "geometry": { "type": "Point", "coordinates": [ -122.4056288, 37.785398 ] } },
{ "type": "Feature", "properties": { "full_id": "n4852448016", "osm_id": "4852448016", "osm_type": "node", "shop": "supermarket", "contact_ph": null, "name_zh": null, "addr_unit": null, "official_n": null, "contact_fa": null, "sfgov_OBJN": null, "payment_co": null, "organic": null, "level": "0", "origin": null, "alt_name": null, "addr_house": "302", "atm": null, "payment_de": null, "payment_cr": null, "payment_ca": null, "roof_shape": null, "start_date": null, "roof_colou": null, "internet_a": null, "building_c": null, "layer": null, "operator": null, "wikipedia": null, "wikidata": null, "payment_vi": null, "payment_ma": null, "image": null, "email": null, "cooperativ": null, "roof_level": null, "check_date": "2025-12-02", "smoking": null, "ref": null, "branch": null, "wheelchair": null, "phone": null, "height": null, "designatio": null, "website": "http://fallettifoods.com", "type": null, "opening_ho": null, "name": "Falletti Foods", "check_da_1": null, "building_l": null, "building": null, "brand_wiki": null, "brand": null, "addr_stree": "Broderick Street", "addr_state": "CA", "addr_postc": "94127", "addr_hou_1": null, "addr_count": null, "addr_city": "San Francisco", "name_zh-Ha": null, "name_zh-_1": null, "name_ko": null, "name_en": null, "alt_name_k": null, "payment_am": null, "entrance": null, "door": null, "automatic_": null, "drink_wine": null, "diet_veget": null, "diet_vegan": null, "diet_halal": null, "descriptio": null, "wikimedia_": null, "payment_ap": null, "cuisine": null, "toilets_wh": null, "old_name": null, "addr_cou_1": null, "visibility": null, "support": null, "faces": null, "display": null, "date": null, "amenity": null, "self_check": null, "opening__1": "Mo-Su 07:00-21:00", "internet_1": null, "dog": null, "path": "/Users/admin/Desktop/QGIS/point.shp" }, "geometry": { "type": "Point", "coordinates": [ -122.4389402, 37.7733138 ] } },
{ "type": "Feature", "properties": { "full_id": "n6469314085", "osm_id": "6469314085", "osm_type": "node", "shop": "supermarket", "contact_ph": null, "name_zh": null, "addr_unit": null, "official_n": null, "contact_fa": null, "sfgov_OBJN": null, "payment_co": null, "organic": null, "level": null, "origin": null, "alt_name": null, "addr_house": "203", "atm": null, "payment_de": null, "payment_cr": null, "payment_ca": null, "roof_shape": null, "start_date": null, "roof_colou": null, "internet_a": null, "building_c": null, "layer": null, "operator": null, "wikipedia": null, "wikidata": null, "payment_vi": null, "payment_ma": null, "image": null, "email": null, "cooperativ": null, "roof_level": null, "check_date": "2023-11-17", "smoking": null, "ref": null, "branch": null, "wheelchair": null, "phone": null, "height": null, "designatio": null, "website": "https://www.woodlandsmarket.com/san-francisco/", "type": null, "opening_ho": null, "name": "Woodlands Market", "check_da_1": null, "building_l": null, "building": null, "brand_wiki": null, "brand": null, "addr_stree": "Folsom Street", "addr_state": "CA", "addr_postc": "94105", "addr_hou_1": null, "addr_count": null, "addr_city": "San Francisco", "name_zh-Ha": null, "name_zh-_1": null, "name_ko": null, "name_en": null, "alt_name_k": null, "payment_am": null, "entrance": null, "door": null, "automatic_": null, "drink_wine": null, "diet_veget": null, "diet_vegan": null, "diet_halal": null, "descriptio": null, "wikimedia_": null, "payment_ap": null, "cuisine": null, "toilets_wh": null, "old_name": null, "addr_cou_1": null, "visibility": null, "support": null, "faces": null, "display": null, "date": null, "amenity": null, "self_check": null, "opening__1": "Mo-Su 07:00-21:00", "internet_1": null, "dog": null, "path": "/Users/admin/Desktop/QGIS/point.shp" }, "geometry": { "type": "Point", "coordinates": [ -122.3919796, 37.7890338 ] } },
{ "type": "Feature", "properties": { "full_id": "n6536212405", "osm_id": "6536212405", "osm_type": "node", "shop": null, "contact_ph": null, "name_zh": null, "addr_unit": null, "official_n": null, "contact_fa": null, "sfgov_OBJN": null, "payment_co": null, "organic": null, "level": null, "origin": null, "alt_name": null, "addr_house": null, "atm": null, "payment_de": null, "payment_cr": null, "payment_ca": null, "roof_shape": null, "start_date": null, "roof_colou": null, "internet_a": null, "building_c": null, "layer": null, "operator": null, "wikipedia": null, "wikidata": null, "payment_vi": null, "payment_ma": null, "image": null, "email": null, "cooperativ": null, "roof_level": null, "check_date": null, "smoking": null, "ref": null, "branch": null, "wheelchair": null, "phone": null, "height": null, "designatio": null, "website": null, "type": null, "opening_ho": null, "name": null, "check_da_1": null, "building_l": null, "building": null, "brand_wiki": null, "brand": null, "addr_stree": null, "addr_state": null, "addr_postc": null, "addr_hou_1": null, "addr_count": null, "addr_city": null, "name_zh-Ha": null, "name_zh-_1": null, "name_ko": null, "name_en": null, "alt_name_k": null, "payment_am": null, "entrance": "yes", "door": "sliding", "automatic_": "yes", "drink_wine": null, "diet_veget": null, "diet_vegan": null, "diet_halal": null, "descriptio": null, "wikimedia_": null, "payment_ap": null, "cuisine": null, "toilets_wh": null, "old_name": null, "addr_cou_1": null, "visibility": null, "support": null, "faces": null, "display": null, "date": null, "amenity": null, "self_check": null, "opening__1": null, "internet_1": null, "dog": null, "path": "/Users/admin/Desktop/QGIS/point.shp" }, "geometry": { "type": "Point", "coordinates": [ -122.5096932, 37.7724393 ] } },
{ "type": "Feature", "properties": { "full_id": "n6791585433", "osm_id": "6791585433", "osm_type": "node", "shop": "grocery", "contact_ph": null, "name_zh": null, "addr_unit": null, "official_n": null, "contact_fa": null, "sfgov_OBJN": null, "payment_co": null, "organic": null, "level": "0", "origin": null, "alt_name": null, "addr_house": "304", "atm": null, "payment_de": null, "payment_cr": null, "payment_ca": null, "roof_shape": null, "start_date": null, "roof_colou": null, "internet_a": null, "building_c": null, "layer": null, "operator": null, "wikipedia": null, "wikidata": null, "payment_vi": null, "payment_ma": null, "image": null, "email": null, "cooperativ": null, "roof_level": null, "check_date": "2025-04-27", "smoking": null, "ref": null, "branch": null, "wheelchair": "yes", "phone": null, "height": null, "designatio": null, "website": null, "type": null, "opening_ho": null, "name": "Olive", "check_da_1": null, "building_l": null, "building": null, "brand_wiki": null, "brand": null, "addr_stree": "Clement Street", "addr_state": null, "addr_postc": null, "addr_hou_1": null, "addr_count": null, "addr_city": null, "name_zh-Ha": null, "name_zh-_1": null, "name_ko": null, "name_en": null, "alt_name_k": null, "payment_am": null, "entrance": null, "door": null, "automatic_": null, "drink_wine": null, "diet_veget": null, "diet_vegan": null, "diet_halal": null, "descriptio": null, "wikimedia_": null, "payment_ap": null, "cuisine": null, "toilets_wh": null, "old_name": null, "addr_cou_1": null, "visibility": null, "support": null, "faces": null, "display": null, "date": null, "amenity": null, "self_check": null, "opening__1": null, "internet_1": null, "dog": null, "path": "/Users/admin/Desktop/QGIS/point.shp" }, "geometry": { "type": "Point", "coordinates": [ -122.462431, 37.783158 ] } },
{ "type": "Feature", "properties": { "full_id": "n8140177640", "osm_id": "8140177640", "osm_type": "node", "shop": "supermarket", "contact_ph": null, "name_zh": null, "addr_unit": null, "official_n": null, "contact_fa": null, "sfgov_OBJN": null, "payment_co": "yes", "organic": "yes", "level": null, "origin": null, "alt_name": null, "addr_house": "2190", "atm": null, "payment_de": "yes", "payment_cr": "yes", "payment_ca": "yes", "roof_shape": null, "start_date": "2020-11-14", "roof_colou": null, "internet_a": null, "building_c": null, "layer": null, "operator": null, "wikipedia": null, "wikidata": null, "payment_vi": "yes", "payment_ma": "yes", "image": null, "email": null, "cooperativ": null, "roof_level": null, "check_date": null, "smoking": null, "ref": null, "branch": null, "wheelchair": null, "phone": null, "height": null, "designatio": null, "website": "https://lukeslocal.com/", "type": null, "opening_ho": null, "name": "Luke's Local", "check_da_1": null, "building_l": null, "building": null, "brand_wiki": null, "brand": null, "addr_stree": "Union Street", "addr_state": "CA", "addr_postc": "94123", "addr_hou_1": null, "addr_count": null, "addr_city": "San Francisco", "name_zh-Ha": null, "name_zh-_1": null, "name_ko": null, "name_en": null, "alt_name_k": null, "payment_am": "yes", "entrance": null, "door": null, "automatic_": null, "drink_wine": null, "diet_veget": null, "diet_vegan": null, "diet_halal": null, "descriptio": null, "wikimedia_": null, "payment_ap": null, "cuisine": null, "toilets_wh": null, "old_name": null, "addr_cou_1": null, "visibility": null, "support": null, "faces": null, "display": null, "date": null, "amenity": null, "self_check": null, "opening__1": "Mo-Su 08:00-21:00", "internet_1": null, "dog": null, "path": "/Users/admin/Desktop/QGIS/point.shp" }, "geometry": { "type": "Point", "coordinates": [ -122.4352703, 37.7972287 ] } },
{ "type": "Feature", "properties": { "full_id": "n8663867589", "osm_id": "8663867589", "osm_type": "node", "shop": "supermarket", "contact_ph": null, "name_zh": null, "addr_unit": null, "official_n": null, "contact_fa": null, "sfgov_OBJN": null, "payment_co": null, "organic": null, "level": null, "origin": "korean", "alt_name": null, "addr_house": "3995", "atm": null, "payment_de": null, "payment_cr": null, "payment_ca": null, "roof_shape": null, "start_date": null, "roof_colou": null, "internet_a": null, "building_c": null, "layer": null, "operator": null, "wikipedia": null, "wikidata": null, "payment_vi": null, "payment_ma": null, "image": null, "email": null, "cooperativ": null, "roof_level": null, "check_date": "2024-08-24", "smoking": null, "ref": null, "branch": null, "wheelchair": "yes", "phone": "+1 650 9937450", "height": null, "designatio": null, "website": "https://www.hmart.com/storelocator/index/index/id/97/", "type": null, "opening_ho": null, "name": "H Mart", "check_da_1": null, "building_l": null, "building": null, "brand_wiki": "Q5636306", "brand": "H Mart", "addr_stree": "Alemany Boulevard", "addr_state": null, "addr_postc": null, "addr_hou_1": null, "addr_count": null, "addr_city": null, "name_zh-Ha": "韓亞龍", "name_zh-_1": "韩亚龙", "name_ko": "한아름", "name_en": "H Mart", "alt_name_k": "H 마트", "payment_am": null, "entrance": null, "door": null, "automatic_": null, "drink_wine": null, "diet_veget": null, "diet_vegan": null, "diet_halal": null, "descriptio": null, "wikimedia_": null, "payment_ap": null, "cuisine": "asian", "toilets_wh": null, "old_name": null, "addr_cou_1": null, "visibility": null, "support": null, "faces": null, "display": null, "date": null, "amenity": null, "self_check": null, "opening__1": "Mo-Su,PH 08:00-22:00", "internet_1": null, "dog": null, "path": "/Users/admin/Desktop/QGIS/point.shp" }, "geometry": { "type": "Point", "coordinates": [ -122.46765, 37.7103977 ] } },
{ "type": "Feature", "properties": { "full_id": "n9147266528", "osm_id": "9147266528", "osm_type": "node", "shop": "supermarket", "contact_ph": null, "name_zh": null, "addr_unit": null, "official_n": null, "contact_fa": null, "sfgov_OBJN": null, "payment_co": null, "organic": null, "level": null, "origin": null, "alt_name": null, "addr_house": "3701", "atm": null, "payment_de": null, "payment_cr": null, "payment_ca": null, "roof_shape": null, "start_date": null, "roof_colou": null, "internet_a": null, "building_c": null, "layer": null, "operator": null, "wikipedia": null, "wikidata": null, "payment_vi": null, "payment_ma": null, "image": null, "email": null, "cooperativ": null, "roof_level": null, "check_date": null, "smoking": null, "ref": null, "branch": null, "wheelchair": null, "phone": "+1-415-564-0370", "height": null, "designatio": null, "website": "https://gussmarket.com/market-locations/noriega-market-san-francisco/", "type": null, "opening_ho": null, "name": "Gus's Community Market", "check_da_1": null, "building_l": null, "building": null, "brand_wiki": null, "brand": null, "addr_stree": "Noriega Street", "addr_state": "CA", "addr_postc": "94122", "addr_hou_1": null, "addr_count": "San Francisco", "addr_city": "San Francisco", "name_zh-Ha": null, "name_zh-_1": null, "name_ko": null, "name_en": null, "alt_name_k": null, "payment_am": null, "entrance": null, "door": null, "automatic_": null, "drink_wine": null, "diet_veget": null, "diet_vegan": null, "diet_halal": null, "descriptio": "Neighborhood grocery store with fresh fruit, deli, fresh sushi, sandwiches, coffee, and more.", "wikimedia_": null, "payment_ap": null, "cuisine": null, "toilets_wh": null, "old_name": null, "addr_cou_1": "US", "visibility": null, "support": null, "faces": null, "display": null, "date": null, "amenity": null, "self_check": null, "opening__1": "Mo-Su 08:00-21:00", "internet_1": null, "dog": null, "path": "/Users/admin/Desktop/QGIS/point.shp" }, "geometry": { "type": "Point", "coordinates": [ -122.5034368, 37.7528697 ] } },
{ "type": "Feature", "properties": { "full_id": "n9765670368", "osm_id": "9765670368", "osm_type": "node", "shop": null, "contact_ph": null, "name_zh": null, "addr_unit": null, "official_n": null, "contact_fa": null, "sfgov_OBJN": null, "payment_co": null, "organic": null, "level": null, "origin": null, "alt_name": null, "addr_house": null, "atm": null, "payment_de": null, "payment_cr": null, "payment_ca": null, "roof_shape": null, "start_date": null, "roof_colou": null, "internet_a": null, "building_c": null, "layer": null, "operator": null, "wikipedia": null, "wikidata": null, "payment_vi": null, "payment_ma": null, "image": null, "email": null, "cooperativ": null, "roof_level": null, "check_date": null, "smoking": null, "ref": null, "branch": null, "wheelchair": null, "phone": null, "height": null, "designatio": null, "website": null, "type": null, "opening_ho": null, "name": null, "check_da_1": null, "building_l": null, "building": null, "brand_wiki": null, "brand": null, "addr_stree": null, "addr_state": null, "addr_postc": null, "addr_hou_1": null, "addr_count": null, "addr_city": null, "name_zh-Ha": null, "name_zh-_1": null, "name_ko": null, "name_en": null, "alt_name_k": null, "payment_am": null, "entrance": "main", "door": "sliding", "automatic_": null, "drink_wine": null, "diet_veget": null, "diet_vegan": null, "diet_halal": null, "descriptio": null, "wikimedia_": null, "payment_ap": null, "cuisine": null, "toilets_wh": null, "old_name": null, "addr_cou_1": null, "visibility": null, "support": null, "faces": null, "display": null, "date": null, "amenity": null, "self_check": null, "opening__1": null, "internet_1": null, "dog": null, "path": "/Users/admin/Desktop/QGIS/point.shp" }, "geometry": { "type": "Point", "coordinates": [ -122.415046, 37.7692979 ] } },
{ "type": "Feature", "properties": { "full_id": "n9794184321", "osm_id": "9794184321", "osm_type": "node", "shop": "supermarket", "contact_ph": null, "name_zh": null, "addr_unit": null, "official_n": null, "contact_fa": null, "sfgov_OBJN": null, "payment_co": null, "organic": null, "level": "0", "origin": null, "alt_name": null, "addr_house": "2551", "atm": null, "payment_de": null, "payment_cr": null, "payment_ca": null, "roof_shape": null, "start_date": null, "roof_colou": null, "internet_a": null, "building_c": null, "layer": null, "operator": null, "wikipedia": null, "wikidata": null, "payment_vi": null, "payment_ma": null, "image": null, "email": null, "cooperativ": null, "roof_level": null, "check_date": "2025-12-15", "smoking": null, "ref": null, "branch": null, "wheelchair": "yes", "phone": "+1 415-682-7287", "height": null, "designatio": null, "website": null, "type": null, "opening_ho": null, "name": "Boss Supermarket", "check_da_1": null, "building_l": null, "building": null, "brand_wiki": null, "brand": null, "addr_stree": "Noriega Street", "addr_state": null, "addr_postc": null, "addr_hou_1": null, "addr_count": null, "addr_city": null, "name_zh-Ha": null, "name_zh-_1": null, "name_ko": null, "name_en": "Boss Supermarket", "alt_name_k": null, "payment_am": null, "entrance": null, "door": null, "automatic_": null, "drink_wine": null, "diet_veget": null, "diet_vegan": null, "diet_halal": null, "descriptio": "Asian grocery & seafood store", "wikimedia_": null, "payment_ap": null, "cuisine": null, "toilets_wh": null, "old_name": null, "addr_cou_1": null, "visibility": null, "support": null, "faces": null, "display": null, "date": null, "amenity": null, "self_check": null, "opening__1": null, "internet_1": null, "dog": null, "path": "/Users/admin/Desktop/QGIS/point.shp" }, "geometry": { "type": "Point", "coordinates": [ -122.4912857, 37.7534462 ] } },
{ "type": "Feature", "properties": { "full_id": "n10057579916", "osm_id": "10057579916", "osm_type": "node", "shop": "supermarket", "contact_ph": null, "name_zh": null, "addr_unit": null, "official_n": null, "contact_fa": null, "sfgov_OBJN": null, "payment_co": null, "organic": null, "level": null, "origin": null, "alt_name": null, "addr_house": null, "atm": null, "payment_de": null, "payment_cr": null, "payment_ca": null, "roof_shape": null, "start_date": null, "roof_colou": null, "internet_a": null, "building_c": null, "layer": null, "operator": null, "wikipedia": null, "wikidata": null, "payment_vi": null, "payment_ma": null, "image": null, "email": "islandcovemarket@yahoo.com", "cooperativ": null, "roof_level": null, "check_date": null, "smoking": null, "ref": null, "branch": null, "wheelchair": null, "phone": "+1-415-391-2299", "height": null, "designatio": null, "website": "https://islandcovefoodcourt.com", "type": null, "opening_ho": null, "name": "Island Cove Market", "check_da_1": null, "building_l": null, "building": null, "brand_wiki": null, "brand": null, "addr_stree": null, "addr_state": null, "addr_postc": "94130", "addr_hou_1": null, "addr_count": null, "addr_city": null, "name_zh-Ha": null, "name_zh-_1": null, "name_ko": null, "name_en": null, "alt_name_k": null, "payment_am": null, "entrance": null, "door": null, "automatic_": null, "drink_wine": null, "diet_veget": null, "diet_vegan": null, "diet_halal": null, "descriptio": null, "wikimedia_": null, "payment_ap": null, "cuisine": null, "toilets_wh": null, "old_name": null, "addr_cou_1": null, "visibility": null, "support": null, "faces": null, "display": null, "date": null, "amenity": null, "self_check": null, "opening__1": null, "internet_1": null, "dog": null, "path": "/Users/admin/Desktop/QGIS/point.shp" }, "geometry": { "type": "Point", "coordinates": [ -122.3704466, 37.8263913 ] } },
{ "type": "Feature", "properties": { "full_id": "n10311776854", "osm_id": "10311776854", "osm_type": "node", "shop": "supermarket", "contact_ph": null, "name_zh": null, "addr_unit": null, "official_n": null, "contact_fa": null, "sfgov_OBJN": null, "payment_co": null, "organic": null, "level": null, "origin": null, "alt_name": null, "addr_house": "735", "atm": null, "payment_de": null, "payment_cr": null, "payment_ca": null, "roof_shape": null, "start_date": null, "roof_colou": null, "internet_a": null, "building_c": null, "layer": null, "operator": "Safeway", "wikipedia": null, "wikidata": null, "payment_vi": null, "payment_ma": null, "image": null, "email": null, "cooperativ": null, "roof_level": null, "check_date": "2025-12-06", "smoking": null, "ref": null, "branch": "2646", "wheelchair": null, "phone": "+1-415-683-4070", "height": null, "designatio": "Safeway 2646", "website": "https://local.safeway.com/safeway/ca/san-francisco/735-7th-ave.html", "type": null, "opening_ho": null, "name": "Safeway", "check_da_1": null, "building_l": null, "building": null, "brand_wiki": "Q1508234", "brand": "Safeway", "addr_stree": "7th Avenue", "addr_state": "CA", "addr_postc": "94118", "addr_hou_1": null, "addr_count": "San Francisco", "addr_city": "San Francisco", "name_zh-Ha": null, "name_zh-_1": null, "name_ko": null, "name_en": null, "alt_name_k": null, "payment_am": null, "entrance": null, "door": null, "automatic_": null, "drink_wine": null, "diet_veget": null, "diet_vegan": null, "diet_halal": null, "descriptio": null, "wikimedia_": null, "payment_ap": null, "cuisine": null, "toilets_wh": null, "old_name": null, "addr_cou_1": "US", "visibility": null, "support": null, "faces": null, "display": null, "date": null, "amenity": null, "self_check": null, "opening__1": "Mo-Su 06:00-24:00", "internet_1": null, "dog": null, "path": "/Users/admin/Desktop/QGIS/point.shp" }, "geometry": { "type": "Point", "coordinates": [ -122.465134, 37.7746125 ] } },
{ "type": "Feature", "properties": { "full_id": "n10610255658", "osm_id": "10610255658", "osm_type": "node", "shop": "supermarket", "contact_ph": null, "name_zh": null, "addr_unit": null, "official_n": null, "contact_fa": null, "sfgov_OBJN": null, "payment_co": null, "organic": null, "level": null, "origin": null, "alt_name": null, "addr_house": "3251", "atm": null, "payment_de": null, "payment_cr": null, "payment_ca": null, "roof_shape": null, "start_date": null, "roof_colou": null, "internet_a": null, "building_c": null, "layer": null, "operator": null, "wikipedia": null, "wikidata": null, "payment_vi": null, "payment_ma": null, "image": null, "email": null, "cooperativ": null, "roof_level": null, "check_date": "2024-10-03", "smoking": null, "ref": "stonestown", "branch": "Stonestown", "wheelchair": null, "phone": "+1 415-375-4242", "height": null, "designatio": null, "website": "https://www.wholefoodsmarket.com/stores/stonestown", "type": null, "opening_ho": null, "name": "Whole Foods Market", "check_da_1": "2024-10-03", "building_l": null, "building": null, "brand_wiki": "Q1809448", "brand": "Whole Foods Market", "addr_stree": "20th Avenue", "addr_state": "CA", "addr_postc": "94132", "addr_hou_1": null, "addr_count": null, "addr_city": "San Francisco", "name_zh-Ha": null, "name_zh-_1": null, "name_ko": null, "name_en": null, "alt_name_k": null, "payment_am": null, "entrance": null, "door": null, "automatic_": null, "drink_wine": null, "diet_veget": null, "diet_vegan": null, "diet_halal": null, "descriptio": null, "wikimedia_": null, "payment_ap": null, "cuisine": null, "toilets_wh": null, "old_name": null, "addr_cou_1": null, "visibility": null, "support": null, "faces": null, "display": null, "date": null, "amenity": null, "self_check": null, "opening__1": "Mo-Su 08:00-22:00", "internet_1": null, "dog": null, "path": "/Users/admin/Desktop/QGIS/point.shp" }, "geometry": { "type": "Point", "coordinates": [ -122.4763228, 37.7290661 ] } },
{ "type": "Feature", "properties": { "full_id": "n10794112885", "osm_id": "10794112885", "osm_type": "node", "shop": "supermarket", "contact_ph": null, "name_zh": null, "addr_unit": null, "official_n": null, "contact_fa": null, "sfgov_OBJN": null, "payment_co": null, "organic": null, "level": "0", "origin": null, "alt_name": null, "addr_house": "5335", "atm": null, "payment_de": null, "payment_cr": null, "payment_ca": null, "roof_shape": null, "start_date": null, "roof_colou": null, "internet_a": null, "building_c": null, "layer": null, "operator": null, "wikipedia": null, "wikidata": null, "payment_vi": null, "payment_ma": null, "image": null, "email": null, "cooperativ": null, "roof_level": null, "check_date": "2024-09-18", "smoking": null, "ref": null, "branch": null, "wheelchair": null, "phone": "+1 415-221-5550", "height": null, "designatio": null, "website": null, "type": null, "opening_ho": null, "name": "Royal Market", "check_da_1": null, "building_l": null, "building": null, "brand_wiki": null, "brand": null, "addr_stree": "Geary Boulevard", "addr_state": null, "addr_postc": null, "addr_hou_1": null, "addr_count": null, "addr_city": null, "name_zh-Ha": null, "name_zh-_1": null, "name_ko": null, "name_en": null, "alt_name_k": null, "payment_am": null, "entrance": null, "door": null, "automatic_": null, "drink_wine": null, "diet_veget": null, "diet_vegan": null, "diet_halal": null, "descriptio": null, "wikimedia_": null, "payment_ap": null, "cuisine": null, "toilets_wh": null, "old_name": null, "addr_cou_1": null, "visibility": null, "support": null, "faces": null, "display": null, "date": null, "amenity": null, "self_check": null, "opening__1": "09:00-20:00", "internet_1": null, "dog": null, "path": "/Users/admin/Desktop/QGIS/point.shp" }, "geometry": { "type": "Point", "coordinates": [ -122.4767481, 37.7802753 ] } },
{ "type": "Feature", "properties": { "full_id": "n11029498046", "osm_id": "11029498046", "osm_type": "node", "shop": "supermarket", "contact_ph": null, "name_zh": null, "addr_unit": null, "official_n": null, "contact_fa": null, "sfgov_OBJN": null, "payment_co": null, "organic": null, "level": null, "origin": null, "alt_name": null, "addr_house": null, "atm": null, "payment_de": null, "payment_cr": null, "payment_ca": null, "roof_shape": null, "start_date": null, "roof_colou": null, "internet_a": null, "building_c": null, "layer": null, "operator": null, "wikipedia": null, "wikidata": null, "payment_vi": null, "payment_ma": null, "image": null, "email": null, "cooperativ": null, "roof_level": null, "check_date": null, "smoking": null, "ref": null, "branch": null, "wheelchair": null, "phone": null, "height": null, "designatio": null, "website": null, "type": null, "opening_ho": null, "name": "Four Seasons Market", "check_da_1": null, "building_l": null, "building": null, "brand_wiki": null, "brand": null, "addr_stree": null, "addr_state": null, "addr_postc": null, "addr_hou_1": null, "addr_count": null, "addr_city": null, "name_zh-Ha": null, "name_zh-_1": null, "name_ko": null, "name_en": null, "alt_name_k": null, "payment_am": null, "entrance": null, "door": null, "automatic_": null, "drink_wine": null, "diet_veget": null, "diet_vegan": null, "diet_halal": null, "descriptio": null, "wikimedia_": null, "payment_ap": null, "cuisine": null, "toilets_wh": null, "old_name": null, "addr_cou_1": null, "visibility": null, "support": null, "faces": null, "display": null, "date": null, "amenity": null, "self_check": null, "opening__1": null, "internet_1": null, "dog": null, "path": "/Users/admin/Desktop/QGIS/point.shp" }, "geometry": { "type": "Point", "coordinates": [ -122.4681512, 37.7389988 ] } },
{ "type": "Feature", "properties": { "full_id": "n11064507175", "osm_id": "11064507175", "osm_type": "node", "shop": "supermarket", "contact_ph": null, "name_zh": null, "addr_unit": null, "official_n": null, "contact_fa": null, "sfgov_OBJN": null, "payment_co": null, "organic": null, "level": "0", "origin": null, "alt_name": null, "addr_house": "145", "atm": null, "payment_de": null, "payment_cr": null, "payment_ca": null, "roof_shape": null, "start_date": null, "roof_colou": null, "internet_a": null, "building_c": null, "layer": null, "operator": null, "wikipedia": null, "wikidata": null, "payment_vi": null, "payment_ma": null, "image": null, "email": null, "cooperativ": null, "roof_level": null, "check_date": null, "smoking": null, "ref": "4601", "branch": null, "wheelchair": "yes", "phone": "+1 415-982-3112", "height": null, "designatio": null, "website": "https://local.safeway.com/safeway/ca/san-francisco/145-jackson-st.html", "type": null, "opening_ho": null, "name": "Safeway", "check_da_1": null, "building_l": null, "building": null, "brand_wiki": "Q1508234", "brand": "Safeway", "addr_stree": "Jackson Street", "addr_state": "CA", "addr_postc": "94111", "addr_hou_1": null, "addr_count": null, "addr_city": "San Francisco", "name_zh-Ha": null, "name_zh-_1": null, "name_ko": null, "name_en": null, "alt_name_k": null, "payment_am": null, "entrance": null, "door": null, "automatic_": null, "drink_wine": null, "diet_veget": null, "diet_vegan": null, "diet_halal": null, "descriptio": null, "wikimedia_": null, "payment_ap": null, "cuisine": null, "toilets_wh": null, "old_name": null, "addr_cou_1": null, "visibility": null, "support": null, "faces": null, "display": null, "date": null, "amenity": null, "self_check": null, "opening__1": "06:00-21:00", "internet_1": null, "dog": null, "path": "/Users/admin/Desktop/QGIS/point.shp" }, "geometry": { "type": "Point", "coordinates": [ -122.3985422, 37.7969036 ] } },
{ "type": "Feature", "properties": { "full_id": "n11162304805", "osm_id": "11162304805", "osm_type": "node", "shop": "supermarket", "contact_ph": null, "name_zh": null, "addr_unit": null, "official_n": null, "contact_fa": null, "sfgov_OBJN": null, "payment_co": null, "organic": null, "level": null, "origin": null, "alt_name": null, "addr_house": "1616", "atm": null, "payment_de": null, "payment_cr": null, "payment_ca": null, "roof_shape": null, "start_date": null, "roof_colou": null, "internet_a": null, "building_c": null, "layer": null, "operator": null, "wikipedia": null, "wikidata": null, "payment_vi": null, "payment_ma": null, "image": null, "email": null, "cooperativ": null, "roof_level": null, "check_date": null, "smoking": null, "ref": null, "branch": null, "wheelchair": null, "phone": "+1-415-988-7919", "height": null, "designatio": null, "website": null, "type": null, "opening_ho": null, "name": "Fruit Barn", "check_da_1": null, "building_l": null, "building": null, "brand_wiki": null, "brand": null, "addr_stree": "Ocean Avenue", "addr_state": "CA", "addr_postc": "94112", "addr_hou_1": null, "addr_count": null, "addr_city": "San Francisco", "name_zh-Ha": null, "name_zh-_1": null, "name_ko": null, "name_en": null, "alt_name_k": null, "payment_am": null, "entrance": null, "door": null, "automatic_": null, "drink_wine": null, "diet_veget": null, "diet_vegan": null, "diet_halal": null, "descriptio": null, "wikimedia_": null, "payment_ap": null, "cuisine": null, "toilets_wh": null, "old_name": null, "addr_cou_1": null, "visibility": null, "support": null, "faces": null, "display": null, "date": null, "amenity": null, "self_check": null, "opening__1": "Mo-Su 08:00-20:00", "internet_1": null, "dog": null, "path": "/Users/admin/Desktop/QGIS/point.shp" }, "geometry": { "type": "Point", "coordinates": [ -122.459482, 37.7247268 ] } },
{ "type": "Feature", "properties": { "full_id": "n11330110153", "osm_id": "11330110153", "osm_type": "node", "shop": "supermarket", "contact_ph": null, "name_zh": null, "addr_unit": null, "official_n": null, "contact_fa": null, "sfgov_OBJN": null, "payment_co": null, "organic": null, "level": null, "origin": null, "alt_name": null, "addr_house": "1532", "atm": null, "payment_de": null, "payment_cr": null, "payment_ca": null, "roof_shape": null, "start_date": null, "roof_colou": null, "internet_a": null, "building_c": null, "layer": null, "operator": null, "wikipedia": null, "wikidata": null, "payment_vi": null, "payment_ma": null, "image": null, "email": null, "cooperativ": null, "roof_level": null, "check_date": null, "smoking": null, "ref": null, "branch": null, "wheelchair": null, "phone": "+1-415-587-8908", "height": null, "designatio": null, "website": null, "type": null, "opening_ho": null, "name": "All Fresh Market", "check_da_1": null, "building_l": null, "building": null, "brand_wiki": null, "brand": null, "addr_stree": "Ocean Avenue", "addr_state": "CA", "addr_postc": "94112", "addr_hou_1": null, "addr_count": null, "addr_city": "San Francisco", "name_zh-Ha": null, "name_zh-_1": null, "name_ko": null, "name_en": null, "alt_name_k": null, "payment_am": null, "entrance": null, "door": null, "automatic_": null, "drink_wine": null, "diet_veget": null, "diet_vegan": null, "diet_halal": null, "descriptio": null, "wikimedia_": null, "payment_ap": null, "cuisine": null, "toilets_wh": null, "old_name": null, "addr_cou_1": null, "visibility": null, "support": null, "faces": null, "display": null, "date": null, "amenity": null, "self_check": null, "opening__1": null, "internet_1": null, "dog": null, "path": "/Users/admin/Desktop/QGIS/point.shp" }, "geometry": { "type": "Point", "coordinates": [ -122.4587607, 37.724573 ] } },
{ "type": "Feature", "properties": { "full_id": "n11705132475", "osm_id": "11705132475", "osm_type": "node", "shop": "grocery", "contact_ph": null, "name_zh": null, "addr_unit": null, "official_n": null, "contact_fa": null, "sfgov_OBJN": null, "payment_co": null, "organic": null, "level": null, "origin": null, "alt_name": null, "addr_house": null, "atm": null, "payment_de": null, "payment_cr": null, "payment_ca": null, "roof_shape": null, "start_date": null, "roof_colou": null, "internet_a": null, "building_c": null, "layer": null, "operator": null, "wikipedia": null, "wikidata": null, "payment_vi": null, "payment_ma": null, "image": null, "email": null, "cooperativ": null, "roof_level": null, "check_date": null, "smoking": null, "ref": null, "branch": null, "wheelchair": null, "phone": null, "height": null, "designatio": null, "website": null, "type": null, "opening_ho": null, "name": "Golden Gate Market & Produce", "check_da_1": null, "building_l": null, "building": null, "brand_wiki": null, "brand": null, "addr_stree": null, "addr_state": null, "addr_postc": null, "addr_hou_1": null, "addr_count": null, "addr_city": null, "name_zh-Ha": null, "name_zh-_1": null, "name_ko": null, "name_en": null, "alt_name_k": null, "payment_am": null, "entrance": null, "door": null, "automatic_": null, "drink_wine": null, "diet_veget": null, "diet_vegan": null, "diet_halal": null, "descriptio": null, "wikimedia_": null, "payment_ap": null, "cuisine": null, "toilets_wh": null, "old_name": null, "addr_cou_1": null, "visibility": null, "support": null, "faces": null, "display": null, "date": null, "amenity": null, "self_check": null, "opening__1": null, "internet_1": null, "dog": null, "path": "/Users/admin/Desktop/QGIS/point.shp" }, "geometry": { "type": "Point", "coordinates": [ -122.4142799, 37.783209 ] } },
{ "type": "Feature", "properties": { "full_id": "n11897570031", "osm_id": "11897570031", "osm_type": "node", "shop": "supermarket", "contact_ph": null, "name_zh": null, "addr_unit": null, "official_n": null, "contact_fa": null, "sfgov_OBJN": null, "payment_co": null, "organic": null, "level": null, "origin": null, "alt_name": null, "addr_house": "320", "atm": null, "payment_de": null, "payment_cr": null, "payment_ca": null, "roof_shape": null, "start_date": null, "roof_colou": null, "internet_a": null, "building_c": null, "layer": null, "operator": null, "wikipedia": null, "wikidata": null, "payment_vi": null, "payment_ma": null, "image": null, "email": null, "cooperativ": null, "roof_level": null, "check_date": null, "smoking": null, "ref": null, "branch": null, "wheelchair": null, "phone": "+1 415 979 9946", "height": null, "designatio": null, "website": "https://chaatcornersf.com/", "type": null, "opening_ho": null, "name": "Chaat Corner Indian Grocery", "check_da_1": null, "building_l": null, "building": null, "brand_wiki": null, "brand": null, "addr_stree": "3rd Street", "addr_state": null, "addr_postc": "94107", "addr_hou_1": null, "addr_count": null, "addr_city": "San Francisco", "name_zh-Ha": null, "name_zh-_1": null, "name_ko": null, "name_en": null, "alt_name_k": null, "payment_am": null, "entrance": null, "door": null, "automatic_": null, "drink_wine": null, "diet_veget": null, "diet_vegan": null, "diet_halal": null, "descriptio": null, "wikimedia_": null, "payment_ap": null, "cuisine": "indian", "toilets_wh": null, "old_name": null, "addr_cou_1": null, "visibility": null, "support": null, "faces": null, "display": null, "date": null, "amenity": null, "self_check": null, "opening__1": null, "internet_1": null, "dog": null, "path": "/Users/admin/Desktop/QGIS/point.shp" }, "geometry": { "type": "Point", "coordinates": [ -122.3989177, 37.7835778 ] } },
{ "type": "Feature", "properties": { "full_id": "n11950809144", "osm_id": "11950809144", "osm_type": "node", "shop": "supermarket", "contact_ph": null, "name_zh": null, "addr_unit": null, "official_n": null, "contact_fa": null, "sfgov_OBJN": null, "payment_co": null, "organic": null, "level": null, "origin": null, "alt_name": null, "addr_house": "788", "atm": null, "payment_de": null, "payment_cr": "yes", "payment_ca": "yes", "roof_shape": null, "start_date": null, "roof_colou": null, "internet_a": null, "building_c": null, "layer": null, "operator": null, "wikipedia": null, "wikidata": null, "payment_vi": null, "payment_ma": null, "image": null, "email": null, "cooperativ": null, "roof_level": null, "check_date": "2024-06-01", "smoking": null, "ref": null, "branch": null, "wheelchair": "yes", "phone": null, "height": null, "designatio": null, "website": null, "type": null, "opening_ho": null, "name": "Trader Joe's", "check_da_1": null, "building_l": null, "building": null, "brand_wiki": "Q688825", "brand": "Trader Joe's", "addr_stree": "Laguna Street", "addr_state": null, "addr_postc": null, "addr_hou_1": null, "addr_count": null, "addr_city": null, "name_zh-Ha": null, "name_zh-_1": null, "name_ko": null, "name_en": null, "alt_name_k": null, "payment_am": null, "entrance": null, "door": null, "automatic_": null, "drink_wine": null, "diet_veget": null, "diet_vegan": null, "diet_halal": null, "descriptio": null, "wikimedia_": null, "payment_ap": null, "cuisine": null, "toilets_wh": null, "old_name": null, "addr_cou_1": null, "visibility": null, "support": null, "faces": null, "display": null, "date": null, "amenity": null, "self_check": null, "opening__1": "09:00-21:00", "internet_1": null, "dog": null, "path": "/Users/admin/Desktop/QGIS/point.shp" }, "geometry": { "type": "Point", "coordinates": [ -122.4264269, 37.7781179 ] } },
{ "type": "Feature", "properties": { "full_id": "n12522217330", "osm_id": "12522217330", "osm_type": "node", "shop": "supermarket", "contact_ph": null, "name_zh": null, "addr_unit": null, "official_n": null, "contact_fa": null, "sfgov_OBJN": null, "payment_co": null, "organic": null, "level": null, "origin": null, "alt_name": null, "addr_house": "2990", "atm": null, "payment_de": null, "payment_cr": null, "payment_ca": null, "roof_shape": null, "start_date": null, "roof_colou": null, "internet_a": null, "building_c": null, "layer": null, "operator": null, "wikipedia": null, "wikidata": null, "payment_vi": null, "payment_ma": null, "image": null, "email": null, "cooperativ": null, "roof_level": null, "check_date": "2025-01-21", "smoking": null, "ref": null, "branch": null, "wheelchair": null, "phone": null, "height": null, "designatio": null, "website": null, "type": null, "opening_ho": null, "name": "Samiramis Imports", "check_da_1": null, "building_l": null, "building": null, "brand_wiki": null, "brand": null, "addr_stree": "Mission Street", "addr_state": null, "addr_postc": null, "addr_hou_1": null, "addr_count": null, "addr_city": null, "name_zh-Ha": null, "name_zh-_1": null, "name_ko": null, "name_en": null, "alt_name_k": null, "payment_am": null, "entrance": null, "door": null, "automatic_": null, "drink_wine": null, "diet_veget": null, "diet_vegan": null, "diet_halal": null, "descriptio": null, "wikimedia_": null, "payment_ap": null, "cuisine": null, "toilets_wh": null, "old_name": null, "addr_cou_1": null, "visibility": null, "support": null, "faces": null, "display": null, "date": null, "amenity": null, "self_check": null, "opening__1": null, "internet_1": null, "dog": null, "path": "/Users/admin/Desktop/QGIS/point.shp" }, "geometry": { "type": "Point", "coordinates": [ -122.4183513, 37.7492175 ] } },
{ "type": "Feature", "properties": { "full_id": "n12730814708", "osm_id": "12730814708", "osm_type": "node", "shop": null, "contact_ph": null, "name_zh": null, "addr_unit": null, "official_n": null, "contact_fa": null, "sfgov_OBJN": null, "payment_co": null, "organic": null, "level": null, "origin": null, "alt_name": null, "addr_house": null, "atm": null, "payment_de": null, "payment_cr": null, "payment_ca": null, "roof_shape": null, "start_date": null, "roof_colou": null, "internet_a": null, "building_c": null, "layer": null, "operator": null, "wikipedia": null, "wikidata": null, "payment_vi": null, "payment_ma": null, "image": null, "email": null, "cooperativ": null, "roof_level": null, "check_date": null, "smoking": null, "ref": null, "branch": null, "wheelchair": null, "phone": null, "height": null, "designatio": null, "website": null, "type": null, "opening_ho": null, "name": null, "check_da_1": null, "building_l": null, "building": null, "brand_wiki": null, "brand": null, "addr_stree": null, "addr_state": null, "addr_postc": null, "addr_hou_1": null, "addr_count": null, "addr_city": null, "name_zh-Ha": null, "name_zh-_1": null, "name_ko": null, "name_en": null, "alt_name_k": null, "payment_am": null, "entrance": "yes", "door": null, "automatic_": null, "drink_wine": null, "diet_veget": null, "diet_vegan": null, "diet_halal": null, "descriptio": null, "wikimedia_": null, "payment_ap": null, "cuisine": null, "toilets_wh": null, "old_name": null, "addr_cou_1": null, "visibility": null, "support": null, "faces": null, "display": null, "date": null, "amenity": null, "self_check": null, "opening__1": null, "internet_1": null, "dog": null, "path": "/Users/admin/Desktop/QGIS/point.shp" }, "geometry": { "type": "Point", "coordinates": [ -122.4088925, 37.7312101 ] } },
{ "type": "Feature", "properties": { "full_id": "n12863374035", "osm_id": "12863374035", "osm_type": "node", "shop": "supermarket", "contact_ph": null, "name_zh": null, "addr_unit": null, "official_n": null, "contact_fa": null, "sfgov_OBJN": null, "payment_co": null, "organic": null, "level": "0", "origin": null, "alt_name": null, "addr_house": "2366", "atm": null, "payment_de": null, "payment_cr": null, "payment_ca": null, "roof_shape": null, "start_date": null, "roof_colou": null, "internet_a": null, "building_c": null, "layer": null, "operator": null, "wikipedia": null, "wikidata": null, "payment_vi": null, "payment_ma": null, "image": null, "email": null, "cooperativ": null, "roof_level": null, "check_date": "2025-05-25", "smoking": null, "ref": null, "branch": null, "wheelchair": "yes", "phone": null, "height": null, "designatio": null, "website": null, "type": null, "opening_ho": null, "name": "Mission Food Center", "check_da_1": null, "building_l": null, "building": null, "brand_wiki": null, "brand": null, "addr_stree": "Mission Street", "addr_state": null, "addr_postc": null, "addr_hou_1": null, "addr_count": null, "addr_city": null, "name_zh-Ha": null, "name_zh-_1": null, "name_ko": null, "name_en": null, "alt_name_k": null, "payment_am": null, "entrance": null, "door": null, "automatic_": null, "drink_wine": null, "diet_veget": null, "diet_vegan": null, "diet_halal": null, "descriptio": null, "wikimedia_": null, "payment_ap": null, "cuisine": null, "toilets_wh": null, "old_name": null, "addr_cou_1": null, "visibility": null, "support": null, "faces": null, "display": null, "date": null, "amenity": null, "self_check": null, "opening__1": null, "internet_1": null, "dog": null, "path": "/Users/admin/Desktop/QGIS/point.shp" }, "geometry": { "type": "Point", "coordinates": [ -122.4192758, 37.7592127 ] } },
{ "type": "Feature", "properties": { "full_id": "n13069359115", "osm_id": "13069359115", "osm_type": "node", "shop": "supermarket", "contact_ph": null, "name_zh": null, "addr_unit": null, "official_n": null, "contact_fa": null, "sfgov_OBJN": null, "payment_co": null, "organic": null, "level": "0", "origin": null, "alt_name": null, "addr_house": "1266", "atm": null, "payment_de": null, "payment_cr": null, "payment_ca": null, "roof_shape": null, "start_date": null, "roof_colou": null, "internet_a": null, "building_c": null, "layer": null, "operator": null, "wikipedia": null, "wikidata": null, "payment_vi": null, "payment_ma": null, "image": null, "email": null, "cooperativ": null, "roof_level": null, "check_date": "2026-01-13", "smoking": null, "ref": null, "branch": null, "wheelchair": "yes", "phone": null, "height": null, "designatio": null, "website": null, "type": null, "opening_ho": null, "name": "Luke's Local", "check_da_1": null, "building_l": null, "building": null, "brand_wiki": null, "brand": null, "addr_stree": "9th Avenue", "addr_state": null, "addr_postc": null, "addr_hou_1": null, "addr_count": null, "addr_city": null, "name_zh-Ha": null, "name_zh-_1": null, "name_ko": null, "name_en": null, "alt_name_k": null, "payment_am": null, "entrance": null, "door": null, "automatic_": null, "drink_wine": null, "diet_veget": null, "diet_vegan": null, "diet_halal": null, "descriptio": null, "wikimedia_": null, "payment_ap": null, "cuisine": null, "toilets_wh": null, "old_name": null, "addr_cou_1": null, "visibility": null, "support": null, "faces": null, "display": null, "date": null, "amenity": null, "self_check": null, "opening__1": null, "internet_1": null, "dog": null, "path": "/Users/admin/Desktop/QGIS/point.shp" }, "geometry": { "type": "Point", "coordinates": [ -122.4662511, 37.7646119 ] } },
{ "type": "Feature", "properties": { "full_id": "n13311274107", "osm_id": "13311274107", "osm_type": "node", "shop": "supermarket", "contact_ph": null, "name_zh": null, "addr_unit": null, "official_n": null, "contact_fa": null, "sfgov_OBJN": null, "payment_co": null, "organic": null, "level": null, "origin": null, "alt_name": null, "addr_house": null, "atm": null, "payment_de": null, "payment_cr": null, "payment_ca": null, "roof_shape": null, "start_date": null, "roof_colou": null, "internet_a": null, "building_c": null, "layer": null, "operator": null, "wikipedia": null, "wikidata": null, "payment_vi": null, "payment_ma": null, "image": null, "email": null, "cooperativ": null, "roof_level": null, "check_date": null, "smoking": null, "ref": null, "branch": null, "wheelchair": null, "phone": null, "height": null, "designatio": null, "website": "https://haminimart.com/", "type": null, "opening_ho": null, "name": "Ha Mini Mart", "check_da_1": null, "building_l": null, "building": null, "brand_wiki": null, "brand": null, "addr_stree": null, "addr_state": null, "addr_postc": null, "addr_hou_1": null, "addr_count": null, "addr_city": null, "name_zh-Ha": null, "name_zh-_1": null, "name_ko": null, "name_en": null, "alt_name_k": null, "payment_am": null, "entrance": null, "door": null, "automatic_": null, "drink_wine": null, "diet_veget": null, "diet_vegan": null, "diet_halal": null, "descriptio": null, "wikimedia_": null, "payment_ap": null, "cuisine": null, "toilets_wh": null, "old_name": null, "addr_cou_1": null, "visibility": null, "support": null, "faces": null, "display": null, "date": null, "amenity": null, "self_check": null, "opening__1": null, "internet_1": null, "dog": null, "path": "/Users/admin/Desktop/QGIS/point.shp" }, "geometry": { "type": "Point", "coordinates": [ -122.4064339, 37.7943706 ] } },
{ "type": "Feature", "properties": { "full_id": "n13461244801", "osm_id": "13461244801", "osm_type": "node", "shop": "grocery", "contact_ph": null, "name_zh": null, "addr_unit": null, "official_n": null, "contact_fa": null, "sfgov_OBJN": null, "payment_co": null, "organic": null, "level": null, "origin": null, "alt_name": null, "addr_house": "5900", "atm": null, "payment_de": null, "payment_cr": null, "payment_ca": null, "roof_shape": null, "start_date": null, "roof_colou": null, "internet_a": null, "building_c": null, "layer": null, "operator": null, "wikipedia": null, "wikidata": null, "payment_vi": null, "payment_ma": null, "image": null, "email": null, "cooperativ": null, "roof_level": null, "check_date": null, "smoking": null, "ref": null, "branch": null, "wheelchair": null, "phone": null, "height": null, "designatio": null, "website": "https://miranchosupermarket.com/", "type": null, "opening_ho": null, "name": "Mi Rancho Supermarket", "check_da_1": null, "building_l": null, "building": null, "brand_wiki": null, "brand": null, "addr_stree": "3rd Street", "addr_state": null, "addr_postc": "94124", "addr_hou_1": null, "addr_count": null, "addr_city": null, "name_zh-Ha": null, "name_zh-_1": null, "name_ko": null, "name_en": null, "alt_name_k": null, "payment_am": null, "entrance": null, "door": null, "automatic_": null, "drink_wine": null, "diet_veget": null, "diet_vegan": null, "diet_halal": null, "descriptio": null, "wikimedia_": null, "payment_ap": null, "cuisine": null, "toilets_wh": null, "old_name": null, "addr_cou_1": null, "visibility": null, "support": null, "faces": null, "display": null, "date": null, "amenity": null, "self_check": null, "opening__1": "Mo-Su 07:00-20:30", "internet_1": null, "dog": null, "path": "/Users/admin/Desktop/QGIS/point.shp" }, "geometry": { "type": "Point", "coordinates": [ -122.3948104, 37.7249323 ] } }
]
}
