fid,STATEFP,COUNTYFP,TRACTCE,GEOID,NAME,NAMELSAD,MTFCC,FUNCSTAT,ALAND,AWATER,INTPTLAT,INTPTLON,layer,path,field_1,median_hh_,median_h_1,CDTFA_COPR,CDTFA_CITY,CDTFA_COUN,CENSUS_PLA,CENSUS_GEO,CENSUS_P_1,GNIS_PLACE,GNIS_ID,City_name,year,total_pop,white_nh,black_nh,asian_nh,hispanic,pct_white_nh,pct_black_nh,pct_asian_nh,pct_hispanic,pct_poc,median_income,median_home_value,housing_units_total,owner_occupied,renter_occupied,homeownership_rate,area_sq_miles,pop_density,weight_supply_sum,Accessibility_Index,NAME_x,group_0_17,group_18_34,group_35_49,group_50_up,NAME_y,below_high_school,high_school_grad,some_college_assoc,bachelors_plus
1,"06","001","403402","06001403402","4034.02",Census Tract 4034.02,G5020,S,99215,0,"+37.8024095","-122.2651075",missed_Tracts — tl_2022_06_tract,/Users/admin/Desktop/OPEN_project/missed_Tracts.gpkg|layername=tl_2022_06_tract,"100","89021.0","15101.0","1017",Oakland,Alameda County,Oakland,"653000",City,City of Oakland,"2411292",Oakland,"2024.0","998.0","339.0","291.0","76.0","238.0","0.3396793587174350","0.2915831663326650","0.0761523046092184","0.2384769539078160","0.6603206412825650","103362.0",,"760.0","0.0","760.0","0.0","0.0383166225567287","26046.136987215800","211807200.0","212231.663","Census Tract 4034.02; Alameda County; California","18","404","272","304","Census Tract 4034.02; Alameda County; California","50","40","252","568"
2,"06","075","032901","06075032901","329.01",Census Tract 329.01,G5020,S,671900,0,"+37.7461540","-122.4901873",missed_Tracts — tl_2022_06_tract,/Users/admin/Desktop/OPEN_project/missed_Tracts.gpkg|layername=tl_2022_06_tract,"187","154291.0","8694.0","38001",San Francisco,San Francisco County,San Francisco,"667000",City,City of San Francisco,"2411786",San Francisco,"2024.0","6013.0","975.0","225.0","3769.0","354.0","0.1621486778646270","0.0374189256610676","0.6268085814069520","0.0588724430400798","0.8378513221353730","176000.0","1532000.0","1722.0","1249.0","473.0","0.7253193960511030","0.2594315378681670","23177.59841155310","176559500.0","29362.964","Census Tract 329.01; San Francisco County; California","1478","944","1360","2231","Census Tract 329.01; San Francisco County; California","606","438","1067","2212"
3,"06","001","405000","06001405000","4050",Census Tract 4050,G5020,S,800678,0,"+37.8120851","-122.2190899",missed_Tracts — tl_2022_06_tract,/Users/admin/Desktop/OPEN_project/missed_Tracts.gpkg|layername=tl_2022_06_tract,"141","152857.0","46578.0","1017",Oakland,Alameda County,Oakland,"653000",City,City of Oakland,"2411292",Oakland,"2024.0","3566.0","1970.0","313.0","436.0","462.0","0.5524397083567020","0.0877734155916993","0.1222658440830060","0.129556926528323","0.4475602916432980","136406.0","1404000.0","1581.0","1047.0","534.0","0.6622390891840610","0.3108658745714610","11471.18513704940","300833400.0","84361.582","Census Tract 4050; Alameda County; California","759","489","904","1414","Census Tract 4050; Alameda County; California","106","236","541","1792"
4,"06","001","406000","06001406000","4060",Census Tract 4060,G5020,S,2113649,525188,"+37.7923700","-122.2603108",missed_Tracts — tl_2022_06_tract,/Users/admin/Desktop/OPEN_project/missed_Tracts.gpkg|layername=tl_2022_06_tract,"169","56763.0","11845.0","1017",Oakland,Alameda County,Oakland,"653000",City,City of Oakland,"2411292",Oakland,"2024.0","5157.0","741.0","1106.0","2052.0","910.0","0.1436881908086100","0.2144657746751990","0.3979057591623040","0.1764591816947840","0.8563118091913900","60441.0","697100.0","2310.0","257.0","2053.0","0.1112554112554110","1.0179448903680100","5066.089577929530","292658700.0","56749.796","Census Tract 4060; Alameda County; California","750","1238","1069","2100","Census Tract 4060; Alameda County; California","1231","653","1030","1146"
5,"06","075","033001","06075033001","330.01",Census Tract 330.01,G5020,S,575942,0,"+37.7404650","-122.4907650",missed_Tracts — tl_2022_06_tract,/Users/admin/Desktop/OPEN_project/missed_Tracts.gpkg|layername=tl_2022_06_tract,"184","148239.0","43703.0","38001",San Francisco,San Francisco County,San Francisco,"667000",City,City of San Francisco,"2411786",San Francisco,"2024.0","3911.0","668.0","3.0","2563.0","441.0","0.1708003068268980","0.000767067246228586","0.6553311173612890","0.1127588851956020","0.8291996931731020","183021.0","1549300.0","1419.0","1246.0","173.0","0.8780831571529250","0.226814358075642","17243.176460176700","257349900.0","65801.56","Census Tract 330.01; San Francisco County; California","600","650","707","1954","Census Tract 330.01; San Francisco County; California","289","504","476","1908"
6,"06","075","047802","06075047802","478.02",Census Tract 478.02,G5020,S,339447,0,"+37.7792040","-122.4973930",missed_Tracts — tl_2022_06_tract,/Users/admin/Desktop/OPEN_project/missed_Tracts.gpkg|layername=tl_2022_06_tract,"363","125682.0","13514.0","38001",San Francisco,San Francisco County,San Francisco,"667000",City,City of San Francisco,"2411786",San Francisco,"2024.0","3581.0","1355.0","15.0","1542.0","558.0","0.3783859257190730","0.0041887740854509","0.4306059759843620","0.1558223959787770","0.6216140742809270","129415.0","1540000.0","1418.0","685.0","733.0","0.4830747531734840","0.1310707502006790","27321.12232910250","209480700.0","58497.822","Census Tract 478.02; San Francisco County; California","636","718","783","1444","Census Tract 478.02; San Francisco County; California","314","255","499","1565"
7,"06","001","403401","06001403401","4034.01",Census Tract 4034.01,G5020,S,549686,602434,"+37.8092493","-122.2597833",new_tracts — tl_2022_06_tract,/Users/admin/Desktop/OPEN_project/new_tracts.gpkg|layername=tl_2022_06_tract,"123","69984.0","15753.0","1017",Oakland,Alameda County,Oakland,"653000",City,City of Oakland,"2411292",Oakland,"2024.0","2724.0","1188.0","443.0","611.0","208.0","0.4361233480176210","0.1626284875183550","0.224302496328928","0.0763582966226138","0.5638766519823790","70472.0","949000.0","1969.0","360.0","1609.0","0.1828339258506860","0.4409519069066330","6177.544438143860","369241800.0","135551.322","Census Tract 4034.01; Alameda County; California","84","673","658","1309","Census Tract 4034.01; Alameda County; California","280","129","466","1671"
8,"06","001","403302","06001403302","4033.02",Census Tract 4033.02,G5020,S,719239,104126,"+37.7937603","-122.2667344",new_tracts — tl_2022_06_tract,/Users/admin/Desktop/OPEN_project/new_tracts.gpkg|layername=tl_2022_06_tract,"97","148235.0","28657.0","1017",Oakland,Alameda County,Oakland,"653000",City,City of Oakland,"2411292",Oakland,"2024.0","2819.0","995.0","121.0","691.0","310.0","0.3529620432777580","0.0429230223483504","0.245122383824051","0.1099680737850300","0.647037956722242","144813.0","647100.0","1726.0","402.0","1324.0","0.2329084588644260","0.3196644848926300","8818.621189485140","277773000.0","98536.006","Census Tract 4033.02; Alameda County; California","85","1664","607","463","Census Tract 4033.02; Alameda County; California","36","45","504","1937"
9,"06","001","982100","06001982100","9821",Census Tract 9821,G5020,S,1695361,0,"+37.8737516","-122.2546176",new_tracts — tl_2022_06_tract,/Users/admin/Desktop/OPEN_project/new_tracts.gpkg|layername=tl_2022_06_tract,"34",,,"1013",Berkeley,Alameda County,Berkeley,"606000",City,City of Berkeley,"2409837",Berkeley,"2024.0","1104.0","427.0","107.0","339.0","184.0","0.3867753623188410","0.0969202898550724","0.3070652173913040","0.1666666666666670","0.6132246376811590","152250.0",,"27.0","3.0","24.0","0.1111111111111110","0.6570733696316360","1680.1776651196800","439817656.54","398385.558","Census Tract 9821; Alameda County; California","26","1041","22","15","Census Tract 9821; Alameda County; California","0","0","7","102"
10,"06","001","402801","06001402801","4028.01",Census Tract 4028.01,G5020,S,291472,0,"+37.8095483","-122.2707403",new_tracts — tl_2022_06_tract,/Users/admin/Desktop/OPEN_project/new_tracts.gpkg|layername=tl_2022_06_tract,"98","74931.0","55222.0","1017",Oakland,Alameda County,Oakland,"653000",City,City of Oakland,"2411292",Oakland,"2024.0","2891.0","643.0","1227.0","617.0","252.0","0.2224143894846070","0.4244206157039090","0.2134209616049810","0.0871670702179176","0.7775856105153930","50469.0","847000.0","1647.0","175.0","1472.0","0.1062537947783850","0.1114638255558470","25936.665869695200","330940900.0","114472.812","Census Tract 4028.01; Alameda County; California","361","997","564","969","Census Tract 4028.01; Alameda County; California","572","368","285","986"
11,"06","001","402802","06001402802","4028.02",Census Tract 4028.02,G5020,S,118446,0,"+37.8070174","-122.2735577",new_tracts — tl_2022_06_tract,/Users/admin/Desktop/OPEN_project/new_tracts.gpkg|layername=tl_2022_06_tract,"96",,,"1017",Oakland,Alameda County,Oakland,"653000",City,City of Oakland,"2411292",Oakland,"2024.0","1602.0","396.0","655.0","325.0","127.0","0.247191011235955","0.4088639200998750","0.2028714107365790","0.0792759051186017","0.752808988764045","19981.0","785700.0","935.0","36.0","899.0","0.0385026737967914","0.0465495017199151","34414.97633291790","283014400.0","176663.171","Census Tract 4028.02; Alameda County; California","67","348","292","895","Census Tract 4028.02; Alameda County; California","303","239","493","367"
12,"06","001","403301","06001403301","4033.01",Census Tract 4033.01,G5020,S,196598,0,"+37.7981065","-122.2669550",new_tracts — tl_2022_06_tract,/Users/admin/Desktop/OPEN_project/new_tracts.gpkg|layername=tl_2022_06_tract,"99","34417.0","16976.0","1017",Oakland,Alameda County,Oakland,"653000",City,City of Oakland,"2411292",Oakland,"2024.0","1900.0","106.0","112.0","1372.0","34.0","0.0557894736842105","0.0589473684210526","0.7221052631578950","0.0178947368421052","0.9442105263157900","40720.0","583300.0","867.0","170.0","697.0","0.196078431372549","0.0758835826268613","25038.353939386000","284391400.0","149679.684","Census Tract 4033.01; Alameda County; California","275","419","241","965","Census Tract 4033.01; Alameda County; California","513","538","199","338"
13,"06","001","422902","06001422902","4229.02",Census Tract 4229.02,G5020,S,385452,0,"+37.8687746","-122.2698172",new_tracts — tl_2022_06_tract,/Users/admin/Desktop/OPEN_project/new_tracts.gpkg|layername=tl_2022_06_tract,"5",,,"1013",Berkeley,Alameda County,Berkeley,"606000",City,City of Berkeley,"2409837",Berkeley,"2024.0","2214.0","641.0","105.0","905.0","186.0","0.2895212285456190","0.0474254742547425","0.4087624209575430","0.084010840108401","0.7104787714543810","60078.0",,"1271.0","0.0","1271.0","0.0","0.146673561931656","15094.744893641000","456404456.54","206144.741","Census Tract 4229.02; Alameda County; California","113","1556","142","403","Census Tract 4229.02; Alameda County; California","20","71","354","566"
14,"06","001","422901","06001422901","4229.01",Census Tract 4229.01,G5020,S,158830,0,"+37.8657427","-122.2678632",new_tracts — tl_2022_06_tract,/Users/admin/Desktop/OPEN_project/new_tracts.gpkg|layername=tl_2022_06_tract,"8","49604.0","48626.0","1013",Berkeley,Alameda County,Berkeley,"606000",City,City of Berkeley,"2409837",Berkeley,"2024.0","1768.0","660.0","92.0","751.0","174.0","0.3733031674208150","0.0520361990950226","0.4247737556561090","0.0984162895927601","0.6266968325791860","35917.0",,"855.0","9.0","846.0","0.0105263157894736","0.0614237647120844","28783.647636826900","333958056.54","188890.303","Census Tract 4229.01; Alameda County; California","35","1374","136","223","Census Tract 4229.01; Alameda County; California","0","11","94","536"
15,"06","075","020602","06075020602","206.02",Census Tract 206.02,G5020,S,246264,0,"+37.7578121","-122.4306825",new_tracts — tl_2022_06_tract,/Users/admin/Desktop/OPEN_project/new_tracts.gpkg|layername=tl_2022_06_tract,"242","196417.0","72402.0","38001",San Francisco,San Francisco County,San Francisco,"667000",City,City of San Francisco,"2411786",San Francisco,"2024.0","2379.0","1658.0","68.0","237.0","175.0","0.6969314838167300","0.0285834384195039","0.0996216897856242","0.0735603194619588","0.3030685161832700","207958.0","1584800.0","1317.0","633.0","684.0","0.4806378132118450","0.0950670070921448","25024.45456912430","595620700.0","250365.994","Census Tract 206.02; San Francisco County; California","176","403","413","1387","Census Tract 206.02; San Francisco County; California","22","30","249","1832"
16,"06","001","408000","06001408000","4080",Census Tract 4080,G5020,S,1955276,0,"+37.8029603","-122.1828718",new_tracts — tl_2022_06_tract,/Users/admin/Desktop/OPEN_project/new_tracts.gpkg|layername=tl_2022_06_tract,"160","192159.0","29195.0","1017",Oakland,Alameda County,Oakland,"653000",City,City of Oakland,"2411292",Oakland,"2024.0","2758.0","1673.0","175.0","551.0","286.0","0.6065989847715740","0.0634517766497461","0.1997824510514870","0.103698332124728","0.3934010152284260","216989.0","1298200.0","1005.0","864.0","141.0","0.8597014925373130","0.7493601151589150","3680.4734388820800","216453100.0","78481.907","Census Tract 4080; Alameda County; California","309","728","443","1278","Census Tract 4080; Alameda County; California","11","117","253","1616"
17,"06","001","404300","06001404300","4043",Census Tract 4043,G5020,S,1817027,37495,"+37.8448210","-122.2385523",new_tracts — tl_2022_06_tract,/Users/admin/Desktop/OPEN_project/new_tracts.gpkg|layername=tl_2022_06_tract,"45","227237.0","58110.0","1013",Berkeley,Alameda County,Berkeley,"606000",City,City of Berkeley,"2409837",Berkeley,"2024.0","3600.0","2585.0","87.0","407.0","219.0","0.7180555555555560","0.0241666666666666","0.1130555555555560","0.0608333333333333","0.2819444444444440","232386.0","2000001.0","1453.0","1317.0","136.0","0.9064005505849970","0.7161583206827860","5026.821438823410","337685000.0","93801.389","Census Tract 4043; Alameda County; California","765","445","656","1734","Census Tract 4043; Alameda County; California","0","105","265","2239"
18,"06","001","405301","06001405301","4053.01",Census Tract 4053.01,G5020,S,227753,0,"+37.8020757","-122.2513558",new_tracts — tl_2022_06_tract,/Users/admin/Desktop/OPEN_project/new_tracts.gpkg|layername=tl_2022_06_tract,"131","112656.0","34438.0","1017",Oakland,Alameda County,Oakland,"653000",City,City of Oakland,"2411292",Oakland,"2024.0","2979.0","1215.0","796.0","363.0","278.0","0.4078549848942600","0.2672037596508900","0.1218529707955690","0.0933199060087277","0.5921450151057400","110913.0","815800.0","1542.0","104.0","1438.0","0.0674448767833981","0.0898522211257231","33154.43917442750","163997400.0","55051.158","Census Tract 4053.01; Alameda County; California","286","1206","860","627","Census Tract 4053.01; Alameda County; California","99","235","387","1903"
19,"06","001","982000","06001982000","9820",Census Tract 9820,G5020,S,1269350,453537,"+37.7960280","-122.2953295",new_tracts — tl_2022_06_tract,/Users/admin/Desktop/OPEN_project/new_tracts.gpkg|layername=tl_2022_06_tract,"111","129167.0","64258.0","1017",Oakland,Alameda County,Oakland,"653000",City,City of Oakland,"2411292",Oakland,"2024.0","54.0","27.0","0.0","27.0","0.0","0.5","0.0","0.5","0.0","0.5","137750.0","1056300.0","37.0","31.0","6.0","0.8378378378378380","0.6728384280804210","80.25700932995120","207395700.0","3840661.111","Census Tract 9820; Alameda County; California","0","0","18","36","Census Tract 9820; Alameda County; California","0","0","5","49"
20,"06","001","403502","06001403502","4035.02",Census Tract 4035.02,G5020,S,181133,0,"+37.8159444","-122.2569636",new_tracts — tl_2022_06_tract,/Users/admin/Desktop/OPEN_project/new_tracts.gpkg|layername=tl_2022_06_tract,"125","108478.0","38557.0","1017",Oakland,Alameda County,Oakland,"653000",City,City of Oakland,"2411292",Oakland,"2024.0","2052.0","922.0","406.0","215.0","298.0","0.449317738791423","0.1978557504873290","0.1047758284600390","0.145224171539961","0.550682261208577","115000.0","769000.0","1180.0","119.0","1061.0","0.1008474576271190","0.0657453041307516","31211.354592246800","344694400.0","167979.727","Census Tract 4035.02; Alameda County; California","156","810","520","566","Census Tract 4035.02; Alameda County; California","58","70","476","1154"
21,"06","001","403702","06001403702","4037.02",Census Tract 4037.02,G5020,S,199100,0,"+37.8094979","-122.2520933",new_tracts — tl_2022_06_tract,/Users/admin/Desktop/OPEN_project/new_tracts.gpkg|layername=tl_2022_06_tract,"129","115156.0","24746.0","1017",Oakland,Alameda County,Oakland,"653000",City,City of Oakland,"2411292",Oakland,"2024.0","2198.0","1189.0","243.0","219.0","309.0","0.5409463148316650","0.1105550500454960","0.0996360327570518","0.140582347588717","0.4590536851683350","117470.0","897100.0","1259.0","230.0","1029.0","0.1826846703733120","0.0780184470001004","28172.82430650240","316544200.0","144014.65","Census Tract 4037.02; Alameda County; California","191","874","584","549","Census Tract 4037.02; Alameda County; California","24","200","240","1356"
22,"06","075","017102","06075017102","171.02",Census Tract 171.02,G5020,S,294894,0,"+37.7654353","-122.4504754",new_tracts — tl_2022_06_tract,/Users/admin/Desktop/OPEN_project/new_tracts.gpkg|layername=tl_2022_06_tract,"350","171205.0","32468.0","38001",San Francisco,San Francisco County,San Francisco,"667000",City,City of San Francisco,"2411786",San Francisco,"2024.0","3165.0","2216.0","39.0","283.0","412.0","0.7001579778830960","0.0123222748815165","0.0894154818325434","0.130173775671406","0.2998420221169040","173594.0","1614800.0","1509.0","516.0","993.0","0.341948310139165","0.113081978337143","27988.544651773400","547109900.0","172862.528","Census Tract 171.02; San Francisco County; California","405","1216","659","885","Census Tract 171.02; San Francisco County; California","98","114","190","2063"
23,"06","075","012302","06075012302","123.02",Census Tract 123.02,G5020,S,92653,0,"+37.7870222","-122.4120970",new_tracts — tl_2022_06_tract,/Users/admin/Desktop/OPEN_project/new_tracts.gpkg|layername=tl_2022_06_tract,"311","43879.0","14641.0","38001",San Francisco,San Francisco County,San Francisco,"667000",City,City of San Francisco,"2411786",San Francisco,"2024.0","2700.0","1034.0","195.0","832.0","457.0","0.3829629629629630","0.0722222222222222","0.3081481481481480","0.1692592592592590","0.617037037037037","44954.0",,"1889.0","0.0","1889.0","0.0","0.0357689269929829","75484.51203273950","534747728.571429","198054.714","Census Tract 123.02; San Francisco County; California","146","772","737","1045","Census Tract 123.02; San Francisco County; California","305","452","632","1013"
24,"06","075","016801","06075016801","168.01",Census Tract 168.01,G5020,S,226534,0,"+37.7713309","-122.4290133",new_tracts — tl_2022_06_tract,/Users/admin/Desktop/OPEN_project/new_tracts.gpkg|layername=tl_2022_06_tract,"250","182344.0","48166.0","38001",San Francisco,San Francisco County,San Francisco,"667000",City,City of San Francisco,"2411786",San Francisco,"2024.0","4223.0","1704.0","230.0","833.0","1102.0","0.4035046175704480","0.0544636514326308","0.1972531375799200","0.2609519299076490","0.5964953824295530","123147.0","1169400.0","2061.0","364.0","1697.0","0.1766132945172250","0.0911409445805352","46334.82809988230","880513942.857143","208504.367","Census Tract 168.01; San Francisco County; California","609","1146","1391","1077","Census Tract 168.01; San Francisco County; California","277","314","493","2329"
25,"06","075","011902","06075011902","119.02",Census Tract 119.02,G5020,S,93053,0,"+37.7909959","-122.4098067",new_tracts — tl_2022_06_tract,/Users/admin/Desktop/OPEN_project/new_tracts.gpkg|layername=tl_2022_06_tract,"382","81995.0","14042.0","38001",San Francisco,San Francisco County,San Francisco,"667000",City,City of San Francisco,"2411786",San Francisco,"2024.0","3032.0","1074.0","54.0","1174.0","529.0","0.354221635883905","0.0178100263852242","0.3872031662269130","0.1744722955145120","0.645778364116095","75625.0","778600.0","1745.0","120.0","1625.0","0.0687679083094555","0.0359440320644556","84353.3634335444","453856942.857143","149688.965","Census Tract 119.02; San Francisco County; California","187","1246","573","1026","Census Tract 119.02; San Francisco County; California","435","352","440","1381"
26,"06","075","012202","06075012202","122.02",Census Tract 122.02,G5020,S,94685,0,"+37.7854270","-122.4196803",new_tracts — tl_2022_06_tract,/Users/admin/Desktop/OPEN_project/new_tracts.gpkg|layername=tl_2022_06_tract,"320","50583.0","21523.0","38001",San Francisco,San Francisco County,San Francisco,"667000",City,City of San Francisco,"2411786",San Francisco,"2024.0","2915.0","1044.0","373.0","766.0","504.0","0.358147512864494","0.1279588336192110","0.262778730703259","0.1728987993138940","0.641852487135506","57897.0","1849700.0","1374.0","149.0","1225.0","0.1084425036390100","0.0365521669102257","79749.0339535659","646627128.571429","221827.488","Census Tract 122.02; San Francisco County; California","184","828","671","1232","Census Tract 122.02; San Francisco County; California","243","694","808","966"
27,"06","075","012601","06075012601","126.01",Census Tract 126.01,G5020,S,170458,0,"+37.8022683","-122.4391509",new_tracts — tl_2022_06_tract,/Users/admin/Desktop/OPEN_project/new_tracts.gpkg|layername=tl_2022_06_tract,"221","180123.0","11356.0","38001",San Francisco,San Francisco County,San Francisco,"667000",City,City of San Francisco,"2411786",San Francisco,"2024.0","2105.0","1504.0","0.0","197.0","133.0","0.7144893111638960","0.0","0.0935866983372921","0.0631828978622327","0.2855106888361050","171058.0","2000001.0","1282.0","286.0","996.0","0.2230889235569420","0.0661630007687762","31815.364713527300","473883542.857143","225122.823","Census Tract 126.01; San Francisco County; California","221","956","432","496","Census Tract 126.01; San Francisco County; California","50","106","134","1448"
28,"06","075","012602","06075012602","126.02",Census Tract 126.02,G5020,S,609462,537823,"+37.8062885","-122.4348613",new_tracts — tl_2022_06_tract,/Users/admin/Desktop/OPEN_project/new_tracts.gpkg|layername=tl_2022_06_tract,"224","189500.0","56360.0","38001",San Francisco,San Francisco County,San Francisco,"667000",City,City of San Francisco,"2411786",San Francisco,"2024.0","3071.0","2508.0","8.0","212.0","137.0","0.8166720937805280","0.0026050146532074","0.0690328883099967","0.0446108759361771","0.1833279062194720","244000.0","1945300.0","1470.0","454.0","1016.0","0.308843537414966","0.2331651084656490","13170.92433001150","488813342.857143","159170.74","Census Tract 126.02; San Francisco County; California","367","1463","716","525","Census Tract 126.02; San Francisco County; California","87","42","109","2183"
29,"06","075","012902","06075012902","129.02",Census Tract 129.02,G5020,S,352884,0,"+37.8006183","-122.4321105",new_tracts — tl_2022_06_tract,/Users/admin/Desktop/OPEN_project/new_tracts.gpkg|layername=tl_2022_06_tract,"216","205463.0","15824.0","38001",San Francisco,San Francisco County,San Francisco,"667000",City,City of San Francisco,"2411786",San Francisco,"2024.0","2589.0","1751.0","18.0","436.0","172.0","0.6763229045963690","0.0069524913093858","0.1684047894940130","0.0664349169563538","0.3236770954036310","189444.0","1976600.0","1734.0","403.0","1331.0","0.2324106113033450","0.1368856740067950","18913.59354282370","566424528.571429","218781.201","Census Tract 129.02; San Francisco County; California","124","1372","405","688","Census Tract 129.02; San Francisco County; California","0","157","419","1657"
30,"06","075","013101","06075013101","131.01",Census Tract 131.01,G5020,S,173031,0,"+37.7937795","-122.4247496",new_tracts — tl_2022_06_tract,/Users/admin/Desktop/OPEN_project/new_tracts.gpkg|layername=tl_2022_06_tract,"333","219107.0","37009.0","38001",San Francisco,San Francisco County,San Francisco,"667000",City,City of San Francisco,"2411786",San Francisco,"2024.0","3768.0","2056.0","48.0","1254.0","270.0","0.5456475583864120","0.0127388535031847","0.3328025477707010","0.071656050955414","0.4543524416135880","197014.0","1301600.0","2233.0","508.0","1725.0","0.2274966412897450","0.0668969768694778","56325.415232914300","551331228.571429","146319.328","Census Tract 131.01; San Francisco County; California","269","1755","638","1106","Census Tract 131.01; San Francisco County; California","161","45","379","2711"
31,"06","075","013102","06075013102","131.02",Census Tract 131.02,G5020,S,237884,0,"+37.7926200","-122.4274313",new_tracts — tl_2022_06_tract,/Users/admin/Desktop/OPEN_project/new_tracts.gpkg|layername=tl_2022_06_tract,"332","242969.0","80413.0","38001",San Francisco,San Francisco County,San Francisco,"667000",City,City of San Francisco,"2411786",San Francisco,"2024.0","2550.0","1534.0","101.0","317.0","419.0","0.6015686274509800","0.0396078431372549","0.124313725490196","0.164313725490196","0.3984313725490200","250001.0","2000001.0","1482.0","411.0","1071.0","0.2773279352226720","0.0918771771630581","27754.444343391300","591505728.571429","231963.031","Census Tract 131.02; San Francisco County; California","253","885","621","791","Census Tract 131.02; San Francisco County; California","11","39","250","1887"
32,"06","075","015801","06075015801","158.01",Census Tract 158.01,G5020,S,343934,0,"+37.7813045","-122.4373585",new_tracts — tl_2022_06_tract,/Users/admin/Desktop/OPEN_project/new_tracts.gpkg|layername=tl_2022_06_tract,"258","121058.0","45413.0","38001",San Francisco,San Francisco County,San Francisco,"667000",City,City of San Francisco,"2411786",San Francisco,"2024.0","3384.0","1126.0","640.0","919.0","481.0","0.33274231678487","0.1891252955082740","0.2715721040189130","0.1421394799054370","0.66725768321513","121563.0","1170000.0","1527.0","443.0","1084.0","0.2901113294040600","0.132198568116665","25597.85668036610","707656742.857143","209118.423","Census Tract 158.01; San Francisco County; California","598","979","812","995","Census Tract 158.01; San Francisco County; California","134","302","500","1619"
33,"06","075","016802","06075016802","168.02",Census Tract 168.02,G5020,S,215267,0,"+37.7735446","-122.4249292",new_tracts — tl_2022_06_tract,/Users/admin/Desktop/OPEN_project/new_tracts.gpkg|layername=tl_2022_06_tract,"251","141518.0","61607.0","38001",San Francisco,San Francisco County,San Francisco,"667000",City,City of San Francisco,"2411786",San Francisco,"2024.0","3943.0","2049.0","196.0","789.0","348.0","0.5196550849606900","0.0497083439005833","0.2001014455997970","0.0882576718234846","0.4803449150393100","135588.0","1322000.0","1924.0","300.0","1624.0","0.1559251559251560","0.0791286097897903","49830.27011942710","923824542.857143","234294.837","Census Tract 168.02; San Francisco County; California","202","2056","751","934","Census Tract 168.02; San Francisco County; California","219","278","919","1842"
34,"06","075","017101","06075017101","171.01",Census Tract 171.01,G5020,S,313368,0,"+37.7657245","-122.4460838",new_tracts — tl_2022_06_tract,/Users/admin/Desktop/OPEN_project/new_tracts.gpkg|layername=tl_2022_06_tract,"352","199676.0","26515.0","38001",San Francisco,San Francisco County,San Francisco,"667000",City,City of San Francisco,"2411786",San Francisco,"2024.0","4003.0","2595.0","36.0","517.0","278.0","0.6482638021483890","0.0089932550587059","0.1291531351486390","0.0694479140644516","0.3517361978516110","201944.0","2000001.0","1710.0","552.0","1158.0","0.3228070175438600","0.1184364273487630","33798.722990961700","559516400.0","139774.269","Census Tract 171.01; San Francisco County; California","860","1397","666","1080","Census Tract 171.01; San Francisco County; California","32","89","339","2497"
35,"06","075","017801","06075017801","178.01",Census Tract 178.01,G5020,S,214051,0,"+37.7820284","-122.4011589",new_tracts — tl_2022_06_tract,/Users/admin/Desktop/OPEN_project/new_tracts.gpkg|layername=tl_2022_06_tract,"394","25625.0","11814.0","38001",San Francisco,San Francisco County,San Francisco,"667000",City,City of San Francisco,"2411786",San Francisco,"2024.0","3019.0","463.0","34.0","2247.0","189.0","0.153362040410732","0.0112620072871811","0.7442861874792980","0.0626035110963895","0.8466379595892680","28408.0","919600.0","2247.0","447.0","1800.0","0.198931909212283","0.0826607670694186","36522.76777766460","560852628.571429","185774.306","Census Tract 178.01; San Francisco County; California","0","562","367","2090","Census Tract 178.01; San Francisco County; California","813","462","451","1233"
36,"06","075","022704","06075022704","227.04",Census Tract 227.04,G5020,S,544609,0,"+37.7609519","-122.4019893",new_tracts — tl_2022_06_tract,/Users/admin/Desktop/OPEN_project/new_tracts.gpkg|layername=tl_2022_06_tract,"391","250001.0",,"38001",San Francisco,San Francisco County,San Francisco,"667000",City,City of San Francisco,"2411786",San Francisco,"2024.0","4026.0","1946.0","108.0","1037.0","493.0","0.483358171882762","0.0268256333830104","0.2575757575757580","0.1224540486835570","0.516641828117238","250001.0","1675800.0","1855.0","958.0","897.0","0.5164420485175200","0.208528847940174","19306.68125666260","572362542.857143","142166.553","Census Tract 227.04; San Francisco County; California","757","1192","923","1154","Census Tract 227.04; San Francisco County; California","153","42","235","2747"
37,"06","075","025701","06075025701","257.01",Census Tract 257.01,G5020,S,612500,0,"+37.7315824","-122.4119407",new_tracts — tl_2022_06_tract,/Users/admin/Desktop/OPEN_project/new_tracts.gpkg|layername=tl_2022_06_tract,"300","118443.0","4099.0","38001",San Francisco,San Francisco County,San Francisco,"667000",City,City of San Francisco,"2411786",San Francisco,"2024.0","4604.0","457.0","106.0","3235.0","674.0","0.0992615117289313","0.023023457862728","0.7026498696785400","0.1463944396177240","0.9007384882710690","130538.0","1192100.0","1553.0","931.0","622.0","0.5994848679974240","0.2405870298293540","19136.526201207000","370246700.0","80418.484","Census Tract 257.01; San Francisco County; California","877","955","1072","1700","Census Tract 257.01; San Francisco County; California","905","517","831","1240"
38,"06","075","025702","06075025702","257.02",Census Tract 257.02,G5020,S,533458,0,"+37.7281305","-122.4057589",new_tracts — tl_2022_06_tract,/Users/admin/Desktop/OPEN_project/new_tracts.gpkg|layername=tl_2022_06_tract,"386","91513.0","17409.0","38001",San Francisco,San Francisco County,San Francisco,"667000",City,City of San Francisco,"2411786",San Francisco,"2024.0","4545.0","347.0","2.0","2923.0","1099.0","0.0763476347634763","0.00044004400440044","0.6431243124312430","0.2418041804180420","0.9236523652365240","125473.0","1113500.0","1150.0","777.0","373.0","0.6756521739130430","0.2039875461513440","22280.771967460900","371462200.0","81729.857","Census Tract 257.02; San Francisco County; California","1147","406","1174","1818","Census Tract 257.02; San Francisco County; California","832","717","743","1073"
39,"06","075","031201","06075031201","312.01",Census Tract 312.01,G5020,S,512854,0,"+37.7217838","-122.4573318",new_tracts — tl_2022_06_tract,/Users/admin/Desktop/OPEN_project/new_tracts.gpkg|layername=tl_2022_06_tract,"286","101800.0","15717.0","38001",San Francisco,San Francisco County,San Francisco,"667000",City,City of San Francisco,"2411786",San Francisco,"2024.0","6176.0","1156.0","250.0","3701.0","884.0","0.1871761658031090","0.0404792746113989","0.5992551813471500","0.1431347150259070","0.8128238341968910","120962.0","1115600.0","1784.0","849.0","935.0","0.4758968609865470","0.197626469207276","31250.87456540270","352278200.0","57039.864","Census Tract 312.01; San Francisco County; California","835","1414","1238","2689","Census Tract 312.01; San Francisco County; California","741","1013","1364","1567"
40,"06","075","031202","06075031202","312.02",Census Tract 312.02,G5020,S,309420,0,"+37.7193286","-122.4523956",new_tracts — tl_2022_06_tract,/Users/admin/Desktop/OPEN_project/new_tracts.gpkg|layername=tl_2022_06_tract,"284","120667.0","43092.0","38001",San Francisco,San Francisco County,San Francisco,"667000",City,City of San Francisco,"2411786",San Francisco,"2024.0","2869.0","283.0","86.0","1978.0","446.0","0.0986406413384454","0.0299756012547926","0.68943882886023","0.1554548623213660","0.9013593586615550","181875.0","1209800.0","804.0","525.0","279.0","0.6529850746268660","0.1201565456410270","23877.18442382040","354270300.0","123482.154","Census Tract 312.02; San Francisco County; California","510","628","686","1045","Census Tract 312.02; San Francisco County; California","596","318","322","941"
41,"06","075","032602","06075032602","326.02",Census Tract 326.02,G5020,S,472116,0,"+37.7588987","-122.4825797",new_tracts — tl_2022_06_tract,/Users/admin/Desktop/OPEN_project/new_tracts.gpkg|layername=tl_2022_06_tract,"196","154609.0","45771.0","38001",San Francisco,San Francisco County,San Francisco,"667000",City,City of San Francisco,"2411786",San Francisco,"2024.0","4118.0","1168.0","225.0","1889.0","354.0","0.2836328314715880","0.054638173870811","0.4587178241864980","0.0859640602234094","0.7163671685284120","163796.0","1635000.0","1472.0","768.0","704.0","0.5217391304347830","0.1822426003998330","22596.25351572730","276331000.0","67103.205","Census Tract 326.02; San Francisco County; California","638","978","775","1727","Census Tract 326.02; San Francisco County; California","314","403","619","1904"
42,"06","075","032801","06075032801","328.01",Census Tract 328.01,G5020,S,585365,0,"+37.7460190","-122.4804356",new_tracts — tl_2022_06_tract,/Users/admin/Desktop/OPEN_project/new_tracts.gpkg|layername=tl_2022_06_tract,"188","136250.0","37429.0","38001",San Francisco,San Francisco County,San Francisco,"667000",City,City of San Francisco,"2411786",San Francisco,"2024.0","4021.0","745.0","13.0","2783.0","303.0","0.1852772942054220","0.0032330266102959","0.6921163889579710","0.0753543894553593","0.8147227057945790","154257.0","1562100.0","1250.0","749.0","501.0","0.5992","0.2259984292231070","17792.15905978910","281621700.0","70037.727","Census Tract 328.01; San Francisco County; California","615","788","658","1960","Census Tract 328.01; San Francisco County; California","333","645","721","1543"
43,"06","075","032802","06075032802","328.02",Census Tract 328.02,G5020,S,548900,97204,"+37.7530955","-122.4812305",new_tracts — tl_2022_06_tract,/Users/admin/Desktop/OPEN_project/new_tracts.gpkg|layername=tl_2022_06_tract,"190","110926.0","30084.0","38001",San Francisco,San Francisco County,San Francisco,"667000",City,City of San Francisco,"2411786",San Francisco,"2024.0","4268.0","1085.0","103.0","2626.0","124.0","0.2542174320524840","0.0241330834114339","0.6152764761012180","0.0290534208059981","0.7457825679475160","105195.0","1411300.0","1511.0","1030.0","481.0","0.6816677696889480","0.2498201258898900","17084.29208734430","253928800.0","59495.97","Census Tract 328.02; San Francisco County; California","621","817","759","2071","Census Tract 328.02; San Francisco County; California","329","557","777","1818"
44,"06","075","032901","06075032901","329.01",Census Tract 329.01,G5020,S,671900,0,"+37.7461540","-122.4901873",new_tracts — tl_2022_06_tract,/Users/admin/Desktop/OPEN_project/new_tracts.gpkg|layername=tl_2022_06_tract,"187","154291.0","8694.0","38001",San Francisco,San Francisco County,San Francisco,"667000",City,City of San Francisco,"2411786",San Francisco,"2024.0","6013.0","975.0","225.0","3769.0","354.0","0.1621486778646270","0.0374189256610676","0.6268085814069520","0.0588724430400798","0.8378513221353730","176000.0","1532000.0","1722.0","1249.0","473.0","0.7253193960511030","0.2594315378681670","23177.59841155310","176559500.0","29362.964","Census Tract 329.01; San Francisco County; California","1478","944","1360","2231","Census Tract 329.01; San Francisco County; California","606","438","1067","2212"
45,"06","075","033203","06075033203","332.03",Census Tract 332.03,G5020,S,436409,0,"+37.7159219","-122.4782648",new_tracts — tl_2022_06_tract,/Users/admin/Desktop/OPEN_project/new_tracts.gpkg|layername=tl_2022_06_tract,"178","62813.0","18192.0","38001",San Francisco,San Francisco County,San Francisco,"667000",City,City of San Francisco,"2411786",San Francisco,"2024.0","2895.0","690.0","158.0","1261.0","632.0","0.238341968911917","0.0545768566493955","0.4355785837651120","0.218307426597582","0.7616580310880830","76923.0","1455900.0","1424.0","178.0","1246.0","0.125","0.1620762442383700","17861.96375418380","156325300.0","53998.377","Census Tract 332.03; San Francisco County; California","531","661","784","919","Census Tract 332.03; San Francisco County; California","147","292","638","1095"
46,"06","075","033204","06075033204","332.04",Census Tract 332.04,G5020,S,387903,0,"+37.7196514","-122.4803901",new_tracts — tl_2022_06_tract,/Users/admin/Desktop/OPEN_project/new_tracts.gpkg|layername=tl_2022_06_tract,"180","69769.0","53121.0","38001",San Francisco,San Francisco County,San Francisco,"667000",City,City of San Francisco,"2411786",San Francisco,"2024.0","3816.0","794.0","494.0","1206.0","1171.0","0.2080712788259960","0.1294549266247380","0.3160377358490570","0.3068658280922430","0.7919287211740040","58114.0",,"1648.0","0.0","1648.0","0.0","0.1559343607936130","24471.83533237220","177202000.0","46436.583","Census Tract 332.04; San Francisco County; California","553","773","808","1682","Census Tract 332.04; San Francisco County; California","268","302","759","1431"
47,"06","075","042601","06075042601","426.01",Census Tract 426.01,G5020,S,293133,0,"+37.7831223","-122.4811910",new_tracts — tl_2022_06_tract,/Users/admin/Desktop/OPEN_project/new_tracts.gpkg|layername=tl_2022_06_tract,"370","124324.0","14834.0","38001",San Francisco,San Francisco County,San Francisco,"667000",City,City of San Francisco,"2411786",San Francisco,"2024.0","4342.0","1867.0","26.0","1550.0","438.0","0.4299861814831870","0.0059880239520958","0.356978350990327","0.1008751727314600","0.5700138185168130","138646.0","2000001.0","1735.0","466.0","1269.0","0.2685878962536020","0.1132643664866230","38335.09279825290","199804900.0","46016.789","Census Tract 426.01; San Francisco County; California","535","948","1144","1715","Census Tract 426.01; San Francisco County; California","275","244","792","2164"
48,"06","075","042602","06075042602","426.02",Census Tract 426.02,G5020,S,332057,0,"+37.7833847","-122.4754789",new_tracts — tl_2022_06_tract,/Users/admin/Desktop/OPEN_project/new_tracts.gpkg|layername=tl_2022_06_tract,"371","155750.0","24419.0","38001",San Francisco,San Francisco County,San Francisco,"667000",City,City of San Francisco,"2411786",San Francisco,"2024.0","3202.0","1468.0","20.0","1156.0","395.0","0.4584634603372890","0.0062460961898813","0.3610243597751410","0.1233603997501560","0.5415365396627110","156726.0","1712500.0","1367.0","495.0","872.0","0.3621068032187270","0.1282008599851190","24976.431518257100","231995400.0","72453.279","Census Tract 426.02; San Francisco County; California","701","756","817","928","Census Tract 426.02; San Francisco County; California","71","106","344","1718"
49,"06","075","047801","06075047801","478.01",Census Tract 478.01,G5020,S,476606,0,"+37.7758427","-122.4921123",new_tracts — tl_2022_06_tract,/Users/admin/Desktop/OPEN_project/new_tracts.gpkg|layername=tl_2022_06_tract,"364","163178.0","27295.0","38001",San Francisco,San Francisco County,San Francisco,"667000",City,City of San Francisco,"2411786",San Francisco,"2024.0","4132.0","1570.0","47.0","1987.0","348.0","0.3799612778315590","0.0113746369796708","0.4808809293320430","0.0842207163601161","0.6200387221684410","172375.0","1656400.0","1732.0","891.0","841.0","0.5144341801385680","0.1839167432399470","22466.687519630400","255101700.0","61738.069","Census Tract 478.01; San Francisco County; California","603","825","1012","1692","Census Tract 478.01; San Francisco County; California","289","400","314","2370"
50,"06","075","061200","06075061200","612",Census Tract 612,G5020,S,434957,0,"+37.7370495","-122.3901596",new_tracts — tl_2022_06_tract,/Users/admin/Desktop/OPEN_project/new_tracts.gpkg|layername=tl_2022_06_tract,"404","107652.0","26722.0","38001",San Francisco,San Francisco County,San Francisco,"667000",City,City of San Francisco,"2411786",San Francisco,"2024.0","4086.0","372.0","820.0","1124.0","1714.0","0.0910425844346549","0.2006852667645620","0.2750856583455700","0.4194811551639750","0.908957415565345","128380.0","1046900.0","1197.0","577.0","620.0","0.4820384294068500","0.1641987635567420","24884.474837035","256837500.0","62857.93","Census Tract 612; San Francisco County; California","727","879","927","1553","Census Tract 612; San Francisco County; California","443","911","824","941"
51,"06","075","980300","06075980300","9803",Census Tract 9803,G5020,S,4337505,409466,"+37.7684025","-122.4920873",new_tracts — tl_2022_06_tract,/Users/admin/Desktop/OPEN_project/new_tracts.gpkg|layername=tl_2022_06_tract,"361",,,"38001",San Francisco,San Francisco County,San Francisco,"667000",City,City of San Francisco,"2411786",San Francisco,"2024.0","58.0","34.0","0.0","8.0","11.0","0.5862068965517240","0.0","0.1379310344827590","0.1896551724137930","0.4137931034482760","107188.0",,"46.0","0.0","46.0","0.0","1.713716073089230","33.84457957230110","1081019942.857140","18638274.877","Census Tract 9803; San Francisco County; California","0","33","21","4","Census Tract 9803; San Francisco County; California","0","5","4","49"
52,"06","075","012502","06075012502","125.02",Census Tract 125.02,G5020,S,61275,0,"+37.7839330","-122.4125954",new_tracts — tl_2022_06_tract,/Users/admin/Desktop/OPEN_project/new_tracts.gpkg|layername=tl_2022_06_tract,"314","21653.0","10376.0","38001",San Francisco,San Francisco County,San Francisco,"667000",City,City of San Francisco,"2411786",San Francisco,"2024.0","4517.0","911.0","616.0","1371.0","1232.0","0.2016825326544170","0.1363736993579810","0.3035200354217400","0.2727473987159620","0.7983174673455830","18217.0",,"2250.0","0.0","2250.0","0.0","0.0237120360205057","190493.97513118500","525210528.571429","116274.193","Census Tract 125.02; San Francisco County; California","305","468","971","2773","Census Tract 125.02; San Francisco County; California","1776","778","965","510"
53,"06","075","980200","06075980200","9802",Census Tract 9802,G5020,S,998273,763677,"+37.7850460","-122.5019092",new_tracts — tl_2022_06_tract,/Users/admin/Desktop/OPEN_project/new_tracts.gpkg|layername=tl_2022_06_tract,"372",,,"38001",San Francisco,San Francisco County,San Francisco,"667000",City,City of San Francisco,"2411786",San Francisco,"2024.0","160.0","22.0","47.0","30.0","30.0","0.1375","0.29375","0.1875","0.1875","0.8625",,,"0.0","0.0","0.0",,"0.3844684212268570","416.15901636194800","173344300.0","1083401.875","Census Tract 9802; San Francisco County; California","0","0","25","135","Census Tract 9802; San Francisco County; California","19","82","15","44"
54,"06","001","408200","06001408200","4082",Census Tract 4082,G5020,S,901140,0,"+37.7751040","-122.1755739",new_tracts — tl_2022_06_tract,/Users/admin/Desktop/OPEN_project/new_tracts.gpkg|layername=tl_2022_06_tract,"64","79821.0","6291.0","1017",Oakland,Alameda County,Oakland,"653000",City,City of Oakland,"2411292",Oakland,"2024.0","4504.0","824.0","1960.0","196.0","1281.0","0.1829484902309060","0.4351687388987570","0.0435168738898756","0.2844138543516870","0.8170515097690940","86624.0","839100.0","1837.0","1079.0","758.0","0.5873707131192160","0.3490786128802560","12902.537806133100","178320200.0","39591.519","Census Tract 4082; Alameda County; California","1045","859","1106","1494","Census Tract 4082; Alameda County; California","314","387","937","1570"
55,"06","001","408400","06001408400","4084",Census Tract 4084,G5020,S,542834,0,"+37.7646042","-122.1709592",new_tracts — tl_2022_06_tract,/Users/admin/Desktop/OPEN_project/new_tracts.gpkg|layername=tl_2022_06_tract,"86","63994.0","13046.0","1017",Oakland,Alameda County,Oakland,"653000",City,City of Oakland,"2411292",Oakland,"2024.0","3965.0","270.0","1258.0","251.0","2170.0","0.0680958385876418","0.3172761664564940","0.0633039092055485","0.5472887767969740","0.931904161412358","76528.0","648000.0","1284.0","574.0","710.0","0.4470404984423680","0.2081861287640750","19045.45717593560","94489700.0","23830.946","Census Tract 4084; Alameda County; California","946","1041","993","985","Census Tract 4084; Alameda County; California","765","643","693","546"
56,"06","001","408500","06001408500","4085",Census Tract 4085,G5020,S,831360,0,"+37.7604176","-122.1785112",new_tracts — tl_2022_06_tract,/Users/admin/Desktop/OPEN_project/new_tracts.gpkg|layername=tl_2022_06_tract,"60","61750.0","26609.0","1017",Oakland,Alameda County,Oakland,"653000",City,City of Oakland,"2411292",Oakland,"2024.0","5263.0","82.0","1792.0","380.0","2451.0","0.0155804674140224","0.3404902147064410","0.0722021660649819","0.4657039711191340","0.9844195325859780","57303.0","611200.0","1729.0","713.0","1016.0","0.4123770965876230","0.3212123180962320","16384.801277836600","98358000.0","18688.581","Census Tract 4085; Alameda County; California","1335","1373","920","1635","Census Tract 4085; Alameda County; California","983","893","979","634"
57,"06","001","408600","06001408600","4086",Census Tract 4086,G5020,S,1059985,0,"+37.7661938","-122.1822982",new_tracts — tl_2022_06_tract,/Users/admin/Desktop/OPEN_project/new_tracts.gpkg|layername=tl_2022_06_tract,"61","80114.0","29019.0","1017",Oakland,Alameda County,Oakland,"653000",City,City of Oakland,"2411292",Oakland,"2024.0","5925.0","563.0","1870.0","294.0","2926.0","0.0950210970464135","0.3156118143459920","0.0496202531645569","0.4938396624472570","0.9049789029535860","77083.0","631200.0","2054.0","969.0","1085.0","0.4717624148003900","0.4104489389702120","14435.4131231656","121569300.0","20518.025","Census Tract 4086; Alameda County; California","1472","1401","1181","1871","Census Tract 4086; Alameda County; California","1008","894","1168","996"
58,"06","001","408700","06001408700","4087",Census Tract 4087,G5020,S,1133375,0,"+37.7688645","-122.1889326",new_tracts — tl_2022_06_tract,/Users/admin/Desktop/OPEN_project/new_tracts.gpkg|layername=tl_2022_06_tract,"62","45500.0","24965.0","1017",Oakland,Alameda County,Oakland,"653000",City,City of Oakland,"2411292",Oakland,"2024.0","7280.0","561.0","2004.0","536.0","4052.0","0.0770604395604395","0.2752747252747250","0.0736263736263736","0.5565934065934070","0.9229395604395600","53116.0","699900.0","2757.0","1033.0","1724.0","0.3746826260428000","0.4390888628035140","16579.787411409900","134397900.0","18461.25","Census Tract 4087; Alameda County; California","1680","1692","1438","2470","Census Tract 4087; Alameda County; California","1020","1717","864","1331"
59,"06","001","408800","06001408800","4088",Census Tract 4088,G5020,S,1179466,0,"+37.7589180","-122.1969979",new_tracts — tl_2022_06_tract,/Users/admin/Desktop/OPEN_project/new_tracts.gpkg|layername=tl_2022_06_tract,"58","44100.0","18518.0","1017",Oakland,Alameda County,Oakland,"653000",City,City of Oakland,"2411292",Oakland,"2024.0","7461.0","640.0","2329.0","545.0","3189.0","0.0857793861412679","0.3121565473797080","0.0730465085109234","0.4274225975070370","0.914220613858732","42759.0","559100.0","2397.0","442.0","1955.0","0.1843971631205670","0.4571601458652080","16320.320280499400","137757700.0","18463.705","Census Tract 4088; Alameda County; California","2233","2041","1299","1888","Census Tract 4088; Alameda County; California","1428","1228","1344","500"
60,"06","001","408900","06001408900","4089",Census Tract 4089,G5020,S,827293,0,"+37.7541581","-122.1889463",new_tracts — tl_2022_06_tract,/Users/admin/Desktop/OPEN_project/new_tracts.gpkg|layername=tl_2022_06_tract,"56","44077.0","12213.0","1017",Oakland,Alameda County,Oakland,"653000",City,City of Oakland,"2411292",Oakland,"2024.0","3958.0","120.0","744.0","86.0","3008.0","0.0303183425972713","0.1879737241030820","0.0217281455280444","0.7599797877716020","0.9696816574027290","48125.0","473100.0","1179.0","363.0","816.0","0.3078880407124680","0.3185154313489280","12426.399509868900","108980800.0","27534.31","Census Tract 4089; Alameda County; California","870","1049","886","1153","Census Tract 4089; Alameda County; California","1194","730","650","158"
61,"06","001","409100","06001409100","4091",Census Tract 4091,G5020,S,490550,0,"+37.7323419","-122.1834828",new_tracts — tl_2022_06_tract,/Users/admin/Desktop/OPEN_project/new_tracts.gpkg|layername=tl_2022_06_tract,"120","72204.0","13022.0","1017",Oakland,Alameda County,Oakland,"653000",City,City of Oakland,"2411292",Oakland,"2024.0","2455.0","211.0","441.0","129.0","1632.0","0.0859470468431772","0.1796334012219960","0.0525458248472505","0.664765784114053","0.9140529531568230","85707.0","567500.0","683.0","433.0","250.0","0.6339677891654470","0.1862666669853790","13180.02861023280","65382300.0","26632.301","Census Tract 4091; Alameda County; California","566","649","507","733","Census Tract 4091; Alameda County; California","555","394","554","219"
62,"06","001","409200","06001409200","4092",Census Tract 4092,G5020,S,706471,0,"+37.7291306","-122.1778427",new_tracts — tl_2022_06_tract,/Users/admin/Desktop/OPEN_project/new_tracts.gpkg|layername=tl_2022_06_tract,"119","73621.0","9788.0","1017",Oakland,Alameda County,Oakland,"653000",City,City of Oakland,"2411292",Oakland,"2024.0","3785.0","100.0","999.0","150.0","2340.0","0.0264200792602377","0.2639365918097750","0.0396301188903566","0.618229854689564","0.9735799207397620","85769.0","607100.0","1046.0","600.0","446.0","0.5736137667304020","0.2750166313373730","13762.80402241130","70921300.0","18737.464","Census Tract 4092; Alameda County; California","982","1002","802","999","Census Tract 4092; Alameda County; California","755","645","525","451"
63,"06","001","409300","06001409300","4093",Census Tract 4093,G5020,S,1076042,0,"+37.7378474","-122.1733603",new_tracts — tl_2022_06_tract,/Users/admin/Desktop/OPEN_project/new_tracts.gpkg|layername=tl_2022_06_tract,"84","56058.0","11209.0","1017",Oakland,Alameda County,Oakland,"653000",City,City of Oakland,"2411292",Oakland,"2024.0","5832.0","170.0","889.0","287.0","4184.0","0.0291495198902606","0.152434842249657","0.0492112482853223","0.7174211248285320","0.9708504801097390","68859.0","578100.0","1705.0","679.0","1026.0","0.3982404692082110","0.4170281118245360","13984.66874207710","133506900.0","22892.13","Census Tract 4093; Alameda County; California","1704","1435","1356","1337","Census Tract 4093; Alameda County; California","1044","1437","721","388"
64,"06","001","409400","06001409400","4094",Census Tract 4094,G5020,S,1253618,0,"+37.7446130","-122.1803623",new_tracts — tl_2022_06_tract,/Users/admin/Desktop/OPEN_project/new_tracts.gpkg|layername=tl_2022_06_tract,"51","66602.0","32782.0","1017",Oakland,Alameda County,Oakland,"653000",City,City of Oakland,"2411292",Oakland,"2024.0","4983.0","132.0","826.0","455.0","3498.0","0.0264900662251655","0.1657635962271720","0.0913104555488661","0.7019867549668870","0.9735099337748340","88707.0","630600.0","1348.0","688.0","660.0","0.5103857566765580","0.4800794777572770","10379.531371093800","101156400.0","20300.301","Census Tract 4094; Alameda County; California","1381","1185","1352","1065","Census Tract 4094; Alameda County; California","1141","1005","455","403"
65,"06","001","409500","06001409500","4095",Census Tract 4095,G5020,S,836611,0,"+37.7504463","-122.1837659",new_tracts — tl_2022_06_tract,/Users/admin/Desktop/OPEN_project/new_tracts.gpkg|layername=tl_2022_06_tract,"54","54000.0","23814.0","1017",Oakland,Alameda County,Oakland,"653000",City,City of Oakland,"2411292",Oakland,"2024.0","4548.0","690.0","677.0","39.0","2995.0","0.1517150395778360","0.1488566402814420","0.008575197889182","0.6585312225153910","0.8482849604221640","69583.0","460500.0","1085.0","330.0","755.0","0.304147465437788","0.3250062730239600","13993.576055268100","94719100.0","20826.539","Census Tract 4095; Alameda County; California","1190","1392","1070","896","Census Tract 4095; Alameda County; California","1060","965","469","304"
66,"06","001","409600","06001409600","4096",Census Tract 4096,G5020,S,747478,0,"+37.7532669","-122.1726197",new_tracts — tl_2022_06_tract,/Users/admin/Desktop/OPEN_project/new_tracts.gpkg|layername=tl_2022_06_tract,"55","54012.0","8720.0","1017",Oakland,Alameda County,Oakland,"653000",City,City of Oakland,"2411292",Oakland,"2024.0","5442.0","75.0","1560.0","0.0","3700.0","0.0137816979051819","0.2866593164277840","0.0","0.6798970966556410","0.986218302094818","62903.0","537500.0","1682.0","743.0","939.0","0.4417360285374550","0.2861980591910020","19014.803997563600","101520000.0","18654.906","Census Tract 4096; Alameda County; California","1406","1683","755","1598","Census Tract 4096; Alameda County; California","1234","1080","643","500"
67,"06","001","409700","06001409700","4097",Census Tract 4097,G5020,S,810928,0,"+37.7564185","-122.1658933",new_tracts — tl_2022_06_tract,/Users/admin/Desktop/OPEN_project/new_tracts.gpkg|layername=tl_2022_06_tract,"57","47161.0","9483.0","1017",Oakland,Alameda County,Oakland,"653000",City,City of Oakland,"2411292",Oakland,"2024.0","5543.0","293.0","1857.0","344.0","2429.0","0.05285946238499","0.3350171387335380","0.0620602561789644","0.4382103554032110","0.94714053761501","37237.0","583800.0","1742.0","550.0","1192.0","0.3157290470723310","0.3152948497281840","17580.369627916900","86264200.0","15562.728","Census Tract 4097; Alameda County; California","1584","1385","1227","1347","Census Tract 4097; Alameda County; California","995","973","1018","447"
68,"06","001","410100","06001410100","4101",Census Tract 4101,G5020,S,808994,0,"+37.7477424","-122.1533513",new_tracts — tl_2022_06_tract,/Users/admin/Desktop/OPEN_project/new_tracts.gpkg|layername=tl_2022_06_tract,"53","84135.0","17999.0","1017",Oakland,Alameda County,Oakland,"653000",City,City of Oakland,"2411292",Oakland,"2024.0","2833.0","287.0","1325.0","371.0","687.0","0.1013060360042360","0.4677020825979530","0.1309565831274270","0.2424991175432400","0.8986939639957640","86813.0","706000.0","1059.0","694.0","365.0","0.6553352219074600","0.317404943702613","8925.506852389580","154306400.0","54467.49","Census Tract 4101; Alameda County; California","601","588","884","760","Census Tract 4101; Alameda County; California","227","561","512","671"
69,"06","001","410200","06001410200","4102",Census Tract 4102,G5020,S,585837,0,"+37.7453063","-122.1571742",new_tracts — tl_2022_06_tract,/Users/admin/Desktop/OPEN_project/new_tracts.gpkg|layername=tl_2022_06_tract,"52","75106.0","9797.0","1017",Oakland,Alameda County,Oakland,"653000",City,City of Oakland,"2411292",Oakland,"2024.0","3409.0","325.0","918.0","101.0","1667.0","0.0953358756233499","0.2692871809914930","0.0296274567321795","0.4889997066588440","0.90466412437665","81075.0","634800.0","1110.0","491.0","619.0","0.4423423423423420","0.2267846877948700","15031.87906179750","169567700.0","49741.185","Census Tract 4102; Alameda County; California","799","730","859","1021","Census Tract 4102; Alameda County; California","696","630","752","286"
70,"06","001","410400","06001410400","4104",Census Tract 4104,G5020,S,706611,0,"+37.7408161","-122.1621741",new_tracts — tl_2022_06_tract,/Users/admin/Desktop/OPEN_project/new_tracts.gpkg|layername=tl_2022_06_tract,"87","82188.0","47297.0","1017",Oakland,Alameda County,Oakland,"653000",City,City of Oakland,"2411292",Oakland,"2024.0","4131.0","356.0","1112.0","292.0","2186.0","0.0861776809489227","0.2691842168966350","0.0706850641491164","0.5291696925683850","0.9138223190510770","108438.0","653300.0","1437.0","840.0","597.0","0.5845511482254700","0.2723786480855830","15166.387046249","130631600.0","31622.271","Census Tract 4104; Alameda County; California","680","1003","751","1697","Census Tract 4104; Alameda County; California","583","829","770","773"
71,"06","001","421100","06001421100","4211",Census Tract 4211,G5020,S,745511,0,"+37.8994340","-122.2661928",new_tracts — tl_2022_06_tract,/Users/admin/Desktop/OPEN_project/new_tracts.gpkg|layername=tl_2022_06_tract,"27","234243.0","19479.0","1013",Berkeley,Alameda County,Berkeley,"606000",City,City of Berkeley,"2409837",Berkeley,"2024.0","2214.0","1539.0","104.0","209.0","143.0","0.6951219512195120","0.046973803071364","0.0943992773261065","0.0645889792231255","0.3048780487804880","250001.0","1725700.0","876.0","799.0","77.0","0.9121004566210050","0.2923957716754070","7571.9289212492200","153382856.54","69278.616","Census Tract 4211; Alameda County; California","346","261","393","1214","Census Tract 4211; Alameda County; California","24","69","91","1546"
72,"06","001","421400","06001421400","4214",Census Tract 4214,G5020,S,474778,0,"+37.8883409","-122.2709220",new_tracts — tl_2022_06_tract,/Users/admin/Desktop/OPEN_project/new_tracts.gpkg|layername=tl_2022_06_tract,"25","208500.0","78822.0","1013",Berkeley,Alameda County,Berkeley,"606000",City,City of Berkeley,"2409837",Berkeley,"2024.0","1739.0","1151.0","68.0","110.0","207.0","0.6618746405980450","0.039102932719954","0.0632547441058079","0.1190339275445660","0.3381253594019550","226250.0","1662300.0","650.0","549.0","101.0","0.8446153846153850","0.1828079609894590","9512.71482154038","386151956.54","222054.029","Census Tract 4214; Alameda County; California","257","302","278","902","Census Tract 4214; Alameda County; California","11","87","114","1164"
73,"06","001","421700","06001421700","4217",Census Tract 4217,G5020,S,573819,0,"+37.8819398","-122.2701842",new_tracts — tl_2022_06_tract,/Users/admin/Desktop/OPEN_project/new_tracts.gpkg|layername=tl_2022_06_tract,"22","108339.0","22360.0","1013",Berkeley,Alameda County,Berkeley,"606000",City,City of Berkeley,"2409837",Berkeley,"2024.0","3346.0","2176.0","146.0","708.0","196.0","0.6503287507471610","0.0436341900777047","0.2115959354453080","0.0585774058577405","0.3496712492528390","115139.0","1527300.0","1659.0","502.0","1157.0","0.3025919228450870","0.2236143637265590","14963.260607407000","494340956.54","147740.872","Census Tract 4217; Alameda County; California","368","1132","667","1179","Census Tract 4217; Alameda County; California","38","52","359","2123"
74,"06","001","421800","06001421800","4218",Census Tract 4218,G5020,S,528482,0,"+37.8802854","-122.2782006",new_tracts — tl_2022_06_tract,/Users/admin/Desktop/OPEN_project/new_tracts.gpkg|layername=tl_2022_06_tract,"21","171168.0","5674.0","1013",Berkeley,Alameda County,Berkeley,"606000",City,City of Berkeley,"2409837",Berkeley,"2024.0","2173.0","1480.0","19.0","255.0","129.0","0.6810860561435800","0.0087436723423838","0.1173492867004140","0.0593649332719742","0.3189139438564200","183467.0","1522000.0","926.0","622.0","304.0","0.67170626349892","0.204484209068272","10626.7374380703","539574269.62","248308.454","Census Tract 4218; Alameda County; California","370","383","444","976","Census Tract 4218; Alameda County; California","36","58","144","1520"
75,"06","001","421900","06001421900","4219",Census Tract 4219,G5020,S,845060,0,"+37.8794472","-122.2896362",new_tracts — tl_2022_06_tract,/Users/admin/Desktop/OPEN_project/new_tracts.gpkg|layername=tl_2022_06_tract,"20","160063.0","36887.0","1013",Berkeley,Alameda County,Berkeley,"606000",City,City of Berkeley,"2409837",Berkeley,"2024.0","4110.0","2494.0","313.0","670.0","235.0","0.6068126520681270","0.0761557177615571","0.1630170316301700","0.0571776155717761","0.3931873479318740","154219.0","1338300.0","1667.0","1093.0","574.0","0.6556688662267550","0.3307138110835750","12427.663624127700","431342808.86","104949.589","Census Tract 4219; Alameda County; California","992","652","1046","1420","Census Tract 4219; Alameda County; California","16","159","347","2448"
76,"06","075","023102","06075023102","231.02",Census Tract 231.02,G5020,S,487258,0,"+37.7345195","-122.3845849",new_tracts — tl_2022_06_tract,/Users/admin/Desktop/OPEN_project/new_tracts.gpkg|layername=tl_2022_06_tract,"411","46786.0","15041.0","38001",San Francisco,San Francisco County,San Francisco,"667000",City,City of San Francisco,"2411786",San Francisco,"2024.0","3231.0","36.0","1291.0","378.0","1094.0","0.011142061281337","0.3995666976168370","0.116991643454039","0.3385948622717430","0.9888579387186630","43882.0","1122400.0","1114.0","426.0","688.0","0.3824057450628370","0.1912796641501310","16891.497663149700","206952600.0","64052.182","Census Tract 231.02; San Francisco County; California","934","643","630","1024","Census Tract 231.02; San Francisco County; California","351","366","966","367"
77,"06","075","023200","06075023200","232",Census Tract 232,G5020,S,856567,0,"+37.7277635","-122.3861501",new_tracts — tl_2022_06_tract,/Users/admin/Desktop/OPEN_project/new_tracts.gpkg|layername=tl_2022_06_tract,"409","122803.0","35360.0","38001",San Francisco,San Francisco County,San Francisco,"667000",City,City of San Francisco,"2411786",San Francisco,"2024.0","3570.0","308.0","808.0","1166.0","1124.0","0.0862745098039215","0.2263305322128850","0.3266106442577030","0.3148459383753500","0.9137254901960780","82019.0","1058500.0","1143.0","705.0","438.0","0.6167979002624670","0.3283338708983370","10873.078644711000","161242100.0","45165.854","Census Tract 232; San Francisco County; California","897","678","662","1333","Census Tract 232; San Francisco County; California","838","493","540","572"
78,"06","075","023300","06075023300","233",Census Tract 233,G5020,S,633256,0,"+37.7254423","-122.3977657",new_tracts — tl_2022_06_tract,/Users/admin/Desktop/OPEN_project/new_tracts.gpkg|layername=tl_2022_06_tract,"396","74844.0","18195.0","38001",San Francisco,San Francisco County,San Francisco,"667000",City,City of San Francisco,"2411786",San Francisco,"2024.0","3818.0","394.0","398.0","2083.0","699.0","0.1031953902566790","0.1042430591932950","0.5455735987427970","0.1830801466736510","0.8968046097433210","89531.0","928800.0","1270.0","725.0","545.0","0.5708661417322830","0.244277379033306","15629.77306826040","257349300.0","67404.217","Census Tract 233; San Francisco County; California","654","638","849","1677","Census Tract 233; San Francisco County; California","712","765","673","690"
79,"06","075","022901","06075022901","229.01",Census Tract 229.01,G5020,S,248905,0,"+37.7512010","-122.4139445",new_tracts — tl_2022_06_tract,/Users/admin/Desktop/OPEN_project/new_tracts.gpkg|layername=tl_2022_06_tract,"306","96964.0","27582.0","38001",San Francisco,San Francisco County,San Francisco,"667000",City,City of San Francisco,"2411786",San Francisco,"2024.0","4542.0","1089.0","62.0","429.0","2813.0","0.2397622192866580","0.0136503742844561","0.09445178335535","0.6193306913254070","0.7602377807133420","101617.0","920500.0","1479.0","347.0","1132.0","0.2346179851250850","0.0960710223596154","47277.52332017740","517788642.857143","114000.142","Census Tract 229.01; San Francisco County; California","824","1468","1320","930","Census Tract 229.01; San Francisco County; California","1130","355","504","1458"
80,"06","001","407000","06001407000","4070",Census Tract 4070,G5020,S,862936,0,"+37.7879458","-122.2024901",new_tracts — tl_2022_06_tract,/Users/admin/Desktop/OPEN_project/new_tracts.gpkg|layername=tl_2022_06_tract,"157","89755.0","23660.0","1017",Oakland,Alameda County,Oakland,"653000",City,City of Oakland,"2411292",Oakland,"2024.0","6290.0","978.0","819.0","1632.0","2538.0","0.1554848966613670","0.1302066772655010","0.2594594594594600","0.4034976152623210","0.8445151033386330","70956.0","720900.0","2195.0","1165.0","1030.0","0.530751708428246","0.3326802939108600","18907.041129660000","238522600.0","37920.922","Census Tract 4070; Alameda County; California","1443","1553","1444","1850","Census Tract 4070; Alameda County; California","1434","800","1086","1341"
81,"06","001","407200","06001407200","4072",Census Tract 4072,G5020,S,715073,0,"+37.7777848","-122.2192819",new_tracts — tl_2022_06_tract,/Users/admin/Desktop/OPEN_project/new_tracts.gpkg|layername=tl_2022_06_tract,"66","59937.0","9969.0","1017",Oakland,Alameda County,Oakland,"653000",City,City of Oakland,"2411292",Oakland,"2024.0","6672.0","594.0","119.0","568.0","5093.0","0.0890287769784172","0.0178357314148681","0.0851318944844124","0.7633393285371700","0.9109712230215830","75993.0","613200.0","1927.0","561.0","1366.0","0.2911261027503890","0.275432796576691","24223.69479206980","290267700.0","43505.351","Census Tract 4072; Alameda County; California","1696","1591","1745","1640","Census Tract 4072; Alameda County; California","1568","1110","817","975"
82,"06","001","407300","06001407300","4073",Census Tract 4073,G5020,S,2370917,209253,"+37.7621786","-122.2109235",new_tracts — tl_2022_06_tract,/Users/admin/Desktop/OPEN_project/new_tracts.gpkg|layername=tl_2022_06_tract,"59","77813.0","19635.0","1017",Oakland,Alameda County,Oakland,"653000",City,City of Oakland,"2411292",Oakland,"2024.0","2513.0","343.0","176.0","341.0","1578.0","0.1364902506963790","0.0700358137684043","0.1356943891762830","0.6279347393553520","0.8635097493036210","81917.0","565000.0","701.0","297.0","404.0","0.4236804564907280","0.997739277651007","2518.6940679697400","249243400.0","99181.616","Census Tract 4073; Alameda County; California","513","729","707","564","Census Tract 4073; Alameda County; California","613","299","355","455"
83,"06","001","407400","06001407400","4074",Census Tract 4074,G5020,S,511491,0,"+37.7710407","-122.2067479",new_tracts — tl_2022_06_tract,/Users/admin/Desktop/OPEN_project/new_tracts.gpkg|layername=tl_2022_06_tract,"63","57961.0","27516.0","1017",Oakland,Alameda County,Oakland,"653000",City,City of Oakland,"2411292",Oakland,"2024.0","4311.0","243.0","1795.0","381.0","1776.0","0.0563674321503131","0.4163767107399680","0.0883785664578984","0.4119693806541410","0.9436325678496870","70991.0","632400.0","1355.0","417.0","938.0","0.3077490774907750","0.1979218610113770","21781.32308361940","229967300.0","53344.305","Census Tract 4074; Alameda County; California","896","882","1118","1415","Census Tract 4074; Alameda County; California","712","848","932","564"
84,"06","001","407600","06001407600","4076",Census Tract 4076,G5020,S,1022710,0,"+37.7775293","-122.2031992",new_tracts — tl_2022_06_tract,/Users/admin/Desktop/OPEN_project/new_tracts.gpkg|layername=tl_2022_06_tract,"67","86761.0","22815.0","1017",Oakland,Alameda County,Oakland,"653000",City,City of Oakland,"2411292",Oakland,"2024.0","6771.0","1867.0","598.0","785.0","2998.0","0.2757347511445870","0.088317826022744","0.1159356077388860","0.4427706394919510","0.7242652488554130","75132.0","839700.0","2108.0","1062.0","1046.0","0.5037950664136620","0.3957380438458870","17109.803076291600","285509100.0","42166.46","Census Tract 4076; Alameda County; California","1679","1994","1685","1413","Census Tract 4076; Alameda County; California","918","724","1064","1401"
85,"06","001","407700","06001407700","4077",Census Tract 4077,G5020,S,914283,0,"+37.7765251","-122.1932278",new_tracts — tl_2022_06_tract,/Users/admin/Desktop/OPEN_project/new_tracts.gpkg|layername=tl_2022_06_tract,"65","116814.0","9490.0","1017",Oakland,Alameda County,Oakland,"653000",City,City of Oakland,"2411292",Oakland,"2024.0","4271.0","1866.0","1308.0","239.0","482.0","0.4369000234137200","0.3062514633575280","0.0559587918520252","0.1128541325216580","0.5630999765862800","128011.0","922200.0","1755.0","1290.0","465.0","0.7350427350427350","0.3507902535500190","12175.366780511200","140037900.0","32788.082","Census Tract 4077; Alameda County; California","964","539","1223","1545","Census Tract 4077; Alameda County; California","183","518","580","1793"
86,"06","001","407800","06001407800","4078",Census Tract 4078,G5020,S,1221764,0,"+37.7817468","-122.1868539",new_tracts — tl_2022_06_tract,/Users/admin/Desktop/OPEN_project/new_tracts.gpkg|layername=tl_2022_06_tract,"68","113438.0","23255.0","1017",Oakland,Alameda County,Oakland,"653000",City,City of Oakland,"2411292",Oakland,"2024.0","2523.0","859.0","499.0","198.0","858.0","0.3404676971858900","0.1977804201347600","0.0784780023781212","0.3400713436385260","0.6595323028141100","105179.0","897900.0","751.0","534.0","217.0","0.711051930758988","0.4715216046596400","5350.762245181080","221606600.0","87834.562","Census Tract 4078; Alameda County; California","509","795","545","674","Census Tract 4078; Alameda County; California","281","104","251","878"
87,"06","001","423700","06001423700","4237",Census Tract 4237,G5020,S,728688,0,"+37.8618284","-122.2490093",new_tracts — tl_2022_06_tract,/Users/admin/Desktop/OPEN_project/new_tracts.gpkg|layername=tl_2022_06_tract,"43","108750.0","25957.0","1013",Berkeley,Alameda County,Berkeley,"606000",City,City of Berkeley,"2409837",Berkeley,"2024.0","3381.0","1930.0","117.0","661.0","436.0","0.5708370304643600","0.0346051464063886","0.1955042886719910","0.1289559301981660","0.4291629695356400","95833.0","2000001.0","1152.0","500.0","652.0","0.4340277777777780","0.2794641670708400","12098.152100991800","307414200.0","90924.046","Census Tract 4237; Alameda County; California","501","1542","456","882","Census Tract 4237; Alameda County; California","9","128","203","1415"
88,"06","001","423800","06001423800","4238",Census Tract 4238,G5020,S,1084723,0,"+37.8547209","-122.2441397",new_tracts — tl_2022_06_tract,/Users/admin/Desktop/OPEN_project/new_tracts.gpkg|layername=tl_2022_06_tract,"44","191838.0","36869.0","1013",Berkeley,Alameda County,Berkeley,"606000",City,City of Berkeley,"2409837",Berkeley,"2024.0","3397.0","2390.0","0.0","412.0","196.0","0.7035619664409770","0.0","0.1212834854283190","0.0576979687959964","0.2964380335590230","184871.0","2000001.0","1431.0","1024.0","407.0","0.7155835080363380","0.4159563409835080","8166.7224785369500","448765900.0","132106.535","Census Tract 4238; Alameda County; California","580","454","643","1720","Census Tract 4238; Alameda County; California","57","48","246","2324"
89,"06","001","423901","06001423901","4239.01",Census Tract 4239.01,G5020,S,394492,0,"+37.8522460","-122.2675640",new_tracts — tl_2022_06_tract,/Users/admin/Desktop/OPEN_project/new_tracts.gpkg|layername=tl_2022_06_tract,"7","105625.0","67080.0","1013",Berkeley,Alameda County,Berkeley,"606000",City,City of Berkeley,"2409837",Berkeley,"2024.0","2227.0","1054.0","215.0","317.0","374.0","0.4732824427480920","0.0965424337674","0.1423439604849570","0.1679389312977100","0.5267175572519080","136607.0","1170000.0","969.0","377.0","592.0","0.3890608875129000","0.154191631128872","14443.066615844400","429772628.27","192982.77","Census Tract 4239.01; Alameda County; California","373","746","416","692","Census Tract 4239.01; Alameda County; California","108","81","213","1235"
90,"06","001","424001","06001424001","4240.01",Census Tract 4240.01,G5020,S,507530,0,"+37.8503694","-122.2746228",new_tracts — tl_2022_06_tract,/Users/admin/Desktop/OPEN_project/new_tracts.gpkg|layername=tl_2022_06_tract,"4","87500.0","33040.0","1013",Berkeley,Alameda County,Berkeley,"606000",City,City of Berkeley,"2409837",Berkeley,"2024.0","4000.0","1667.0","644.0","854.0","631.0","0.41675","0.161","0.2135","0.15775","0.58325","82125.0","1197500.0","1535.0","452.0","1083.0","0.2944625407166120","0.1960488562161280","20403.077463458000","305886856.54","76471.714","Census Tract 4240.01; Alameda County; California","685","1519","729","1067","Census Tract 4240.01; Alameda County; California","277","157","529","1774"
91,"06","075","022803","06075022803","228.03",Census Tract 228.03,G5020,S,282080,0,"+37.7558368","-122.4120842",new_tracts — tl_2022_06_tract,/Users/admin/Desktop/OPEN_project/new_tracts.gpkg|layername=tl_2022_06_tract,"305","153750.0","20792.0","38001",San Francisco,San Francisco County,San Francisco,"667000",City,City of San Francisco,"2411786",San Francisco,"2024.0","4117.0","1281.0","129.0","634.0","1651.0","0.3111488948263300","0.0313334952635414","0.1539956278843820","0.401020160310906","0.6888511051736700","164665.0","1696600.0","1439.0","557.0","882.0","0.3870743571924950","0.1089369585503470","37792.499944793900","559813642.857143","135976.11","Census Tract 228.03; San Francisco County; California","905","1025","1200","987","Census Tract 228.03; San Francisco County; California","422","494","446","1539"
92,"06","075","047702","06075047702","477.02",Census Tract 477.02,G5020,S,352786,0,"+37.7744602","-122.4837889",new_tracts — tl_2022_06_tract,/Users/admin/Desktop/OPEN_project/new_tracts.gpkg|layername=tl_2022_06_tract,"365","114892.0","17552.0","38001",San Francisco,San Francisco County,San Francisco,"667000",City,City of San Francisco,"2411786",San Francisco,"2024.0","3135.0","1317.0","1.0","1450.0","166.0","0.4200956937799040","0.0003189792663476870","0.4625199362041470","0.0529505582137161","0.5799043062200960","112500.0","1558500.0","1552.0","608.0","944.0","0.3917525773195880","0.1362192274856450","23014.37218420850","240468000.0","76704.306","Census Tract 477.02; San Francisco County; California","356","596","605","1578","Census Tract 477.02; San Francisco County; California","270","141","547","1620"
93,"06","075","035202","06075035202","352.02",Census Tract 352.02,G5020,S,372758,0,"+37.7613995","-122.5061469",new_tracts — tl_2022_06_tract,/Users/admin/Desktop/OPEN_project/new_tracts.gpkg|layername=tl_2022_06_tract,"197","100701.0","25069.0","38001",San Francisco,San Francisco County,San Francisco,"667000",City,City of San Francisco,"2411786",San Francisco,"2024.0","4188.0","1498.0","90.0","1691.0","746.0","0.3576886341929320","0.0214899713467048","0.4037726838586440","0.1781279847182430","0.6423113658070680","104877.0","1216500.0","1677.0","568.0","1109.0","0.3387000596302920","0.1442678046913680","29029.34586798060","141462800.0","33778.128","Census Tract 352.02; San Francisco County; California","796","773","1117","1502","Census Tract 352.02; San Francisco County; California","328","587","622","1731"
94,"06","075","013300","06075013300","133",Census Tract 133,G5020,S,581305,0,"+37.7887307","-122.4524293",new_tracts — tl_2022_06_tract,/Users/admin/Desktop/OPEN_project/new_tracts.gpkg|layername=tl_2022_06_tract,"343","173851.0","34096.0","38001",San Francisco,San Francisco County,San Francisco,"667000",City,City of San Francisco,"2411786",San Francisco,"2024.0","3952.0","2592.0","64.0","901.0","195.0","0.6558704453441300","0.0161943319838056","0.2279858299595140","0.0493421052631578","0.3441295546558710","176250.0","2000001.0","1958.0","802.0","1156.0","0.4096016343207350","0.2238259052719100","17656.579988804200","501848142.857143","126985.866","Census Tract 133; San Francisco County; California","705","871","628","1748","Census Tract 133; San Francisco County; California","177","133","287","2421"
95,"06","075","025403","06075025403","254.03",Census Tract 254.03,G5020,S,515731,0,"+37.7337691","-122.4206236",new_tracts — tl_2022_06_tract,/Users/admin/Desktop/OPEN_project/new_tracts.gpkg|layername=tl_2022_06_tract,"236","166935.0","45014.0","38001",San Francisco,San Francisco County,San Francisco,"667000",City,City of San Francisco,"2411786",San Francisco,"2024.0","4410.0","1079.0","246.0","1242.0","1596.0","0.2446712018140590","0.05578231292517","0.2816326530612250","0.3619047619047620","0.755328798185941","147083.0","1550800.0","1325.0","762.0","563.0","0.5750943396226420","0.1956566333670640","22539.486262786600","403253100.0","91440.612","Census Tract 254.03; San Francisco County; California","875","754","1248","1533","Census Tract 254.03; San Francisco County; California","552","411","651","1527"
96,"06","075","022702","06075022702","227.02",Census Tract 227.02,G5020,S,295531,0,"+37.7626143","-122.3955143",new_tracts — tl_2022_06_tract,/Users/admin/Desktop/OPEN_project/new_tracts.gpkg|layername=tl_2022_06_tract,"399","240922.0","38650.0","38001",San Francisco,San Francisco County,San Francisco,"667000",City,City of San Francisco,"2411786",San Francisco,"2024.0","1960.0","841.0","1.0","605.0","279.0","0.4290816326530610","0.0005102040816326530","0.3086734693877550","0.1423469387755100","0.5709183673469390","250001.0","1730100.0","966.0","396.0","570.0","0.4099378881987580","0.1162053998764860","16866.686075546100","417600942.857143","213061.706","Census Tract 227.02; San Francisco County; California","176","859","432","493","Census Tract 227.02; San Francisco County; California","31","40","182","1432"
97,"06","001","422500","06001422500","4225",Census Tract 4225,G5020,S,465527,0,"+37.8773391","-122.2602611",new_tracts — tl_2022_06_tract,/Users/admin/Desktop/OPEN_project/new_tracts.gpkg|layername=tl_2022_06_tract,"36","58558.0","33524.0","1013",Berkeley,Alameda County,Berkeley,"606000",City,City of Berkeley,"2409837",Berkeley,"2024.0","4481.0","1943.0","288.0","1252.0","645.0","0.4336085695157330","0.0642713679982146","0.279401919214461","0.1439410845793350","0.5663914304842670","53041.0","1201800.0","1694.0","254.0","1440.0","0.1499409681227860","0.1808395529757750","24778.871249478600","415311456.54","92682.762","Census Tract 4225; Alameda County; California","157","2785","612","927","Census Tract 4225; Alameda County; California","214","259","284","1465"
98,"06","001","422700","06001422700","4227",Census Tract 4227,G5020,S,346821,0,"+37.8679151","-122.2495095",new_tracts — tl_2022_06_tract,/Users/admin/Desktop/OPEN_project/new_tracts.gpkg|layername=tl_2022_06_tract,"42","42417.0","42276.0","1013",Berkeley,Alameda County,Berkeley,"606000",City,City of Berkeley,"2409837",Berkeley,"2024.0","5154.0","1747.0","168.0","1861.0","846.0","0.3389600310438490","0.0325960419091967","0.3610787737679470","0.1641443538998840","0.6610399689561510",,"1202700.0","1002.0","130.0","872.0","0.1297405189620760","0.1302613816291170","39566.60013536930","209542600.0","40656.306","Census Tract 4227; Alameda County; California","98","4544","301","211","Census Tract 4227; Alameda County; California","24","35","135","1009"
99,"06","001","423000","06001423000","4230",Census Tract 4230,G5020,S,730083,0,"+37.8668441","-122.2771352",new_tracts — tl_2022_06_tract,/Users/admin/Desktop/OPEN_project/new_tracts.gpkg|layername=tl_2022_06_tract,"2","86917.0","20998.0","1013",Berkeley,Alameda County,Berkeley,"606000",City,City of Berkeley,"2409837",Berkeley,"2024.0","4478.0","2806.0","232.0","804.0","356.0","0.6266190263510500","0.0518088432335864","0.1795444394819120","0.0794997766860205","0.3733809736489500","110536.0","1353400.0","2023.0","842.0","1181.0","0.4162135442412260","0.2818798094608770","15886.203444527000","368316956.54","82250.325","Census Tract 4230; Alameda County; California","462","1401","1078","1537","Census Tract 4230; Alameda County; California","87","107","439","2742"
100,"06","001","423100","06001423100","4231",Census Tract 4231,G5020,S,748653,0,"+37.8658070","-122.2863197",new_tracts — tl_2022_06_tract,/Users/admin/Desktop/OPEN_project/new_tracts.gpkg|layername=tl_2022_06_tract,"14","61161.0","28594.0","1013",Berkeley,Alameda County,Berkeley,"606000",City,City of Berkeley,"2409837",Berkeley,"2024.0","4286.0","1741.0","885.0","747.0","393.0","0.4062062529164720","0.2064862342510500","0.174288380774615","0.091693887074195","0.5937937470835280","54787.0","1159900.0","2066.0","824.0","1242.0","0.398838334946757","0.289002174502568","14830.338240108700","301628869.62","70375.378","Census Tract 4231; Alameda County; California","667","907","824","1888","Census Tract 4231; Alameda County; California","192","738","434","1807"
101,"06","001","424002","06001424002","4240.02",Census Tract 4240.02,G5020,S,326768,0,"+37.8504772","-122.2815310",new_tracts — tl_2022_06_tract,/Users/admin/Desktop/OPEN_project/new_tracts.gpkg|layername=tl_2022_06_tract,"1","103393.0","36279.0","1013",Berkeley,Alameda County,Berkeley,"606000",City,City of Berkeley,"2409837",Berkeley,"2024.0","2524.0","1042.0","582.0","274.0","455.0","0.41283676703645","0.2305863708399370","0.1085578446909670","0.18026941362916","0.5871632329635500","105813.0","1233500.0","1050.0","553.0","497.0","0.5266666666666670","0.1289524473177350","19573.10661798410","223631256.54","88601.924","Census Tract 4240.02; Alameda County; California","578","546","636","764","Census Tract 4240.02; Alameda County; California","156","93","544","1031"
102,"06","075","030202","06075030202","302.02",Census Tract 302.02,G5020,S,356618,0,"+37.7630946","-122.4673205",new_tracts — tl_2022_06_tract,/Users/admin/Desktop/OPEN_project/new_tracts.gpkg|layername=tl_2022_06_tract,"360","153412.0","35009.0","38001",San Francisco,San Francisco County,San Francisco,"667000",City,City of San Francisco,"2411786",San Francisco,"2024.0","4082.0","1918.0","65.0","1341.0","276.0","0.4698677119059280","0.0159235668789808","0.328515433610975","0.0676139147476727","0.5301322880940720","122697.0","1270800.0","2041.0","471.0","1570.0","0.2307692307692310","0.1377077188589280","29642.49232958190","347988000.0","85249.388","Census Tract 302.02; San Francisco County; California","488","1141","808","1645","Census Tract 302.02; San Francisco County; California","355","185","624","2251"
103,"06","075","026001","06075026001","260.01",Census Tract 260.01,G5020,S,407294,0,"+37.7235502","-122.4322434",new_tracts — tl_2022_06_tract,/Users/admin/Desktop/OPEN_project/new_tracts.gpkg|layername=tl_2022_06_tract,"231","114563.0","21784.0","38001",San Francisco,San Francisco County,San Francisco,"667000",City,City of San Francisco,"2411786",San Francisco,"2024.0","5625.0","802.0","55.0","2585.0","1955.0","0.1425777777777780","0.0097777777777777","0.4595555555555560","0.3475555555555560","0.8574222222222220","120650.0","1178700.0","1754.0","906.0","848.0","0.5165336374002280","0.1568051244376130","35872.55212592220","312678500.0","55587.289","Census Tract 260.01; San Francisco County; California","703","1568","1555","1799","Census Tract 260.01; San Francisco County; California","899","788","1305","1411"
104,"06","075","026003","06075026003","260.03",Census Tract 260.03,G5020,S,407434,0,"+37.7195817","-122.4287703",new_tracts — tl_2022_06_tract,/Users/admin/Desktop/OPEN_project/new_tracts.gpkg|layername=tl_2022_06_tract,"283","98177.0","15263.0","38001",San Francisco,San Francisco County,San Francisco,"667000",City,City of San Francisco,"2411786",San Francisco,"2024.0","4639.0","453.0","70.0","2057.0","1831.0","0.0976503556801034","0.0150894589351153","0.4434145289933180","0.3946971330028020","0.9023496443198960","105250.0","1169700.0","1403.0","936.0","467.0","0.6671418389166070","0.154768258706276","29973.846309171400","189904500.0","40936.516","Census Tract 260.03; San Francisco County; California","1066","613","1103","1857","Census Tract 260.03; San Francisco County; California","520","657","1067","1133"
105,"06","075","026404","06075026404","264.04",Census Tract 264.04,G5020,S,189179,0,"+37.7096507","-122.4152933",new_tracts — tl_2022_06_tract,/Users/admin/Desktop/OPEN_project/new_tracts.gpkg|layername=tl_2022_06_tract,"279","91463.0","15070.0","38001",San Francisco,San Francisco County,San Francisco,"667000",City,City of San Francisco,"2411786",San Francisco,"2024.0","2422.0","164.0","177.0","1518.0","481.0","0.0677126341866226","0.0730800990916597","0.6267547481420310","0.1985962014863750","0.9322873658133770","84415.0","913900.0","668.0","374.0","294.0","0.5598802395209580","0.0759992764561706","31868.72445288060","66544900.0","27475.186","Census Tract 264.04; San Francisco County; California","471","482","478","991","Census Tract 264.04; San Francisco County; California","645","294","482","314"
106,"06","075","025401","06075025401","254.01",Census Tract 254.01,G5020,S,363722,12207,"+37.7396295","-122.4224695",new_tracts — tl_2022_06_tract,/Users/admin/Desktop/OPEN_project/new_tracts.gpkg|layername=tl_2022_06_tract,"237","165278.0","61536.0","38001",San Francisco,San Francisco County,San Francisco,"667000",City,City of San Francisco,"2411786",San Francisco,"2024.0","3567.0","1529.0","137.0","296.0","743.0","0.4286515278945890","0.0384076254555649","0.0829828987945051","0.2082982898794510","0.5713484721054110","204844.0","1487900.0","1329.0","762.0","567.0","0.5733634311512420","0.1498655611605560","23801.33215648230","491117400.0","137683.6","Census Tract 254.01; San Francisco County; California","974","546","985","1062","Census Tract 254.01; San Francisco County; California","63","320","329","1714"
107,"06","075","060502","06075060502","605.02",Census Tract 605.02,G5020,S,348832,0,"+37.7112928","-122.4205879",new_tracts — tl_2022_06_tract,/Users/admin/Desktop/OPEN_project/new_tracts.gpkg|layername=tl_2022_06_tract,"281","37891.0","14458.0","38001",San Francisco,San Francisco County,San Francisco,"667000",City,City of San Francisco,"2411786",San Francisco,"2024.0","2595.0","108.0","266.0","1040.0","813.0","0.0416184971098265","0.102504816955684","0.4007707129094410","0.3132947976878610","0.9583815028901730","39559.0","958700.0","800.0","236.0","564.0","0.295","0.1227993301104700","21132.037102039100","72871200.0","28081.387","Census Tract 605.02; San Francisco County; California","632","582","487","894","Census Tract 605.02; San Francisco County; California","398","467","586","338"
108,"06","075","045100","06075045100","451",Census Tract 451,G5020,S,384459,0,"+37.7775849","-122.4613475",new_tracts — tl_2022_06_tract,/Users/admin/Desktop/OPEN_project/new_tracts.gpkg|layername=tl_2022_06_tract,"369","190389.0","48005.0","38001",San Francisco,San Francisco County,San Francisco,"667000",City,City of San Francisco,"2411786",San Francisco,"2024.0","4713.0","2481.0","5.0","1299.0","529.0","0.5264162953532780","0.0010608953957139","0.2756206238064930","0.1122427328665390","0.4735837046467220","211111.0","1752400.0","1904.0","482.0","1422.0","0.2531512605042020","0.1483493565615940","31769.60189944050","407849442.857143","86537.119","Census Tract 451; San Francisco County; California","714","1621","1166","1212","Census Tract 451; San Francisco County; California","256","296","460","2776"
109,"06","075","016500","06075016500","165",Census Tract 165,G5020,S,370446,0,"+37.7741957","-122.4477882",new_tracts — tl_2022_06_tract,/Users/admin/Desktop/OPEN_project/new_tracts.gpkg|layername=tl_2022_06_tract,"348","177159.0","36907.0","38001",San Francisco,San Francisco County,San Francisco,"667000",City,City of San Francisco,"2411786",San Francisco,"2024.0","5206.0","3360.0","241.0","358.0","723.0","0.6454091432961970","0.0462927391471379","0.0687668075297733","0.1388782174414140","0.3545908567038030","153096.0","1537400.0","2259.0","731.0","1528.0","0.3235945108455070","0.1423323651349470","36576.36121667860","741502142.857143","142432.221","Census Tract 165; San Francisco County; California","350","2229","1205","1422","Census Tract 165; San Francisco County; California","372","504","680","3070"
110,"06","075","015300","06075015300","153",Census Tract 153,G5020,S,233721,0,"+37.7867618","-122.4393346",new_tracts — tl_2022_06_tract,/Users/admin/Desktop/OPEN_project/new_tracts.gpkg|layername=tl_2022_06_tract,"324","176090.0","50695.0","38001",San Francisco,San Francisco County,San Francisco,"667000",City,City of San Francisco,"2411786",San Francisco,"2024.0","2377.0","1546.0","185.0","211.0","302.0","0.6503996634413130","0.0778291964661337","0.0887673538073201","0.1270509045014720","0.3496003365586870","214688.0","1421500.0","1062.0","433.0","629.0","0.4077212806026370","0.0902300000052208","26343.78809556090","560409742.857143","235763.459","Census Tract 153; San Francisco County; California","224","1084","418","651","Census Tract 153; San Francisco County; California","0","141","203","1723"
111,"06","075","013500","06075013500","135",Census Tract 135,G5020,S,235184,0,"+37.7908976","-122.4325551",new_tracts — tl_2022_06_tract,/Users/admin/Desktop/OPEN_project/new_tracts.gpkg|layername=tl_2022_06_tract,"331","175118.0","38867.0","38001",San Francisco,San Francisco County,San Francisco,"667000",City,City of San Francisco,"2411786",San Francisco,"2024.0","2807.0","1995.0","0.0","266.0","401.0","0.7107231920199500","0.0","0.0947630922693266","0.1428571428571430","0.2892768079800500","179194.0","2000001.0","1718.0","514.0","1204.0","0.2991850989522700","0.090805428460702","30912.24883339200","565337228.571429","201402.646","Census Tract 135; San Francisco County; California","285","1019","691","812","Census Tract 135; San Francisco County; California","88","77","186","1968"
112,"06","075","023103","06075023103","231.03",Census Tract 231.03,G5020,S,1246230,454763,"+37.7326764","-122.3732109",new_tracts — tl_2022_06_tract,/Users/admin/Desktop/OPEN_project/new_tracts.gpkg|layername=tl_2022_06_tract,"413","29799.0","4427.0","38001",San Francisco,San Francisco County,San Francisco,"667000",City,City of San Francisco,"2411786",San Francisco,"2024.0","4545.0","56.0","2145.0","598.0","1092.0","0.0123212321232123","0.4719471947194720","0.1315731573157320","0.2402640264026400","0.9876787678767880","30486.0",,"1550.0","47.0","1503.0","0.0303225806451612","0.4563513967348000","9959.43045758056","107227600.0","23592.431","Census Tract 231.03; San Francisco County; California","1671","1029","702","1143","Census Tract 231.03; San Francisco County; California","585","861","691","224"
113,"06","075","022801","06075022801","228.01",Census Tract 228.01,G5020,S,578057,0,"+37.7607269","-122.4125113",new_tracts — tl_2022_06_tract,/Users/admin/Desktop/OPEN_project/new_tracts.gpkg|layername=tl_2022_06_tract,"303","164539.0","32051.0","38001",San Francisco,San Francisco County,San Francisco,"667000",City,City of San Francisco,"2411786",San Francisco,"2024.0","4765.0","1774.0","780.0","523.0","1427.0","0.3722980062959080","0.1636935991605460","0.1097586568730330","0.2994753410283320","0.6277019937040920","160417.0","1311900.0","2017.0","841.0","1176.0","0.4169558750619730","0.2230293910624270","21364.89714338260","795357542.857143","166916.588","Census Tract 228.01; San Francisco County; California","597","1297","1318","1553","Census Tract 228.01; San Francisco County; California","234","885","655","2210"
114,"06","075","018000","06075018000","180",Census Tract 180,G5020,S,933506,0,"+37.7753353","-122.4022844",new_tracts — tl_2022_06_tract,/Users/admin/Desktop/OPEN_project/new_tracts.gpkg|layername=tl_2022_06_tract,"381","183507.0","31969.0","38001",San Francisco,San Francisco County,San Francisco,"667000",City,City of San Francisco,"2411786",San Francisco,"2024.0","3492.0","1092.0","235.0","1029.0","924.0","0.3127147766323020","0.0672966781214203","0.2946735395189000","0.2646048109965640","0.6872852233676980","212439.0","1085600.0","1648.0","320.0","1328.0","0.1941747572815530","0.3643910311821260","9583.11182542434","1154627228.571430","330649.264","Census Tract 180; San Francisco County; California","365","1369","1028","730","Census Tract 180; San Francisco County; California","413","215","450","1753"
115,"06","075","010300","06075010300","103",Census Tract 103,G5020,S,268261,0,"+37.8016200","-122.4156810",new_tracts — tl_2022_06_tract,/Users/admin/Desktop/OPEN_project/new_tracts.gpkg|layername=tl_2022_06_tract,"218","149766.0","34614.0","38001",San Francisco,San Francisco County,San Francisco,"667000",City,City of San Francisco,"2411786",San Francisco,"2024.0","3824.0","2238.0","0.0","925.0","435.0","0.5852510460251050","0.0","0.2418933054393310","0.113755230125523","0.4147489539748950","158144.0","1202500.0","2060.0","440.0","1620.0","0.2135922330097090","0.1036251409364010","36902.24172864530","484551328.571429","126713.214","Census Tract 103; San Francisco County; California","220","1422","583","1599","Census Tract 103; San Francisco County; California","217","155","321","2667"
116,"06","075","010500","06075010500","105",Census Tract 105,G5020,S,676089,501830,"+37.8026835","-122.3990500",new_tracts — tl_2022_06_tract,/Users/admin/Desktop/OPEN_project/new_tracts.gpkg|layername=tl_2022_06_tract,"204","187763.0","35599.0","38001",San Francisco,San Francisco County,San Francisco,"667000",City,City of San Francisco,"2411786",San Francisco,"2024.0","3473.0","1432.0","31.0","1760.0","124.0","0.4123236395047510","0.008926000575871","0.5067664843075150","0.035704002303484","0.5876763604952490","179896.0","1215300.0","1848.0","411.0","1437.0","0.2224025974025970","0.21357989319177","16260.893982570000","408057528.571429","117494.25","Census Tract 105; San Francisco County; California","419","908","598","1548","Census Tract 105; San Francisco County; California","309","352","201","2033"
117,"06","075","010600","06075010600","106",Census Tract 106,G5020,S,187223,0,"+37.7993784","-122.4063879",new_tracts — tl_2022_06_tract,/Users/admin/Desktop/OPEN_project/new_tracts.gpkg|layername=tl_2022_06_tract,"215","58060.0","40541.0","38001",San Francisco,San Francisco County,San Francisco,"667000",City,City of San Francisco,"2411786",San Francisco,"2024.0","2957.0","787.0","104.0","1480.0","390.0","0.2661481230977340","0.0351707811971592","0.5005072708826510","0.1318904294893470","0.7338518769022660","75938.0","1560200.0","1723.0","161.0","1562.0","0.0934416715031921","0.0721436905702321","40987.64530380310","426847828.571429","144351.65","Census Tract 106; San Francisco County; California","209","995","453","1300","Census Tract 106; San Francisco County; California","401","279","753","1080"
118,"06","075","010800","06075010800","108",Census Tract 108,G5020,S,226072,0,"+37.7964984","-122.4142913",new_tracts — tl_2022_06_tract,/Users/admin/Desktop/OPEN_project/new_tracts.gpkg|layername=tl_2022_06_tract,"206","145402.0","80096.0","38001",San Francisco,San Francisco County,San Francisco,"667000",City,City of San Francisco,"2411786",San Francisco,"2024.0","4047.0","1732.0","277.0","1446.0","271.0","0.4279713367926860","0.0684457622930565","0.3573017049666420","0.0669631826043983","0.572028663207314","123750.0","996600.0","2402.0","520.0","1882.0","0.2164862614487930","0.0873598687248642","46325.6190636668","498788728.571429","123249.006","Census Tract 108; San Francisco County; California","71","1214","1118","1644","Census Tract 108; San Francisco County; California","387","244","234","2872"
119,"06","075","011200","06075011200","112",Census Tract 112,G5020,S,177415,0,"+37.7929713","-122.4127333",new_tracts — tl_2022_06_tract,/Users/admin/Desktop/OPEN_project/new_tracts.gpkg|layername=tl_2022_06_tract,"307","158750.0","20195.0","38001",San Francisco,San Francisco County,San Francisco,"667000",City,City of San Francisco,"2411786",San Francisco,"2024.0","2676.0","1319.0","68.0","1020.0","43.0","0.4928998505231690","0.0254110612855007","0.3811659192825110","0.0160687593423019","0.507100149476831","121855.0","2000001.0","1660.0","352.0","1308.0","0.2120481927710840","0.068451493210157","39093.37655767790","526893628.571429","196895.975","Census Tract 112; San Francisco County; California","88","943","368","1277","Census Tract 112; San Francisco County; California","138","184","360","1566"
120,"06","075","011300","06075011300","113",Census Tract 113,G5020,S,102298,0,"+37.7946971","-122.4093492",new_tracts — tl_2022_06_tract,/Users/admin/Desktop/OPEN_project/new_tracts.gpkg|layername=tl_2022_06_tract,"203","31801.0","14841.0","38001",San Francisco,San Francisco County,San Francisco,"667000",City,City of San Francisco,"2411786",San Francisco,"2024.0","2589.0","479.0","55.0","1856.0","133.0","0.1850135187331020","0.0212437234453456","0.7168791039011200","0.0513711857860177","0.8149864812668980","32623.0","1420500.0","1362.0","99.0","1263.0","0.0726872246696035","0.0394947490321206","65553.01814665020","452341128.571429","174716.543","Census Tract 113; San Francisco County; California","212","748","416","1213","Census Tract 113; San Francisco County; California","830","215","334","821"
121,"06","075","011700","06075011700","117",Census Tract 117,G5020,S,551749,0,"+37.7904975","-122.4034750",new_tracts — tl_2022_06_tract,/Users/admin/Desktop/OPEN_project/new_tracts.gpkg|layername=tl_2022_06_tract,"387","93500.0","35927.0","38001",San Francisco,San Francisco County,San Francisco,"667000",City,City of San Francisco,"2411786",San Francisco,"2024.0","1914.0","855.0","27.0","568.0","335.0","0.4467084639498430","0.0141065830721003","0.296760710553814","0.1750261233019850","0.5532915360501570","51464.0","1182500.0","1105.0","194.0","911.0","0.1755656108597290","0.212615318296206","9002.173574970270","615265342.857143","321455.247","Census Tract 117; San Francisco County; California","193","224","616","881","Census Tract 117; San Francisco County; California","230","220","291","942"
122,"06","075","011800","06075011800","118",Census Tract 118,G5020,S,56564,0,"+37.7933506","-122.4061645",new_tracts — tl_2022_06_tract,/Users/admin/Desktop/OPEN_project/new_tracts.gpkg|layername=tl_2022_06_tract,"389","41471.0","4031.0","38001",San Francisco,San Francisco County,San Francisco,"667000",City,City of San Francisco,"2411786",San Francisco,"2024.0","1376.0","84.0","20.0","1098.0","76.0","0.0610465116279069","0.0145348837209302","0.7979651162790700","0.0552325581395348","0.938953488372093","43487.0",,"654.0","9.0","645.0","0.0137614678899082","0.0218480499387966","62980.44923252250","435231242.857143","316301.775","Census Tract 118; San Francisco County; California","104","327","171","774","Census Tract 118; San Francisco County; California","478","274","87","329"
123,"06","001","423300","06001423300","4233",Census Tract 4233,G5020,S,726625,0,"+37.8573281","-122.2842016",new_tracts — tl_2022_06_tract,/Users/admin/Desktop/OPEN_project/new_tracts.gpkg|layername=tl_2022_06_tract,"0","83450.0","33008.0","1013",Berkeley,Alameda County,Berkeley,"606000",City,City of Berkeley,"2409837",Berkeley,"2024.0","3623.0","1691.0","712.0","268.0","521.0","0.4667402704940660","0.196522219155396","0.0739718465360198","0.1438034777808450","0.5332597295059340","101571.0","1101900.0","1476.0","829.0","647.0","0.5616531165311650","0.2802590886462060","12927.323847019300","235498556.54","65000.982","Census Tract 4233; Alameda County; California","650","788","841","1344","Census Tract 4233; Alameda County; California","151","469","637","1501"
124,"06","075","012700","06075012700","127",Census Tract 127,G5020,S,429259,250510,"+37.8049771","-122.4447185",new_tracts — tl_2022_06_tract,/Users/admin/Desktop/OPEN_project/new_tracts.gpkg|layername=tl_2022_06_tract,"351","236158.0","52772.0","38001",San Francisco,San Francisco County,San Francisco,"667000",City,City of San Francisco,"2411786",San Francisco,"2024.0","4027.0","3342.0","35.0","251.0","207.0","0.8298981872361560","0.0086913334988825","0.0623292773777005","0.0514030295505339","0.170101812763844","234886.0","2000001.0","1996.0","713.0","1283.0","0.3572144288577150","0.1676843424699310","24015.360889894200","353373842.857143","87751.141","Census Tract 127; San Francisco County; California","728","1659","517","1123","Census Tract 127; San Francisco County; California","101","201","349","2454"
125,"06","075","013200","06075013200","132",Census Tract 132,G5020,S,546674,0,"+37.7936676","-122.4387455",new_tracts — tl_2022_06_tract,/Users/admin/Desktop/OPEN_project/new_tracts.gpkg|layername=tl_2022_06_tract,"334","201464.0","26063.0","38001",San Francisco,San Francisco County,San Francisco,"667000",City,City of San Francisco,"2411786",San Francisco,"2024.0","3481.0","2412.0","1.0","540.0","195.0","0.6929043378339560","0.0002872737719046250","0.1551278368284980","0.0560183855214019","0.3070956621660440","164375.0","2000001.0","2224.0","891.0","1333.0","0.4006294964028780","0.214023939524939","16264.535676367100","543354128.571429","156091.39","Census Tract 132; San Francisco County; California","365","701","659","1756","Census Tract 132; San Francisco County; California","61","112","338","2579"
126,"06","075","012100","06075012100","121",Census Tract 121,G5020,S,123394,0,"+37.7888066","-122.4118881",new_tracts — tl_2022_06_tract,/Users/admin/Desktop/OPEN_project/new_tracts.gpkg|layername=tl_2022_06_tract,"310","83906.0","22686.0","38001",San Francisco,San Francisco County,San Francisco,"667000",City,City of San Francisco,"2411786",San Francisco,"2024.0","3203.0","1348.0","46.0","870.0","668.0","0.4208554480174840","0.0143615360599438","0.2716203559163280","0.2085544801748360","0.5791445519825170","108000.0","693500.0","1984.0","192.0","1792.0","0.0967741935483871","0.0476362107821599","67238.7653721513","487568328.571429","152222.394","Census Tract 121; San Francisco County; California","51","1408","632","1112","Census Tract 121; San Francisco County; California","223","281","345","1632"
127,"06","075","015100","06075015100","151",Census Tract 151,G5020,S,171998,0,"+37.7874563","-122.4234259",new_tracts — tl_2022_06_tract,/Users/admin/Desktop/OPEN_project/new_tracts.gpkg|layername=tl_2022_06_tract,"323","170583.0","24058.0","38001",San Francisco,San Francisco County,San Francisco,"667000",City,City of San Francisco,"2411786",San Francisco,"2024.0","2641.0","1229.0","144.0","939.0","138.0","0.4653540325634230","0.0545248012116622","0.3555471412343810","0.0522529344945096","0.5346459674365770","159921.0","973400.0","1566.0","548.0","1018.0","0.3499361430395910","0.066303717250689","39831.8542234154","685894228.571429","259710.045","Census Tract 151; San Francisco County; California","121","885","593","1042","Census Tract 151; San Francisco County; California","64","59","418","1900"
128,"06","001","423400","06001423400","4234",Census Tract 4234,G5020,S,755441,0,"+37.8583735","-122.2758840",new_tracts — tl_2022_06_tract,/Users/admin/Desktop/OPEN_project/new_tracts.gpkg|layername=tl_2022_06_tract,"3","107455.0","27066.0","1013",Berkeley,Alameda County,Berkeley,"606000",City,City of Berkeley,"2409837",Berkeley,"2024.0","5218.0","2266.0","1019.0","551.0","1061.0","0.4342660022997320","0.1952855500191640","0.1055960137983900","0.2033346109620540","0.5657339977002680","145789.0","1362400.0","1974.0","965.0","1009.0","0.488855116514691","0.2921619476711770","17859.957607733200","260103656.54","49847.385","Census Tract 4234; Alameda County; California","925","1697","1318","1278","Census Tract 4234; Alameda County; California","175","358","873","2574"
129,"06","001","423500","06001423500","4235",Census Tract 4235,G5020,S,635744,0,"+37.8593612","-122.2680480",new_tracts — tl_2022_06_tract,/Users/admin/Desktop/OPEN_project/new_tracts.gpkg|layername=tl_2022_06_tract,"6","89728.0","19995.0","1013",Berkeley,Alameda County,Berkeley,"606000",City,City of Berkeley,"2409837",Berkeley,"2024.0","3768.0","2107.0","312.0","389.0","630.0","0.5591825902335460","0.0828025477707006","0.1032377919320590","0.1671974522292990","0.4408174097664540","103702.0","1162700.0","1587.0","488.0","1099.0","0.3074984247006930","0.2443711832629240","15419.166653319900","393899156.54","104537.993","Census Tract 4235; Alameda County; California","514","1484","622","1148","Census Tract 4235; Alameda County; California","130","163","503","1959"
130,"06","001","423602","06001423602","4236.02",Census Tract 4236.02,G5020,S,404545,0,"+37.8631828","-122.2592684",new_tracts — tl_2022_06_tract,/Users/admin/Desktop/OPEN_project/new_tracts.gpkg|layername=tl_2022_06_tract,"37","59297.0","18327.0","1013",Berkeley,Alameda County,Berkeley,"606000",City,City of Berkeley,"2409837",Berkeley,"2024.0","5621.0","2577.0","189.0","1607.0","812.0","0.4584593488703080","0.0336239103362391","0.285892190001779","0.1444582814445830","0.5415406511296920","53952.0","909500.0","2255.0","664.0","1591.0","0.2944567627494460","0.1602098823965390","35085.22642871280","332509100.0","59154.795","Census Tract 4236.02; Alameda County; California","345","3599","452","1225","Census Tract 4236.02; Alameda County; California","123","105","759","1675"
131,"06","075","015900","06075015900","159",Census Tract 159,G5020,S,295577,0,"+37.7833409","-122.4293428",new_tracts — tl_2022_06_tract,/Users/admin/Desktop/OPEN_project/new_tracts.gpkg|layername=tl_2022_06_tract,"261","114323.0","42747.0","38001",San Francisco,San Francisco County,San Francisco,"667000",City,City of San Francisco,"2411786",San Francisco,"2024.0","4861.0","1502.0","576.0","1519.0","984.0","0.3089899197695950","0.1184941370088460","0.3124871425632590","0.2024274840567780","0.6910100802304050","83866.0","915500.0","2081.0","427.0","1654.0","0.2051898125901010","0.1136130886205300","42785.56334504610","700909228.571429","144190.337","Census Tract 159; San Francisco County; California","763","1139","1148","1811","Census Tract 159; San Francisco County; California","511","495","669","1966"
132,"06","075","016000","06075016000","160",Census Tract 160,G5020,S,157523,0,"+37.7823391","-122.4224915",new_tracts — tl_2022_06_tract,/Users/admin/Desktop/OPEN_project/new_tracts.gpkg|layername=tl_2022_06_tract,"259","135246.0","59453.0","38001",San Francisco,San Francisco County,San Francisco,"667000",City,City of San Francisco,"2411786",San Francisco,"2024.0","2892.0","903.0","201.0","986.0","446.0","0.3122406639004150","0.0695020746887966","0.3409405255878290","0.1542185338865840","0.6877593360995850","131771.0","752400.0","1766.0","444.0","1322.0","0.2514156285390710","0.0611498895098732","47293.625927697900","686955128.571429","237536.352","Census Tract 160; San Francisco County; California","106","771","628","1387","Census Tract 160; San Francisco County; California","351","341","477","1533"
133,"06","075","016200","06075016200","162",Census Tract 162,G5020,S,273260,0,"+37.7771541","-122.4228807",new_tracts — tl_2022_06_tract,/Users/admin/Desktop/OPEN_project/new_tracts.gpkg|layername=tl_2022_06_tract,"254","181425.0","87050.0","38001",San Francisco,San Francisco County,San Francisco,"667000",City,City of San Francisco,"2411786",San Francisco,"2024.0","3209.0","1489.0","135.0","841.0","371.0","0.4640074789654100","0.0420691804300405","0.2620754129012150","0.1156123402929260","0.5359925210345900","102035.0",,"2010.0","344.0","1666.0","0.1711442786069650","0.1054192089971790","30440.372589836800","769067342.857143","239659.502","Census Tract 162; San Francisco County; California","109","1479","634","987","Census Tract 162; San Francisco County; California","233","270","381","1820"
134,"06","075","016300","06075016300","163",Census Tract 163,G5020,S,245866,0,"+37.7760456","-122.4295509",new_tracts — tl_2022_06_tract,/Users/admin/Desktop/OPEN_project/new_tracts.gpkg|layername=tl_2022_06_tract,"253","129962.0","21621.0","38001",San Francisco,San Francisco County,San Francisco,"667000",City,City of San Francisco,"2411786",San Francisco,"2024.0","3925.0","2258.0","444.0","514.0","565.0","0.5752866242038220","0.1131210191082800","0.1309554140127390","0.1439490445859870","0.4247133757961780","135658.0","1161800.0","1994.0","344.0","1650.0","0.1725175526579740","0.0950069243583382","41312.778268624400","811478742.857143","206746.177","Census Tract 163; San Francisco County; California","340","1549","1001","1035","Census Tract 163; San Francisco County; California","49","256","594","2312"
135,"06","075","016400","06075016400","164",Census Tract 164,G5020,S,309099,0,"+37.7750995","-122.4369730",new_tracts — tl_2022_06_tract,/Users/admin/Desktop/OPEN_project/new_tracts.gpkg|layername=tl_2022_06_tract,"252","212667.0","31860.0","38001",San Francisco,San Francisco County,San Francisco,"667000",City,City of San Francisco,"2411786",San Francisco,"2024.0","3571.0","2223.0","257.0","647.0","308.0","0.6225147017642120","0.0719686362363483","0.181181741809017","0.086250350042005","0.3774852982357880","161612.0","954400.0","1753.0","281.0","1472.0","0.1602966343411290","0.1192656416112000","29941.565330619400","719807742.857143","201570.356","Census Tract 164; San Francisco County; California","326","1585","893","767","Census Tract 164; San Francisco County; California","114","139","285","2566"
136,"06","075","015500","06075015500","155",Census Tract 155,G5020,S,312148,0,"+37.7850941","-122.4341319",new_tracts — tl_2022_06_tract,/Users/admin/Desktop/OPEN_project/new_tracts.gpkg|layername=tl_2022_06_tract,"319","92829.0","37418.0","38001",San Francisco,San Francisco County,San Francisco,"667000",City,City of San Francisco,"2411786",San Francisco,"2024.0","4011.0","1757.0","137.0","1575.0","450.0","0.43804537521815","0.0341560708052854","0.3926701570680630","0.1121914734480180","0.5619546247818500","95841.0","1351900.0","2209.0","192.0","2017.0","0.0869171570846537","0.1214145185979060","33035.58788783250","703685828.571429","175439.0","Census Tract 155; San Francisco County; California","199","1255","526","2031","Census Tract 155; San Francisco County; California","299","418","404","2241"
137,"06","075","015600","06075015600","156",Census Tract 156,G5020,S,293931,0,"+37.7782473","-122.4564269",new_tracts — tl_2022_06_tract,/Users/admin/Desktop/OPEN_project/new_tracts.gpkg|layername=tl_2022_06_tract,"346","99028.0","33880.0","38001",San Francisco,San Francisco County,San Francisco,"667000",City,City of San Francisco,"2411786",San Francisco,"2024.0","2964.0","1180.0","151.0","1151.0","218.0","0.398110661268556","0.050944669365722","0.3883265856950070","0.073549257759784","0.601889338731444","92963.0","1127400.0","1418.0","388.0","1030.0","0.2736248236953460","0.1134829243765140","26118.46686437180","549297642.857143","185323.091","Census Tract 156; San Francisco County; California","224","1007","498","1235","Census Tract 156; San Francisco County; California","264","150","322","1409"
138,"06","075","016700","06075016700","167",Census Tract 167,G5020,S,490697,0,"+37.7703481","-122.4377358",new_tracts — tl_2022_06_tract,/Users/admin/Desktop/OPEN_project/new_tracts.gpkg|layername=tl_2022_06_tract,"248","232895.0","32995.0","38001",San Francisco,San Francisco County,San Francisco,"667000",City,City of San Francisco,"2411786",San Francisco,"2024.0","4852.0","2932.0","42.0","952.0","394.0","0.6042868920032980","0.0086562242374278","0.1962077493816980","0.0812036273701566","0.3957131079967020","239839.0","1822100.0","2392.0","767.0","1625.0","0.3206521739130430","0.1897154314697120","25575.146746956200","832271942.857143","171531.728","Census Tract 167; San Francisco County; California","333","2149","1437","933","Census Tract 167; San Francisco County; California","76","160","587","3322"
139,"06","001","404101","06001404101","4041.01",Census Tract 4041.01,G5020,S,569281,0,"+37.8300877","-122.2498696",new_tracts — tl_2022_06_tract,/Users/admin/Desktop/OPEN_project/new_tracts.gpkg|layername=tl_2022_06_tract,"130","128711.0","23998.0","1017",Oakland,Alameda County,Oakland,"653000",City,City of Oakland,"2411292",Oakland,"2024.0","3267.0","2180.0","238.0","269.0","305.0","0.667278849097031","0.0728497092133455","0.0823385368839914","0.0933578206305479","0.332721150902969","125729.0","1158400.0","1768.0","667.0","1101.0","0.377262443438914","0.2248052173027030","14532.580868000700","304424900.0","93181.788","Census Tract 4041.01; Alameda County; California","367","801","891","1208","Census Tract 4041.01; Alameda County; California","59","159","390","2166"
140,"06","001","405302","06001405302","4053.02",Census Tract 4053.02,G5020,S,205566,0,"+37.7985075","-122.2543138",new_tracts — tl_2022_06_tract,/Users/admin/Desktop/OPEN_project/new_tracts.gpkg|layername=tl_2022_06_tract,"126","63709.0","10356.0","1017",Oakland,Alameda County,Oakland,"653000",City,City of Oakland,"2411292",Oakland,"2024.0","2501.0","812.0","428.0","729.0","286.0","0.3246701319472210","0.1711315473810480","0.291483406637345","0.1143542582966810","0.6753298680527790","61806.0","739600.0","1558.0","62.0","1496.0","0.0397946084724005","0.078594507881643","31821.561931099600","177196700.0","70850.34","Census Tract 4053.02; Alameda County; California","119","1042","382","958","Census Tract 4053.02; Alameda County; California","230","295","424","1315"
141,"06","001","405600","06001405600","4056",Census Tract 4056,G5020,S,428774,0,"+37.8008019","-122.2372726",new_tracts — tl_2022_06_tract,/Users/admin/Desktop/OPEN_project/new_tracts.gpkg|layername=tl_2022_06_tract,"143","80669.0","18556.0","1017",Oakland,Alameda County,Oakland,"653000",City,City of Oakland,"2411292",Oakland,"2024.0","3277.0","864.0","358.0","1086.0","767.0","0.2636557827281050","0.1092462618248400","0.3314006713457430","0.2340555386023800","0.736344217271895","95455.0","890900.0","1504.0","471.0","1033.0","0.3131648936170210","0.1659465578861850","19747.32131682740","226832500.0","69219.561","Census Tract 4056; Alameda County; California","363","986","1015","913","Census Tract 4056; Alameda County; California","380","241","617","1506"
142,"06","001","406400","06001406400","4064",Census Tract 4064,G5020,S,487977,77536,"+37.7986398","-122.2220610",new_tracts — tl_2022_06_tract,/Users/admin/Desktop/OPEN_project/new_tracts.gpkg|layername=tl_2022_06_tract,"150","72955.0","34494.0","1017",Oakland,Alameda County,Oakland,"653000",City,City of Oakland,"2411292",Oakland,"2024.0","2370.0","743.0","308.0","409.0","746.0","0.3135021097046410","0.1299578059071730","0.1725738396624470","0.3147679324894510","0.6864978902953590","80104.0","810900.0","772.0","394.0","378.0","0.5103626943005180","0.218474268684735","10847.959415394500","275398900.0","116202.068","Census Tract 4064; Alameda County; California","525","256","419","1170","Census Tract 4064; Alameda County; California","393","368","356","637"
143,"06","001","405700","06001405700","4057",Census Tract 4057,G5020,S,546860,0,"+37.7982307","-122.2296737",new_tracts — tl_2022_06_tract,/Users/admin/Desktop/OPEN_project/new_tracts.gpkg|layername=tl_2022_06_tract,"146","74547.0","16003.0","1017",Oakland,Alameda County,Oakland,"653000",City,City of Oakland,"2411292",Oakland,"2024.0","3927.0","487.0","846.0","885.0","1472.0","0.1240132416603000","0.215431627196333","0.2253628724216960","0.3748408454290810","0.8759867583397000","89500.0","845300.0","1472.0","479.0","993.0","0.3254076086956520","0.2121730632143370","18508.47577212450","237040500.0","60361.727","Census Tract 4057; Alameda County; California","904","1035","695","1293","Census Tract 4057; Alameda County; California","622","436","727","982"
144,"06","001","405800","06001405800","4058",Census Tract 4058,G5020,S,519053,0,"+37.7939452","-122.2330985",new_tracts — tl_2022_06_tract,/Users/admin/Desktop/OPEN_project/new_tracts.gpkg|layername=tl_2022_06_tract,"144","67222.0","10099.0","1017",Oakland,Alameda County,Oakland,"653000",City,City of Oakland,"2411292",Oakland,"2024.0","4590.0","479.0","820.0","2250.0","829.0","0.1043572984749460","0.1786492374727670","0.4901960784313730","0.1806100217864920","0.8956427015250540","68378.0","790500.0","1378.0","603.0","775.0","0.4375907111756170","0.2007328701774710","22866.210182427600","188208800.0","41004.096","Census Tract 4058; Alameda County; California","946","1250","1185","1209","Census Tract 4058; Alameda County; California","1010","865","729","663"
145,"06","001","404700","06001404700","4047",Census Tract 4047,G5020,S,1195709,0,"+37.8133308","-122.2069747",new_tracts — tl_2022_06_tract,/Users/admin/Desktop/OPEN_project/new_tracts.gpkg|layername=tl_2022_06_tract,"155","250001.0",,"1017",Oakland,Alameda County,Oakland,"653000",City,City of Oakland,"2411292",Oakland,"2024.0","2211.0","1414.0","70.0","300.0","225.0","0.6395296246042510","0.031659882406151","0.1356852103120760","0.1017639077340570","0.3604703753957490","250001.0","1571600.0","857.0","808.0","49.0","0.942823803967328","0.4610731614780930","4795.334417019740","233401100.0","105563.591","Census Tract 4047; Alameda County; California","439","168","465","1139","Census Tract 4047; Alameda County; California","9","42","236","1448"
146,"06","001","404800","06001404800","4048",Census Tract 4048,G5020,S,628406,0,"+37.8055076","-122.2131962",new_tracts — tl_2022_06_tract,/Users/admin/Desktop/OPEN_project/new_tracts.gpkg|layername=tl_2022_06_tract,"153","114083.0","51184.0","1017",Oakland,Alameda County,Oakland,"653000",City,City of Oakland,"2411292",Oakland,"2024.0","2755.0","1512.0","245.0","384.0","323.0","0.5488203266787660","0.0889292196007259","0.1393829401088930","0.1172413793103450","0.4511796733212340","101607.0","1218800.0","1184.0","731.0","453.0","0.6173986486486490","0.2379900814240950","11576.11268299300","244827800.0","88866.715","Census Tract 4048; Alameda County; California","597","399","624","1135","Census Tract 4048; Alameda County; California","143","73","386","1460"
147,"06","001","405200","06001405200","4052",Census Tract 4052,G5020,S,857818,0,"+37.8052759","-122.2433884",new_tracts — tl_2022_06_tract,/Users/admin/Desktop/OPEN_project/new_tracts.gpkg|layername=tl_2022_06_tract,"137","105222.0","17818.0","1017",Oakland,Alameda County,Oakland,"653000",City,City of Oakland,"2411292",Oakland,"2024.0","5254.0","1549.0","593.0","1738.0","664.0","0.2948229920060910","0.1128663875142750","0.3307955843167110","0.1263799010277880","0.7051770079939100","131563.0","1106400.0","2367.0","568.0","1799.0","0.2399662019433880","0.3290783211326420","15965.804073378200","305298900.0","58107.899","Census Tract 4052; Alameda County; California","787","1370","1472","1625","Census Tract 4052; Alameda County; California","183","463","738","2893"
148,"06","001","405500","06001405500","4055",Census Tract 4055,G5020,S,411721,0,"+37.7982821","-122.2432790",new_tracts — tl_2022_06_tract,/Users/admin/Desktop/OPEN_project/new_tracts.gpkg|layername=tl_2022_06_tract,"139","82222.0","20399.0","1017",Oakland,Alameda County,Oakland,"653000",City,City of Oakland,"2411292",Oakland,"2024.0","3674.0","818.0","848.0","1246.0","561.0","0.2226456178551990","0.230811105062602","0.3391399020141540","0.1526946107784430","0.7773543821448010","92837.0","869700.0","1657.0","538.0","1119.0","0.3246831623415810","0.1574941343118260","23327.85291372030","205852600.0","56029.559","Census Tract 4055; Alameda County; California","364","1025","989","1296","Census Tract 4055; Alameda County; California","423","601","889","1211"
149,"06","001","405100","06001405100","4051",Census Tract 4051,G5020,S,1256520,0,"+37.8114250","-122.2322366",new_tracts — tl_2022_06_tract,/Users/admin/Desktop/OPEN_project/new_tracts.gpkg|layername=tl_2022_06_tract,"142","250001.0",,"1017",Oakland,Alameda County,Oakland,"653000",City,City of Oakland,"2411292",Oakland,"2024.0","4476.0","2966.0","181.0","551.0","311.0","0.662645218945487","0.040437890974084","0.123100983020554","0.0694816800714924","0.337354781054513","250001.0","1900100.0","1708.0","1597.0","111.0","0.9350117096018740","0.4864791676020200","9200.805087016050","288877800.0","64539.276","Census Tract 4051; Alameda County; California","1068","511","1139","1758","Census Tract 4051; Alameda County; California","9","159","411","2694"
150,"06","001","404900","06001404900","4049",Census Tract 4049,G5020,S,1011184,0,"+37.8041422","-122.2215059",new_tracts — tl_2022_06_tract,/Users/admin/Desktop/OPEN_project/new_tracts.gpkg|layername=tl_2022_06_tract,"148","151860.0","35377.0","1017",Oakland,Alameda County,Oakland,"653000",City,City of Oakland,"2411292",Oakland,"2024.0","4929.0","2384.0","188.0","823.0","768.0","0.483668086833029","0.0381416108744167","0.1669709880300260","0.1558125380401700","0.516331913166971","132849.0","1219900.0","2113.0","1271.0","842.0","0.6015144344533840","0.3927331613277190","12550.506260628600","285404200.0","57903.064","Census Tract 4049; Alameda County; California","938","911","1111","1969","Census Tract 4049; Alameda County; California","240","255","672","2500"
151,"06","001","405401","06001405401","4054.01",Census Tract 4054.01,G5020,S,313930,0,"+37.7965384","-122.2494562",new_tracts — tl_2022_06_tract,/Users/admin/Desktop/OPEN_project/new_tracts.gpkg|layername=tl_2022_06_tract,"132","70231.0","13508.0","1017",Oakland,Alameda County,Oakland,"653000",City,City of Oakland,"2411292",Oakland,"2024.0","3796.0","626.0","545.0","1315.0","920.0","0.1649104320337200","0.1435721812434140","0.3464172813487880","0.2423603793466810","0.8350895679662800","76071.0","665200.0","1598.0","171.0","1427.0","0.1070087609511890","0.1227290698626980","30929.917453515600","168602500.0","44415.832","Census Tract 4054.01; Alameda County; California","419","1105","1035","1237","Census Tract 4054.01; Alameda County; California","539","376","701","1404"
152,"06","001","406602","06001406602","4066.02",Census Tract 4066.02,G5020,S,414724,0,"+37.7964782","-122.2143072",new_tracts — tl_2022_06_tract,/Users/admin/Desktop/OPEN_project/new_tracts.gpkg|layername=tl_2022_06_tract,"152","58869.0","21718.0","1017",Oakland,Alameda County,Oakland,"653000",City,City of Oakland,"2411292",Oakland,"2024.0","2837.0","413.0","563.0","474.0","1066.0","0.1455763130066970","0.1984490659146990","0.1670778991892840","0.3757490306661970","0.8544236869933030","74551.0","877700.0","980.0","280.0","700.0","0.2857142857142860","0.1613884623946870","17578.70394143730","248383500.0","87551.463","Census Tract 4066.02; Alameda County; California","721","597","770","749","Census Tract 4066.02; Alameda County; California","406","401","370","729"
153,"06","001","407101","06001407101","4071.01",Census Tract 4071.01,G5020,S,370826,0,"+37.7831286","-122.2143965",new_tracts — tl_2022_06_tract,/Users/admin/Desktop/OPEN_project/new_tracts.gpkg|layername=tl_2022_06_tract,"75","48281.0","9470.0","1017",Oakland,Alameda County,Oakland,"653000",City,City of Oakland,"2411292",Oakland,"2024.0","3545.0","352.0","435.0","767.0","1657.0","0.0992947813822285","0.1227080394922430","0.216361071932299","0.4674188998589560","0.9007052186177720","68636.0","669200.0","1156.0","475.0","681.0","0.4108996539792390","0.1429870724830910","24792.45108273150","230613300.0","65053.117","Census Tract 4071.01; Alameda County; California","754","836","979","976","Census Tract 4071.01; Alameda County; California","611","873","420","642"
154,"06","001","407102","06001407102","4071.02",Census Tract 4071.02,G5020,S,660864,0,"+37.7807761","-122.2102384",new_tracts — tl_2022_06_tract,/Users/admin/Desktop/OPEN_project/new_tracts.gpkg|layername=tl_2022_06_tract,"76","70284.0","25805.0","1017",Oakland,Alameda County,Oakland,"653000",City,City of Oakland,"2411292",Oakland,"2024.0","3996.0","375.0","746.0","1057.0","1636.0","0.0938438438438438","0.1866866866866870","0.2645145145145150","0.4094094094094090","0.9061561561561560","83125.0","696800.0","1327.0","813.0","514.0","0.6126601356443100","0.2549644649063250","15672.772287966300","300164300.0","75116.191","Census Tract 4071.02; Alameda County; California","756","1135","724","1381","Census Tract 4071.02; Alameda County; California","608","839","600","589"
155,"06","001","406201","06001406201","4062.01",Census Tract 4062.01,G5020,S,408064,0,"+37.7850449","-122.2307359",new_tracts — tl_2022_06_tract,/Users/admin/Desktop/OPEN_project/new_tracts.gpkg|layername=tl_2022_06_tract,"77","50417.0","19883.0","1017",Oakland,Alameda County,Oakland,"653000",City,City of Oakland,"2411292",Oakland,"2024.0","5344.0","437.0","358.0","970.0","3283.0","0.0817739520958083","0.0669910179640718","0.1815119760479040","0.6143338323353290","0.9182260479041920","74635.0","762300.0","1506.0","320.0","1186.0","0.2124833997343960","0.1572999420288780","33973.31194832170","189986100.0","35551.291","Census Tract 4062.01; Alameda County; California","1265","1781","986","1312","Census Tract 4062.01; Alameda County; California","1246","961","710","616"
156,"06","001","406202","06001406202","4062.02",Census Tract 4062.02,G5020,S,392183,0,"+37.7819786","-122.2265557",new_tracts — tl_2022_06_tract,/Users/admin/Desktop/OPEN_project/new_tracts.gpkg|layername=tl_2022_06_tract,"78","55000.0","11144.0","1017",Oakland,Alameda County,Oakland,"653000",City,City of Oakland,"2411292",Oakland,"2024.0","5257.0","446.0","237.0","816.0","3621.0","0.0848392619364656","0.0450827468137721","0.1552216092828610","0.6887958911926960","0.9151607380635340","68160.0","783200.0","1403.0","170.0","1233.0","0.1211689237348540","0.1516712237302980","34660.497032370600","187079900.0","35586.818","Census Tract 4062.02; Alameda County; California","1258","1352","1067","1580","Census Tract 4062.02; Alameda County; California","1418","517","773","729"
157,"06","001","406300","06001406300","4063",Census Tract 4063,G5020,S,485715,0,"+37.7892880","-122.2250127",new_tracts — tl_2022_06_tract,/Users/admin/Desktop/OPEN_project/new_tracts.gpkg|layername=tl_2022_06_tract,"149","62837.0","24190.0","1017",Oakland,Alameda County,Oakland,"653000",City,City of Oakland,"2411292",Oakland,"2024.0","4378.0","411.0","638.0","1024.0","1715.0","0.0938784833257195","0.1457286432160800","0.2338967565098220","0.3917313841936960","0.9061215166742800","68399.0","747300.0","1441.0","603.0","838.0","0.4184594031922280","0.1879148445244610","23297.78688362280","212862200.0","48620.877","Census Tract 4063; Alameda County; California","1115","775","1144","1344","Census Tract 4063; Alameda County; California","836","586","751","857"
158,"06","075","025200","06075025200","252",Census Tract 252,G5020,S,657048,0,"+37.7437123","-122.4142166",new_tracts — tl_2022_06_tract,/Users/admin/Desktop/OPEN_project/new_tracts.gpkg|layername=tl_2022_06_tract,"301","147868.0","63971.0","38001",San Francisco,San Francisco County,San Francisco,"667000",City,City of San Francisco,"2411786",San Francisco,"2024.0","5415.0","3228.0","74.0","532.0","1025.0","0.5961218836565100","0.0136657433056325","0.0982456140350877","0.1892890120036930","0.4038781163434900","197853.0","1597500.0","2477.0","1804.0","673.0","0.7283003633427530","0.2560448710454200","21148.636869353300","586303700.0","108273.998","Census Tract 252; San Francisco County; California","1052","630","1132","2601","Census Tract 252; San Francisco County; California","149","673","464","2924"
159,"06","075","025300","06075025300","253",Census Tract 253,G5020,S,403918,0,"+37.7438747","-122.4202434",new_tracts — tl_2022_06_tract,/Users/admin/Desktop/OPEN_project/new_tracts.gpkg|layername=tl_2022_06_tract,"238","168720.0","19595.0","38001",San Francisco,San Francisco County,San Francisco,"667000",City,City of San Francisco,"2411786",San Francisco,"2024.0","4302.0","2018.0","55.0","378.0","1495.0","0.4690841469084150","0.0127847512784751","0.0878661087866108","0.3475127847512790","0.5309158530915850","181578.0","1523400.0","1753.0","889.0","864.0","0.5071306332002280","0.1535589212221990","28015.304912015000","541645900.0","125905.602","Census Tract 253; San Francisco County; California","532","1301","922","1547","Census Tract 253; San Francisco County; California","369","481","565","2177"
160,"06","075","025402","06075025402","254.02",Census Tract 254.02,G5020,S,300995,0,"+37.7368768","-122.4127788",new_tracts — tl_2022_06_tract,/Users/admin/Desktop/OPEN_project/new_tracts.gpkg|layername=tl_2022_06_tract,"304","166094.0","31994.0","38001",San Francisco,San Francisco County,San Francisco,"667000",City,City of San Francisco,"2411786",San Francisco,"2024.0","2901.0","1284.0","54.0","455.0","888.0","0.4426059979317480","0.0186142709410548","0.1568424681144430","0.3061013443640120","0.5573940020682520","190625.0","1366700.0","1048.0","764.0","284.0","0.7290076335877860","0.1130627099138900","25658.327154987100","362200200.0","124853.568","Census Tract 254.02; San Francisco County; California","424","538","625","1314","Census Tract 254.02; San Francisco County; California","114","274","414","1541"
161,"06","075","025600","06075025600","256",Census Tract 256,G5020,S,577287,0,"+37.7287884","-122.4223771",new_tracts — tl_2022_06_tract,/Users/admin/Desktop/OPEN_project/new_tracts.gpkg|layername=tl_2022_06_tract,"234","115739.0","33192.0","38001",San Francisco,San Francisco County,San Francisco,"667000",City,City of San Francisco,"2411786",San Francisco,"2024.0","5419.0","839.0","116.0","2811.0","1470.0","0.1548256135818420","0.0214061634988005","0.5187303930614500","0.2712677615796270","0.8451743864181580","144100.0","1038100.0","1610.0","1110.0","500.0","0.6894409937888200","0.2216549281639870","24447.91119641090","353293900.0","65195.405","Census Tract 256; San Francisco County; California","1027","1187","1022","2183","Census Tract 256; San Francisco County; California","589","816","943","1534"
162,"06","075","025800","06075025800","258",Census Tract 258,G5020,S,250923,0,"+37.7214949","-122.4018971",new_tracts — tl_2022_06_tract,/Users/admin/Desktop/OPEN_project/new_tracts.gpkg|layername=tl_2022_06_tract,"285","87614.0","39917.0","38001",San Francisco,San Francisco County,San Francisco,"667000",City,City of San Francisco,"2411786",San Francisco,"2024.0","1603.0","107.0","75.0","1201.0","129.0","0.0667498440424204","0.0467872738615096","0.7492202121023080","0.0804741110417966","0.9332501559575800","82188.0","1118100.0","612.0","307.0","305.0","0.5016339869281050","0.0953187438788705","16817.258964690800","214468800.0","133792.14","Census Tract 258; San Francisco County; California","151","365","267","820","Census Tract 258; San Francisco County; California","421","175","439","346"
163,"06","075","025900","06075025900","259",Census Tract 259,G5020,S,692401,81108,"+37.7234533","-122.4105033",new_tracts — tl_2022_06_tract,/Users/admin/Desktop/OPEN_project/new_tracts.gpkg|layername=tl_2022_06_tract,"299","147944.0","15360.0","38001",San Francisco,San Francisco County,San Francisco,"667000",City,City of San Francisco,"2411786",San Francisco,"2024.0","4034.0","760.0","112.0","2206.0","749.0","0.1883986117997030","0.0277640059494298","0.5468517600396630","0.1856717897868120","0.8116013882002980","175524.0","1161100.0","1422.0","1196.0","226.0","0.8410689170182840","0.301456857764191","13381.682639164000","213974200.0","53042.687","Census Tract 259; San Francisco County; California","687","661","1135","1551","Census Tract 259; San Francisco County; California","349","555","672","1624"
164,"06","075","026002","06075026002","260.02",Census Tract 260.02,G5020,S,357875,0,"+37.7261195","-122.4262822",new_tracts — tl_2022_06_tract,/Users/admin/Desktop/OPEN_project/new_tracts.gpkg|layername=tl_2022_06_tract,"232","136324.0","37319.0","38001",San Francisco,San Francisco County,San Francisco,"667000",City,City of San Francisco,"2411786",San Francisco,"2024.0","3641.0","986.0","146.0","1194.0","1094.0","0.2708047239769290","0.0400988739357319","0.3279318868442740","0.3004669046965120","0.7291952760230710","127768.0","1151400.0","1069.0","798.0","271.0","0.7464920486435920","0.1375753026695590","26465.50601269830","314857000.0","86475.419","Census Tract 260.02; San Francisco County; California","668","379","984","1610","Census Tract 260.02; San Francisco County; California","598","644","586","1052"
165,"06","075","026004","06075026004","260.04",Census Tract 260.04,G5020,S,336229,0,"+37.7178918","-122.4357033",new_tracts — tl_2022_06_tract,/Users/admin/Desktop/OPEN_project/new_tracts.gpkg|layername=tl_2022_06_tract,"282","111089.0","43312.0","38001",San Francisco,San Francisco County,San Francisco,"667000",City,City of San Francisco,"2411786",San Francisco,"2024.0","3840.0","734.0","35.0","1570.0","1328.0","0.1911458333333330","0.0091145833333333","0.4088541666666670","0.3458333333333330","0.8088541666666670","146136.0","1089300.0","1112.0","757.0","355.0","0.6807553956834530","0.1294667345259380","29660.12863505630","229300700.0","59713.724","Census Tract 260.04; San Francisco County; California","517","892","936","1495","Census Tract 260.04; San Francisco County; California","559","641","699","1179"
166,"06","075","020500","06075020500","205",Census Tract 205,G5020,S,276896,0,"+37.7591282","-122.4370296",new_tracts — tl_2022_06_tract,/Users/admin/Desktop/OPEN_project/new_tracts.gpkg|layername=tl_2022_06_tract,"241","250001.0",,"38001",San Francisco,San Francisco County,San Francisco,"667000",City,City of San Francisco,"2411786",San Francisco,"2024.0","2789.0","1940.0","59.0","338.0","223.0","0.6955898171387590","0.0211545356758694","0.1211903908210830","0.0799569738257439","0.3044101828612410","250001.0","1934100.0","1246.0","583.0","663.0","0.4678972712680580","0.1095473160773930","25459.31840109730","584384400.0","209531.875","Census Tract 205; San Francisco County; California","413","552","874","950","Census Tract 205; San Francisco County; California","76","177","355","1726"
167,"06","075","061000","06075061000","610",Census Tract 610,G5020,S,2176182,865060,"+37.7132283","-122.3846994",new_tracts — tl_2022_06_tract,/Users/admin/Desktop/OPEN_project/new_tracts.gpkg|layername=tl_2022_06_tract,"280","107882.0","33701.0","38001",San Francisco,San Francisco County,San Francisco,"667000",City,City of San Francisco,"2411786",San Francisco,"2024.0","4295.0","560.0","628.0","2431.0","555.0","0.1303841676367870","0.1462165308498250","0.5660069848661230","0.129220023282887","0.869615832363213","155968.0","966000.0","1588.0","1105.0","483.0","0.6958438287153650","0.8425976842933210","5097.331834708490","127341500.0","29648.778","Census Tract 610; San Francisco County; California","787","965","1130","1413","Census Tract 610; San Francisco County; California","355","513","1039","1374"
168,"06","075","016900","06075016900","169",Census Tract 169,G5020,S,294789,0,"+37.7671003","-122.4324670",new_tracts — tl_2022_06_tract,/Users/admin/Desktop/OPEN_project/new_tracts.gpkg|layername=tl_2022_06_tract,"246","150139.0","44708.0","38001",San Francisco,San Francisco County,San Francisco,"667000",City,City of San Francisco,"2411786",San Francisco,"2024.0","2889.0","2034.0","32.0","376.0","235.0","0.7040498442367600","0.0110764970578054","0.1301488404292140","0.0813430252682589","0.2959501557632400","201827.0","1742500.0","1507.0","511.0","996.0","0.3390842733908430","0.114548688608313","25220.71649269270","809674542.857143","280261.178","Census Tract 169; San Francisco County; California","318","902","714","955","Census Tract 169; San Francisco County; California","73","206","288","1760"
169,"06","075","017000","06075017000","170",Census Tract 170,G5020,S,469563,0,"+37.7648873","-122.4394974",new_tracts — tl_2022_06_tract,/Users/admin/Desktop/OPEN_project/new_tracts.gpkg|layername=tl_2022_06_tract,"245","250001.0",,"38001",San Francisco,San Francisco County,San Francisco,"667000",City,City of San Francisco,"2411786",San Francisco,"2024.0","4061.0","2753.0","76.0","578.0","342.0","0.6779118443733070","0.0187146023147008","0.1423294754986460","0.0842157104161536","0.3220881556266930","229013.0","1821400.0","2201.0","1120.0","1081.0","0.5088596092685140","0.1846001875559000","21998.89422523080","650161300.0","160098.818","Census Tract 170; San Francisco County; California","401","799","1106","1755","Census Tract 170; San Francisco County; California","15","211","198","3175"
170,"06","075","026100","06075026100","261",Census Tract 261,G5020,S,751208,0,"+37.7196238","-122.4431600",new_tracts — tl_2022_06_tract,/Users/admin/Desktop/OPEN_project/new_tracts.gpkg|layername=tl_2022_06_tract,"287","116444.0","20612.0","38001",San Francisco,San Francisco County,San Francisco,"667000",City,City of San Francisco,"2411786",San Francisco,"2024.0","6811.0","488.0","0.0","4324.0","1830.0","0.0716488034062545","0.0","0.6348553810013210","0.2686830127734550","0.9283511965937450","122222.0","1234000.0","2146.0","1401.0","745.0","0.6528424976700840","0.2893207024318460","23541.350282752200","410253700.0","60233.989","Census Tract 261; San Francisco County; California","1388","1122","1674","2627","Census Tract 261; San Francisco County; California","1161","701","1360","1861"
171,"06","075","060400","06075060400","604",Census Tract 604,G5020,S,4424675,2420402,"+37.7227157","-122.4916361",new_tracts — tl_2022_06_tract,/Users/admin/Desktop/OPEN_project/new_tracts.gpkg|layername=tl_2022_06_tract,"176","99556.0","17325.0","38001",San Francisco,San Francisco County,San Francisco,"667000",City,City of San Francisco,"2411786",San Francisco,"2024.0","1935.0","471.0","86.0","662.0","350.0","0.2434108527131780","0.0444444444444444","0.3421188630490960","0.1808785529715760","0.7565891472868220","77045.0","1024000.0","1124.0","342.0","782.0","0.304270462633452","2.1575783057815700","896.838828428552","272429700.0","140790.543","Census Tract 604; San Francisco County; California","340","404","477","714","Census Tract 604; San Francisco County; California","65","266","264","937"
172,"06","075","026301","06075026301","263.01",Census Tract 263.01,G5020,S,367744,0,"+37.7138687","-122.4395362",new_tracts — tl_2022_06_tract,/Users/admin/Desktop/OPEN_project/new_tracts.gpkg|layername=tl_2022_06_tract,"288","95458.0","15013.0","38001",San Francisco,San Francisco County,San Francisco,"667000",City,City of San Francisco,"2411786",San Francisco,"2024.0","5019.0","654.0","43.0","2958.0","1182.0","0.1303048416019130","0.0085674437138872","0.5893604303646150","0.2355050806933650","0.8696951583980870","115125.0","1093600.0","1317.0","726.0","591.0","0.55125284738041","0.144491494517892","34735.60860275070","203964100.0","40638.394","Census Tract 263.01; San Francisco County; California","909","1157","779","2174","Census Tract 263.01; San Francisco County; California","884","1024","1057","860"
173,"06","075","026302","06075026302","263.02",Census Tract 263.02,G5020,S,750803,0,"+37.7116465","-122.4308297",new_tracts — tl_2022_06_tract,/Users/admin/Desktop/OPEN_project/new_tracts.gpkg|layername=tl_2022_06_tract,"289","93370.0","17885.0","38001",San Francisco,San Francisco County,San Francisco,"667000",City,City of San Francisco,"2411786",San Francisco,"2024.0","4302.0","444.0","166.0","2204.0","1347.0","0.103207810320781","0.0385867038586703","0.5123198512319850","0.3131101813110180","0.8967921896792190","92031.0","1121300.0","1526.0","979.0","547.0","0.6415465268676280","0.2917684331634450","14744.569703296500","112677900.0","26191.98","Census Tract 263.02; San Francisco County; California","493","1032","669","2108","Census Tract 263.02; San Francisco County; California","481","730","1247","981"
174,"06","075","020401","06075020401","204.01",Census Tract 204.01,G5020,S,327721,0,"+37.7595115","-122.4434831",new_tracts — tl_2022_06_tract,/Users/admin/Desktop/OPEN_project/new_tracts.gpkg|layername=tl_2022_06_tract,"354","157237.0","24433.0","38001",San Francisco,San Francisco County,San Francisco,"667000",City,City of San Francisco,"2411786",San Francisco,"2024.0","3400.0","2154.0","69.0","529.0","332.0","0.6335294117647060","0.0202941176470588","0.1555882352941180","0.0976470588235294","0.3664705882352940","196667.0","1662600.0","1678.0","797.0","881.0","0.4749702026221690","0.124412222604181","27328.504618208900","523332300.0","153921.265","Census Tract 204.01; San Francisco County; California","268","1179","701","1252","Census Tract 204.01; San Francisco County; California","6","110","423","2331"
175,"06","075","026303","06075026303","263.03",Census Tract 263.03,G5020,S,427352,0,"+37.7096620","-122.4434545",new_tracts — tl_2022_06_tract,/Users/admin/Desktop/OPEN_project/new_tracts.gpkg|layername=tl_2022_06_tract,"290","110074.0","51698.0","38001",San Francisco,San Francisco County,San Francisco,"667000",City,City of San Francisco,"2411786",San Francisco,"2024.0","4600.0","440.0","20.0","3254.0","808.0","0.0956521739130434","0.0043478260869565","0.707391304347826","0.1756521739130430","0.9043478260869560","96146.0","1159300.0","1357.0","1029.0","328.0","0.7582903463522480","0.1630696054994320","28208.812953901500","148190000.0","32215.217","Census Tract 263.03; San Francisco County; California","708","872","1036","1984","Census Tract 263.03; San Francisco County; California","760","839","1178","925"
176,"06","075","026401","06075026401","264.01",Census Tract 264.01,G5020,S,341043,0,"+37.7135251","-122.4112834",new_tracts — tl_2022_06_tract,/Users/admin/Desktop/OPEN_project/new_tracts.gpkg|layername=tl_2022_06_tract,"291","94093.0","21761.0","38001",San Francisco,San Francisco County,San Francisco,"667000",City,City of San Francisco,"2411786",San Francisco,"2024.0","3194.0","178.0","340.0","1873.0","614.0","0.0557294927989981","0.1064495929868500","0.5864120225422670","0.1922354414527240","0.944270507201002","82045.0","984800.0","1018.0","654.0","364.0","0.6424361493123770","0.1262008468131680","25308.863455793700","86134700.0","26967.658","Census Tract 264.01; San Francisco County; California","677","412","853","1252","Census Tract 264.01; San Francisco County; California","694","667","562","430"
177,"06","075","026402","06075026402","264.02",Census Tract 264.02,G5020,S,398279,0,"+37.7164934","-122.4034909",new_tracts — tl_2022_06_tract,/Users/admin/Desktop/OPEN_project/new_tracts.gpkg|layername=tl_2022_06_tract,"292","118182.0","26651.0","38001",San Francisco,San Francisco County,San Francisco,"667000",City,City of San Francisco,"2411786",San Francisco,"2024.0","4660.0","966.0","208.0","2572.0","691.0","0.2072961373390560","0.0446351931330472","0.551931330472103","0.1482832618025750","0.7927038626609440","151250.0","967100.0","1241.0","918.0","323.0","0.7397260273972600","0.1471410534465510","31670.29113117480","144766300.0","31065.73","Census Tract 264.02; San Francisco County; California","674","960","1024","2002","Census Tract 264.02; San Francisco County; California","597","907","624","1544"
178,"06","075","026403","06075026403","264.03",Census Tract 264.03,G5020,S,379501,0,"+37.7111907","-122.4069124",new_tracts — tl_2022_06_tract,/Users/admin/Desktop/OPEN_project/new_tracts.gpkg|layername=tl_2022_06_tract,"293","92788.0","46053.0","38001",San Francisco,San Francisco County,San Francisco,"667000",City,City of San Francisco,"2411786",San Francisco,"2024.0","3685.0","166.0","10.0","2544.0","876.0","0.0450474898236092","0.0027137042062415","0.6903663500678430","0.2377204884667570","0.9549525101763910","75156.0","1049300.0","1149.0","714.0","435.0","0.6214099216710180","0.1439662726094740","25596.272885358500","87231100.0","23671.94","Census Tract 264.03; San Francisco County; California","484","763","673","1765","Census Tract 264.03; San Francisco County; California","748","627","853","673"
179,"06","075","030101","06075030101","301.01",Census Tract 301.01,G5020,S,349923,0,"+37.7642568","-122.4597429",new_tracts — tl_2022_06_tract,/Users/admin/Desktop/OPEN_project/new_tracts.gpkg|layername=tl_2022_06_tract,"356","144753.0","9578.0","38001",San Francisco,San Francisco County,San Francisco,"667000",City,City of San Francisco,"2411786",San Francisco,"2024.0","4389.0","1884.0","93.0","1477.0","478.0","0.429254955570745","0.0211893369788106","0.3365231259968100","0.1089086352244250","0.570745044429255","156156.0","1647800.0","2115.0","527.0","1588.0","0.2491725768321510","0.1332740514697970","32932.14209065020","547046200.0","124640.283","Census Tract 301.01; San Francisco County; California","378","2017","844","1150","Census Tract 301.01; San Francisco County; California","38","199","482","2917"
180,"06","075","030102","06075030102","301.02",Census Tract 301.02,G5020,S,1260212,14870,"+37.7586056","-122.4578068",new_tracts — tl_2022_06_tract,/Users/admin/Desktop/OPEN_project/new_tracts.gpkg|layername=tl_2022_06_tract,"339","209167.0","26995.0","38001",San Francisco,San Francisco County,San Francisco,"667000",City,City of San Francisco,"2411786",San Francisco,"2024.0","5120.0","2544.0","224.0","1418.0","453.0","0.496875","0.04375","0.276953125","0.0884765625","0.503125","208712.0","1854800.0","2080.0","983.0","1097.0","0.4725961538461540","0.497068795642379","10300.385067188200","528708200.0","103263.32","Census Tract 301.02; San Francisco County; California","524","2101","977","1518","Census Tract 301.02; San Francisco County; California","13","279","415","3192"
181,"06","075","030201","06075030201","302.01",Census Tract 302.01,G5020,S,360958,0,"+37.7628136","-122.4737840",new_tracts — tl_2022_06_tract,/Users/admin/Desktop/OPEN_project/new_tracts.gpkg|layername=tl_2022_06_tract,"359","127009.0","30228.0","38001",San Francisco,San Francisco County,San Francisco,"667000",City,City of San Francisco,"2411786",San Francisco,"2024.0","3841.0","1892.0","25.0","1036.0","714.0","0.4925800572767510","0.0065087216870606","0.2697214267117940","0.1858890913824530","0.5074199427232490","109659.0","1484200.0","1922.0","528.0","1394.0","0.2747138397502600","0.1392786203966450","27577.814807910900","372003700.0","96850.742","Census Tract 302.01; San Francisco County; California","600","891","892","1458","Census Tract 302.01; San Francisco County; California","334","227","359","2168"
182,"06","075","030301","06075030301","303.01",Census Tract 303.01,G5020,S,753790,0,"+37.7569391","-122.4692332",new_tracts — tl_2022_06_tract,/Users/admin/Desktop/OPEN_project/new_tracts.gpkg|layername=tl_2022_06_tract,"194","179107.0","19551.0","38001",San Francisco,San Francisco County,San Francisco,"667000",City,City of San Francisco,"2411786",San Francisco,"2024.0","6160.0","2554.0","115.0","2419.0","778.0","0.4146103896103900","0.0186688311688311","0.3926948051948050","0.1262987012987010","0.5853896103896100","199167.0","1740800.0","2552.0","1463.0","1089.0","0.5732758620689660","0.2910454318150140","21165.080522257600","326236300.0","52960.438","Census Tract 303.01; San Francisco County; California","994","1512","1163","2491","Census Tract 303.01; San Francisco County; California","290","303","479","3861"
183,"06","075","030302","06075030302","303.02",Census Tract 303.02,G5020,S,597637,0,"+37.7519364","-122.4716313",new_tracts — tl_2022_06_tract,/Users/admin/Desktop/OPEN_project/new_tracts.gpkg|layername=tl_2022_06_tract,"191","194625.0","36826.0","38001",San Francisco,San Francisco County,San Francisco,"667000",City,City of San Francisco,"2411786",San Francisco,"2024.0","3552.0","1307.0","71.0","1650.0","244.0","0.3679617117117120","0.0199887387387387","0.464527027027027","0.0686936936936937","0.6320382882882880","216188.0","1738600.0","1313.0","920.0","393.0","0.7006854531607010","0.2311815312092740","15364.549155030000","324360200.0","91317.624","Census Tract 303.02; San Francisco County; California","550","864","677","1461","Census Tract 303.02; San Francisco County; California","293","213","427","1899"
184,"06","075","030400","06075030400","304",Census Tract 304,G5020,S,972368,0,"+37.7469525","-122.4675254",new_tracts — tl_2022_06_tract,/Users/admin/Desktop/OPEN_project/new_tracts.gpkg|layername=tl_2022_06_tract,"189","137418.0","24082.0","38001",San Francisco,San Francisco County,San Francisco,"667000",City,City of San Francisco,"2411786",San Francisco,"2024.0","5116.0","1585.0","51.0","2448.0","731.0","0.3098123534010950","0.0099687255668491","0.4784988272087570","0.1428850664581700","0.6901876465989050","137448.0","1839700.0","2105.0","1725.0","380.0","0.8194774346793350","0.3738724585322350","13683.810837751000","412086100.0","80548.495","Census Tract 304; San Francisco County; California","807","492","1038","2779","Census Tract 304; San Francisco County; California","364","354","536","2979"
185,"06","075","030500","06075030500","305",Census Tract 305,G5020,S,1087784,35670,"+37.7523832","-122.4517871",new_tracts — tl_2022_06_tract,/Users/admin/Desktop/OPEN_project/new_tracts.gpkg|layername=tl_2022_06_tract,"341","174797.0","51359.0","38001",San Francisco,San Francisco County,San Francisco,"667000",City,City of San Francisco,"2411786",San Francisco,"2024.0","3641.0","1610.0","312.0","924.0","618.0","0.4421862125789620","0.0856907443010162","0.2537764350453170","0.1697335896731670","0.5578137874210380","177361.0","1512200.0","1019.0","734.0","285.0","0.7203140333660450","0.42807475274912","8505.523805403830","490449900.0","134701.977","Census Tract 305; San Francisco County; California","542","532","640","1927","Census Tract 305; San Francisco County; California","475","380","542","1512"
186,"06","075","030600","06075030600","306",Census Tract 306,G5020,S,521626,0,"+37.7437535","-122.4571389",new_tracts — tl_2022_06_tract,/Users/admin/Desktop/OPEN_project/new_tracts.gpkg|layername=tl_2022_06_tract,"340","229297.0","20234.0","38001",San Francisco,San Francisco County,San Francisco,"667000",City,City of San Francisco,"2411786",San Francisco,"2024.0","2258.0","1140.0","27.0","605.0","184.0","0.5048715677590790","0.0119574844995571","0.2679362267493360","0.0814880425155004","0.4951284322409210","247500.0","2000001.0","888.0","783.0","105.0","0.8817567567567570","0.1980887339925600","11398.931955841600","355275500.0","157340.788","Census Tract 306; San Francisco County; California","432","297","548","981","Census Tract 306; San Francisco County; California","35","92","174","1473"
187,"06","075","030700","06075030700","307",Census Tract 307,G5020,S,1426986,9359,"+37.7372232","-122.4503095",new_tracts — tl_2022_06_tract,/Users/admin/Desktop/OPEN_project/new_tracts.gpkg|layername=tl_2022_06_tract,"342","183388.0","47872.0","38001",San Francisco,San Francisco County,San Francisco,"667000",City,City of San Francisco,"2411786",San Francisco,"2024.0","6624.0","3205.0","24.0","2198.0","853.0","0.4838466183574880","0.0036231884057971","0.3318236714975850","0.1287741545893720","0.5161533816425120","185104.0","1669500.0","2751.0","2435.0","316.0","0.8851326790258090","0.5604408691158120","11819.266518607900","517276900.0","78091.319","Census Tract 307; San Francisco County; California","1409","692","1513","3010","Census Tract 307; San Francisco County; California","31","365","764","3837"
188,"06","075","030800","06075030800","308",Census Tract 308,G5020,S,1242912,0,"+37.7391920","-122.4678640",new_tracts — tl_2022_06_tract,/Users/admin/Desktop/OPEN_project/new_tracts.gpkg|layername=tl_2022_06_tract,"185","208750.0","60926.0","38001",San Francisco,San Francisco County,San Francisco,"667000",City,City of San Francisco,"2411786",San Francisco,"2024.0","5694.0","2990.0","110.0","1509.0","718.0","0.5251141552511420","0.0193185809624165","0.2650158061116970","0.1260976466455920","0.4748858447488580","186667.0","2000001.0","2010.0","1526.0","484.0","0.7592039800995030","0.4795048042046270","11874.750680433400","351650100.0","61758.008","Census Tract 308; San Francisco County; California","1053","1275","1114","2252","Census Tract 308; San Francisco County; California","138","315","617","3487"
189,"06","001","406100","06001406100","4061",Census Tract 4061,G5020,S,1844041,74875,"+37.7741755","-122.2275801",new_tracts — tl_2022_06_tract,/Users/admin/Desktop/OPEN_project/new_tracts.gpkg|layername=tl_2022_06_tract,"79","64879.0","4993.0","1017",Oakland,Alameda County,Oakland,"653000",City,City of Oakland,"2411292",Oakland,"2024.0","5810.0","752.0","853.0","1200.0","2689.0","0.1294320137693630","0.1468158347676420","0.2065404475043030","0.4628227194492260","0.8705679862306370","73267.0","750000.0","2114.0","612.0","1502.0","0.2894985808893090","0.7474168387696150","7773.440065338010","352925100.0","60744.423","Census Tract 4061; Alameda County; California","1126","1709","1126","1849","Census Tract 4061; Alameda County; California","1045","804","1035","1325"
190,"06","001","410000","06001410000","4100",Census Tract 4100,G5020,S,6550967,145283,"+37.7447940","-122.1335017",new_tracts — tl_2022_06_tract,/Users/admin/Desktop/OPEN_project/new_tracts.gpkg|layername=tl_2022_06_tract,"90","154648.0","33542.0","1017",Oakland,Alameda County,Oakland,"653000",City,City of Oakland,"2411292",Oakland,"2024.0","3116.0","967.0","1155.0","430.0","183.0","0.3103337612323490","0.3706675224646980","0.137997432605905","0.0587291399229781","0.6896662387676510","188203.0","1131200.0","1207.0","1064.0","143.0","0.8815244407622200","2.586657400834960","1204.643490473140","121982800.0","39147.24","Census Tract 4100; Alameda County; California","570","432","618","1496","Census Tract 4100; Alameda County; California","167","372","547","1357"
191,"06","001","407900","06001407900","4079",Census Tract 4079,G5020,S,1099098,0,"+37.7884273","-122.1847831",new_tracts — tl_2022_06_tract,/Users/admin/Desktop/OPEN_project/new_tracts.gpkg|layername=tl_2022_06_tract,"161","124523.0","40242.0","1017",Oakland,Alameda County,Oakland,"653000",City,City of Oakland,"2411292",Oakland,"2024.0","3047.0","1191.0","481.0","400.0","510.0","0.3908762717426980","0.157860190351165","0.1312766655726940","0.1673777486051850","0.6091237282573020","89987.0","1108800.0","1277.0","935.0","342.0","0.7321848081440880","0.4199293544279830","7255.982388157990","274336100.0","90034.821","Census Tract 4079; Alameda County; California","643","652","682","1070","Census Tract 4079; Alameda County; California","67","205","619","1356"
192,"06","001","400500","06001400500","4005",Census Tract 4005,G5020,S,591424,0,"+37.8485452","-122.2647353",new_tracts — tl_2022_06_tract,/Users/admin/Desktop/OPEN_project/new_tracts.gpkg|layername=tl_2022_06_tract,"9","95078.0","34125.0","1013",Berkeley,Alameda County,Berkeley,"606000",City,City of Berkeley,"2409837",Berkeley,"2024.0","3579.0","1646.0","757.0","263.0","636.0","0.4599050013970380","0.2115115954177140","0.073484213467449","0.1777032690695730","0.5400949986029620","96641.0","1404600.0","1687.0","816.0","871.0","0.4836988737403680","0.2278655549059720","15706.630172677300","392305200.0","109613.076","Census Tract 4005; Alameda County; California","563","1089","986","941","Census Tract 4005; Alameda County; California","80","98","576","1999"
193,"06","001","409000","06001409000","4090",Census Tract 4090,G5020,S,16913369,4389421,"+37.7299594","-122.2164979",new_tracts — tl_2022_06_tract,/Users/admin/Desktop/OPEN_project/new_tracts.gpkg|layername=tl_2022_06_tract,"167","70769.0","24912.0","1017",Oakland,Alameda County,Oakland,"653000",City,City of Oakland,"2411292",Oakland,"2024.0","4204.0","187.0","1063.0","318.0","2521.0","0.0444814462416746","0.2528544243577550","0.0756422454804947","0.5996669838249290","0.9555185537583250","75987.0","597000.0","1005.0","582.0","423.0","0.5791044776119400","7.160864912725540","587.079919986913","136124300.0","32379.71","Census Tract 4090; Alameda County; California","1166","974","805","1259","Census Tract 4090; Alameda County; California","959","861","594","355"
194,"06","001","401500","06001401500","4015",Census Tract 4015,G5020,S,467741,0,"+37.8229286","-122.2806336",new_tracts — tl_2022_06_tract,/Users/admin/Desktop/OPEN_project/new_tracts.gpkg|layername=tl_2022_06_tract,"92","75568.0","17441.0","1017",Oakland,Alameda County,Oakland,"653000",City,City of Oakland,"2411292",Oakland,"2024.0","2739.0","702.0","1293.0","122.0","434.0","0.2562979189485210","0.4720700985761230","0.0445418035779481","0.1584519897772910","0.7437020810514790","78598.0","798500.0","1233.0","435.0","798.0","0.3527980535279810","0.1806449491934100","15162.339230793900","244549056.54","89284.066","Census Tract 4015; Alameda County; California","325","839","639","936","Census Tract 4015; Alameda County; California","204","530","557","922"
195,"06","001","401600","06001401600","4016",Census Tract 4016,G5020,S,636136,0,"+37.8173713","-122.2814822",new_tracts — tl_2022_06_tract,/Users/admin/Desktop/OPEN_project/new_tracts.gpkg|layername=tl_2022_06_tract,"170","88304.0","38815.0","1017",Oakland,Alameda County,Oakland,"653000",City,City of Oakland,"2411292",Oakland,"2024.0","2668.0","626.0","822.0","365.0","646.0","0.2346326836581710","0.308095952023988","0.1368065967016490","0.2421289355322340","0.7653673163418290","174414.0","745100.0","999.0","396.0","603.0","0.3963963963963960","0.2443667181220040","10918.017070835200","282413928.27","105852.297","Census Tract 4016; Alameda County; California","537","866","663","602","Census Tract 4016; Alameda County; California","187","221","509","1049"
196,"06","001","402400","06001402400","4024",Census Tract 4024,G5020,S,337011,0,"+37.8120305","-122.2824576",new_tracts — tl_2022_06_tract,/Users/admin/Desktop/OPEN_project/new_tracts.gpkg|layername=tl_2022_06_tract,"93","31279.0","9152.0","1017",Oakland,Alameda County,Oakland,"653000",City,City of Oakland,"2411292",Oakland,"2024.0","2666.0","542.0","1363.0","291.0","272.0","0.2033008252063020","0.5112528132033010","0.109152288072018","0.1020255063765940","0.7966991747936990","40741.0","686600.0","1252.0","376.0","876.0","0.3003194888178910","0.1301848248446680","20478.57730869150","201436200.0","75557.464","Census Tract 4024; Alameda County; California","477","665","531","993","Census Tract 4024; Alameda County; California","415","387","657","554"
197,"06","001","402200","06001402200","4022",Census Tract 4022,G5020,S,715808,0,"+37.8063266","-122.2962183",new_tracts — tl_2022_06_tract,/Users/admin/Desktop/OPEN_project/new_tracts.gpkg|layername=tl_2022_06_tract,"112","96200.0","30965.0","1017",Oakland,Alameda County,Oakland,"653000",City,City of Oakland,"2411292",Oakland,"2024.0","2775.0","632.0","1269.0","169.0","588.0","0.2277477477477480","0.4572972972972970","0.0609009009009009","0.2118918918918920","0.7722522522522520","125351.0","676400.0","1050.0","344.0","706.0","0.3276190476190480","0.2711125596644000","10235.60104863850","179613928.27","64725.74","Census Tract 4022; Alameda County; California","366","1114","591","704","Census Tract 4022; Alameda County; California","236","431","347","1146"
198,"06","001","402500","06001402500","4025",Census Tract 4025,G5020,S,365454,0,"+37.8057305","-122.2847803",new_tracts — tl_2022_06_tract,/Users/admin/Desktop/OPEN_project/new_tracts.gpkg|layername=tl_2022_06_tract,"91","34250.0","19615.0","1017",Oakland,Alameda County,Oakland,"653000",City,City of Oakland,"2411292",Oakland,"2024.0","1943.0","528.0","925.0","250.0","104.0","0.2717447246525990","0.4760679361811630","0.1286670097786930","0.0535254760679361","0.728255275347401","36000.0","923100.0","716.0","102.0","614.0","0.1424581005586590","0.142111272567266","13672.384779189900","196203400.0","100979.619","Census Tract 4025; Alameda County; California","413","687","245","598","Census Tract 4025; Alameda County; California","178","254","504","320"
199,"06","001","402600","06001402600","4026",Census Tract 4026,G5020,S,318842,0,"+37.8042700","-122.2799551",new_tracts — tl_2022_06_tract,/Users/admin/Desktop/OPEN_project/new_tracts.gpkg|layername=tl_2022_06_tract,"94","45560.0","4926.0","1017",Oakland,Alameda County,Oakland,"653000",City,City of Oakland,"2411292",Oakland,"2024.0","1192.0","219.0","393.0","472.0","14.0","0.1837248322147650","0.3296979865771810","0.3959731543624160","0.011744966442953","0.8162751677852350","47940.0","518900.0","635.0","181.0","454.0","0.2850393700787400","0.1234431998704380","9656.262971561720","234132700.0","196420.05","Census Tract 4026; Alameda County; California","131","247","272","542","Census Tract 4026; Alameda County; California","171","96","208","534"
200,"06","001","402700","06001402700","4027",Census Tract 4027,G5020,S,387217,0,"+37.8103325","-122.2770981",new_tracts — tl_2022_06_tract,/Users/admin/Desktop/OPEN_project/new_tracts.gpkg|layername=tl_2022_06_tract,"95","115750.0","46013.0","1017",Oakland,Alameda County,Oakland,"653000",City,City of Oakland,"2411292",Oakland,"2024.0","1637.0","421.0","684.0","152.0","208.0","0.25717776420281","0.4178375076359190","0.0928527794746487","0.1270616982284670","0.74282223579719","88958.0","919400.0","744.0","166.0","578.0","0.2231182795698920","0.149134814539031","10976.645560997200","273211900.0","166897.923","Census Tract 4027; Alameda County; California","135","542","425","535","Census Tract 4027; Alameda County; California","137","151","342","622"
201,"06","001","403000","06001403000","4030",Census Tract 4030,G5020,S,352394,0,"+37.8004341","-122.2707274",new_tracts — tl_2022_06_tract,/Users/admin/Desktop/OPEN_project/new_tracts.gpkg|layername=tl_2022_06_tract,"101","32077.0","14958.0","1017",Oakland,Alameda County,Oakland,"653000",City,City of Oakland,"2411292",Oakland,"2024.0","3387.0","433.0","320.0","2178.0","145.0","0.1278417478594630","0.094478889873044","0.6430469441984060","0.042810746973723","0.8721582521405370","58794.0","573000.0","2034.0","353.0","1681.0","0.1735496558505410","0.1362820156848720","24852.87572963290","269841900.0","79669.885","Census Tract 4030; Alameda County; California","99","1289","580","1419","Census Tract 4030; Alameda County; California","749","695","208","1372"
202,"06","001","403100","06001403100","4031",Census Tract 4031,G5020,S,346852,0,"+37.8022741","-122.2755012",new_tracts — tl_2022_06_tract,/Users/admin/Desktop/OPEN_project/new_tracts.gpkg|layername=tl_2022_06_tract,"102","136071.0","12013.0","1017",Oakland,Alameda County,Oakland,"653000",City,City of Oakland,"2411292",Oakland,"2024.0","2251.0","680.0","514.0","733.0","283.0","0.3020879609062640","0.2283429586850290","0.3256330519768990","0.1257219013771660","0.6979120390937360","139375.0","666700.0","1224.0","390.0","834.0","0.3186274509803920","0.1330015608871230","16924.61340292390","266100300.0","118214.26","Census Tract 4031; Alameda County; California","67","1117","376","691","Census Tract 4031; Alameda County; California","229","146","360","1255"
203,"06","001","404501","06001404501","4045.01",Census Tract 4045.01,G5020,S,1079143,5141,"+37.8271275","-122.2171515",new_tracts — tl_2022_06_tract,/Users/admin/Desktop/OPEN_project/new_tracts.gpkg|layername=tl_2022_06_tract,"151","232112.0","54641.0","1017",Oakland,Alameda County,Oakland,"653000",City,City of Oakland,"2411292",Oakland,"2024.0","1794.0","1098.0","67.0","213.0","158.0","0.6120401337792640","0.0373467112597547","0.1187290969899670","0.0880713489409141","0.3879598662207360","250001.0","2000001.0","702.0","585.0","117.0","0.8333333333333330","0.4263251826440870","4208.055430536700","300904100.0","167728.038","Census Tract 4045.01; Alameda County; California","330","195","300","969","Census Tract 4045.01; Alameda County; California","57","110","133","1062"
204,"06","001","403800","06001403800","4038",Census Tract 4038,G5020,S,652668,0,"+37.8148236","-122.2416662",new_tracts — tl_2022_06_tract,/Users/admin/Desktop/OPEN_project/new_tracts.gpkg|layername=tl_2022_06_tract,"140","154524.0","14436.0","1017",Oakland,Alameda County,Oakland,"653000",City,City of Oakland,"2411292",Oakland,"2024.0","4056.0","2475.0","353.0","490.0","360.0","0.610207100591716","0.0870315581854043","0.1208086785009860","0.0887573964497041","0.389792899408284","159917.0","1515600.0","1941.0","759.0","1182.0","0.3910355486862440","0.2472845690179900","16402.155686895800","326647600.0","80534.418","Census Tract 4038; Alameda County; California","699","695","1457","1205","Census Tract 4038; Alameda County; California","55","175","540","2496"
205,"06","001","403900","06001403900","4039",Census Tract 4039,G5020,S,493100,0,"+37.8171784","-122.2487713",new_tracts — tl_2022_06_tract,/Users/admin/Desktop/OPEN_project/new_tracts.gpkg|layername=tl_2022_06_tract,"133","126075.0","35815.0","1017",Oakland,Alameda County,Oakland,"653000",City,City of Oakland,"2411292",Oakland,"2024.0","3767.0","2351.0","272.0","459.0","523.0","0.6241040615874700","0.0722059994690735","0.1218476241040620","0.1388372710379610","0.3758959384125300","107219.0","573300.0","2259.0","756.0","1503.0","0.3346613545816730","0.1907802883307750","19745.2264747015","352457000.0","93564.375","Census Tract 4039; Alameda County; California","383","1129","997","1258","Census Tract 4039; Alameda County; California","156","137","569","2494"
206,"06","001","404000","06001404000","4040",Census Tract 4040,G5020,S,366986,0,"+37.8233126","-122.2536627",new_tracts — tl_2022_06_tract,/Users/admin/Desktop/OPEN_project/new_tracts.gpkg|layername=tl_2022_06_tract,"128","98214.0","30785.0","1017",Oakland,Alameda County,Oakland,"653000",City,City of Oakland,"2411292",Oakland,"2024.0","2847.0","1433.0","545.0","254.0","421.0","0.5033368458025990","0.1914295749912190","0.0892167193537056","0.1478749560941340","0.4966631541974010","92500.0","866700.0","1734.0","471.0","1263.0","0.2716262975778550","0.1455729760147860","19557.20132911770","361293600.0","126903.267","Census Tract 4040; Alameda County; California","304","865","757","921","Census Tract 4040; Alameda County; California","167","145","335","1768"
207,"06","001","403600","06001403600","4036",Census Tract 4036,G5020,S,392820,0,"+37.8135239","-122.2534812",new_tracts — tl_2022_06_tract,/Users/admin/Desktop/OPEN_project/new_tracts.gpkg|layername=tl_2022_06_tract,"127","99925.0","11672.0","1017",Oakland,Alameda County,Oakland,"653000",City,City of Oakland,"2411292",Oakland,"2024.0","4839.0","1762.0","992.0","480.0","853.0","0.364124819177516","0.205001033271337","0.0991940483570985","0.1762760901012610","0.6358751808224840","103459.0","896400.0","2842.0","440.0","2402.0","0.1548205489092190","0.1532862378780540","31568.391702911","333286600.0","68875.098","Census Tract 4036; Alameda County; California","595","1302","1519","1423","Census Tract 4036; Alameda County; California","329","318","739","2810"
208,"06","001","409800","06001409800","4098",Census Tract 4098,G5020,S,1790048,0,"+37.7603601","-122.1557634",new_tracts — tl_2022_06_tract,/Users/admin/Desktop/OPEN_project/new_tracts.gpkg|layername=tl_2022_06_tract,"80","106023.0","27339.0","1017",Oakland,Alameda County,Oakland,"653000",City,City of Oakland,"2411292",Oakland,"2024.0","3370.0","494.0","1505.0","226.0","693.0","0.1465875370919880","0.4465875370919880","0.0670623145400593","0.2056379821958460","0.8534124629080120","115650.0","913100.0","1189.0","795.0","394.0","0.6686291000841040","0.6917118571339840","4871.970843413240","147009300.0","43622.938","Census Tract 4098; Alameda County; California","696","694","891","1089","Census Tract 4098; Alameda County; California","202","369","861","1021"
209,"06","001","400600","06001400600","4006",Census Tract 4006,G5020,S,297856,0,"+37.8419909","-122.2648882",new_tracts — tl_2022_06_tract,/Users/admin/Desktop/OPEN_project/new_tracts.gpkg|layername=tl_2022_06_tract,"103","155893.0","33824.0","1017",Oakland,Alameda County,Oakland,"653000",City,City of Oakland,"2411292",Oakland,"2024.0","2052.0","969.0","443.0","138.0","211.0","0.4722222222222220","0.2158869395711500","0.067251461988304","0.1028265107212480","0.5277777777777780","139238.0","1189600.0","835.0","357.0","478.0","0.4275449101796410","0.1146898074216110","17891.738125051100","357752300.0","174343.226","Census Tract 4006; Alameda County; California","357","379","621","695","Census Tract 4006; Alameda County; California","71","149","355","1017"
210,"06","001","400100","06001400100","4001",Census Tract 4001,G5020,S,6945856,0,"+37.8676563","-122.2318813",new_tracts — tl_2022_06_tract,/Users/admin/Desktop/OPEN_project/new_tracts.gpkg|layername=tl_2022_06_tract,"47","234236.0","42845.0","1013",Berkeley,Alameda County,Berkeley,"606000",City,City of Berkeley,"2409837",Berkeley,"2024.0","3132.0","2051.0","156.0","544.0","214.0","0.6548531289910600","0.0498084291187739","0.1736909323116220","0.0683269476372924","0.3451468710089400","250001.0","1790500.0","1337.0","1256.0","81.0","0.9394166043380700","2.6834107245618200","1167.1713060293600","296494200.0","94666.092","Census Tract 4001; Alameda County; California","585","282","461","1804","Census Tract 4001; Alameda County; California","0","40","382","2066"
211,"06","001","408100","06001408100","4081",Census Tract 4081,G5020,S,8937288,0,"+37.7854008","-122.1572103",new_tracts — tl_2022_06_tract,/Users/admin/Desktop/OPEN_project/new_tracts.gpkg|layername=tl_2022_06_tract,"168","166786.0","35801.0","1017",Oakland,Alameda County,Oakland,"653000",City,City of Oakland,"2411292",Oakland,"2024.0","7745.0","2382.0","2117.0","2123.0","667.0","0.3075532601678500","0.2733376371852810","0.2741123305358300","0.086120077469335","0.6924467398321500","189891.0","1094800.0","3024.0","2733.0","291.0","0.9037698412698410","3.4371857139115000","2253.296925055070","244358300.0","31550.458","Census Tract 4081; Alameda County; California","1550","1376","1860","2959","Census Tract 4081; Alameda County; California","237","384","899","4268"
212,"06","001","404502","06001404502","4045.02",Census Tract 4045.02,G5020,S,3079867,0,"+37.8346277","-122.2024752",new_tracts — tl_2022_06_tract,/Users/admin/Desktop/OPEN_project/new_tracts.gpkg|layername=tl_2022_06_tract,"154","227361.0","30663.0","1017",Oakland,Alameda County,Oakland,"653000",City,City of Oakland,"2411292",Oakland,"2024.0","6286.0","3830.0","326.0","1213.0","335.0","0.6092904867960550","0.0518612790327712","0.1929685014317530","0.0532930321349029","0.3907095132039450","250001.0","1420300.0","2590.0","2487.0","103.0","0.9602316602316600","1.1973172763772300","5250.07040658413","273877300.0","43569.408","Census Tract 4045.02; Alameda County; California","1267","678","1445","2896","Census Tract 4045.02; Alameda County; California","27","173","435","4202"
213,"06","001","406800","06001406800","4068",Census Tract 4068,G5020,S,912527,0,"+37.7978944","-122.1949575",new_tracts — tl_2022_06_tract,/Users/admin/Desktop/OPEN_project/new_tracts.gpkg|layername=tl_2022_06_tract,"159","131161.0","33849.0","1017",Oakland,Alameda County,Oakland,"653000",City,City of Oakland,"2411292",Oakland,"2024.0","3747.0","1288.0","806.0","536.0","672.0","0.3437416599946620","0.2151054176674670","0.1430477715505740","0.1793434747798240","0.6562583400053380","127966.0","1044000.0","1439.0","1024.0","415.0","0.7116052814454480","0.3474006828894670","10785.816449279100","287809200.0","76810.568","Census Tract 4068; Alameda County; California","825","780","748","1394","Census Tract 4068; Alameda County; California","282","289","600","1673"
214,"06","001","422000","06001422000","4220",Census Tract 4220,G5020,S,4504647,5864364,"+37.8592091","-122.3016412",new_tracts — tl_2022_06_tract,/Users/admin/Desktop/OPEN_project/new_tracts.gpkg|layername=tl_2022_06_tract,"12","140331.0","17431.0","1013",Berkeley,Alameda County,Berkeley,"606000",City,City of Berkeley,"2409837",Berkeley,"2024.0","2470.0","1185.0","244.0","598.0","162.0","0.4797570850202430","0.0987854251012145","0.2421052631578950","0.0655870445344129","0.5202429149797570","116779.0","973000.0","1295.0","293.0","1002.0","0.2262548262548260","2.1151344240666600","1167.7744789624500","378276250.21","153148.279","Census Tract 4220; Alameda County; California","282","796","541","851","Census Tract 4220; Alameda County; California","130","107","437","1413"
215,"06","075","980501","06075980501","9805.01",Census Tract 9805.01,G5020,S,1471536,9769,"+37.7162081","-122.4193463",new_tracts — tl_2022_06_tract,/Users/admin/Desktop/OPEN_project/new_tracts.gpkg|layername=tl_2022_06_tract,"294","12169.0","1109.0","38001",San Francisco,San Francisco County,San Francisco,"667000",City,City of San Francisco,"2411786",San Francisco,"2024.0","146.0","0.0","0.0","146.0","0.0","0.0","0.0","1.0","0.0","1.0","12908.0",,"115.0","0.0","115.0","0.0","0.5810706606118380","251.2603197798170","147652500.0","1011318.493","Census Tract 9805.01; San Francisco County; California","0","8","0","138","Census Tract 9805.01; San Francisco County; California","113","20","10","0"
216,"06","001","421200","06001421200","4212",Census Tract 4212,G5020,S,1314935,2266,"+37.8963668","-122.2746996",new_tracts — tl_2022_06_tract,/Users/admin/Desktop/OPEN_project/new_tracts.gpkg|layername=tl_2022_06_tract,"28","247171.0","30255.0","1013",Berkeley,Alameda County,Berkeley,"606000",City,City of Berkeley,"2409837",Berkeley,"2024.0","3588.0","2126.0","0.0","879.0","269.0","0.592530657748049","0.0","0.2449832775919730","0.0749721293199554","0.4074693422519510","250001.0","1960800.0","1437.0","1378.0","59.0","0.9589422407794020","0.5017626397063260","7150.791462074580","226408156.54","63101.493","Census Tract 4212; Alameda County; California","618","322","546","2102","Census Tract 4212; Alameda County; California","23","89","175","2611"
217,"06","001","422800","06001422800","4228",Census Tract 4228,G5020,S,408571,0,"+37.8667875","-122.2599790",new_tracts — tl_2022_06_tract,/Users/admin/Desktop/OPEN_project/new_tracts.gpkg|layername=tl_2022_06_tract,"35","26056.0","7471.0","1013",Berkeley,Alameda County,Berkeley,"606000",City,City of Berkeley,"2409837",Berkeley,"2024.0","9850.0","2246.0","698.0","3692.0","2261.0","0.2280203045685280","0.0708629441624365","0.3748223350253810","0.2295431472081220","0.771979695431472","32026.0",,"1614.0","19.0","1595.0","0.0117719950433705","0.157251312466134","62638.586893329200","360167756.54","36565.254","Census Tract 4228; Alameda County; California","181","9020","397","252","Census Tract 4228; Alameda County; California","28","70","206","973"
218,"06","001","400900","06001400900","4009",Census Tract 4009,G5020,S,408342,0,"+37.8394130","-122.2802550",new_tracts — tl_2022_06_tract,/Users/admin/Desktop/OPEN_project/new_tracts.gpkg|layername=tl_2022_06_tract,"104","114583.0","31849.0","1017",Oakland,Alameda County,Oakland,"653000",City,City of Oakland,"2411292",Oakland,"2024.0","2855.0","962.0","863.0","303.0","420.0","0.3369527145359020","0.302276707530648","0.1061295971978980","0.1471103327495620","0.6630472854640980","115673.0","1129200.0","1167.0","527.0","640.0","0.4515852613538990","0.1629443065368390","17521.324068813300","214646556.54","75182.682","Census Tract 4009; Alameda County; California","656","711","858","630","Census Tract 4009; Alameda County; California","16","356","570","1079"
219,"06","001","400700","06001400700","4007",Census Tract 4007,G5020,S,865141,0,"+37.8417014","-122.2722628",new_tracts — tl_2022_06_tract,/Users/admin/Desktop/OPEN_project/new_tracts.gpkg|layername=tl_2022_06_tract,"10","110556.0","12318.0","1013",Berkeley,Alameda County,Berkeley,"606000",City,City of Berkeley,"2409837",Berkeley,"2024.0","4576.0","2061.0","1200.0","528.0","422.0","0.4503933566433570","0.2622377622377620","0.1153846153846150","0.0922202797202797","0.5496066433566430","127083.0","1103600.0","1985.0","828.0","1157.0","0.4171284634760710","0.3337672144431040","13710.154269151700","373211456.54","81558.448","Census Tract 4007; Alameda County; California","724","1261","1297","1294","Census Tract 4007; Alameda County; California","68","256","764","2618"
220,"06","001","400800","06001400800","4008",Census Tract 4008,G5020,S,725817,0,"+37.8454176","-122.2832338",new_tracts — tl_2022_06_tract,/Users/admin/Desktop/OPEN_project/new_tracts.gpkg|layername=tl_2022_06_tract,"11","97132.0","37490.0","1013",Berkeley,Alameda County,Berkeley,"606000",City,City of Berkeley,"2409837",Berkeley,"2024.0","4548.0","2209.0","363.0","648.0","899.0","0.4857080035180300","0.0798153034300791","0.1424802110817940","0.1976693051890940","0.5142919964819700","145978.0","1037500.0","1902.0","688.0","1214.0","0.3617245005257620","0.2775240950772090","16387.766254078700","216447056.54","47591.701","Census Tract 4008; Alameda County; California","593","1579","772","1604","Census Tract 4008; Alameda County; California","196","326","717","2496"
221,"06","001","400200","06001400200","4002",Census Tract 4002,G5020,S,586560,0,"+37.8481378","-122.2495916",new_tracts — tl_2022_06_tract,/Users/admin/Desktop/OPEN_project/new_tracts.gpkg|layername=tl_2022_06_tract,"41","225500.0","29169.0","1013",Berkeley,Alameda County,Berkeley,"606000",City,City of Berkeley,"2409837",Berkeley,"2024.0","2203.0","1428.0","45.0","274.0","202.0","0.6482069904675440","0.020426690876078","0.1243758511121200","0.0916931457103949","0.3517930095324560","208438.0","1927600.0","879.0","537.0","342.0","0.6109215017064850","0.2232180115681300","9869.27526378221","488475600.0","221732.002","Census Tract 4002; Alameda County; California","389","450","476","888","Census Tract 4002; Alameda County; California","72","93","159","1426"
222,"06","001","410300","06001410300","4103",Census Tract 4103,G5020,S,578329,0,"+37.7466798","-122.1661407",new_tracts — tl_2022_06_tract,/Users/admin/Desktop/OPEN_project/new_tracts.gpkg|layername=tl_2022_06_tract,"81","54698.0","10666.0","1017",Oakland,Alameda County,Oakland,"653000",City,City of Oakland,"2411292",Oakland,"2024.0","4093.0","32.0","341.0","71.0","3624.0","0.0078182262399218","0.0833129733691668","0.0173466894698265","0.8854141216711460","0.9921817737600780","61914.0","617500.0","1043.0","402.0","641.0","0.3854266538830300","0.2234217110393020","18319.616213484300","89336500.0","21826.655","Census Tract 4103; Alameda County; California","1170","1220","864","839","Census Tract 4103; Alameda County; California","1122","720","408","178"
223,"06","001","409900","06001409900","4099",Census Tract 4099,G5020,S,4315219,0,"+37.7620318","-122.1358942",new_tracts — tl_2022_06_tract,/Users/admin/Desktop/OPEN_project/new_tracts.gpkg|layername=tl_2022_06_tract,"88","176141.0","52385.0","1017",Oakland,Alameda County,Oakland,"653000",City,City of Oakland,"2411292",Oakland,"2024.0","3769.0","1109.0","1578.0","189.0","482.0","0.2942425046431410","0.4186786946139560","0.0501459273016715","0.1278853807375960","0.7057574953568590","203385.0","1082900.0","1414.0","1266.0","148.0","0.8953323903818950","1.6656928352203700","2262.722105964610","112194600.0","29767.737","Census Tract 4099; Alameda County; California","574","843","847","1505","Census Tract 4099; Alameda County; California","74","313","623","1851"
224,"06","001","421300","06001421300","4213",Census Tract 4213,G5020,S,1084032,0,"+37.8910377","-122.2812606",new_tracts — tl_2022_06_tract,/Users/admin/Desktop/OPEN_project/new_tracts.gpkg|layername=tl_2022_06_tract,"29","130500.0","57509.0","1013",Berkeley,Alameda County,Berkeley,"606000",City,City of Berkeley,"2409837",Berkeley,"2024.0","4131.0","2866.0","11.0","576.0","38.0","0.6937787460663280","0.0026627935124667","0.1394335511982570","0.009198741224885","0.3062212539336720","148235.0","1575200.0","1850.0","1516.0","334.0","0.8194594594594590","0.4226275310091100","9774.56435489754","353675269.62","85614.928","Census Tract 4213; Alameda County; California","823","360","618","2330","Census Tract 4213; Alameda County; California","41","104","271","2666"
225,"06","001","423200","06001423200","4232",Census Tract 4232,G5020,S,456778,0,"+37.8645164","-122.2936857",new_tracts — tl_2022_06_tract,/Users/admin/Desktop/OPEN_project/new_tracts.gpkg|layername=tl_2022_06_tract,"13","80106.0","26348.0","1013",Berkeley,Alameda County,Berkeley,"606000",City,City of Berkeley,"2409837",Berkeley,"2024.0","3049.0","783.0","500.0","226.0","1400.0","0.2568055100032800","0.1639881928501150","0.0741226631682518","0.4591669399803210","0.7431944899967200","60563.0","1221700.0","1179.0","339.0","840.0","0.2875318066157760","0.1763281169008220","17291.626846528100","196608769.62","64483.034","Census Tract 4232; Alameda County; California","494","951","711","893","Census Tract 4232; Alameda County; California","385","356","270","1037"
226,"06","001","423902","06001423902","4239.02",Census Tract 4239.02,G5020,S,294981,0,"+37.8548712","-122.2576020",new_tracts — tl_2022_06_tract,/Users/admin/Desktop/OPEN_project/new_tracts.gpkg|layername=tl_2022_06_tract,"39","171583.0","30319.0","1013",Berkeley,Alameda County,Berkeley,"606000",City,City of Berkeley,"2409837",Berkeley,"2024.0","1537.0","953.0","91.0","215.0","187.0","0.620039037085231","0.0592062459336369","0.1398828887443070","0.121665582303188","0.379960962914769","165893.0","1497200.0","702.0","227.0","475.0","0.3233618233618230","0.1104834385732250","13911.587291712700","416604800.0","271050.618","Census Tract 4239.02; Alameda County; California","169","469","386","513","Census Tract 4239.02; Alameda County; California","29","37","95","939"
227,"06","001","404200","06001404200","4042",Census Tract 4042,G5020,S,2728225,0,"+37.8361052","-122.2344831",new_tracts — tl_2022_06_tract,/Users/admin/Desktop/OPEN_project/new_tracts.gpkg|layername=tl_2022_06_tract,"136","247619.0","38018.0","1017",Oakland,Alameda County,Oakland,"653000",City,City of Oakland,"2411292",Oakland,"2024.0","3661.0","2456.0","191.0","314.0","303.0","0.670854957661841","0.0521715378311936","0.0857689155968314","0.082764272056815","0.329145042338159","250001.0","1761900.0","1448.0","1240.0","208.0","0.856353591160221","1.0442593884499000","3505.8339340711100","343523900.0","93833.352","Census Tract 4042; Alameda County; California","810","586","640","1625","Census Tract 4042; Alameda County; California","78","49","288","2139"
228,"06","001","400300","06001400300","4003",Census Tract 4003,G5020,S,1110840,0,"+37.8405841","-122.2544782",new_tracts — tl_2022_06_tract,/Users/admin/Desktop/OPEN_project/new_tracts.gpkg|layername=tl_2022_06_tract,"49","164000.0","44675.0","1017",Oakland,Alameda County,Oakland,"653000",City,City of Oakland,"2411292",Oakland,"2024.0","5990.0","3486.0","518.0","475.0","571.0","0.5819699499165280","0.0864774624373956","0.0792988313856427","0.0953255425709515","0.4180300500834730","176618.0","1751200.0","2888.0","1245.0","1643.0","0.4310941828254850","0.4293613306080970","13950.953597792500","515591400.0","86075.359","Census Tract 4003; Alameda County; California","879","1393","1258","2460","Census Tract 4003; Alameda County; California","95","257","489","3948"
229,"06","001","421500","06001421500","4215",Census Tract 4215,G5020,S,1580941,0,"+37.8917124","-122.2594986",new_tracts — tl_2022_06_tract,/Users/admin/Desktop/OPEN_project/new_tracts.gpkg|layername=tl_2022_06_tract,"30","201950.0","33211.0","1013",Berkeley,Alameda County,Berkeley,"606000",City,City of Berkeley,"2409837",Berkeley,"2024.0","3989.0","3108.0","87.0","308.0","263.0","0.7791426422662320","0.0218099774379543","0.0772123339182752","0.0659313111055402","0.2208573577337680","226181.0","1644000.0","1581.0","1309.0","272.0","0.8279569892473120","0.5983745359958550","6666.393303921670","236094456.54","59186.377","Census Tract 4215; Alameda County; California","697","609","862","1821","Census Tract 4215; Alameda County; California","85","100","308","2534"
230,"06","001","407500","06001407500","4075",Census Tract 4075,G5020,S,494502,0,"+37.7695150","-122.1976093",new_tracts — tl_2022_06_tract,/Users/admin/Desktop/OPEN_project/new_tracts.gpkg|layername=tl_2022_06_tract,"82","46019.0","17787.0","1017",Oakland,Alameda County,Oakland,"653000",City,City of Oakland,"2411292",Oakland,"2024.0","3458.0","258.0","357.0","475.0","2204.0","0.0746096009253904","0.1032388663967610","0.1373626373626370","0.6373626373626370","0.9253903990746100","70588.0","517100.0","1136.0","491.0","645.0","0.4322183098591550","0.1904945972951520","18152.745794896100","116989900.0","33831.666","Census Tract 4075; Alameda County; California","1108","869","495","986","Census Tract 4075; Alameda County; California","720","385","416","603"
231,"06","001","421600","06001421600","4216",Census Tract 4216,G5020,S,1324489,0,"+37.8839086","-122.2560313",new_tracts — tl_2022_06_tract,/Users/admin/Desktop/OPEN_project/new_tracts.gpkg|layername=tl_2022_06_tract,"31","218390.0","20609.0","1013",Berkeley,Alameda County,Berkeley,"606000",City,City of Berkeley,"2409837",Berkeley,"2024.0","4008.0","2735.0","73.0","431.0","283.0","0.6823852295409180","0.0182135728542914","0.1075349301397210","0.0706087824351297","0.3176147704590820","232344.0","1387000.0","1609.0","1293.0","316.0","0.8036047234307020","0.510004763402226","7858.750128651260","381103456.54","95085.693","Census Tract 4216; Alameda County; California","641","776","662","1929","Census Tract 4216; Alameda County; California","19","103","145","2749"
232,"06","001","408300","06001408300","4083",Census Tract 4083,G5020,S,1538489,0,"+37.7711951","-122.1646018",new_tracts — tl_2022_06_tract,/Users/admin/Desktop/OPEN_project/new_tracts.gpkg|layername=tl_2022_06_tract,"83","129295.0","33397.0","1017",Oakland,Alameda County,Oakland,"653000",City,City of Oakland,"2411292",Oakland,"2024.0","4705.0","1162.0","1499.0","567.0","1184.0","0.246971307120085","0.3185972369819340","0.120510095642933","0.2516471838469710","0.753028692879915","148950.0","836500.0","1855.0","1407.0","448.0","0.7584905660377360","0.5942630646730160","7917.3690570671","177194500.0","37660.893","Census Tract 4083; Alameda County; California","794","1069","1281","1561","Census Tract 4083; Alameda County; California","213","624","863","2009"
233,"06","001","401800","06001401800","4018",Census Tract 4018,G5020,S,301016,0,"+37.8095098","-122.2982554",new_tracts — tl_2022_06_tract,/Users/admin/Desktop/OPEN_project/new_tracts.gpkg|layername=tl_2022_06_tract,"113","72401.0","16109.0","1017",Oakland,Alameda County,Oakland,"653000",City,City of Oakland,"2411292",Oakland,"2024.0","1792.0","448.0","533.0","78.0","609.0","0.25","0.2974330357142860","0.0435267857142857","0.33984375","0.75","68299.0","1008700.0","737.0","214.0","523.0","0.2903663500678430","0.1156129428383390","15499.99468922570","111638600.0","62298.326","Census Tract 4018; Alameda County; California","340","574","504","374","Census Tract 4018; Alameda County; California","78","137","369","666"
234,"06","001","400400","06001400400","4004",Census Tract 4004,G5020,S,716138,0,"+37.8482840","-122.2574447",new_tracts — tl_2022_06_tract,/Users/admin/Desktop/OPEN_project/new_tracts.gpkg|layername=tl_2022_06_tract,"40","158836.0","9038.0","1013",Berkeley,Alameda County,Berkeley,"606000",City,City of Berkeley,"2409837",Berkeley,"2024.0","4399.0","2711.0","337.0","517.0","509.0","0.6162764264605590","0.0766083200727438","0.1175267106160490","0.115708115480791","0.3837235735394410","165134.0","1586700.0","1803.0","910.0","893.0","0.50471436494731","0.2788010968024940","15778.273652618800","593558700.0","134930.371","Census Tract 4004; Alameda County; California","992","811","1279","1317","Census Tract 4004; Alameda County; California","50","165","328","2771"
235,"06","001","401000","06001401000","4010",Census Tract 4010,G5020,S,1149000,0,"+37.8312043","-122.2718866",new_tracts — tl_2022_06_tract,/Users/admin/Desktop/OPEN_project/new_tracts.gpkg|layername=tl_2022_06_tract,"105","153654.0","31601.0","1017",Oakland,Alameda County,Oakland,"653000",City,City of Oakland,"2411292",Oakland,"2024.0","6361.0","1692.0","2462.0","377.0","853.0","0.2659959125923600","0.3870460619399470","0.0592674107844678","0.1340984121993400","0.7340040874076400","136728.0","927800.0","2461.0","893.0","1568.0","0.3628606257618850","0.4431407635611190","14354.355372054800","410294456.54","64501.565","Census Tract 4010; Alameda County; California","1289","2090","1332","1650","Census Tract 4010; Alameda County; California","415","582","1039","2763"
236,"06","001","401400","06001401400","4014",Census Tract 4014,G5020,S,754768,0,"+37.8207423","-122.2734090",new_tracts — tl_2022_06_tract,/Users/admin/Desktop/OPEN_project/new_tracts.gpkg|layername=tl_2022_06_tract,"106","95011.0","13183.0","1017",Oakland,Alameda County,Oakland,"653000",City,City of Oakland,"2411292",Oakland,"2024.0","4214.0","1178.0","1310.0","486.0","1027.0","0.2795443758898910","0.3108685334598960","0.1153298528713810","0.2437114380635980","0.7204556241101090","70208.0","889700.0","1739.0","427.0","1312.0","0.2455434157561820","0.2899186180311190","14535.113434997400","391488156.54","92901.793","Census Tract 4014; Alameda County; California","468","1809","838","1099","Census Tract 4014; Alameda County; California","446","536","721","1400"
237,"06","001","423601","06001423601","4236.01",Census Tract 4236.01,G5020,S,523435,0,"+37.8588898","-122.2587190",new_tracts — tl_2022_06_tract,/Users/admin/Desktop/OPEN_project/new_tracts.gpkg|layername=tl_2022_06_tract,"38","155857.0","18596.0","1013",Berkeley,Alameda County,Berkeley,"606000",City,City of Berkeley,"2409837",Berkeley,"2024.0","2603.0","1578.0","56.0","403.0","297.0","0.606223588167499","0.0215136381098732","0.1548213599692660","0.114099116404149","0.393776411832501","166310.0","1421900.0","1136.0","555.0","581.0","0.488556338028169","0.1984587501293890","13116.075750265100","386881800.0","148629.197","Census Tract 4236.01; Alameda County; California","305","800","439","1059","Census Tract 4236.01; Alameda County; California","71","69","348","1558"
238,"06","001","404400","06001404400","4044",Census Tract 4044,G5020,S,4152683,0,"+37.8462275","-122.2149841",new_tracts — tl_2022_06_tract,/Users/admin/Desktop/OPEN_project/new_tracts.gpkg|layername=tl_2022_06_tract,"147","184737.0","48773.0","1017",Oakland,Alameda County,Oakland,"653000",City,City of Oakland,"2411292",Oakland,"2024.0","5567.0","2958.0","74.0","1294.0","167.0","0.53134542841746","0.0132926172085503","0.232441171187354","0.0299982037003772","0.46865457158254","231597.0","1412800.0","2407.0","2146.0","261.0","0.891566265060241","1.6143318826512000","3448.485444552690","248791200.0","44690.354","Census Tract 4044; Alameda County; California","1075","672","1526","2294","Census Tract 4044; Alameda County; California","77","151","342","3746"
239,"06","001","404600","06001404600","4046",Census Tract 4046,G5020,S,4877912,0,"+37.8199301","-122.1912387",new_tracts — tl_2022_06_tract,/Users/admin/Desktop/OPEN_project/new_tracts.gpkg|layername=tl_2022_06_tract,"158","222617.0","36712.0","1017",Oakland,Alameda County,Oakland,"653000",City,City of Oakland,"2411292",Oakland,"2024.0","4697.0","2699.0","412.0","590.0","224.0","0.5746220992122630","0.0877155631253991","0.1256120928252080","0.0476900149031296","0.4253779007877370","233194.0","1315700.0","1885.0","1678.0","207.0","0.890185676392573","1.89070476416626","2484.2588271951700","243100500.0","51756.547","Census Tract 4046; Alameda County; California","853","371","1235","2238","Census Tract 4046; Alameda County; California","88","179","437","3067"
240,"06","001","406700","06001406700","4067",Census Tract 4067,G5020,S,1683727,0,"+37.8033164","-122.2022249",new_tracts — tl_2022_06_tract,/Users/admin/Desktop/OPEN_project/new_tracts.gpkg|layername=tl_2022_06_tract,"156","143887.0","21641.0","1017",Oakland,Alameda County,Oakland,"653000",City,City of Oakland,"2411292",Oakland,"2024.0","5778.0","2537.0","540.0","1044.0","1126.0","0.4390792661820700","0.0934579439252336","0.1806853582554520","0.1948771201107650","0.5609207338179300","134087.0","1175900.0","2186.0","1449.0","737.0","0.6628545288197620","0.6637536953966980","8705.036280885380","284086700.0","49166.961","Census Tract 4067; Alameda County; California","1035","1206","1388","2149","Census Tract 4067; Alameda County; California","439","522","780","2499"
241,"06","001","401100","06001401100","4011",Census Tract 4011,G5020,S,873332,0,"+37.8304839","-122.2638399",new_tracts — tl_2022_06_tract,/Users/admin/Desktop/OPEN_project/new_tracts.gpkg|layername=tl_2022_06_tract,"107","93121.0","8351.0","1017",Oakland,Alameda County,Oakland,"653000",City,City of Oakland,"2411292",Oakland,"2024.0","5722.0","2053.0","1515.0","793.0","740.0","0.358790632645928","0.264767563788885","0.1385879063264590","0.129325410695561","0.641209367354072","96599.0","1157100.0","2885.0","463.0","2422.0","0.1604852686308490","0.3360129896737260","17029.10356399060","461337628.27","80625.241","Census Tract 4011; Alameda County; California","783","2244","1456","1239","Census Tract 4011; Alameda County; California","423","347","920","2747"
242,"06","001","401200","06001401200","4012",Census Tract 4012,G5020,S,663620,0,"+37.8306009","-122.2579159",new_tracts — tl_2022_06_tract,/Users/admin/Desktop/OPEN_project/new_tracts.gpkg|layername=tl_2022_06_tract,"124","115045.0","41439.0","1017",Oakland,Alameda County,Oakland,"653000",City,City of Oakland,"2411292",Oakland,"2024.0","3073.0","1814.0","136.0","476.0","366.0","0.5903026358607220","0.044256426944354","0.1548974943052390","0.1191018548649530","0.4096973641392780","123750.0","1301600.0","1578.0","649.0","929.0","0.4112801013941700","0.2566051378766550","11975.598093741700","438572200.0","142717.93","Census Tract 4012; Alameda County; California","322","975","1115","661","Census Tract 4012; Alameda County; California","27","145","353","2102"
243,"06","001","401300","06001401300","4013",Census Tract 4013,G5020,S,861889,0,"+37.8181386","-122.2667055",new_tracts — tl_2022_06_tract,/Users/admin/Desktop/OPEN_project/new_tracts.gpkg|layername=tl_2022_06_tract,"108","104226.0","12036.0","1017",Oakland,Alameda County,Oakland,"653000",City,City of Oakland,"2411292",Oakland,"2024.0","4778.0","1494.0","1362.0","915.0","654.0","0.312683131017162","0.2850565089995810","0.1915027208036840","0.1368773545416490","0.687316868982838","106938.0","639100.0","2644.0","229.0","2415.0","0.0866111951588502","0.3342541265322850","14294.513128586600","514016828.27","107579.914","Census Tract 4013; Alameda County; California","399","1990","1115","1274","Census Tract 4013; Alameda County; California","269","535","973","2361"
244,"06","001","402900","06001402900","4029",Census Tract 4029,G5020,S,407131,0,"+37.8071852","-122.2667035",new_tracts — tl_2022_06_tract,/Users/admin/Desktop/OPEN_project/new_tracts.gpkg|layername=tl_2022_06_tract,"109","37973.0","26861.0","1017",Oakland,Alameda County,Oakland,"653000",City,City of Oakland,"2411292",Oakland,"2024.0","2431.0","629.0","603.0","692.0","224.0","0.2587412587412590","0.2480460715754830","0.2846565199506380","0.0921431509666803","0.7412587412587410","66050.0",,"1715.0","12.0","1703.0","0.0069970845481049","0.1608196116173490","15116.31557589060","302305800.0","124354.504","Census Tract 4029; Alameda County; California","151","897","666","717","Census Tract 4029; Alameda County; California","181","280","389","1332"
245,"06","075","026201","06075026201","262.01",Census Tract 262.01,G5020,S,437178,0,"+37.7097064","-122.4583017",new_tracts — tl_2022_06_tract,/Users/admin/Desktop/OPEN_project/new_tracts.gpkg|layername=tl_2022_06_tract,"295","124250.0","46974.0","38001",San Francisco,San Francisco County,San Francisco,"667000",City,City of San Francisco,"2411786",San Francisco,"2024.0","3856.0","300.0","6.0","2742.0","679.0","0.0778008298755186","0.0015560165975103","0.7110995850622410","0.1760892116182570","0.9221991701244810","160417.0","1128300.0","996.0","694.0","302.0","0.6967871485943780","0.1660922709503140","23216.01106383510","254119300.0","65902.308","Census Tract 262.01; San Francisco County; California","743","1029","624","1460","Census Tract 262.01; San Francisco County; California","499","521","895","1036"
246,"06","075","026202","06075026202","262.02",Census Tract 262.02,G5020,S,337319,0,"+37.7134049","-122.4483179",new_tracts — tl_2022_06_tract,/Users/admin/Desktop/OPEN_project/new_tracts.gpkg|layername=tl_2022_06_tract,"296","138545.0","21711.0","38001",San Francisco,San Francisco County,San Francisco,"667000",City,City of San Francisco,"2411786",San Francisco,"2024.0","3706.0","316.0","37.0","2595.0","751.0","0.0852671343766864","0.0099838100377765","0.7002158661629790","0.2026443604964920","0.9147328656233140","148429.0","1142100.0","1040.0","717.0","323.0","0.6894230769230770","0.1306083997437930","28374.897841714900","269151700.0","72625.931","Census Tract 262.02; San Francisco County; California","558","629","996","1523","Census Tract 262.02; San Francisco County; California","698","731","557","1002"
247,"06","075","012405","06075012405","124.05",Census Tract 124.05,G5020,S,295197,0,"+37.7795195","-122.4174620",new_tracts — tl_2022_06_tract,/Users/admin/Desktop/OPEN_project/new_tracts.gpkg|layername=tl_2022_06_tract,"255","102358.0","44956.0","38001",San Francisco,San Francisco County,San Francisco,"667000",City,City of San Francisco,"2411786",San Francisco,"2024.0","3764.0","1271.0","590.0","667.0","857.0","0.337672688629118","0.1567481402763020","0.1772051009564290","0.227683315621679","0.6623273113708820","113665.0",,"2579.0","37.0","2542.0","0.0143466459868165","0.1145086989441720","32870.86513693700","695584428.571429","184799.264","Census Tract 124.05; San Francisco County; California","270","1896","1044","554","Census Tract 124.05; San Francisco County; California","71","327","377","2400"
248,"06","075","020101","06075020101","201.01",Census Tract 201.01,G5020,S,305225,0,"+37.7702373","-122.4201473",new_tracts — tl_2022_06_tract,/Users/admin/Desktop/OPEN_project/new_tracts.gpkg|layername=tl_2022_06_tract,"249","135223.0","54637.0","38001",San Francisco,San Francisco County,San Francisco,"667000",City,City of San Francisco,"2411786",San Francisco,"2024.0","3943.0","1350.0","233.0","789.0","1227.0","0.3423788993152420","0.0590920618818158","0.2001014455997970","0.3111843773776310","0.6576211006847580","135759.0","766800.0","1901.0","480.0","1421.0","0.2524986849026830","0.1193496765137160","33037.37483986260","998171142.857143","253150.176","Census Tract 201.01; San Francisco County; California","394","1372","1012","1165","Census Tract 201.01; San Francisco County; California","517","461","443","1913"
249,"06","075","017603","06075017603","176.03",Census Tract 176.03,G5020,S,248651,0,"+37.7763092","-122.4143407",new_tracts — tl_2022_06_tract,/Users/admin/Desktop/OPEN_project/new_tracts.gpkg|layername=tl_2022_06_tract,"302","90590.0","14068.0","38001",San Francisco,San Francisco County,San Francisco,"667000",City,City of San Francisco,"2411786",San Francisco,"2024.0","4964.0","1301.0","433.0","1935.0","993.0","0.2620870265914590","0.0872280419016921","0.3898066075745370","0.2000402900886380","0.7379129734085420","124291.0","677000.0","2517.0","540.0","1977.0","0.2145411203814060","0.0957032687378098","51868.656791644700","794175828.571429","159987.073","Census Tract 176.03; San Francisco County; California","619","1766","1050","1529","Census Tract 176.03; San Francisco County; California","621","711","570","2048"
250,"06","075","017803","06075017803","178.03",Census Tract 178.03,G5020,S,189846,0,"+37.7734260","-122.4120419",new_tracts — tl_2022_06_tract,/Users/admin/Desktop/OPEN_project/new_tracts.gpkg|layername=tl_2022_06_tract,"309","87132.0","54979.0","38001",San Francisco,San Francisco County,San Francisco,"667000",City,City of San Francisco,"2411786",San Francisco,"2024.0","2415.0","676.0","348.0","969.0","313.0","0.2799171842650100","0.1440993788819880","0.4012422360248450","0.1296066252587990","0.7200828157349900","85909.0","1046200.0","1208.0","254.0","954.0","0.2102649006622520","0.0732901944070184","32951.2019928376","997171028.571429","412907.258","Census Tract 178.03; San Francisco County; California","270","790","436","919","Census Tract 178.03; San Francisco County; California","158","383","631","918"
251,"06","075","012503","06075012503","125.03",Census Tract 125.03,G5020,S,108926,0,"+37.7834657","-122.4105086",new_tracts — tl_2022_06_tract,/Users/admin/Desktop/OPEN_project/new_tracts.gpkg|layername=tl_2022_06_tract,"315","39133.0","23341.0","38001",San Francisco,San Francisco County,San Francisco,"667000",City,City of San Francisco,"2411786",San Francisco,"2024.0","4772.0","696.0","391.0","1956.0","1541.0","0.1458507963118190","0.0819362950544844","0.4098910310142500","0.3229253981559100","0.854149203688181","50696.0",,"2224.0","45.0","2179.0","0.0202338129496402","0.0456897796357956","104443.4890699580","579107228.571429","121355.245","Census Tract 125.03; San Francisco County; California","429","1151","1309","1883","Census Tract 125.03; San Francisco County; California","1135","1107","954","781"
252,"06","075","017804","06075017804","178.04",Census Tract 178.04,G5020,S,320289,0,"+37.7776291","-122.4067243",new_tracts — tl_2022_06_tract,/Users/admin/Desktop/OPEN_project/new_tracts.gpkg|layername=tl_2022_06_tract,"383","124674.0","23390.0","38001",San Francisco,San Francisco County,San Francisco,"667000",City,City of San Francisco,"2411786",San Francisco,"2024.0","4380.0","1555.0","359.0","1561.0","709.0","0.3550228310502280","0.0819634703196347","0.3563926940639270","0.1618721461187210","0.6449771689497720","134264.0","961900.0","2322.0","854.0","1468.0","0.367786391042205","0.1236279766758110","35428.8739310653","709462828.571429","161977.815","Census Tract 178.04; San Francisco County; California","189","1745","1236","1210","Census Tract 178.04; San Francisco County; California","198","310","641","2642"
253,"06","075","017602","06075017602","176.02",Census Tract 176.02,G5020,S,273225,0,"+37.7821241","-122.4070181",new_tracts — tl_2022_06_tract,/Users/admin/Desktop/OPEN_project/new_tracts.gpkg|layername=tl_2022_06_tract,"384","69671.0","42665.0","38001",San Francisco,San Francisco County,San Francisco,"667000",City,City of San Francisco,"2411786",San Francisco,"2024.0","3560.0","979.0","639.0","1480.0","211.0","0.275","0.1794943820224720","0.4157303370786520","0.0592696629213483","0.725",,"864100.0","1546.0","161.0","1385.0","0.1041397153945670","0.1047993029450910","33969.691591033200","632665728.571429","177715.092","Census Tract 176.02; San Francisco County; California","314","884","1313","1049","Census Tract 176.02; San Francisco County; California","377","627","975","1032"
254,"06","075","061503","06075061503","615.03",Census Tract 615.03,G5020,S,234864,0,"+37.7857922","-122.3965353",new_tracts — tl_2022_06_tract,/Users/admin/Desktop/OPEN_project/new_tracts.gpkg|layername=tl_2022_06_tract,"398","221781.0","71508.0","38001",San Francisco,San Francisco County,San Francisco,"667000",City,City of San Francisco,"2411786",San Francisco,"2024.0","3552.0","1052.0","17.0","1714.0","721.0","0.2961711711711710","0.004786036036036","0.482545045045045","0.2029842342342340","0.7038288288288290","188441.0","923100.0","2087.0","244.0","1843.0","0.1169142309535220","0.0906753769389314","39172.70729839060","523799828.571429","147466.168","Census Tract 615.03; San Francisco County; California","58","1920","971","603","Census Tract 615.03; San Francisco County; California","221","51","270","2627"
255,"06","075","060703","06075060703","607.03",Census Tract 607.03,G5020,S,346694,0,"+37.7749279","-122.3957079",new_tracts — tl_2022_06_tract,/Users/admin/Desktop/OPEN_project/new_tracts.gpkg|layername=tl_2022_06_tract,"397","235371.0","29217.0","38001",San Francisco,San Francisco County,San Francisco,"667000",City,City of San Francisco,"2411786",San Francisco,"2024.0","6388.0","2607.0","262.0","2466.0","553.0","0.4081089542892920","0.041014402003757","0.3860363180964310","0.086568566061365","0.5918910457107080","179727.0","921200.0","2807.0","1059.0","1748.0","0.3772711079444250","0.134742801466157","47408.84062444300","509519742.857143","79762.014","Census Tract 607.03; San Francisco County; California","915","2150","1775","1548","Census Tract 607.03; San Francisco County; California","392","412","614","3397"
256,"06","075","061402","06075061402","614.02",Census Tract 614.02,G5020,S,393751,0,"+37.7565832","-122.3947008",new_tracts — tl_2022_06_tract,/Users/admin/Desktop/OPEN_project/new_tracts.gpkg|layername=tl_2022_06_tract,"400","174675.0","77546.0","38001",San Francisco,San Francisco County,San Francisco,"667000",City,City of San Francisco,"2411786",San Francisco,"2024.0","2760.0","1561.0","108.0","606.0","327.0","0.5655797101449280","0.0391304347826087","0.2195652173913040","0.1184782608695650","0.4344202898550720","226290.0","2000001.0","1228.0","451.0","777.0","0.3672638436482080","0.1528997497338380","18051.043280348700","397082042.857143","143870.305","Census Tract 614.02; San Francisco County; California","679","916","683","482","Census Tract 614.02; San Francisco County; California","16","109","204","1568"
257,"06","075","061502","06075061502","615.02",Census Tract 615.02,G5020,S,215314,0,"+37.7817147","-122.3929796",new_tracts — tl_2022_06_tract,/Users/admin/Desktop/OPEN_project/new_tracts.gpkg|layername=tl_2022_06_tract,"402","93403.0","60966.0","38001",San Francisco,San Francisco County,San Francisco,"667000",City,City of San Francisco,"2411786",San Francisco,"2024.0","2500.0","1646.0","53.0","294.0","330.0","0.6584","0.0212","0.1176","0.132","0.3416","122422.0","1554100.0","1556.0","346.0","1210.0","0.2223650385604110","0.0829303402046238","30145.78251857470","480214828.571429","192085.931","Census Tract 615.02; San Francisco County; California","260","842","562","836","Census Tract 615.02; San Francisco County; California","62","190","65","1653"
258,"06","075","017903","06075017903","179.03",Census Tract 179.03,G5020,S,2502565,2519031,"+37.8194586","-122.3704229",new_tracts — tl_2022_06_tract,/Users/admin/Desktop/OPEN_project/new_tracts.gpkg|layername=tl_2022_06_tract,"174","96000.0","51237.0","38001",San Francisco,San Francisco County,San Francisco,"667000",City,City of San Francisco,"2411786",San Francisco,"2024.0","2429.0","710.0","429.0","150.0","778.0","0.2923013585837790","0.1766158913132980","0.0617538081515026","0.3202964182791270","0.7076986414162210","93269.0",,"616.0","0.0","616.0","0.0","1.1265250131772700","2156.188252890370","153844442.857143","63336.535","Census Tract 179.03; San Francisco County; California","356","879","686","508","Census Tract 179.03; San Francisco County; California","235","342","532","580"
259,"06","075","045201","06075045201","452.01",Census Tract 452.01,G5020,S,353928,0,"+37.7770419","-122.4696013",new_tracts — tl_2022_06_tract,/Users/admin/Desktop/OPEN_project/new_tracts.gpkg|layername=tl_2022_06_tract,"366","139659.0","68743.0","38001",San Francisco,San Francisco County,San Francisco,"667000",City,City of San Francisco,"2411786",San Francisco,"2024.0","3045.0","1210.0","130.0","1194.0","286.0","0.3973727422003280","0.0426929392446633","0.3921182266009850","0.0939244663382594","0.6026272577996720","166944.0","1690300.0","1324.0","674.0","650.0","0.5090634441087610","0.1367782881909630","22262.30522602190","376908300.0","123779.409","Census Tract 452.01; San Francisco County; California","513","507","694","1331","Census Tract 452.01; San Francisco County; California","210","62","282","1875"
260,"06","075","035102","06075035102","351.02",Census Tract 351.02,G5020,S,543295,0,"+37.7547780","-122.4990243",new_tracts — tl_2022_06_tract,/Users/admin/Desktop/OPEN_project/new_tracts.gpkg|layername=tl_2022_06_tract,"192","162721.0","50102.0","38001",San Francisco,San Francisco County,San Francisco,"667000",City,City of San Francisco,"2411786",San Francisco,"2024.0","3755.0","1123.0","0.0","2319.0","195.0","0.2990679094540610","0.0","0.6175765645805590","0.0519307589880159","0.7009320905459390","167279.0","1272700.0","1259.0","930.0","329.0","0.73868149324861","0.2098108622286760","17897.071486734400","181538900.0","48345.912","Census Tract 351.02; San Francisco County; California","739","594","759","1663","Census Tract 351.02; San Francisco County; California","514","160","570","1609"
261,"06","075","980600","06075980600","9806",Census Tract 9806,G5020,S,2069958,2078453,"+37.7231655","-122.3685424",new_tracts — tl_2022_06_tract,/Users/admin/Desktop/OPEN_project/new_tracts.gpkg|layername=tl_2022_06_tract,"412","136250.0","21729.0","38001",San Francisco,San Francisco County,San Francisco,"667000",City,City of San Francisco,"2411786",San Francisco,"2024.0","1295.0","238.0","285.0","473.0","186.0","0.1837837837837840","0.22007722007722","0.3652509652509650","0.1436293436293440","0.8162162162162160","154375.0","893200.0","577.0","382.0","195.0","0.6620450606585790","0.7076897220341430","1829.8979901498700","32944600.0","25439.846","Census Tract 9806; San Francisco County; California","282","375","292","346","Census Tract 9806; San Francisco County; California","119","128","251","437"
262,"06","075","015701","06075015701","157.01",Census Tract 157.01,G5020,S,479211,0,"+37.7784855","-122.4507192",new_tracts — tl_2022_06_tract,/Users/admin/Desktop/OPEN_project/new_tracts.gpkg|layername=tl_2022_06_tract,"347","148542.0","40798.0","38001",San Francisco,San Francisco County,San Francisco,"667000",City,City of San Francisco,"2411786",San Francisco,"2024.0","4777.0","2323.0","141.0","1334.0","630.0","0.4862884655641620","0.0295164329076826","0.2792547624031820","0.1318819342683690","0.5137115344358380","182353.0","2000001.0","1230.0","420.0","810.0","0.3414634146341460","0.1838429002457060","25984.1418603359","686235142.857143","143653.997","Census Tract 157.01; San Francisco County; California","319","2943","626","889","Census Tract 157.01; San Francisco County; California","63","278","287","1889"
263,"06","075","015402","06075015402","154.02",Census Tract 154.02,G5020,S,327153,0,"+37.7855854","-122.4514018",new_tracts — tl_2022_06_tract,/Users/admin/Desktop/OPEN_project/new_tracts.gpkg|layername=tl_2022_06_tract,"344","231313.0","52283.0","38001",San Francisco,San Francisco County,San Francisco,"667000",City,City of San Francisco,"2411786",San Francisco,"2024.0","2688.0","1640.0","40.0","398.0","523.0","0.6101190476190480","0.0148809523809523","0.1480654761904760","0.1945684523809520","0.3898809523809520","171960.0","2000001.0","1359.0","325.0","1034.0","0.2391464311994110","0.1290686541058680","20826.125588906900","632893742.857143","235451.541","Census Tract 154.02; San Francisco County; California","474","465","975","774","Census Tract 154.02; San Francisco County; California","0","115","325","1705"
264,"06","075","015702","06075015702","157.02",Census Tract 157.02,G5020,S,357460,0,"+37.7794926","-122.4443716",new_tracts — tl_2022_06_tract,/Users/admin/Desktop/OPEN_project/new_tracts.gpkg|layername=tl_2022_06_tract,"355","209803.0","61458.0","38001",San Francisco,San Francisco County,San Francisco,"667000",City,City of San Francisco,"2411786",San Francisco,"2024.0","3080.0","1655.0","65.0","458.0","287.0","0.5373376623376620","0.0211038961038961","0.1487012987012990","0.0931818181818181","0.4626623376623380","216071.0","1416700.0","1386.0","588.0","798.0","0.4242424242424240","0.1395396958716020","22072.572114777100","733954042.857143","238296.767","Census Tract 157.02; San Francisco County; California","346","1144","814","776","Census Tract 157.02; San Francisco County; California","97","45","330","2088"
265,"06","075","016602","06075016602","166.02",Census Tract 166.02,G5020,S,138982,0,"+37.7699467","-122.4511458",new_tracts — tl_2022_06_tract,/Users/admin/Desktop/OPEN_project/new_tracts.gpkg|layername=tl_2022_06_tract,"349","207640.0","28297.0","38001",San Francisco,San Francisco County,San Francisco,"667000",City,City of San Francisco,"2411786",San Francisco,"2024.0","1912.0","1237.0","166.0","89.0","226.0","0.6469665271966530","0.0868200836820083","0.0465481171548117","0.1182008368200840","0.3530334728033470","223877.0","1905000.0","1048.0","247.0","801.0","0.2356870229007630","0.0527365904986297","36255.66199714180","582608500.0","304711.559","Census Tract 166.02; San Francisco County; California","162","984","415","351","Census Tract 166.02; San Francisco County; California","0","41","150","1496"
266,"06","075","016601","06075016601","166.01",Census Tract 166.01,G5020,S,204186,0,"+37.7708668","-122.4449409",new_tracts — tl_2022_06_tract,/Users/admin/Desktop/OPEN_project/new_tracts.gpkg|layername=tl_2022_06_tract,"353","158854.0","55528.0","38001",San Francisco,San Francisco County,San Francisco,"667000",City,City of San Francisco,"2411786",San Francisco,"2024.0","2836.0","2030.0","110.0","403.0","123.0","0.7157968970380820","0.038787023977433","0.1421015514809590","0.0433709449929478","0.2842031029619180","134211.0","1283700.0","1469.0","277.0","1192.0","0.1885636487406400","0.0784213595167291","36163.61687015910","622805842.857143","219607.138","Census Tract 166.01; San Francisco County; California","212","938","846","840","Census Tract 166.01; San Francisco County; California","63","106","260","2094"
267,"06","075","012504","06075012504","125.04",Census Tract 125.04,G5020,S,26295,0,"+37.7811411","-122.4129545",new_tracts — tl_2022_06_tract,/Users/admin/Desktop/OPEN_project/new_tracts.gpkg|layername=tl_2022_06_tract,"260","25667.0","9435.0","38001",San Francisco,San Francisco County,San Francisco,"667000",City,City of San Francisco,"2411786",San Francisco,"2024.0","693.0","121.0","58.0","239.0","221.0","0.1746031746031750","0.0836940836940837","0.3448773448773450","0.3189033189033190","0.8253968253968250","19333.0",,"342.0","42.0","300.0","0.1228070175438600","0.0062413282858402","111034.05689654600","541313328.571429","781115.914","Census Tract 125.04; San Francisco County; California","23","96","148","426","Census Tract 125.04; San Francisco County; California","259","162","159","79"
268,"06","075","020102","06075020102","201.02",Census Tract 201.02,G5020,S,140244,0,"+37.7650522","-122.4196880",new_tracts — tl_2022_06_tract,/Users/admin/Desktop/OPEN_project/new_tracts.gpkg|layername=tl_2022_06_tract,"247","116076.0","74559.0","38001",San Francisco,San Francisco County,San Francisco,"667000",City,City of San Francisco,"2411786",San Francisco,"2024.0","3463.0","954.0","272.0","623.0","1453.0","0.2754836846664740","0.0785446144961016","0.1799018192318800","0.4195784002310140","0.7245163153335260","100761.0","1098000.0","1306.0","221.0","1085.0","0.169218989280245","0.0541460960718756","63956.59615797750","826903242.857143","238782.34","Census Tract 201.02; San Francisco County; California","412","390","1359","1302","Census Tract 201.02; San Francisco County; California","698","513","406","1268"
269,"06","075","020802","06075020802","208.02",Census Tract 208.02,G5020,S,138386,0,"+37.7618332","-122.4193778",new_tracts — tl_2022_06_tract,/Users/admin/Desktop/OPEN_project/new_tracts.gpkg|layername=tl_2022_06_tract,"244","119030.0","25098.0","38001",San Francisco,San Francisco County,San Francisco,"667000",City,City of San Francisco,"2411786",San Francisco,"2024.0","2188.0","609.0","19.0","560.0","866.0","0.2783363802559420","0.0086837294332723","0.2559414990859230","0.3957952468007310","0.7216636197440590","119667.0",,"1018.0","149.0","869.0","0.1463654223968570","0.0534339858065974","40947.722071855100","691411342.857143","316001.528","Census Tract 208.02; San Francisco County; California","163","730","680","615","Census Tract 208.02; San Francisco County; California","685","41","213","795"
270,"06","075","020801","06075020801","208.01",Census Tract 208.01,G5020,S,207712,0,"+37.7578341","-122.4189960",new_tracts — tl_2022_06_tract,/Users/admin/Desktop/OPEN_project/new_tracts.gpkg|layername=tl_2022_06_tract,"240","101696.0","23574.0","38001",San Francisco,San Francisco County,San Francisco,"667000",City,City of San Francisco,"2411786",San Francisco,"2024.0","3767.0","1046.0","154.0","408.0","1789.0","0.2776745420759220","0.040881337934696","0.1083089992036100","0.4749137244491640","0.7223254579240780","133953.0","1125000.0","1418.0","318.0","1100.0","0.2242595204513400","0.0801996412842602","46970.28490000610","607437842.857143","161252.414","Census Tract 208.01; San Francisco County; California","650","1048","891","1178","Census Tract 208.01; San Francisco County; California","676","174","382","1482"
271,"06","075","061401","06075061401","614.01",Census Tract 614.01,G5020,S,413811,0,"+37.7537616","-122.3999432",new_tracts — tl_2022_06_tract,/Users/admin/Desktop/OPEN_project/new_tracts.gpkg|layername=tl_2022_06_tract,"395","139038.0","61995.0","38001",San Francisco,San Francisco County,San Francisco,"667000",City,City of San Francisco,"2411786",San Francisco,"2024.0","2815.0","1423.0","225.0","440.0","453.0","0.5055062166962700","0.0799289520426287","0.1563055062166960","0.1609236234458260","0.49449378330373","148598.0","1164800.0","1313.0","927.0","386.0","0.7060167555217060","0.1630502920343910","17264.61182544990","493502142.857143","175311.596","Census Tract 614.01; San Francisco County; California","422","708","465","1220","Census Tract 614.01; San Francisco County; California","114","154","271","1688"
272,"06","075","020702","06075020702","207.02",Census Tract 207.02,G5020,S,138854,0,"+37.7615686","-122.4237834",new_tracts — tl_2022_06_tract,/Users/admin/Desktop/OPEN_project/new_tracts.gpkg|layername=tl_2022_06_tract,"243","144048.0","28675.0","38001",San Francisco,San Francisco County,San Francisco,"667000",City,City of San Francisco,"2411786",San Francisco,"2024.0","1995.0","1233.0","25.0","349.0","340.0","0.6180451127819550","0.012531328320802","0.174937343358396","0.1704260651629070","0.3819548872180450","160179.0","1697200.0","1121.0","245.0","876.0","0.2185548617305980","0.0535523603490866","37253.25993094210","644223442.857143","322919.019","Census Tract 207.02; San Francisco County; California","183","607","575","630","Census Tract 207.02; San Francisco County; California","96","89","260","1309"
273,"06","075","060702","06075060702","607.02",Census Tract 607.02,G5020,S,548503,0,"+37.7680890","-122.4003072",new_tracts — tl_2022_06_tract,/Users/admin/Desktop/OPEN_project/new_tracts.gpkg|layername=tl_2022_06_tract,"393","141333.0","90395.0","38001",San Francisco,San Francisco County,San Francisco,"667000",City,City of San Francisco,"2411786",San Francisco,"2024.0","2608.0","376.0","370.0","1514.0","250.0","0.1441717791411040","0.1418711656441720","0.5805214723926380","0.0958588957055214","0.8558282208588960","147903.0","486900.0","1428.0","333.0","1095.0","0.2331932773109240","0.2127147314878680","12260.55187507660","808379842.857143","309961.596","Census Tract 607.02; San Francisco County; California","332","1043","704","529","Census Tract 607.02; San Francisco County; California","105","198","343","1474"
274,"06","075","012001","06075012001","120.01",Census Tract 120.01,G5020,S,62922,0,"+37.7884288","-122.4186288",new_tracts — tl_2022_06_tract,/Users/admin/Desktop/OPEN_project/new_tracts.gpkg|layername=tl_2022_06_tract,"328","87796.0","22896.0","38001",San Francisco,San Francisco County,San Francisco,"667000",City,City of San Francisco,"2411786",San Francisco,"2024.0","1746.0","607.0","21.0","330.0","371.0","0.347651775486827","0.0120274914089347","0.1890034364261170","0.2124856815578470","0.652348224513173","80300.0","1586800.0","1002.0","47.0","955.0","0.0469061876247504","0.0242676983518","71947.49063915600","582402428.571429","333563.819","Census Tract 120.01; San Francisco County; California","107","740","379","520","Census Tract 120.01; San Francisco County; California","104","109","472","787"
275,"06","075","010101","06075010101","101.01",Census Tract 101.01,G5020,S,667587,676264,"+37.8083492","-122.4093204",new_tracts — tl_2022_06_tract,/Users/admin/Desktop/OPEN_project/new_tracts.gpkg|layername=tl_2022_06_tract,"226","83816.0","37733.0","38001",San Francisco,San Francisco County,San Francisco,"667000",City,City of San Francisco,"2411786",San Francisco,"2024.0","1911.0","717.0","113.0","561.0","373.0","0.3751962323390900","0.0591313448456305","0.2935635792778650","0.195185766614338","0.6248037676609110","89022.0","1531300.0","1216.0","101.0","1115.0","0.0830592105263157","0.1917473112912060","9966.241441048240","408696628.571429","213865.321","Census Tract 101.01; San Francisco County; California","45","764","472","630","Census Tract 101.01; San Francisco County; California","192","35","341","1121"
276,"06","075","010102","06075010102","101.02",Census Tract 101.02,G5020,S,79556,0,"+37.8046900","-122.4139437",new_tracts — tl_2022_06_tract,/Users/admin/Desktop/OPEN_project/new_tracts.gpkg|layername=tl_2022_06_tract,"225",,,"38001",San Francisco,San Francisco County,San Francisco,"667000",City,City of San Francisco,"2411786",San Francisco,"2024.0","1917.0","617.0","385.0","770.0","112.0","0.3218570683359420","0.2008346374543560","0.4016692749087120","0.0584246218049034","0.6781429316640580","102826.0","1300000.0","930.0","264.0","666.0","0.2838709677419360","0.0307738158287547","62293.217411432500","375256228.571429","195751.815","Census Tract 101.02; San Francisco County; California","303","334","541","739","Census Tract 101.02; San Francisco County; California","189","187","369","784"
277,"06","075","060701","06075060701","607.01",Census Tract 607.01,G5020,S,1218377,817817,"+37.7743735","-122.3835948",new_tracts — tl_2022_06_tract,/Users/admin/Desktop/OPEN_project/new_tracts.gpkg|layername=tl_2022_06_tract,"401","222692.0","53095.0","38001",San Francisco,San Francisco County,San Francisco,"667000",City,City of San Francisco,"2411786",San Francisco,"2024.0","8602.0","1568.0","1397.0","4123.0","871.0","0.1822831899558240","0.1624040920716110","0.4793071378749130","0.1012555219716350","0.8177168100441760","231225.0","1587400.0","3635.0","1308.0","2327.0","0.3598349381017880","0.4160449509944170","20675.65050228300","448188642.857143","52102.842","Census Tract 607.01; San Francisco County; California","1259","3945","2206","1192","Census Tract 607.01; San Francisco County; California","475","281","460","5466"
278,"06","075","033002","06075033002","330.02",Census Tract 330.02,G5020,S,931475,8871,"+37.7381305","-122.4812569",new_tracts — tl_2022_06_tract,/Users/admin/Desktop/OPEN_project/new_tracts.gpkg|layername=tl_2022_06_tract,"186","173281.0","49430.0","38001",San Francisco,San Francisco County,San Francisco,"667000",City,City of San Francisco,"2411786",San Francisco,"2024.0","4015.0","1570.0","24.0","1732.0","341.0","0.3910336239103360","0.0059775840597758","0.4313823163138230","0.084931506849315","0.6089663760896640","181000.0","1524000.0","1448.0","896.0","552.0","0.6187845303867400","0.3593315889429520","11173.523629834400","347728300.0","86607.298","Census Tract 330.02; San Francisco County; California","655","710","850","1800","Census Tract 330.02; San Francisco County; California","320","342","514","1931"
279,"06","075","031401","06075031401","314.01",Census Tract 314.01,G5020,S,329171,0,"+37.7128911","-122.4571078",new_tracts — tl_2022_06_tract,/Users/admin/Desktop/OPEN_project/new_tracts.gpkg|layername=tl_2022_06_tract,"297","97143.0","8707.0","38001",San Francisco,San Francisco County,San Francisco,"667000",City,City of San Francisco,"2411786",San Francisco,"2024.0","2533.0","216.0","197.0","1465.0","603.0","0.0852743782076589","0.0777733912356889","0.5783655744176870","0.2380576391630480","0.9147256217923410","99500.0","1095300.0","628.0","355.0","273.0","0.5652866242038220","0.1256368732281790","20161.278571455800","281879200.0","111282.748","Census Tract 314.01; San Francisco County; California","538","414","730","851","Census Tract 314.01; San Francisco County; California","554","387","466","453"
280,"06","075","025501","06075025501","255.01",Census Tract 255.01,G5020,S,536658,0,"+37.7256849","-122.4411925",new_tracts — tl_2022_06_tract,/Users/admin/Desktop/OPEN_project/new_tracts.gpkg|layername=tl_2022_06_tract,"233","150438.0","30933.0","38001",San Francisco,San Francisco County,San Francisco,"667000",City,City of San Francisco,"2411786",San Francisco,"2024.0","4235.0","476.0","78.0","1498.0","1744.0","0.112396694214876","0.0184179456906729","0.3537190082644630","0.411806375442739","0.8876033057851240","113920.0","1301000.0","1028.0","752.0","276.0","0.7315175097276260","0.204860182905666","20672.63603855190","399220200.0","94266.871","Census Tract 255.01; San Francisco County; California","1127","927","918","1263","Census Tract 255.01; San Francisco County; California","507","452","779","1153"
281,"06","075","010202","06075010202","102.02",Census Tract 102.02,G5020,S,331839,295796,"+37.8106454","-122.4245951",new_tracts — tl_2022_06_tract,/Users/admin/Desktop/OPEN_project/new_tracts.gpkg|layername=tl_2022_06_tract,"223","208750.0","53160.0","38001",San Francisco,San Francisco County,San Francisco,"667000",City,City of San Francisco,"2411786",San Francisco,"2024.0","1839.0","1240.0","30.0","277.0","51.0","0.6742794997281130","0.0163132137030995","0.1506253398586190","0.0277324632952691","0.3257205002718870","176958.0","1417300.0","1099.0","299.0","800.0","0.2720655141037310","0.145938798479346","12601.172677602","451075928.571429","245283.267","Census Tract 102.02; San Francisco County; California","110","712","360","657","Census Tract 102.02; San Francisco County; California","11","22","165","1369"
282,"06","075","061504","06075061504","615.04",Census Tract 615.04,G5020,S,95344,0,"+37.7852562","-122.3924125",new_tracts — tl_2022_06_tract,/Users/admin/Desktop/OPEN_project/new_tracts.gpkg|layername=tl_2022_06_tract,"405","247063.0","42666.0","38001",San Francisco,San Francisco County,San Francisco,"667000",City,City of San Francisco,"2411786",San Francisco,"2024.0","2133.0","335.0","99.0","1502.0","148.0","0.1570557899671820","0.0464135021097046","0.7041725269573370","0.0693858415377402","0.8429442100328180","231414.0","1837400.0","1233.0","371.0","862.0","0.3008921330089210","0.0369315981039935","57755.42108938280","381498628.571429","178855.428","Census Tract 615.04; San Francisco County; California","163","1081","365","524","Census Tract 615.04; San Francisco County; California","157","57","98","1433"
283,"06","075","061507","06075061507","615.07",Census Tract 615.07,G5020,S,336431,299328,"+37.7907617","-122.3891967",new_tracts — tl_2022_06_tract,/Users/admin/Desktop/OPEN_project/new_tracts.gpkg|layername=tl_2022_06_tract,"202","118370.0","53854.0","38001",San Francisco,San Francisco County,San Francisco,"667000",City,City of San Francisco,"2411786",San Francisco,"2024.0","1387.0","325.0","10.0","876.0","176.0","0.2343186733958180","0.0072098053352559","0.631578947368421","0.1268925739005050","0.7656813266041820","118661.0",,"789.0","213.0","576.0","0.2699619771863120","0.1084011484581500","12795.067392994300","407921128.571429","294103.193","Census Tract 615.07; San Francisco County; California","146","538","340","363","Census Tract 615.07; San Francisco County; California","66","109","101","786"
284,"06","075","025502","06075025502","255.02",Census Tract 255.02,G5020,S,540288,0,"+37.7304262","-122.4333557",new_tracts — tl_2022_06_tract,/Users/admin/Desktop/OPEN_project/new_tracts.gpkg|layername=tl_2022_06_tract,"235","161400.0","41829.0","38001",San Francisco,San Francisco County,San Francisco,"667000",City,City of San Francisco,"2411786",San Francisco,"2024.0","3739.0","832.0","58.0","1314.0","1253.0","0.2225193902112860","0.0155121690291521","0.3514308638673440","0.3351163412677190","0.7774806097887140","180341.0","1203000.0","1201.0","818.0","383.0","0.6810990840965860","0.2094430037485000","17852.11218843010","399292500.0","106791.254","Census Tract 255.02; San Francisco County; California","560","703","1099","1377","Census Tract 255.02; San Francisco County; California","390","609","653","1371"
285,"06","075","016101","06075016101","161.01",Census Tract 161.01,G5020,S,122728,0,"+37.7795615","-122.4319544",new_tracts — tl_2022_06_tract,/Users/admin/Desktop/OPEN_project/new_tracts.gpkg|layername=tl_2022_06_tract,"256","28522.0","5646.0","38001",San Francisco,San Francisco County,San Francisco,"667000",City,City of San Francisco,"2411786",San Francisco,"2024.0","2426.0","943.0","183.0","984.0","36.0","0.3887056883759270","0.0754328112118714","0.4056059356966200","0.0148392415498763","0.6112943116240730","31690.0","735100.0","1496.0","205.0","1291.0","0.1370320855614970","0.0473477085977145","51237.96001644530","628056242.857143","258885.508","Census Tract 161.01; San Francisco County; California","154","673","296","1303","Census Tract 161.01; San Francisco County; California","108","292","511","1280"
286,"06","075","016102","06075016102","161.02",Census Tract 161.02,G5020,S,246170,0,"+37.7801932","-122.4270222",new_tracts — tl_2022_06_tract,/Users/admin/Desktop/OPEN_project/new_tracts.gpkg|layername=tl_2022_06_tract,"257",,,"38001",San Francisco,San Francisco County,San Francisco,"667000",City,City of San Francisco,"2411786",San Francisco,"2024.0","2989.0","186.0","1013.0","1005.0","334.0","0.0622281699565071","0.3389093342254930","0.3362328537972570","0.1117430578788890","0.9377718300434930","34575.0",,"1192.0","43.0","1149.0","0.0360738255033557","0.0950856753066728","31434.808559331300","652403142.857143","218268.03","Census Tract 161.02; San Francisco County; California","511","288","561","1629","Census Tract 161.02; San Francisco County; California","520","820","638","405"
287,"06","075","012801","06075012801","128.01",Census Tract 128.01,G5020,S,298228,0,"+37.7974428","-122.4438958",new_tracts — tl_2022_06_tract,/Users/admin/Desktop/OPEN_project/new_tracts.gpkg|layername=tl_2022_06_tract,"208","250001.0",,"38001",San Francisco,San Francisco County,San Francisco,"667000",City,City of San Francisco,"2411786",San Francisco,"2024.0","2568.0","1937.0","20.0","113.0","419.0","0.7542834890965730","0.0077881619937694","0.0440031152647975","0.1631619937694700","0.2457165109034270","215568.0","2000001.0","1162.0","437.0","725.0","0.3760757314974180","0.1151165207366990","22307.8319564025","369796142.857143","144001.613","Census Tract 128.01; San Francisco County; California","484","799","379","906","Census Tract 128.01; San Francisco County; California","132","67","245","1366"
288,"06","075","010402","06075010402","104.02",Census Tract 104.02,G5020,S,193510,0,"+37.8018998","-122.4052575",new_tracts — tl_2022_06_tract,/Users/admin/Desktop/OPEN_project/new_tracts.gpkg|layername=tl_2022_06_tract,"219","202050.0","62943.0","38001",San Francisco,San Francisco County,San Francisco,"667000",City,City of San Francisco,"2411786",San Francisco,"2024.0","1924.0","1292.0","31.0","431.0","82.0","0.6715176715176720","0.0161122661122661","0.224012474012474","0.0426195426195426","0.3284823284823290","203354.0","1341500.0","1233.0","391.0","842.0","0.3171127331711270","0.0748452639750273","25706.36935213370","380717128.571429","197877.925","Census Tract 104.02; San Francisco County; California","137","559","416","812","Census Tract 104.02; San Francisco County; California","63","46","169","1449"
289,"06","075","061101","06075061101","611.01",Census Tract 611.01,G5020,S,197478,0,"+37.7956249","-122.4033562",new_tracts — tl_2022_06_tract,/Users/admin/Desktop/OPEN_project/new_tracts.gpkg|layername=tl_2022_06_tract,"205","19531.0","10785.0","38001",San Francisco,San Francisco County,San Francisco,"667000",City,City of San Francisco,"2411786",San Francisco,"2024.0","1723.0","48.0","26.0","1590.0","6.0","0.0278583865351131","0.0150899593731863","0.922809053975624","0.0034822983168891","0.9721416134648870","24167.0","2000001.0","862.0","65.0","797.0","0.0754060324825986","0.0743226280436761","23182.71090989230","458629142.857143","266180.582","Census Tract 611.01; San Francisco County; California","256","278","240","949","Census Tract 611.01; San Francisco County; California","646","338","51","269"
290,"06","075","047904","06075047904","479.04",Census Tract 479.04,G5020,S,774489,4096057,"+37.7824917","-122.5098754",new_tracts — tl_2022_06_tract,/Users/admin/Desktop/OPEN_project/new_tracts.gpkg|layername=tl_2022_06_tract,"362","84880.0","30787.0","38001",San Francisco,San Francisco County,San Francisco,"667000",City,City of San Francisco,"2411786",San Francisco,"2024.0","3077.0","1550.0","93.0","867.0","243.0","0.5037374065648360","0.0302242443938901","0.281767955801105","0.0789730256743581","0.4962625934351640","105577.0","1631000.0","1380.0","695.0","685.0","0.5036231884057970","0.2844829995377300","10816.112052389700","239314000.0","77775.106","Census Tract 479.04; San Francisco County; California","494","632","759","1192","Census Tract 479.04; San Francisco County; California","119","211","628","1468"
291,"06","075","061102","06075061102","611.02",Census Tract 611.02,G5020,S,42382,0,"+37.7954828","-122.4073658",new_tracts — tl_2022_06_tract,/Users/admin/Desktop/OPEN_project/new_tracts.gpkg|layername=tl_2022_06_tract,"207","27450.0","11305.0","38001",San Francisco,San Francisco County,San Francisco,"667000",City,City of San Francisco,"2411786",San Francisco,"2024.0","1982.0","91.0","92.0","1653.0","109.0","0.0459132189707366","0.0464177598385469","0.8340060544904140","0.0549949545913219","0.9540867810292630","28958.0","1051300.0","928.0","162.0","766.0","0.1745689655172410","0.0163521704271874","121207.15160262100","430615028.571429","217262.88","Census Tract 611.02; San Francisco County; California","233","355","370","1024","Census Tract 611.02; San Francisco County; California","888","260","116","279"
292,"06","075","061501","06075061501","615.01",Census Tract 615.01,G5020,S,416352,0,"+37.7878384","-122.4001079",new_tracts — tl_2022_06_tract,/Users/admin/Desktop/OPEN_project/new_tracts.gpkg|layername=tl_2022_06_tract,"392","239147.0","77197.0","38001",San Francisco,San Francisco County,San Francisco,"667000",City,City of San Francisco,"2411786",San Francisco,"2024.0","1862.0","686.0","36.0","775.0","288.0","0.3684210526315790","0.0193340494092373","0.416219119226638","0.154672395273899","0.631578947368421","229363.0","1540200.0","1314.0","783.0","531.0","0.5958904109589040","0.1618081713056850","11507.453455378000","527209542.857143","283141.538","Census Tract 615.01; San Francisco County; California","84","339","555","884","Census Tract 615.01; San Francisco County; California","0","111","329","1271"
293,"06","075","012403","06075012403","124.03",Census Tract 124.03,G5020,S,45994,0,"+37.7829458","-122.4166093",new_tracts — tl_2022_06_tract,/Users/admin/Desktop/OPEN_project/new_tracts.gpkg|layername=tl_2022_06_tract,"262","34732.0","23955.0","38001",San Francisco,San Francisco County,San Francisco,"667000",City,City of San Francisco,"2411786",San Francisco,"2024.0","2481.0","339.0","82.0","866.0","1005.0","0.1366384522370010","0.0330511890366787","0.3490528012898030","0.4050785973397820","0.8633615477629990",,,"1222.0","17.0","1205.0","0.013911620294599","0.01773924913689","139859.35824310500","591867428.571429","238560.028","Census Tract 124.03; San Francisco County; California","390","330","658","1103","Census Tract 124.03; San Francisco County; California","925","344","224","387"
294,"06","075","047903","06075047903","479.03",Census Tract 479.03,G5020,S,392133,0,"+37.7754210","-122.5037400",new_tracts — tl_2022_06_tract,/Users/admin/Desktop/OPEN_project/new_tracts.gpkg|layername=tl_2022_06_tract,"367","147768.0","30841.0","38001",San Francisco,San Francisco County,San Francisco,"667000",City,City of San Francisco,"2411786",San Francisco,"2024.0","3348.0","1781.0","28.0","1143.0","201.0","0.5319593787335720","0.008363201911589","0.3413978494623660","0.0600358422939068","0.4680406212664280","144766.0","1545500.0","1405.0","897.0","508.0","0.6384341637010680","0.1514074389186890","22112.51985972750","235533600.0","70350.538","Census Tract 479.03; San Francisco County; California","366","887","531","1564","Census Tract 479.03; San Francisco County; California","171","243","426","1953"
295,"06","075","035101","06075035101","351.01",Census Tract 351.01,G5020,S,382398,0,"+37.7616792","-122.4993329",new_tracts — tl_2022_06_tract,/Users/admin/Desktop/OPEN_project/new_tracts.gpkg|layername=tl_2022_06_tract,"357","98580.0","28519.0","38001",San Francisco,San Francisco County,San Francisco,"667000",City,City of San Francisco,"2411786",San Francisco,"2024.0","3748.0","1722.0","101.0","1422.0","342.0","0.4594450373532550","0.0269477054429028","0.37940234791889","0.0912486659551761","0.540554962646745","136176.0","1289900.0","1452.0","661.0","791.0","0.4552341597796140","0.1477433362750720","25368.31842636810","160468400.0","42814.408","Census Tract 351.01; San Francisco County; California","502","632","1123","1491","Census Tract 351.01; San Francisco County; California","353","340","451","1815"
296,"06","075","061506","06075061506","615.06",Census Tract 615.06,G5020,S,112895,0,"+37.7876594","-122.3910165",new_tracts — tl_2022_06_tract,/Users/admin/Desktop/OPEN_project/new_tracts.gpkg|layername=tl_2022_06_tract,"406","250001.0",,"38001",San Francisco,San Francisco County,San Francisco,"667000",City,City of San Francisco,"2411786",San Francisco,"2024.0","4429.0","1402.0","216.0","2470.0","133.0","0.31655001128923","0.0487694739218785","0.5576879656807410","0.0300293519981937","0.6834499887107700","250001.0","1322700.0","2587.0","1118.0","1469.0","0.4321608040201010","0.0497441237137325","89035.64218937710","357581828.571429","80736.471","Census Tract 615.06; San Francisco County; California","253","2256","1365","555","Census Tract 615.06; San Francisco County; California","0","53","253","3550"
297,"06","075","061505","06075061505","615.05",Census Tract 615.05,G5020,S,21283,0,"+37.7891027","-122.3906438",new_tracts — tl_2022_06_tract,/Users/admin/Desktop/OPEN_project/new_tracts.gpkg|layername=tl_2022_06_tract,"410","250001.0",,"38001",San Francisco,San Francisco County,San Francisco,"667000",City,City of San Francisco,"2411786",San Francisco,"2024.0","925.0","296.0","93.0","415.0","77.0","0.32","0.1005405405405410","0.4486486486486490","0.0832432432432432","0.6800000000000000","250001.0","1381300.0","506.0","299.0","207.0","0.5909090909090910","0.0082174419860812","112565.44330544400","301979028.571429","326463.815","Census Tract 615.05; San Francisco County; California","75","194","364","292","Census Tract 615.05; San Francisco County; California","10","0","61","760"
298,"06","075","045202","06075045202","452.02",Census Tract 452.02,G5020,S,238296,0,"+37.7772373","-122.4656240",new_tracts — tl_2022_06_tract,/Users/admin/Desktop/OPEN_project/new_tracts.gpkg|layername=tl_2022_06_tract,"368","154375.0","55571.0","38001",San Francisco,San Francisco County,San Francisco,"667000",City,City of San Francisco,"2411786",San Francisco,"2024.0","3332.0","1428.0","37.0","1230.0","358.0","0.4285714285714290","0.0111044417767106","0.3691476590636250","0.1074429771908760","0.5714285714285710","133977.0","1708300.0","1489.0","425.0","1064.0","0.2854264607118870","0.0919229897267613","36247.73312861430","378509000.0","113598.139","Census Tract 452.02; San Francisco County; California","723","734","807","1068","Census Tract 452.02; San Francisco County; California","180","137","369","1776"
299,"06","075","012406","06075012406","124.06",Census Tract 124.06,G5020,S,62825,0,"+37.7830940","-122.4192115",new_tracts — tl_2022_06_tract,/Users/admin/Desktop/OPEN_project/new_tracts.gpkg|layername=tl_2022_06_tract,"264","32589.0","19309.0","38001",San Francisco,San Francisco County,San Francisco,"667000",City,City of San Francisco,"2411786",San Francisco,"2024.0","1529.0","442.0","69.0","648.0","370.0","0.289077828646174","0.0451275343361674","0.4238064094179200","0.2419882275997380","0.7109221713538260",,"452100.0","951.0","119.0","832.0","0.1251314405888540","0.024151770725619","63307.98753310910","596627428.571429","390207.605","Census Tract 124.06; San Francisco County; California","0","366","380","783","Census Tract 124.06; San Francisco County; California","466","257","245","468"
300,"06","075","012404","06075012404","124.04",Census Tract 124.04,G5020,S,45978,0,"+37.7831562","-122.4149685",new_tracts — tl_2022_06_tract,/Users/admin/Desktop/OPEN_project/new_tracts.gpkg|layername=tl_2022_06_tract,"263","27852.0","7395.0","38001",San Francisco,San Francisco County,San Francisco,"667000",City,City of San Francisco,"2411786",San Francisco,"2024.0","2714.0","698.0","103.0","572.0","1197.0","0.2571849668386150","0.0379513633014001","0.210759027266028","0.4410464259395730","0.7428150331613850",,,"1541.0","17.0","1524.0","0.0110317975340687","0.0177513462384278","152889.81261177700","558437528.571429","205761.801","Census Tract 124.04; San Francisco County; California","55","730","509","1420","Census Tract 124.04; San Francisco County; California","748","510","710","562"
301,"06","075","017604","06075017604","176.04",Census Tract 176.04,G5020,S,111719,0,"+37.7798582","-122.4117434",new_tracts — tl_2022_06_tract,/Users/admin/Desktop/OPEN_project/new_tracts.gpkg|layername=tl_2022_06_tract,"312","100036.0","42729.0","38001",San Francisco,San Francisco County,San Francisco,"667000",City,City of San Francisco,"2411786",San Francisco,"2024.0","3965.0","921.0","432.0","1544.0","889.0","0.2322824716267340","0.1089533417402270","0.3894073139974780","0.2242118537200500","0.767717528373266","101761.0",,"2301.0","209.0","2092.0","0.0908300738809213","0.0430663931366178","92067.14821512880","591541228.571429","149190.726","Census Tract 176.04; San Francisco County; California","253","2037","730","945","Census Tract 176.04; San Francisco County; California","255","572","495","2060"
302,"06","075","015401","06075015401","154.01",Census Tract 154.01,G5020,S,392339,0,"+37.7833424","-122.4507276",new_tracts — tl_2022_06_tract,/Users/admin/Desktop/OPEN_project/new_tracts.gpkg|layername=tl_2022_06_tract,"345","133925.0","26840.0","38001",San Francisco,San Francisco County,San Francisco,"667000",City,City of San Francisco,"2411786",San Francisco,"2024.0","3205.0","1642.0","28.0","1098.0","278.0","0.5123244929797190","0.0087363494539781","0.3425897035881440","0.0867394695787831","0.4876755070202810","165833.0","1236600.0","1732.0","561.0","1171.0","0.3239030023094690","0.1508111586557740","21251.743097574200","664043942.857143","207189.998","Census Tract 154.01; San Francisco County; California","329","1044","657","1175","Census Tract 154.01; San Francisco County; California","11","56","309","2305"
303,"06","075","010901","06075010901","109.01",Census Tract 109.01,G5020,S,122908,0,"+37.7982726","-122.4188607",new_tracts — tl_2022_06_tract,/Users/admin/Desktop/OPEN_project/new_tracts.gpkg|layername=tl_2022_06_tract,"213","183194.0","64699.0","38001",San Francisco,San Francisco County,San Francisco,"667000",City,City of San Francisco,"2411786",San Francisco,"2024.0","2067.0","1351.0","13.0","205.0","281.0","0.6536042573778420","0.0062893081761006","0.0991775520077406","0.1359458151910980","0.3463957426221580","183468.0","2000001.0","1058.0","152.0","906.0","0.1436672967863890","0.0476232279045276","43403.18980779300","452230728.571429","218786.032","Census Tract 109.01; San Francisco County; California","155","985","456","471","Census Tract 109.01; San Francisco County; California","30","17","113","1484"
304,"06","075","012204","06075012204","122.04",Census Tract 122.04,G5020,S,46065,0,"+37.7859515","-122.4155341",new_tracts — tl_2022_06_tract,/Users/admin/Desktop/OPEN_project/new_tracts.gpkg|layername=tl_2022_06_tract,"322","62704.0","14148.0","38001",San Francisco,San Francisco County,San Francisco,"667000",City,City of San Francisco,"2411786",San Francisco,"2024.0","2571.0","988.0","0.0","823.0","511.0","0.3842862699338780","0.0","0.3201089070400620","0.1987553481135740","0.6157137300661220","64707.0","383800.0","1519.0","119.0","1400.0","0.0783410138248847","0.0177856285165067","144554.91396403900","547822928.571429","213077.763","Census Tract 122.04; San Francisco County; California","156","921","606","888","Census Tract 122.04; San Francisco County; California","326","207","522","1233"
305,"06","075","015202","06075015202","152.02",Census Tract 152.02,G5020,S,186159,0,"+37.7877048","-122.4319111",new_tracts — tl_2022_06_tract,/Users/admin/Desktop/OPEN_project/new_tracts.gpkg|layername=tl_2022_06_tract,"325","146250.0","65769.0","38001",San Francisco,San Francisco County,San Francisco,"667000",City,City of San Francisco,"2411786",San Francisco,"2024.0","2413.0","1212.0","404.0","577.0","127.0","0.5022793203481140","0.1674264401160380","0.2391214256112720","0.0526315789473684","0.4977206796518860","156713.0","1688700.0","1123.0","523.0","600.0","0.4657168299198580","0.0718841789846815","33567.88703831770","544780028.571429","225768.764","Census Tract 152.02; San Francisco County; California","189","906","359","959","Census Tract 152.02; San Francisco County; California","47","171","450","1300"
306,"06","075","010902","06075010902","109.02",Census Tract 109.02,G5020,S,127739,0,"+37.7978102","-122.4221947",new_tracts — tl_2022_06_tract,/Users/admin/Desktop/OPEN_project/new_tracts.gpkg|layername=tl_2022_06_tract,"211","137141.0","56249.0","38001",San Francisco,San Francisco County,San Francisco,"667000",City,City of San Francisco,"2411786",San Francisco,"2024.0","2589.0","1563.0","0.0","571.0","304.0","0.6037079953650060","0.0","0.2205484743144070","0.1174198532251830","0.3962920046349940","155234.0","1319100.0","1461.0","184.0","1277.0","0.1259411362080770","0.0490625786212736","52769.342190208500","490437128.571429","189431.104","Census Tract 109.02; San Francisco County; California","197","1086","471","835","Census Tract 109.02; San Francisco County; California","188","143","287","1573"
307,"06","075","015201","06075015201","152.01",Census Tract 152.01,G5020,S,93037,0,"+37.7883324","-122.4269759",new_tracts — tl_2022_06_tract,/Users/admin/Desktop/OPEN_project/new_tracts.gpkg|layername=tl_2022_06_tract,"327","92254.0","44801.0","38001",San Francisco,San Francisco County,San Francisco,"667000",City,City of San Francisco,"2411786",San Francisco,"2024.0","1615.0","773.0","173.0","506.0","90.0","0.4786377708978330","0.1071207430340560","0.313312693498452","0.0557275541795665","0.5213622291021670","91420.0","1541700.0","1063.0","151.0","912.0","0.1420507996237060","0.0359238605944792","44956.19271633050","577191128.571429","357393.888","Census Tract 152.01; San Francisco County; California","109","564","415","527","Census Tract 152.01; San Francisco County; California","46","128","196","1010"
308,"06","075","020701","06075020701","207.01",Census Tract 207.01,G5020,S,208251,0,"+37.7575672","-122.4233994",new_tracts — tl_2022_06_tract,/Users/admin/Desktop/OPEN_project/new_tracts.gpkg|layername=tl_2022_06_tract,"239","246500.0","59332.0","38001",San Francisco,San Francisco County,San Francisco,"667000",City,City of San Francisco,"2411786",San Francisco,"2024.0","3357.0","1924.0","146.0","524.0","404.0","0.5731307715221920","0.0434912123920166","0.1560917485850460","0.120345546619005","0.4268692284778080","223707.0","1581300.0","1514.0","466.0","1048.0","0.3077939233817700","0.0805203574240423","41691.32015051940","601094700.0","179057.105","Census Tract 207.01; San Francisco County; California","319","1085","1136","817","Census Tract 207.01; San Francisco County; California","27","87","230","2441"
309,"06","075","011001","06075011001","110.01",Census Tract 110.01,G5020,S,118009,0,"+37.7934678","-122.4196321",new_tracts — tl_2022_06_tract,/Users/admin/Desktop/OPEN_project/new_tracts.gpkg|layername=tl_2022_06_tract,"335","114137.0","24044.0","38001",San Francisco,San Francisco County,San Francisco,"667000",City,City of San Francisco,"2411786",San Francisco,"2024.0","2402.0","1428.0","90.0","696.0","142.0","0.5945045795170690","0.0374687760199833","0.2897585345545380","0.0591174021648626","0.4054954204829310","129423.0","1115800.0","1418.0","241.0","1177.0","0.1699576868829340","0.0455537042778632","52728.97205787170","584042828.571429","243148.555","Census Tract 110.01; San Francisco County; California","54","1139","300","909","Census Tract 110.01; San Francisco County; California","223","142","236","1478"
310,"06","075","011102","06075011102","111.02",Census Tract 111.02,G5020,S,125690,0,"+37.7898365","-122.4189044",new_tracts — tl_2022_06_tract,/Users/admin/Desktop/OPEN_project/new_tracts.gpkg|layername=tl_2022_06_tract,"330","92000.0","35706.0","38001",San Francisco,San Francisco County,San Francisco,"667000",City,City of San Francisco,"2411786",San Francisco,"2024.0","2207.0","743.0","231.0","729.0","357.0","0.3366560942455820","0.1046669687358410","0.3303126415949250","0.1617580425917540","0.6633439057544180","104966.0","975000.0","1321.0","119.0","1202.0","0.0900832702498107","0.0487121063626569","45307.01225623670","573490728.571429","259850.806","Census Tract 111.02; San Francisco County; California","73","765","613","756","Census Tract 111.02; San Francisco County; California","381","314","349","966"
311,"06","075","012002","06075012002","120.02",Census Tract 120.02,G5020,S,62307,0,"+37.7874957","-122.4184249",new_tracts — tl_2022_06_tract,/Users/admin/Desktop/OPEN_project/new_tracts.gpkg|layername=tl_2022_06_tract,"326","53125.0","13166.0","38001",San Francisco,San Francisco County,San Francisco,"667000",City,City of San Francisco,"2411786",San Francisco,"2024.0","2126.0","457.0","159.0","574.0","667.0","0.2149576669802450","0.0747883349012229","0.2699905926622770","0.3137347130761990","0.7850423330197550","72549.0","1888200.0","1363.0","168.0","1195.0","0.1232575201760820","0.0240534213777401","88386.59443132170","595750228.571429","280221.18","Census Tract 120.02; San Francisco County; California","158","883","625","460","Census Tract 120.02; San Francisco County; California","160","137","354","1075"
312,"06","075","010401","06075010401","104.01",Census Tract 104.01,G5020,S,142234,0,"+37.8027796","-122.4106880",new_tracts — tl_2022_06_tract,/Users/admin/Desktop/OPEN_project/new_tracts.gpkg|layername=tl_2022_06_tract,"222","173750.0","108948.0","38001",San Francisco,San Francisco County,San Francisco,"667000",City,City of San Francisco,"2411786",San Francisco,"2024.0","2427.0","1266.0","7.0","585.0","467.0","0.5216316440049440","0.0028842192006592","0.2410383189122370","0.1924186238154100","0.4783683559950560","181705.0","2000001.0","953.0","233.0","720.0","0.2444910807974820","0.0548634617341898","44237.091923923200","409858928.571429","168874.713","Census Tract 104.01; San Francisco County; California","538","553","538","798","Census Tract 104.01; San Francisco County; California","113","177","143","1323"
313,"06","075","010701","06075010701","107.01",Census Tract 107.01,G5020,S,97964,0,"+37.7974989","-122.4092568",new_tracts — tl_2022_06_tract,/Users/admin/Desktop/OPEN_project/new_tracts.gpkg|layername=tl_2022_06_tract,"214","24085.0","8439.0","38001",San Francisco,San Francisco County,San Francisco,"667000",City,City of San Francisco,"2411786",San Francisco,"2024.0","3021.0","124.0","0.0","2784.0","38.0","0.0410460112545514","0.0","0.9215491559086400","0.0125786163522012","0.9589539887454490","24854.0","1120400.0","1792.0","110.0","1682.0","0.0613839285714285","0.0378498808000862","79815.31080523550","414920928.571429","137345.557","Census Tract 107.01; San Francisco County; California","84","368","250","2319","Census Tract 107.01; San Francisco County; California","1483","661","306","327"
314,"06","075","010702","06075010702","107.02",Census Tract 107.02,G5020,S,85204,0,"+37.7996811","-122.4109547",new_tracts — tl_2022_06_tract,/Users/admin/Desktop/OPEN_project/new_tracts.gpkg|layername=tl_2022_06_tract,"217","77524.0","22275.0","38001",San Francisco,San Francisco County,San Francisco,"667000",City,City of San Francisco,"2411786",San Francisco,"2024.0","1398.0","415.0","0.0","707.0","208.0","0.2968526466380540","0.0","0.505722460658083","0.1487839771101570","0.7031473533619460","84904.0","1716900.0","660.0","129.0","531.0","0.1954545454545450","0.0328702914611179","42530.80632563560","472647928.571429","338088.647","Census Tract 107.02; San Francisco County; California","131","347","266","654","Census Tract 107.02; San Francisco County; California","199","220","115","554"
315,"06","075","011002","06075011002","110.02",Census Tract 110.02,G5020,S,121170,0,"+37.7952617","-122.4199592",new_tracts — tl_2022_06_tract,/Users/admin/Desktop/OPEN_project/new_tracts.gpkg|layername=tl_2022_06_tract,"336",,,"38001",San Francisco,San Francisco County,San Francisco,"667000",City,City of San Francisco,"2411786",San Francisco,"2024.0","1992.0","897.0","0.0","620.0","303.0","0.4503012048192770","0.0","0.3112449799196790","0.1521084337349400","0.5496987951807230","157980.0","1177400.0","1204.0","417.0","787.0","0.3463455149501660","0.0468318335320304","42535.16998512520","500284228.571429","251146.701","Census Tract 110.02; San Francisco County; California","157","609","454","772","Census Tract 110.02; San Francisco County; California","132","297","323","909"
316,"06","075","012203","06075012203","122.03",Census Tract 122.03,G5020,S,45984,0,"+37.7857412","-122.4171743",new_tracts — tl_2022_06_tract,/Users/admin/Desktop/OPEN_project/new_tracts.gpkg|layername=tl_2022_06_tract,"321","33750.0","29266.0","38001",San Francisco,San Francisco County,San Francisco,"667000",City,City of San Francisco,"2411786",San Francisco,"2024.0","1524.0","612.0","98.0","371.0","280.0","0.4015748031496060","0.0643044619422572","0.2434383202099740","0.1837270341207350","0.5984251968503940","23440.0",,"1058.0","0.0","1058.0","0.0","0.0177478572158293","85869.5211183431","604971628.571429","396963.011","Census Tract 122.03; San Francisco County; California","176","172","490","686","Census Tract 122.03; San Francisco County; California","338","53","424","488"
317,"06","075","031402","06075031402","314.02",Census Tract 314.02,G5020,S,441372,0,"+37.7160857","-122.4571712",new_tracts — tl_2022_06_tract,/Users/admin/Desktop/OPEN_project/new_tracts.gpkg|layername=tl_2022_06_tract,"298","139643.0","24183.0","38001",San Francisco,San Francisco County,San Francisco,"667000",City,City of San Francisco,"2411786",San Francisco,"2024.0","4199.0","670.0","736.0","1900.0","830.0","0.1595618004286740","0.1752798285306030","0.4524886877828050","0.1976661109788050","0.8404381995713270","155568.0","1140900.0","1149.0","997.0","152.0","0.8677110530896430","0.1701018745301200","24685.207094860600","311958100.0","74293.427","Census Tract 314.02; San Francisco County; California","801","866","970","1562","Census Tract 314.02; San Francisco County; California","510","542","607","1344"
318,"06","075","013401","06075013401","134.01",Census Tract 134.01,G5020,S,177880,0,"+37.7901590","-122.4383313",new_tracts — tl_2022_06_tract,/Users/admin/Desktop/OPEN_project/new_tracts.gpkg|layername=tl_2022_06_tract,"329","197581.0","55322.0","38001",San Francisco,San Francisco County,San Francisco,"667000",City,City of San Francisco,"2411786",San Francisco,"2024.0","1390.0","908.0","3.0","159.0","81.0","0.6532374100719430","0.0021582733812949","0.114388489208633","0.058273381294964","0.3467625899280580","212593.0","2000001.0","874.0","234.0","640.0","0.2677345537757440","0.0686928616637658","20234.999188179100","505329842.857143","363546.65","Census Tract 134.01; San Francisco County; California","85","562","187","556","Census Tract 134.01; San Francisco County; California","7","47","122","1102"
319,"06","075","013402","06075013402","134.02",Census Tract 134.02,G5020,S,176296,0,"+37.7895361","-122.4432888",new_tracts — tl_2022_06_tract,/Users/admin/Desktop/OPEN_project/new_tracts.gpkg|layername=tl_2022_06_tract,"337","213607.0","40305.0","38001",San Francisco,San Francisco County,San Francisco,"667000",City,City of San Francisco,"2411786",San Francisco,"2024.0","2420.0","1429.0","100.0","668.0","121.0","0.5904958677685950","0.0413223140495867","0.2760330578512400","0.05","0.4095041322314050","175201.0","2000001.0","1201.0","275.0","926.0","0.2289758534554540","0.0680711180267301","35551.05410564450","518557342.857143","214279.894","Census Tract 134.02; San Francisco County; California","235","709","625","851","Census Tract 134.02; San Francisco County; California","35","33","295","1730"
320,"06","075","012802","06075012802","128.02",Census Tract 128.02,G5020,S,199611,0,"+37.7983583","-122.4385354",new_tracts — tl_2022_06_tract,/Users/admin/Desktop/OPEN_project/new_tracts.gpkg|layername=tl_2022_06_tract,"210","250001.0",,"38001",San Francisco,San Francisco County,San Francisco,"667000",City,City of San Francisco,"2411786",San Francisco,"2024.0","1855.0","1203.0","3.0","390.0","238.0","0.6485175202156340","0.0016172506738544","0.2102425876010780","0.1283018867924530","0.3514824797843670","250001.0","2000001.0","1001.0","296.0","705.0","0.2957042957042960","0.0769104396547474","24118.96237139110","446244842.857143","240563.258","Census Tract 128.02; San Francisco County; California","152","933","357","413","Census Tract 128.02; San Francisco County; California","7","34","110","1467"
321,"06","075","013002","06075013002","130.02",Census Tract 130.02,G5020,S,184367,0,"+37.7968323","-122.4337546",new_tracts — tl_2022_06_tract,/Users/admin/Desktop/OPEN_project/new_tracts.gpkg|layername=tl_2022_06_tract,"209","210637.0","34141.0","38001",San Francisco,San Francisco County,San Francisco,"667000",City,City of San Francisco,"2411786",San Francisco,"2024.0","2843.0","2035.0","0.0","331.0","191.0","0.7157931762223000","0.0","0.1164263102356670","0.0671825536405205","0.2842068237777000","244215.0","2000001.0","1285.0","324.0","961.0","0.2521400778210120","0.0682067090775285","41682.11659015020","504459342.857143","177439.094","Census Tract 130.02; San Francisco County; California","624","879","831","509","Census Tract 130.02; San Francisco County; California","25","27","78","1892"
322,"06","075","020202","06075020202","202.02",Census Tract 202.02,G5020,S,197727,0,"+37.7687818","-122.4242369",new_tracts — tl_2022_06_tract,/Users/admin/Desktop/OPEN_project/new_tracts.gpkg|layername=tl_2022_06_tract,"265","164327.0","29843.0","38001",San Francisco,San Francisco County,San Francisco,"667000",City,City of San Francisco,"2411786",San Francisco,"2024.0","3979.0","1492.0","407.0","803.0","674.0","0.374968585071626","0.1022870067856250","0.2018094998743400","0.1693892937924100","0.625031414928374","166985.0","1325900.0","2195.0","476.0","1719.0","0.2168564920273350","0.0762102098516609","52210.85216462350","928482342.857143","233345.65","Census Tract 202.02; San Francisco County; California","214","1777","1014","974","Census Tract 202.02; San Francisco County; California","135","407","599","2413"
323,"06","075","020601","06075020601","206.01",Census Tract 206.01,G5020,S,321062,0,"+37.7609052","-122.4300824",new_tracts — tl_2022_06_tract,/Users/admin/Desktop/OPEN_project/new_tracts.gpkg|layername=tl_2022_06_tract,"266","149781.0","49602.0","38001",San Francisco,San Francisco County,San Francisco,"667000",City,City of San Francisco,"2411786",San Francisco,"2024.0","3007.0","1642.0","61.0","783.0","308.0","0.546059195211174","0.0202859993348852","0.2603924176920520","0.1024276687728630","0.453940804788826","235568.0","1701800.0","1435.0","598.0","837.0","0.4167247386759580","0.1250292265354150","24050.37672650290","750620000.0","249624.21","Census Tract 206.01; San Francisco County; California","284","776","763","1184","Census Tract 206.01; San Francisco County; California","121","188","302","2080"
324,"06","075","020201","06075020201","202.01",Census Tract 202.01,G5020,S,140617,0,"+37.7647879","-122.4240946",new_tracts — tl_2022_06_tract,/Users/admin/Desktop/OPEN_project/new_tracts.gpkg|layername=tl_2022_06_tract,"267","116103.0","113669.0","38001",San Francisco,San Francisco County,San Francisco,"667000",City,City of San Francisco,"2411786",San Francisco,"2024.0","1905.0","862.0","49.0","299.0","635.0","0.45249343832021","0.0257217847769028","0.1569553805774280","0.3333333333333330","0.5475065616797900","94265.0","1510200.0","976.0","220.0","756.0","0.2254098360655740","0.0542300827977179","35128.10421303960","825193842.857143","433172.621","Census Tract 202.01; San Francisco County; California","107","665","457","676","Census Tract 202.01; San Francisco County; California","170","192","162","1147"
325,"06","075","061508","06075061508","615.08",Census Tract 615.08,G5020,S,214282,165959,"+37.7860679","-122.3863351",new_tracts — tl_2022_06_tract,/Users/admin/Desktop/OPEN_project/new_tracts.gpkg|layername=tl_2022_06_tract,"408","171915.0","126601.0","38001",San Francisco,San Francisco County,San Francisco,"667000",City,City of San Francisco,"2411786",San Francisco,"2024.0","2307.0","640.0","171.0","824.0","217.0","0.2774165583008240","0.0741222366710013","0.3571738188123100","0.0940615517988729","0.7225834416991760","157314.0","1290800.0","1197.0","356.0","841.0","0.2974101921470340","0.0598048291334213","38575.48016487440","382590328.571429","165838.894","Census Tract 615.08; San Francisco County; California","333","848","327","799","Census Tract 615.08; San Francisco County; California","163","119","383","1049"
326,"06","075","013001","06075013001","130.01",Census Tract 130.01,G5020,S,181456,0,"+37.7976627","-122.4272277",new_tracts — tl_2022_06_tract,/Users/admin/Desktop/OPEN_project/new_tracts.gpkg|layername=tl_2022_06_tract,"212","191541.0","63973.0","38001",San Francisco,San Francisco County,San Francisco,"667000",City,City of San Francisco,"2411786",San Francisco,"2024.0","1427.0","1132.0","7.0","120.0","92.0","0.7932725998598460","0.004905395935529","0.0840925017519271","0.0644709180098108","0.2067274001401540","154659.0","2000001.0","911.0","289.0","622.0","0.3172338090010980","0.0700521249539733","20370.54551789240","516813028.571429","362167.504","Census Tract 130.01; San Francisco County; California","57","668","284","418","Census Tract 130.01; San Francisco County; California","40","34","115","1085"
327,"06","075","010201","06075010201","102.01",Census Tract 102.01,G5020,S,186873,0,"+37.8013029","-122.4212147",new_tracts — tl_2022_06_tract,/Users/admin/Desktop/OPEN_project/new_tracts.gpkg|layername=tl_2022_06_tract,"220","147427.0","34200.0","38001",San Francisco,San Francisco County,San Francisco,"667000",City,City of San Francisco,"2411786",San Francisco,"2024.0","2650.0","1711.0","153.0","189.0","344.0","0.6456603773584910","0.0577358490566037","0.0713207547169811","0.129811320754717","0.3543396226415090","156017.0","1927600.0","1399.0","406.0","993.0","0.2902072909220870","0.0721485127773553","36729.793837576300","444459928.571429","167720.728","Census Tract 102.01; San Francisco County; California","235","1193","348","874","Census Tract 102.01; San Francisco County; California","53","67","403","1717"
328,"06","075","011101","06075011101","111.01",Census Tract 111.01,G5020,S,121412,0,"+37.7916822","-122.4192656",new_tracts — tl_2022_06_tract,/Users/admin/Desktop/OPEN_project/new_tracts.gpkg|layername=tl_2022_06_tract,"338","116897.0","19673.0","38001",San Francisco,San Francisco County,San Francisco,"667000",City,City of San Francisco,"2411786",San Francisco,"2024.0","2477.0","1083.0","76.0","1082.0","152.0","0.4372224465078720","0.0306822769479208","0.436818732337505","0.0613645538958417","0.5627775534921280","93056.0","985200.0","1448.0","159.0","1289.0","0.1098066298342540","0.0466853961836906","53057.277060558200","585601428.571429","236415.595","Census Tract 111.01; San Francisco County; California","102","847","479","1049","Census Tract 111.01; San Francisco County; California","342","297","264","1136"
329,"06","001","401700","06001401700","4017",Census Tract 4017,G5020,S,5751456,5771096,"+37.8211635","-122.3187951",new_tracts — tl_2022_06_tract,/Users/admin/Desktop/OPEN_project/new_tracts.gpkg|layername=tl_2022_06_tract,"114","145833.0","23719.0","1017",Oakland,Alameda County,Oakland,"653000",City,City of Oakland,"2411292",Oakland,"2024.0","3626.0","1366.0","596.0","566.0","727.0","0.3767236624379480","0.1643684500827360","0.1560948703805850","0.200496414782129","0.6232763375620520","148387.0","757500.0","1574.0","713.0","861.0","0.4529860228716650","2.397820282461380","1512.206743150030","311661156.54","85951.781","Census Tract 4017; Alameda County; California","510","974","1468","674","Census Tract 4017; Alameda County; California","282","416","542","1830"
330,"06","075","020402","06075020402","204.02",Census Tract 204.02,G5020,S,590505,0,"+37.7528393","-122.4444126",new_tracts — tl_2022_06_tract,/Users/admin/Desktop/OPEN_project/new_tracts.gpkg|layername=tl_2022_06_tract,"227","152138.0","33034.0","38001",San Francisco,San Francisco County,San Francisco,"667000",City,City of San Francisco,"2411786",San Francisco,"2024.0","4061.0","2277.0","86.0","748.0","715.0","0.5606993351391280","0.0211770499876877","0.1841910859394240","0.1760650086185670","0.4393006648608720","152097.0","1215200.0","2442.0","816.0","1626.0","0.3341523341523340","0.234009861456012","17353.96950680800","559844500.0","137858.779","Census Tract 204.02; San Francisco County; California","202","1018","1200","1641","Census Tract 204.02; San Francisco County; California","29","305","473","2863"
331,"06","075","980900","06075980900","9809",Census Tract 9809,G5020,S,3602295,258160,"+37.7462860","-122.3894769",new_tracts — tl_2022_06_tract,/Users/admin/Desktop/OPEN_project/new_tracts.gpkg|layername=tl_2022_06_tract,"390",,,"38001",San Francisco,San Francisco County,San Francisco,"667000",City,City of San Francisco,"2411786",San Francisco,"2024.0","439.0","80.0","60.0","241.0","23.0","0.1822323462414580","0.1366742596810930","0.5489749430523920","0.0523917995444191","0.8177676537585420",,,"238.0","23.0","215.0","0.0966386554621848","1.4421016840369600","304.4168139177820","574925942.857143","1309626.294","Census Tract 9809; San Francisco County; California","47","118","140","134","Census Tract 9809; San Francisco County; California","73","17","57","202"
332,"06","001","983200","06001983200","9832",Census Tract 9832,G5020,S,494542,154630,"+37.7959455","-122.2772680",new_tracts — tl_2022_06_tract,/Users/admin/Desktop/OPEN_project/new_tracts.gpkg|layername=tl_2022_06_tract,"110","176103.0","11908.0","1017",Oakland,Alameda County,Oakland,"653000",City,City of Oakland,"2411292",Oakland,"2024.0","1220.0","410.0","339.0","231.0","90.0","0.3360655737704920","0.2778688524590160","0.1893442622950820","0.0737704918032786","0.6639344262295080","196688.0","898900.0","668.0","352.0","316.0","0.5269461077844310","0.2520726656421370","4839.874235836470","284210700.0","232959.59","Census Tract 9832; Alameda County; California","38","511","311","360","Census Tract 9832; Alameda County; California","14","33","179","897"
333,"06","001","405902","06001405902","4059.02",Census Tract 4059.02,G5020,S,487280,0,"+37.7909447","-122.2409530",new_tracts — tl_2022_06_tract,/Users/admin/Desktop/OPEN_project/new_tracts.gpkg|layername=tl_2022_06_tract,"162","69097.0","13382.0","1017",Oakland,Alameda County,Oakland,"653000",City,City of Oakland,"2411292",Oakland,"2024.0","2969.0","338.0","270.0","1151.0","925.0","0.1138430447962280","0.0909397103401818","0.3876726170427750","0.3115527113506230","0.8861569552037720","78438.0","801800.0","937.0","347.0","590.0","0.3703308431163290","0.1875423113507540","15831.09421343960","196275500.0","66108.286","Census Tract 4059.02; Alameda County; California","618","892","623","836","Census Tract 4059.02; Alameda County; California","647","450","427","646"
334,"06","001","410500","06001410500","4105",Census Tract 4105,G5020,S,716693,0,"+37.8100772","-122.2889321",new_tracts — tl_2022_06_tract,/Users/admin/Desktop/OPEN_project/new_tracts.gpkg|layername=tl_2022_06_tract,"115","46031.0","11540.0","1017",Oakland,Alameda County,Oakland,"653000",City,City of Oakland,"2411292",Oakland,"2024.0","2750.0","362.0","1680.0","251.0","120.0","0.1316363636363640","0.610909090909091","0.0912727272727272","0.0436363636363636","0.8683636363636360","58991.0","1482100.0","1077.0","77.0","1000.0","0.0714948932219127","0.2765619573605550","9943.522334906020","198825128.27","72300.047","Census Tract 4105; Alameda County; California","727","709","588","726","Census Tract 4105; Alameda County; California","295","442","646","432"
335,"06","001","981900","06001981900","9819",Census Tract 9819,G5020,S,3824795,1387910,"+37.7998452","-122.3173831",new_tracts — tl_2022_06_tract,/Users/admin/Desktop/OPEN_project/new_tracts.gpkg|layername=tl_2022_06_tract,"116",,,"1017",Oakland,Alameda County,Oakland,"653000",City,City of Oakland,"2411292",Oakland,"2024.0","33.0","5.0","24.0","0.0","0.0","0.1515151515151520","0.7272727272727270","0.0","0.0","0.8484848484848490",,,"29.0","0.0","29.0","0.0","1.82173801330563","18.11456958079280","144605600.0","4381987.879","Census Tract 9819; Alameda County; California","0","0","24","9","Census Tract 9819; Alameda County; California","0","5","0","28"
336,"06","001","403701","06001403701","4037.01",Census Tract 4037.01,G5020,S,173946,0,"+37.8112134","-122.2586656",new_tracts — tl_2022_06_tract,/Users/admin/Desktop/OPEN_project/new_tracts.gpkg|layername=tl_2022_06_tract,"134","84063.0","16264.0","1017",Oakland,Alameda County,Oakland,"653000",City,City of Oakland,"2411292",Oakland,"2024.0","2602.0","1183.0","451.0","518.0","235.0","0.4546502690238280","0.1733282090699460","0.1990776325903150","0.090315142198309","0.5453497309761720","94366.0","686000.0","1636.0","234.0","1402.0","0.1430317848410760","0.0654067253888458","39781.84176827370","250078100.0","96109.954","Census Tract 4037.01; Alameda County; California","265","806","525","1006","Census Tract 4037.01; Alameda County; California","58","134","547","1502"
337,"06","001","404102","06001404102","4041.02",Census Tract 4041.02,G5020,S,230172,0,"+37.8260219","-122.2510667",new_tracts — tl_2022_06_tract,/Users/admin/Desktop/OPEN_project/new_tracts.gpkg|layername=tl_2022_06_tract,"135","98472.0","20083.0","1017",Oakland,Alameda County,Oakland,"653000",City,City of Oakland,"2411292",Oakland,"2024.0","2546.0","1437.0","107.0","291.0","427.0","0.5644147682639430","0.0420267085624509","0.1142969363707780","0.1677140612725840","0.4355852317360570","110920.0","644100.0","1567.0","336.0","1231.0","0.2144224633056800","0.0835543357524205","30471.189520841100","262734200.0","103194.894","Census Tract 4041.02; Alameda County; California","265","486","643","1152","Census Tract 4041.02; Alameda County; California","48","167","391","1665"
338,"06","001","406900","06001406900","4069",Census Tract 4069,G5020,S,873127,0,"+37.7932754","-122.1903789",new_tracts — tl_2022_06_tract,/Users/admin/Desktop/OPEN_project/new_tracts.gpkg|layername=tl_2022_06_tract,"163","137943.0","18046.0","1017",Oakland,Alameda County,Oakland,"653000",City,City of Oakland,"2411292",Oakland,"2024.0","4142.0","1599.0","531.0","744.0","623.0","0.3860453887011110","0.1281989377112510","0.1796233703524870","0.1504104297440850","0.6139546112988890","166579.0","1097700.0","1620.0","1072.0","548.0","0.6617283950617280","0.3317803658271680","12484.162496094400","276930600.0","66859.15","Census Tract 4069; Alameda County; California","767","754","924","1697","Census Tract 4069; Alameda County; California","127","166","675","2101"
339,"06","001","422100","06001422100","4221",Census Tract 4221,G5020,S,551942,0,"+37.8733067","-122.2965336",new_tracts — tl_2022_06_tract,/Users/admin/Desktop/OPEN_project/new_tracts.gpkg|layername=tl_2022_06_tract,"18","124583.0","37438.0","1013",Berkeley,Alameda County,Berkeley,"606000",City,City of Berkeley,"2409837",Berkeley,"2024.0","3027.0","1517.0","340.0","376.0","556.0","0.5011562603237530","0.1123224314502810","0.1242153947803110","0.1836802114304590","0.498843739676247","139250.0","1022500.0","1370.0","770.0","600.0","0.5620437956204380","0.2132221245075570","14196.462993654800","337158050.21","111383.565","Census Tract 4221; Alameda County; California","525","552","735","1215","Census Tract 4221; Alameda County; California","153","254","377","1583"
340,"06","001","422200","06001422200","4222",Census Tract 4222,G5020,S,675011,0,"+37.8728828","-122.2878171",new_tracts — tl_2022_06_tract,/Users/admin/Desktop/OPEN_project/new_tracts.gpkg|layername=tl_2022_06_tract,"19","105750.0","29978.0","1013",Berkeley,Alameda County,Berkeley,"606000",City,City of Berkeley,"2409837",Berkeley,"2024.0","3313.0","1982.0","92.0","458.0","336.0","0.5982493208572290","0.0277693932991246","0.1382432840325990","0.1014186537881070","0.4017506791427710","99379.0","1235200.0","1512.0","684.0","828.0","0.4523809523809520","0.2602393072269870","12730.59029899090","361520569.62","109121.814","Census Tract 4222; Alameda County; California","710","685","909","1009","Census Tract 4222; Alameda County; California","174","127","367","1767"
341,"06","001","422300","06001422300","4223",Census Tract 4223,G5020,S,560048,0,"+37.8740722","-122.2779151",new_tracts — tl_2022_06_tract,/Users/admin/Desktop/OPEN_project/new_tracts.gpkg|layername=tl_2022_06_tract,"32","93750.0","19397.0","1013",Berkeley,Alameda County,Berkeley,"606000",City,City of Berkeley,"2409837",Berkeley,"2024.0","3770.0","1578.0","622.0","850.0","326.0","0.4185676392572940","0.1649867374005310","0.2254641909814320","0.086472148541114","0.5814323607427060","86071.0","1544000.0","1692.0","564.0","1128.0","0.3333333333333330","0.2163849184094060","17422.656013701700","528132669.62","140088.241","Census Tract 4223; Alameda County; California","566","1330","481","1393","Census Tract 4223; Alameda County; California","95","249","434","1944"
342,"06","001","422400","06001422400","4224",Census Tract 4224,G5020,S,475566,0,"+37.8752396","-122.2695878",new_tracts — tl_2022_06_tract,/Users/admin/Desktop/OPEN_project/new_tracts.gpkg|layername=tl_2022_06_tract,"33","69717.0","16049.0","1013",Berkeley,Alameda County,Berkeley,"606000",City,City of Berkeley,"2409837",Berkeley,"2024.0","4096.0","1806.0","153.0","1517.0","155.0","0.44091796875","0.037353515625","0.370361328125","0.037841796875","0.55908203125","88902.0","1184100.0","2013.0","403.0","1610.0","0.2001987083954300","0.1839925667755120","22261.768895248400","556572456.54","135881.947","Census Tract 4224; Alameda County; California","185","2658","374","879","Census Tract 4224; Alameda County; California","89","41","187","2504"
343,"06","075","011901","06075011901","119.01",Census Tract 119.01,G5020,S,62294,0,"+37.7904728","-122.4139142",new_tracts — tl_2022_06_tract,/Users/admin/Desktop/OPEN_project/new_tracts.gpkg|layername=tl_2022_06_tract,"308","119464.0","32181.0","38001",San Francisco,San Francisco County,San Francisco,"667000",City,City of San Francisco,"2411786",San Francisco,"2024.0","2022.0","759.0","38.0","690.0","412.0","0.3753709198813060","0.0187932739861523","0.3412462908011870","0.2037586547972300","0.6246290801186940","96518.0","889900.0","1219.0","175.0","1044.0","0.1435602953240360","0.0240497920392663","84075.5710776483","500798828.571429","247674.989","Census Tract 119.01; San Francisco County; California","143","653","616","610","Census Tract 119.01; San Francisco County; California","77","162","415","961"
344,"06","075","012901","06075012901","129.01",Census Tract 129.01,G5020,S,180876,0,"+37.8019597","-122.4272490",new_tracts — tl_2022_06_tract,/Users/admin/Desktop/OPEN_project/new_tracts.gpkg|layername=tl_2022_06_tract,"228","220096.0","46949.0","38001",San Francisco,San Francisco County,San Francisco,"667000",City,City of San Francisco,"2411786",San Francisco,"2024.0","2830.0","1882.0","3.0","464.0","320.0","0.665017667844523","0.001060070671378","0.1639575971731450","0.1130742049469960","0.334982332155477","219125.0","1641100.0","1459.0","306.0","1153.0","0.209732693625771","0.0697627388039237","40566.06791132500","504422142.857143","178241.04","Census Tract 129.01; San Francisco County; California","361","1482","573","414","Census Tract 129.01; San Francisco County; California","58","63","115","2026"
345,"06","075","015802","06075015802","158.02",Census Tract 158.02,G5020,S,170743,0,"+37.7780790","-122.4385024",new_tracts — tl_2022_06_tract,/Users/admin/Desktop/OPEN_project/new_tracts.gpkg|layername=tl_2022_06_tract,"268","158523.0","42807.0","38001",San Francisco,San Francisco County,San Francisco,"667000",City,City of San Francisco,"2411786",San Francisco,"2024.0","3095.0","1566.0","184.0","531.0","322.0","0.5059773828756060","0.0594507269789983","0.1715670436187400","0.1040387722132470","0.4940226171243940","152917.0","1517900.0","1570.0","333.0","1237.0","0.2121019108280250","0.0638288241846839","48489.06492535170","683769942.857143","220927.284","Census Tract 158.02; San Francisco County; California","138","1563","628","766","Census Tract 158.02; San Francisco County; California","86","131","208","2264"
346,"06","075","031301","06075031301","313.01",Census Tract 313.01,G5020,S,451592,0,"+37.7193281","-122.4678661",new_tracts — tl_2022_06_tract,/Users/admin/Desktop/OPEN_project/new_tracts.gpkg|layername=tl_2022_06_tract,"179","128571.0","58419.0","38001",San Francisco,San Francisco County,San Francisco,"667000",City,City of San Francisco,"2411786",San Francisco,"2024.0","3697.0","712.0","317.0","2097.0","376.0","0.1925885853394640","0.0857451988098458","0.5672166621585070","0.1017040843927510","0.8074114146605360","147938.0","1365500.0","1522.0","1220.0","302.0","0.8015768725361370","0.1750680151534660","21117.50679733920","177855300.0","48108.006","Census Tract 313.01; San Francisco County; California","474","901","752","1570","Census Tract 313.01; San Francisco County; California","280","463","819","1408"
347,"06","075","031302","06075031302","313.02",Census Tract 313.02,G5020,S,685810,0,"+37.7133984","-122.4671038",new_tracts — tl_2022_06_tract,/Users/admin/Desktop/OPEN_project/new_tracts.gpkg|layername=tl_2022_06_tract,"177","117014.0","18974.0","38001",San Francisco,San Francisco County,San Francisco,"667000",City,City of San Francisco,"2411786",San Francisco,"2024.0","4890.0","729.0","271.0","2646.0","907.0","0.149079754601227","0.0554192229038854","0.5411042944785280","0.185480572597137","0.850920245398773","138000.0","1068800.0","1716.0","1041.0","675.0","0.6066433566433570","0.2694710602967520","18146.661072305600","230031000.0","47041.104","Census Tract 313.02; San Francisco County; California","696","1245","885","2064","Census Tract 313.02; San Francisco County; California","510","587","707","2040"
348,"06","075","032601","06075032601","326.01",Census Tract 326.01,G5020,S,417682,0,"+37.7624894","-122.4807987",new_tracts — tl_2022_06_tract,/Users/admin/Desktop/OPEN_project/new_tracts.gpkg|layername=tl_2022_06_tract,"358","145903.0","23243.0","38001",San Francisco,San Francisco County,San Francisco,"667000",City,City of San Francisco,"2411786",San Francisco,"2024.0","4338.0","1487.0","41.0","1913.0","624.0","0.3427846934071","0.0094513600737667","0.4409866297833100","0.1438450899031810","0.6572153065929","154444.0","1460200.0","1774.0","763.0","1011.0","0.4301014656144310","0.1612926980247110","26895.20389407460","300376700.0","69243.13","Census Tract 326.01; San Francisco County; California","452","1257","1088","1541","Census Tract 326.01; San Francisco County; California","396","231","559","2373"
349,"06","075","032902","06075032902","329.02",Census Tract 329.02,G5020,S,504600,0,"+37.7526804","-122.4906464",new_tracts — tl_2022_06_tract,/Users/admin/Desktop/OPEN_project/new_tracts.gpkg|layername=tl_2022_06_tract,"193","107582.0","24753.0","38001",San Francisco,San Francisco County,San Francisco,"667000",City,City of San Francisco,"2411786",San Francisco,"2024.0","3720.0","654.0","41.0","2568.0","377.0","0.1758064516129030","0.011021505376344","0.6903225806451610","0.1013440860215050","0.8241935483870970","126471.0","1520500.0","1310.0","1113.0","197.0","0.849618320610687","0.1946933322129680","19106.971757670800","193157500.0","51924.059","Census Tract 329.02; San Francisco County; California","524","507","567","2122","Census Tract 329.02; San Francisco County; California","175","730","451","1537"
350,"06","075","012301","06075012301","123.01",Census Tract 123.01,G5020,S,92144,0,"+37.7859203","-122.4107460",new_tracts — tl_2022_06_tract,/Users/admin/Desktop/OPEN_project/new_tracts.gpkg|layername=tl_2022_06_tract,"313","25625.0","13733.0","38001",San Francisco,San Francisco County,San Francisco,"667000",City,City of San Francisco,"2411786",San Francisco,"2024.0","1924.0","535.0","167.0","483.0","641.0","0.278066528066528","0.0867983367983368","0.251039501039501","0.3331600831600830","0.721933471933472","23385.0",,"1190.0","36.0","1154.0","0.0302521008403361","0.0355186099618644","54168.786505602400","552186728.571429","286999.339","Census Tract 123.01; San Francisco County; California","188","339","343","1054","Census Tract 123.01; San Francisco County; California","523","322","546","298"
351,"06","001","406601","06001406601","4066.01",Census Tract 4066.01,G5020,S,747403,0,"+37.7936093","-122.2079606",new_tracts — tl_2022_06_tract,/Users/admin/Desktop/OPEN_project/new_tracts.gpkg|layername=tl_2022_06_tract,"164","75000.0","15335.0","1017",Oakland,Alameda County,Oakland,"653000",City,City of Oakland,"2411292",Oakland,"2024.0","4426.0","1034.0","1220.0","816.0","1163.0","0.2336195210122010","0.2756439222774510","0.184365115228197","0.2627654767284230","0.7663804789877990","80729.0","788300.0","1891.0","882.0","1009.0","0.4664198836594390","0.2836465081469100","15603.92909087960","274464900.0","62011.952","Census Tract 4066.01; Alameda County; California","638","1144","1056","1588","Census Tract 4066.01; Alameda County; California","325","826","872","1272"
352,"06","001","405402","06001405402","4054.02",Census Tract 4054.02,G5020,S,285369,0,"+37.7933319","-122.2461006",new_tracts — tl_2022_06_tract,/Users/admin/Desktop/OPEN_project/new_tracts.gpkg|layername=tl_2022_06_tract,"165","61204.0","28532.0","1017",Oakland,Alameda County,Oakland,"653000",City,City of Oakland,"2411292",Oakland,"2024.0","3212.0","424.0","315.0","1393.0","968.0","0.1320049813200500","0.0980697384806973","0.4336861768368620","0.3013698630136990","0.8679950186799500","38552.0","728400.0","1257.0","143.0","1114.0","0.1137629276054100","0.1101921224467580","29149.089142483500","170240100.0","53001.276","Census Tract 4054.02; Alameda County; California","538","865","667","1142","Census Tract 4054.02; Alameda County; California","687","459","549","648"
353,"06","001","403501","06001403501","4035.01",Census Tract 4035.01,G5020,S,669873,0,"+37.8177398","-122.2600504",new_tracts — tl_2022_06_tract,/Users/admin/Desktop/OPEN_project/new_tracts.gpkg|layername=tl_2022_06_tract,"172","104167.0","37849.0","1017",Oakland,Alameda County,Oakland,"653000",City,City of Oakland,"2411292",Oakland,"2024.0","6063.0","2329.0","1090.0","1528.0","638.0","0.384133267359393","0.1797789873000160","0.252020451921491","0.1052284347682670","0.615866732640607","127997.0","912300.0","3362.0","635.0","2727.0","0.1888756692444970","0.2564736881439060","23639.851884525800","460271100.0","75914.745","Census Tract 4035.01; Alameda County; California","582","2049","1593","1839","Census Tract 4035.01; Alameda County; California","298","504","914","3517"
354,"06","001","406500","06001406500","4065",Census Tract 4065,G5020,S,745016,0,"+37.7880811","-122.2169865",new_tracts — tl_2022_06_tract,/Users/admin/Desktop/OPEN_project/new_tracts.gpkg|layername=tl_2022_06_tract,"173","67717.0","9290.0","1017",Oakland,Alameda County,Oakland,"653000",City,City of Oakland,"2411292",Oakland,"2024.0","6046.0","603.0","1137.0","1305.0","2704.0","0.0997353622229573","0.1880582203109490","0.21584518690043","0.4472378432021170","0.9002646377770430","75969.0","759200.0","2029.0","858.0","1171.0","0.4228684080827990","0.2879832164917980","20994.279019632300","231042500.0","38214.109","Census Tract 4065; Alameda County; California","1236","1417","1161","2232","Census Tract 4065; Alameda County; California","1020","852","1121","1356"
355,"06","075","030900","06075030900","309",Census Tract 309,G5020,S,1881363,0,"+37.7282698","-122.4683645",new_tracts — tl_2022_06_tract,/Users/admin/Desktop/OPEN_project/new_tracts.gpkg|layername=tl_2022_06_tract,"181","178516.0","43841.0","38001",San Francisco,San Francisco County,San Francisco,"667000",City,City of San Francisco,"2411786",San Francisco,"2024.0","6548.0","2415.0","35.0","2332.0","691.0","0.3688149053146000","0.005345143555284","0.3561392791692120","0.1055284056200370","0.6311850946854000","235109.0","2000001.0","2274.0","2117.0","157.0","0.9309586631486370","0.7257081571442700","9022.910843068100","373964700.0","57111.286","Census Tract 309; San Francisco County; California","1483","672","1387","3006","Census Tract 309; San Francisco County; California","363","181","1192","3135"
356,"06","075","031100","06075031100","311",Census Tract 311,G5020,S,1071960,0,"+37.7296129","-122.4462246",new_tracts — tl_2022_06_tract,/Users/admin/Desktop/OPEN_project/new_tracts.gpkg|layername=tl_2022_06_tract,"229","188591.0","36737.0","38001",San Francisco,San Francisco County,San Francisco,"667000",City,City of San Francisco,"2411786",San Francisco,"2024.0","6073.0","2354.0","195.0","2295.0","874.0","0.3876173225753330","0.0321093364070475","0.3779021900214060","0.1439156924090240","0.6123826774246670","200545.0","1521100.0","2372.0","1432.0","940.0","0.6037099494097810","0.4151071781814430","14629.95659724660","507694400.0","83598.617","Census Tract 311; San Francisco County; California","676","1786","1125","2486","Census Tract 311; San Francisco County; California","457","429","798","2968"
357,"06","075","031000","06075031000","310",Census Tract 310,G5020,S,818834,0,"+37.7286248","-122.4571615",new_tracts — tl_2022_06_tract,/Users/admin/Desktop/OPEN_project/new_tracts.gpkg|layername=tl_2022_06_tract,"182","190000.0","34890.0","38001",San Francisco,San Francisco County,San Francisco,"667000",City,City of San Francisco,"2411786",San Francisco,"2024.0","4374.0","1767.0","293.0","1268.0","520.0","0.4039780521262000","0.066986739826246","0.2898948331047100","0.1188843164151810","0.5960219478738000","206130.0","1623300.0","1576.0","1188.0","388.0","0.7538071065989850","0.3157467511801650","13852.874126657900","402584100.0","92040.261","Census Tract 310; San Francisco County; California","767","734","812","2061","Census Tract 310; San Francisco County; California","164","228","882","2107"
358,"06","075","032700","06075032700","327",Census Tract 327,G5020,S,844707,0,"+37.7601691","-122.4911696",new_tracts — tl_2022_06_tract,/Users/admin/Desktop/OPEN_project/new_tracts.gpkg|layername=tl_2022_06_tract,"195","145147.0","53555.0","38001",San Francisco,San Francisco County,San Francisco,"667000",City,City of San Francisco,"2411786",San Francisco,"2024.0","6573.0","1677.0","11.0","3469.0","735.0","0.2551346417161110","0.0016735128556214","0.5277650996500840","0.1118210862619810","0.7448653582838890","128244.0","1547100.0","2503.0","1497.0","1006.0","0.5980823012385140","0.3260792876222820","20157.67406733880","257973800.0","39247.497","Census Tract 327; San Francisco County; California","790","1125","1418","3240","Census Tract 327; San Francisco County; California","944","648","1113","2767"
359,"06","075","033100","06075033100","331",Census Tract 331,G5020,S,892075,0,"+37.7322046","-122.4871887",new_tracts — tl_2022_06_tract,/Users/admin/Desktop/OPEN_project/new_tracts.gpkg|layername=tl_2022_06_tract,"183","165592.0","29206.0","38001",San Francisco,San Francisco County,San Francisco,"667000",City,City of San Francisco,"2411786",San Francisco,"2024.0","3755.0","1015.0","64.0","2279.0","106.0","0.270306258322237","0.0170439414114513","0.6069241011984020","0.0282290279627163","0.7296937416777630","176806.0","1814000.0","1383.0","1226.0","157.0","0.8864786695589300","0.3404066532705740","11030.92423112930","330157800.0","87924.847","Census Tract 331; San Francisco County; California","869","346","763","1777","Census Tract 331; San Francisco County; California","164","108","491","2004"
360,"06","075","033201","06075033201","332.01",Census Tract 332.01,G5020,S,933928,0,"+37.7263801","-122.4798147",new_tracts — tl_2022_06_tract,/Users/admin/Desktop/OPEN_project/new_tracts.gpkg|layername=tl_2022_06_tract,"198","53906.0","48049.0","38001",San Francisco,San Francisco County,San Francisco,"667000",City,City of San Francisco,"2411786",San Francisco,"2024.0","3316.0","816.0","270.0","1026.0","977.0","0.2460796139927620","0.0814234016887816","0.3094089264173700","0.2946320868516280","0.7539203860072380",,,"638.0","6.0","632.0","0.0094043887147335","0.3620091531674110","9159.989384209080","303524300.0","91533.263","Census Tract 332.01; San Francisco County; California","75","2638","147","456","Census Tract 332.01; San Francisco County; California","47","84","275","531"
361,"06","075","035201","06075035201","352.01",Census Tract 352.01,G5020,S,939755,630051,"+37.7566323","-122.5104356",new_tracts — tl_2022_06_tract,/Users/admin/Desktop/OPEN_project/new_tracts.gpkg|layername=tl_2022_06_tract,"199","132277.0","20735.0","38001",San Francisco,San Francisco County,San Francisco,"667000",City,City of San Francisco,"2411786",San Francisco,"2024.0","5020.0","1722.0","20.0","2649.0","279.0","0.3430278884462150","0.0039840637450199","0.5276892430278880","0.0555776892430278","0.6569721115537850","136295.0","1367700.0","1915.0","1309.0","606.0","0.68355091383812","0.3445173293036960","14571.11028390340","148383000.0","29558.367","Census Tract 352.01; San Francisco County; California","710","884","1185","2241","Census Tract 352.01; San Francisco County; California","709","492","854","2035"
362,"06","075","035300","06075035300","353",Census Tract 353,G5020,S,1122296,0,"+37.7425282","-122.4978589",new_tracts — tl_2022_06_tract,/Users/admin/Desktop/OPEN_project/new_tracts.gpkg|layername=tl_2022_06_tract,"200","146620.0","26316.0","38001",San Francisco,San Francisco County,San Francisco,"667000",City,City of San Francisco,"2411786",San Francisco,"2024.0","6525.0","2009.0","6.0","3513.0","578.0","0.3078927203065130","0.0009195402298850570","0.5383908045977010","0.0885823754789272","0.6921072796934870","161074.0","1355900.0","2537.0","1818.0","719.0","0.7165944028379980","0.4339956822729190","15034.711787516700","204026100.0","31268.368","Census Tract 353; San Francisco County; California","1016","987","1851","2671","Census Tract 353; San Francisco County; California","345","917","995","2941"
363,"06","075","035400","06075035400","354",Census Tract 354,G5020,S,1030801,557642,"+37.7421123","-122.5072288",new_tracts — tl_2022_06_tract,/Users/admin/Desktop/OPEN_project/new_tracts.gpkg|layername=tl_2022_06_tract,"201","139477.0","46222.0","38001",San Francisco,San Francisco County,San Francisco,"667000",City,City of San Francisco,"2411786",San Francisco,"2024.0","7140.0","2154.0","76.0","2906.0","629.0","0.3016806722689080","0.0106442577030812","0.4070028011204480","0.0880952380952381","0.6983193277310920","149794.0","1335600.0","2477.0","1878.0","599.0","0.7581752119499390","0.3943298159563860","18106.67038373200","129842900.0","18185.28","Census Tract 354; San Francisco County; California","1417","1634","1215","2874","Census Tract 354; San Francisco County; California","497","889","1086","2931"
364,"06","075","040100","06075040100","401",Census Tract 401,G5020,S,419128,0,"+37.7851587","-122.4618150",new_tracts — tl_2022_06_tract,/Users/admin/Desktop/OPEN_project/new_tracts.gpkg|layername=tl_2022_06_tract,"373","136429.0","27800.0","38001",San Francisco,San Francisco County,San Francisco,"667000",City,City of San Francisco,"2411786",San Francisco,"2024.0","4315.0","1896.0","8.0","1518.0","470.0","0.4393974507531870","0.0018539976825028","0.3517960602549250","0.1089223638470450","0.5606025492468130","175144.0","1669600.0","1742.0","709.0","1033.0","0.4070034443168770","0.162056567751248","26626.504928966500","391653642.857143","90765.618","Census Tract 401; San Francisco County; California","691","1174","995","1455","Census Tract 401; San Francisco County; California","193","192","470","2321"
365,"06","075","040200","06075040200","402",Census Tract 402,G5020,S,531470,0,"+37.7843303","-122.4683869",new_tracts — tl_2022_06_tract,/Users/admin/Desktop/OPEN_project/new_tracts.gpkg|layername=tl_2022_06_tract,"374","184617.0","52422.0","38001",San Francisco,San Francisco County,San Francisco,"667000",City,City of San Francisco,"2411786",San Francisco,"2024.0","4719.0","2372.0","51.0","1551.0","406.0","0.5026488662852300","0.010807374443738","0.3286713286713290","0.0860351769442678","0.4973511337147700","187679.0","2000001.0","2213.0","716.0","1497.0","0.3235427022141890","0.2056927963061860","22941.97990762640","323535342.857143","68560.149","Census Tract 402; San Francisco County; California","744","1100","1054","1821","Census Tract 402; San Francisco County; California","298","143","782","2570"
366,"06","075","042700","06075042700","427",Census Tract 427,G5020,S,409396,0,"+37.7822707","-122.4881761",new_tracts — tl_2022_06_tract,/Users/admin/Desktop/OPEN_project/new_tracts.gpkg|layername=tl_2022_06_tract,"375","104414.0","30689.0","38001",San Francisco,San Francisco County,San Francisco,"667000",City,City of San Francisco,"2411786",San Francisco,"2024.0","5134.0","1520.0","263.0","2406.0","563.0","0.2960654460459680","0.051227113361901","0.4686404363069730","0.1096610829762370","0.7039345539540320","102584.0","1461900.0","2707.0","590.0","2117.0","0.217953454008127","0.1582319079843270","32446.04748435780","244765700.0","47675.438","Census Tract 427; San Francisco County; California","713","1084","970","2367","Census Tract 427; San Francisco County; California","532","320","876","2609"
367,"06","075","042800","06075042800","428",Census Tract 428,G5020,S,566490,318183,"+37.7880433","-122.4885865",new_tracts — tl_2022_06_tract,/Users/admin/Desktop/OPEN_project/new_tracts.gpkg|layername=tl_2022_06_tract,"376","250001.0",,"38001",San Francisco,San Francisco County,San Francisco,"667000",City,City of San Francisco,"2411786",San Francisco,"2024.0","2471.0","1562.0","31.0","551.0","169.0","0.632132739781465","0.0125455281262646","0.2229866450829620","0.0683933630109267","0.367867260218535","250001.0","2000001.0","959.0","734.0","225.0","0.7653806047966630","0.2252543782899850","10969.820070795300","257614600.0","104255.2","Census Tract 428; San Francisco County; California","518","331","421","1201","Census Tract 428; San Francisco County; California","45","117","135","1515"
368,"06","075","047600","06075047600","476",Census Tract 476,G5020,S,531173,0,"+37.7767733","-122.4755440",new_tracts — tl_2022_06_tract,/Users/admin/Desktop/OPEN_project/new_tracts.gpkg|layername=tl_2022_06_tract,"377","169563.0","38204.0","38001",San Francisco,San Francisco County,San Francisco,"667000",City,City of San Francisco,"2411786",San Francisco,"2024.0","5098.0","1821.0","78.0","2370.0","282.0","0.3571989015300120","0.015300117693213","0.4648881914476270","0.0553158101216163","0.6428010984699880","180000.0","1203000.0","2230.0","1024.0","1206.0","0.4591928251121080","0.2052045733996330","24843.50088081000","297115900.0","58280.875","Census Tract 476; San Francisco County; California","853","1061","1145","2039","Census Tract 476; San Francisco County; California","280","323","764","2668"
369,"06","075","023400","06075023400","234",Census Tract 234,G5020,S,858134,0,"+37.7215886","-122.3900583",new_tracts — tl_2022_06_tract,/Users/admin/Desktop/OPEN_project/new_tracts.gpkg|layername=tl_2022_06_tract,"403","78664.0","52582.0","38001",San Francisco,San Francisco County,San Francisco,"667000",City,City of San Francisco,"2411786",San Francisco,"2024.0","3536.0","114.0","905.0","955.0","1151.0","0.0322398190045248","0.2559389140271490","0.270079185520362","0.3255090497737560","0.9677601809954750","62647.0","986900.0","1136.0","514.0","622.0","0.4524647887323940","0.3297614873247920","10722.901660488000","107403400.0","30374.265","Census Tract 234; San Francisco County; California","911","812","676","1137","Census Tract 234; San Francisco County; California","608","693","730","249"
370,"06","075","025100","06075025100","251",Census Tract 251,G5020,S,552278,0,"+37.7439404","-122.4076933",new_tracts — tl_2022_06_tract,/Users/admin/Desktop/OPEN_project/new_tracts.gpkg|layername=tl_2022_06_tract,"385","131801.0","31645.0","38001",San Francisco,San Francisco County,San Francisco,"667000",City,City of San Francisco,"2411786",San Francisco,"2024.0","3504.0","1875.0","55.0","716.0","658.0","0.5351027397260270","0.0156963470319634","0.204337899543379","0.1877853881278540","0.4648972602739730","165759.0","1597200.0","1319.0","791.0","528.0","0.599696739954511","0.2144750660175980","16337.563452305900","529731142.857143","151178.979","Census Tract 251; San Francisco County; California","686","608","1237","973","Census Tract 251; San Francisco County; California","222","158","520","1750"
371,"06","075","047701","06075047701","477.01",Census Tract 477.01,G5020,S,364728,0,"+37.7782559","-122.4840627",new_tracts — tl_2022_06_tract,/Users/admin/Desktop/OPEN_project/new_tracts.gpkg|layername=tl_2022_06_tract,"378","125658.0","39388.0","38001",San Francisco,San Francisco County,San Francisco,"667000",City,City of San Francisco,"2411786",San Francisco,"2024.0","4724.0","1327.0","38.0","2278.0","718.0","0.2809060118543610","0.0080440304826418","0.4822184589331080","0.1519898391193900","0.7190939881456390","121923.0","1546400.0","2002.0","926.0","1076.0","0.4625374625374630","0.1409223707769990","33522.00203525850","235108300.0","49768.903","Census Tract 477.01; San Francisco County; California","767","1219","1045","1693","Census Tract 477.01; San Francisco County; California","431","122","690","2485"
372,"06","075","060100","06075060100","601",Census Tract 601,G5020,S,6126570,20328116,"+37.8073470","-122.4749184",new_tracts — tl_2022_06_tract,/Users/admin/Desktop/OPEN_project/new_tracts.gpkg|layername=tl_2022_06_tract,"379","236445.0","20396.0","38001",San Francisco,San Francisco County,San Francisco,"667000",City,City of San Francisco,"2411786",San Francisco,"2024.0","3901.0","2193.0","57.0","196.0","867.0","0.5621635478082540","0.0146116380415278","0.0502435273006921","0.2222507049474490","0.4378364521917460","219750.0",,"1346.0","9.0","1337.0","0.0066864784546805","2.3230244508969700","1679.2763410190300","457697842.857143","117328.337","Census Tract 601; San Francisco County; California","1157","1135","957","652","Census Tract 601; San Francisco County; California","39","151","228","2148"
373,"06","075","047902","06075047902","479.02",Census Tract 479.02,G5020,S,410921,0,"+37.7792384","-122.5041008",new_tracts — tl_2022_06_tract,/Users/admin/Desktop/OPEN_project/new_tracts.gpkg|layername=tl_2022_06_tract,"380","126944.0","58029.0","38001",San Francisco,San Francisco County,San Francisco,"667000",City,City of San Francisco,"2411786",San Francisco,"2024.0","3236.0","1398.0","0.0","1083.0","521.0","0.4320148331273180","0.0","0.334672435105068","0.1610012360939430","0.5679851668726820","125750.0","1562500.0","1514.0","774.0","740.0","0.5112285336856010","0.1587758419081300","20380.934285156500","184084100.0","56886.31","Census Tract 479.02; San Francisco County; California","306","643","716","1571","Census Tract 479.02; San Francisco County; California","155","183","845","1597"
374,"06","075","020300","06075020300","203",Census Tract 203,G5020,S,286010,0,"+37.7649354","-122.4294366",new_tracts — tl_2022_06_tract,/Users/admin/Desktop/OPEN_project/new_tracts.gpkg|layername=tl_2022_06_tract,"269","172151.0","59771.0","38001",San Francisco,San Francisco County,San Francisco,"667000",City,City of San Francisco,"2411786",San Francisco,"2024.0","3419.0","1965.0","79.0","690.0","339.0","0.5747294530564490","0.0231061713951447","0.2018133957297460","0.0991517987715706","0.4252705469435510","182547.0","1248400.0","2232.0","854.0","1378.0","0.3826164874551970","0.1087085649031780","31451.06370454940","865276742.857143","253078.895","Census Tract 203; San Francisco County; California","204","1083","896","1236","Census Tract 203; San Francisco County; California","66","84","436","2566"
375,"06","075","020900","06075020900","209",Census Tract 209,G5020,S,312680,0,"+37.7518211","-122.4184134",new_tracts — tl_2022_06_tract,/Users/admin/Desktop/OPEN_project/new_tracts.gpkg|layername=tl_2022_06_tract,"270","117813.0","37260.0","38001",San Francisco,San Francisco County,San Francisco,"667000",City,City of San Francisco,"2411786",San Francisco,"2024.0","3746.0","1134.0","38.0","612.0","1742.0","0.3027229044313940","0.0101441537640149","0.1633742658836090","0.4650293646556330","0.6972770955686070","96250.0","1296100.0","1607.0","223.0","1384.0","0.1387678904791540","0.120718961755274","31030.75064209080","601536400.0","160580.993","Census Tract 209; San Francisco County; California","418","1169","1129","1030","Census Tract 209; San Francisco County; California","497","207","390","1885"
376,"06","075","021000","06075021000","210",Census Tract 210,G5020,S,311804,0,"+37.7515888","-122.4228445",new_tracts — tl_2022_06_tract,/Users/admin/Desktop/OPEN_project/new_tracts.gpkg|layername=tl_2022_06_tract,"271","151118.0","51643.0","38001",San Francisco,San Francisco County,San Francisco,"667000",City,City of San Francisco,"2411786",San Francisco,"2024.0","3609.0","2261.0","28.0","585.0","476.0","0.626489332224993","0.0077583818232197","0.1620947630922690","0.1318924909947350","0.3735106677750070","178558.0","1622000.0","1793.0","736.0","1057.0","0.4104852203011710","0.1204248476087820","29968.8982104788","592634500.0","164210.169","Census Tract 210; San Francisco County; California","521","789","1342","957","Census Tract 210; San Francisco County; California","0","218","470","2351"
377,"06","075","021100","06075021100","211",Census Tract 211,G5020,S,424228,0,"+37.7539709","-122.4298155",new_tracts — tl_2022_06_tract,/Users/admin/Desktop/OPEN_project/new_tracts.gpkg|layername=tl_2022_06_tract,"272","228125.0","21062.0","38001",San Francisco,San Francisco County,San Francisco,"667000",City,City of San Francisco,"2411786",San Francisco,"2024.0","4086.0","2705.0","0.0","612.0","381.0","0.6620166421928540","0.0","0.1497797356828190","0.093245227606461","0.3379833578071460","250001.0","2000001.0","2006.0","984.0","1022.0","0.4905284147557330","0.1637972455864460","24945.47442095760","565205600.0","138327.362","Census Tract 211; San Francisco County; California","626","1041","1044","1375","Census Tract 211; San Francisco County; California","19","213","180","3001"
378,"06","075","021200","06075021200","212",Census Tract 212,G5020,S,345793,0,"+37.7531762","-122.4381261",new_tracts — tl_2022_06_tract,/Users/admin/Desktop/OPEN_project/new_tracts.gpkg|layername=tl_2022_06_tract,"273","191156.0","27818.0","38001",San Francisco,San Francisco County,San Francisco,"667000",City,City of San Francisco,"2411786",San Francisco,"2024.0","2917.0","1666.0","7.0","356.0","387.0","0.5711347274597190","0.002399725745629","0.1220431950634210","0.1326705519369210","0.428865272540281","201786.0","2000001.0","1420.0","735.0","685.0","0.5176056338028170","0.1308606434823050","22290.888401404200","520620800.0","178478.162","Census Tract 212; San Francisco County; California","488","653","731","1045","Census Tract 212; San Francisco County; California","9","63","279","1948"
379,"06","075","021300","06075021300","213",Census Tract 213,G5020,S,312668,0,"+37.7492624","-122.4384746",new_tracts — tl_2022_06_tract,/Users/admin/Desktop/OPEN_project/new_tracts.gpkg|layername=tl_2022_06_tract,"274","183417.0","41237.0","38001",San Francisco,San Francisco County,San Francisco,"667000",City,City of San Francisco,"2411786",San Francisco,"2024.0","2427.0","1555.0","80.0","280.0","123.0","0.6407086938607330","0.0329625051503914","0.11536876802637","0.0506798516687268","0.3592913061392670","208641.0","1984100.0","1134.0","568.0","566.0","0.5008818342151680","0.1197729212294890","20263.344795187700","504337900.0","207803.008","Census Tract 213; San Francisco County; California","390","374","812","851","Census Tract 213; San Francisco County; California","6","85","153","1721"
380,"06","075","021400","06075021400","214",Census Tract 214,G5020,S,354535,0,"+37.7495712","-122.4293939",new_tracts — tl_2022_06_tract,/Users/admin/Desktop/OPEN_project/new_tracts.gpkg|layername=tl_2022_06_tract,"275","217353.0","24271.0","38001",San Francisco,San Francisco County,San Francisco,"667000",City,City of San Francisco,"2411786",San Francisco,"2024.0","3460.0","2306.0","0.0","502.0","416.0","0.6664739884393060","0.0","0.1450867052023120","0.1202312138728320","0.3335260115606940","213462.0","1719100.0","1714.0","710.0","1004.0","0.4142357059509920","0.136897848160795","25274.3198412879","539433900.0","155905.751","Census Tract 214; San Francisco County; California","385","990","943","1142","Census Tract 214; San Francisco County; California","31","176","511","2287"
381,"06","075","021500","06075021500","215",Census Tract 215,G5020,S,474360,0,"+37.7449640","-122.4269056",new_tracts — tl_2022_06_tract,/Users/admin/Desktop/OPEN_project/new_tracts.gpkg|layername=tl_2022_06_tract,"276","200938.0","57516.0","38001",San Francisco,San Francisco County,San Francisco,"667000",City,City of San Francisco,"2411786",San Francisco,"2024.0","5181.0","2621.0","102.0","1192.0","945.0","0.5058868944219260","0.0196873190503763","0.2300714147847910","0.1823972206137810","0.4941131055780740","178488.0","1952200.0","2492.0","897.0","1595.0","0.3599518459069020","0.1830390040951060","28305.44246901600","486510700.0","93902.857","Census Tract 215; San Francisco County; California","753","1377","1496","1555","Census Tract 215; San Francisco County; California","109","171","413","3551"
382,"06","075","021600","06075021600","216",Census Tract 216,G5020,S,597918,0,"+37.7454960","-122.4381399",new_tracts — tl_2022_06_tract,/Users/admin/Desktop/OPEN_project/new_tracts.gpkg|layername=tl_2022_06_tract,"277","218988.0","42901.0","38001",San Francisco,San Francisco County,San Francisco,"667000",City,City of San Francisco,"2411786",San Francisco,"2024.0","4531.0","2367.0","233.0","1036.0","543.0","0.5224012359302580","0.0514235268152725","0.2286470977709120","0.1198410946810860","0.4775987640697420","237083.0","2000001.0","2098.0","1259.0","839.0","0.600095328884652","0.2320244895269530","19528.111059473500","486370000.0","107342.75","Census Tract 216; San Francisco County; California","841","735","1444","1511","Census Tract 216; San Francisco County; California","35","219","622","2742"
383,"06","075","021700","06075021700","217",Census Tract 217,G5020,S,1236558,0,"+37.7402533","-122.4392771",new_tracts — tl_2022_06_tract,/Users/admin/Desktop/OPEN_project/new_tracts.gpkg|layername=tl_2022_06_tract,"230","141250.0","43288.0","38001",San Francisco,San Francisco County,San Francisco,"667000",City,City of San Francisco,"2411786",San Francisco,"2024.0","4432.0","2048.0","355.0","818.0","549.0","0.4620938628158850","0.0800992779783393","0.1845667870036100","0.1238718411552350","0.5379061371841160","133300.0","1632700.0","1802.0","1239.0","563.0","0.6875693673695890","0.4756329229645340","9318.110219065880","548744700.0","123814.237","Census Tract 217; San Francisco County; California","1046","634","1008","1744","Census Tract 217; San Francisco County; California","181","199","521","2306"
384,"06","075","021800","06075021800","218",Census Tract 218,G5020,S,504786,0,"+37.7379203","-122.4291348",new_tracts — tl_2022_06_tract,/Users/admin/Desktop/OPEN_project/new_tracts.gpkg|layername=tl_2022_06_tract,"278","232500.0","50232.0","38001",San Francisco,San Francisco County,San Francisco,"667000",City,City of San Francisco,"2411786",San Francisco,"2024.0","4208.0","2662.0","46.0","605.0","473.0","0.6326045627376430","0.0109315589353612","0.1437737642585550","0.1124049429657790","0.3673954372623570","250001.0","1865200.0","1792.0","1065.0","727.0","0.5943080357142860","0.1939638317134070","21694.766301676100","502193400.0","119342.538","Census Tract 218; San Francisco County; California","651","787","1412","1358","Census Tract 218; San Francisco County; California","81","91","582","2677"
385,"06","075","022600","06075022600","226",Census Tract 226,G5020,S,1280042,556866,"+37.7601234","-122.3852679",new_tracts — tl_2022_06_tract,/Users/admin/Desktop/OPEN_project/new_tracts.gpkg|layername=tl_2022_06_tract,"407","239625.0","26732.0","38001",San Francisco,San Francisco County,San Francisco,"667000",City,City of San Francisco,"2411786",San Francisco,"2024.0","4452.0","1957.0","74.0","1519.0","478.0","0.4395777178796050","0.0166217430368373","0.3411949685534590","0.1073674752920040","0.5604222821203950","232036.0","1350000.0","2257.0","508.0","1749.0","0.2250775365529460","0.4545320081920540","9794.689746291510","375564642.857143","84358.635","Census Tract 226; San Francisco County; California","358","2330","1231","533","Census Tract 226; San Francisco County; California","53","11","353","3164"
386,"06","075","022802","06075022802","228.02",Census Tract 228.02,G5020,S,291253,0,"+37.7589131","-122.4062337",new_tracts — tl_2022_06_tract,/Users/admin/Desktop/OPEN_project/new_tracts.gpkg|layername=tl_2022_06_tract,"388","131042.0","65952.0","38001",San Francisco,San Francisco County,San Francisco,"667000",City,City of San Francisco,"2411786",San Francisco,"2024.0","2103.0","1003.0","105.0","267.0","624.0","0.4769377080361390","0.0499286733238231","0.1269614835948640","0.2967189728958630","0.5230622919638610","107083.0","1166200.0","754.0","386.0","368.0","0.5119363395225470","0.1143103065211370","18397.29123297500","752189242.857143","357674.39","Census Tract 228.02; San Francisco County; California","295","558","482","768","Census Tract 228.02; San Francisco County; California","164","277","334","974"
387,"06","075","022902","06075022902","229.02",Census Tract 229.02,G5020,S,161833,0,"+37.7513440","-122.4103787",new_tracts — tl_2022_06_tract,/Users/admin/Desktop/OPEN_project/new_tracts.gpkg|layername=tl_2022_06_tract,"316","190875.0","41490.0","38001",San Francisco,San Francisco County,San Francisco,"667000",City,City of San Francisco,"2411786",San Francisco,"2024.0","1891.0","568.0","139.0","322.0","666.0","0.3003701745108410","0.0735060814383923","0.1702802749867790","0.3521946060285560","0.6996298254891590","205583.0","1319400.0","725.0","317.0","408.0","0.4372413793103450","0.0626281093684129","30194.10962697440","495270442.857143","261909.277","Census Tract 229.02; San Francisco County; California","344","431","595","521","Census Tract 229.02; San Francisco County; California","190","173","196","902"
388,"06","075","022903","06075022903","229.03",Census Tract 229.03,G5020,S,311266,0,"+37.7517619","-122.4062182",new_tracts — tl_2022_06_tract,/Users/admin/Desktop/OPEN_project/new_tracts.gpkg|layername=tl_2022_06_tract,"317","209659.0","94906.0","38001",San Francisco,San Francisco County,San Francisco,"667000",City,City of San Francisco,"2411786",San Francisco,"2024.0","2798.0","1226.0","85.0","408.0","664.0","0.4381701215153680","0.0303788420300214","0.1458184417441030","0.2373123659756970","0.5618298784846320","189875.0","1260400.0","1139.0","481.0","658.0","0.4223002633889380","0.1182588833232990","23659.95620262000","499039242.857143","178355.698","Census Tract 229.03; San Francisco County; California","373","855","821","749","Census Tract 229.03; San Francisco County; California","247","330","518","1172"
389,"06","075","023001","06075023001","230.01",Census Tract 230.01,G5020,S,666244,0,"+37.7351925","-122.4017617",new_tracts — tl_2022_06_tract,/Users/admin/Desktop/OPEN_project/new_tracts.gpkg|layername=tl_2022_06_tract,"414","95052.0","16391.0","38001",San Francisco,San Francisco County,San Francisco,"667000",City,City of San Francisco,"2411786",San Francisco,"2024.0","5108.0","529.0","302.0","3341.0","775.0","0.1035630383711820","0.0591229444009397","0.65407204385278","0.1517227877838680","0.8964369616288180","129866.0","1115700.0","1271.0","864.0","407.0","0.6797797010228170","0.2587911079578390","19737.92701112500","398903442.857143","78093.861","Census Tract 230.01; San Francisco County; California","780","1094","1306","1928","Census Tract 230.01; San Francisco County; California","1161","1031","518","1213"
390,"06","075","023003","06075023003","230.03",Census Tract 230.03,G5020,S,409147,0,"+37.7326749","-122.3958349",new_tracts — tl_2022_06_tract,/Users/admin/Desktop/OPEN_project/new_tracts.gpkg|layername=tl_2022_06_tract,"415","103472.0","43678.0","38001",San Francisco,San Francisco County,San Francisco,"667000",City,City of San Francisco,"2411786",San Francisco,"2024.0","3812.0","439.0","324.0","2287.0","555.0","0.1151626442812170","0.0849947534102833","0.5999475341028330","0.1455928646379850","0.8848373557187830","102137.0","1082500.0","1195.0","976.0","219.0","0.8167364016736400","0.156101476916779","24420.01238740530","243785200.0","63952.046","Census Tract 230.03; San Francisco County; California","642","453","1079","1638","Census Tract 230.03; San Francisco County; California","502","669","777","1073"
391,"06","001","405901","06001405901","4059.01",Census Tract 4059.01,G5020,S,452598,0,"+37.7877859","-122.2357701",new_tracts — tl_2022_06_tract,/Users/admin/Desktop/OPEN_project/new_tracts.gpkg|layername=tl_2022_06_tract,"166","51292.0","16184.0","1017",Oakland,Alameda County,Oakland,"653000",City,City of Oakland,"2411292",Oakland,"2024.0","4114.0","175.0","658.0","1274.0","1612.0","0.0425376762275158","0.1599416626154590","0.309674282936315","0.3918327661643170","0.9574623237724840","53233.0","729000.0","1165.0","308.0","857.0","0.2643776824034330","0.1747671819842300","23539.88862949810","187949200.0","45685.27","Census Tract 4059.01; Alameda County; California","1169","1053","751","1141","Census Tract 4059.01; Alameda County; California","833","670","782","372"
392,"06","075","017700","06075017700","177",Census Tract 177,G5020,S,904078,0,"+37.7680440","-122.4124918",new_tracts — tl_2022_06_tract,/Users/admin/Desktop/OPEN_project/new_tracts.gpkg|layername=tl_2022_06_tract,"318","156806.0","32446.0","38001",San Francisco,San Francisco County,San Francisco,"667000",City,City of San Francisco,"2411786",San Francisco,"2024.0","2946.0","884.0","55.0","827.0","1070.0","0.3000678886625930","0.0186693822131704","0.2807196198234900","0.3632043448744060","0.6999321113374070","124679.0","1206100.0","1296.0","287.0","1009.0","0.2214506172839510","0.344235365321138","8558.098024738600","1255176642.857140","426061.318","Census Tract 177; San Francisco County; California","376","898","907","765","Census Tract 177; San Francisco County; California","377","181","709","1109"
