fid,GEOID,COUNTYFP,NAMELSAD,median_hh_,median_h_1,CDTFA_COPR,CDTFA_CITY,CDTFA_COUN,CENSUS_PLA,CENSUS_GEO,CENSUS_P_1,GNIS_PLACE,GNIS_ID,acs_2024_tracts_berkeley_oakland_sf_density_city,acs_2024_tracts_berkeley_oakland_sf_density_NAME,acs_2024_tracts_berkeley_oakland_sf_density_year,acs_2024_tracts_berkeley_oakland_sf_density_total_pop,acs_2024_tracts_berkeley_oakland_sf_density_white_nh,acs_2024_tracts_berkeley_oakland_sf_density_black_nh,acs_2024_tracts_berkeley_oakland_sf_density_asian_nh,acs_2024_tracts_berkeley_oakland_sf_density_hispanic,acs_2024_tracts_berkeley_oakland_sf_density_pct_white_nh,acs_2024_tracts_berkeley_oakland_sf_density_pct_black_nh,acs_2024_tracts_berkeley_oakland_sf_density_pct_asian_nh,acs_2024_tracts_berkeley_oakland_sf_density_pct_hispanic,acs_2024_tracts_berkeley_oakland_sf_density_pct_poc,acs_2024_tracts_berkeley_oakland_sf_density_median_income,acs_2024_tracts_berkeley_oakland_sf_density_median_home_value,acs_2024_tracts_berkeley_oakland_sf_density_housing_units_total,acs_2024_tracts_berkeley_oakland_sf_density_owner_occupied,acs_2024_tracts_berkeley_oakland_sf_density_renter_occupied,acs_2024_tracts_berkeley_oakland_sf_density_homeownership_rate,acs_2024_tracts_berkeley_oakland_sf_density_area_sq_miles,acs_2024_tracts_berkeley_oakland_sf_density_pop_density,weight_supply_sum,Accessibility_Index
516,"06001423300","001",Census Tract 4233,83450.000000000000000,33008.000000000000000,"01013",Berkeley,Alameda County,Berkeley,"0606000",City,City of Berkeley,2409837,Berkeley,"Census Tract 4233; Alameda County; California","2024","3623","1691","712","268","521","0.4667402704940657","0.19652221915539608","0.07397184653601988","0.1438034777808446","0.5332597295059343","101571","1101900","1476","829","647","0.5616531165311653","0.28025908864620624","12927.323847019308",235498556.540000,65000.982
471,"06001424002","001",Census Tract 4240.02,103393.000000000000000,36279.000000000000000,"01013",Berkeley,Alameda County,Berkeley,"0606000",City,City of Berkeley,2409837,Berkeley,"Census Tract 4240.02; Alameda County; California","2024","2524","1042","582","274","455","0.41283676703645006","0.2305863708399366","0.10855784469096671","0.18026941362916007","0.5871632329635499","105813","1233500","1050","553","497","0.5266666666666666","0.1289524473177348","19573.10661798409",223631256.540000,88601.924
469,"06001423000","001",Census Tract 4230,86917.000000000000000,20998.000000000000000,"01013",Berkeley,Alameda County,Berkeley,"0606000",City,City of Berkeley,2409837,Berkeley,"Census Tract 4230; Alameda County; California","2024","4478","2806","232","804","356","0.6266190263510496","0.05180884323358642","0.17954443948191157","0.07949977668602054","0.3733809736489504","110536","1353400","2023","842","1181","0.4162135442412259","0.2818798094608767","15886.203444527022",368316956.540000,82250.325
541,"06001423400","001",Census Tract 4234,107455.000000000000000,27066.000000000000000,"01013",Berkeley,Alameda County,Berkeley,"0606000",City,City of Berkeley,2409837,Berkeley,"Census Tract 4234; Alameda County; California","2024","5218","2266","1019","551","1061","0.4342660022997317","0.19528555001916442","0.10559601379839019","0.20333461096205444","0.5657339977002682","145789","1362400","1974","965","1009","0.488855116514691","0.2921619476711773","17859.957607733228",260103656.540000,49847.385
372,"06001424001","001",Census Tract 4240.01,87500.000000000000000,33040.000000000000000,"01013",Berkeley,Alameda County,Berkeley,"0606000",City,City of Berkeley,2409837,Berkeley,"Census Tract 4240.01; Alameda County; California","2024","4000","1667","644","854","631","0.41675","0.161","0.2135","0.15775","0.58325","82125","1197500","1535","452","1083","0.2944625407166124","0.19604885621612828","20403.077463457976",305886856.540000,76471.714
54,"06001422902","001",Census Tract 4229.02,,,"01013",Berkeley,Alameda County,Berkeley,"0606000",City,City of Berkeley,2409837,Berkeley,"Census Tract 4229.02; Alameda County; California","2024","2214","641","105","905","186","0.2895212285456188","0.04742547425474255","0.4087624209575429","0.08401084010840108","0.7104787714543812","60078",NA,"1271","0","1271","0","0.14667356193165607","15094.744893640984",456404456.540000,206144.741
542,"06001423500","001",Census Tract 4235,89728.000000000000000,19995.000000000000000,"01013",Berkeley,Alameda County,Berkeley,"0606000",City,City of Berkeley,2409837,Berkeley,"Census Tract 4235; Alameda County; California","2024","3768","2107","312","389","630","0.5591825902335457","0.08280254777070063","0.10323779193205945","0.16719745222929935","0.44081740976645434","103702","1162700","1587","488","1099","0.3074984247006931","0.24437118326292362","15419.166653319908",393899156.540000,104537.993
366,"06001423901","001",Census Tract 4239.01,105625.000000000000000,67080.000000000000000,"01013",Berkeley,Alameda County,Berkeley,"0606000",City,City of Berkeley,2409837,Berkeley,"Census Tract 4239.01; Alameda County; California","2024","2227","1054","215","317","374","0.4732824427480916","0.09654243376740008","0.14234396048495734","0.16793893129770993","0.5267175572519084","136607","1170000","969","377","592","0.3890608875128999","0.154191631128872","14443.066615844366",429772628.270000,192982.770
55,"06001422901","001",Census Tract 4229.01,49604.000000000000000,48626.000000000000000,"01013",Berkeley,Alameda County,Berkeley,"0606000",City,City of Berkeley,2409837,Berkeley,"Census Tract 4229.01; Alameda County; California","2024","1768","660","92","751","174","0.3733031674208145","0.05203619909502263","0.4247737556561086","0.09841628959276018","0.6266968325791855","35917",NA,"855","9","846","0.010526315789473684","0.061423764712084446","28783.647636826885",333958056.540000,188890.303
872,"06001400500","001",Census Tract 4005,95078.000000000000000,34125.000000000000000,"01013",Berkeley,Alameda County,Berkeley,"0606000",City,City of Berkeley,2409837,Berkeley,"Census Tract 4005; Alameda County; California","2024","3579","1646","757","263","636","0.45990500139703827","0.21151159541771444","0.073484213467449","0.1777032690695725","0.5400949986029617","96641","1404600","1687","816","871","0.4836988737403675","0.2278655549059719","15706.630172677325",392305200.000000,109613.076
951,"06001400700","001",Census Tract 4007,110556.000000000000000,12318.000000000000000,"01013",Berkeley,Alameda County,Berkeley,"0606000",City,City of Berkeley,2409837,Berkeley,"Census Tract 4007; Alameda County; California","2024","4576","2061","1200","528","422","0.45039335664335667","0.26223776223776224","0.11538461538461539","0.09222027972027973","0.5496066433566433","127083","1103600","1985","828","1157","0.4171284634760705","0.3337672144431035","13710.154269151742",373211456.540000,81558.448
952,"06001400800","001",Census Tract 4008,97132.000000000000000,37490.000000000000000,"01013",Berkeley,Alameda County,Berkeley,"0606000",City,City of Berkeley,2409837,Berkeley,"Census Tract 4008; Alameda County; California","2024","4548","2209","363","648","899","0.4857080035180299","0.07981530343007916","0.1424802110817942","0.19766930518909412","0.5142919964819701","145978","1037500","1902","688","1214","0.3617245005257624","0.27752409507720854","16387.766254078677",216447056.540000,47591.701
940,"06001422000","001",Census Tract 4220,140331.000000000000000,17431.000000000000000,"01013",Berkeley,Alameda County,Berkeley,"0606000",City,City of Berkeley,2409837,Berkeley,"Census Tract 4220; Alameda County; California","2024","2470","1185","244","598","162","0.4797570850202429","0.09878542510121457","0.24210526315789474","0.06558704453441296","0.5202429149797572","116779","973000","1295","293","1002","0.22625482625482626","2.1151344240666643","1167.7744789624544",378276250.210000,153148.279
967,"06001423200","001",Census Tract 4232,80106.000000000000000,26348.000000000000000,"01013",Berkeley,Alameda County,Berkeley,"0606000",City,City of Berkeley,2409837,Berkeley,"Census Tract 4232; Alameda County; California","2024","3049","783","500","226","1400","0.2568055100032798","0.1639881928501148","0.07412266316825189","0.45916693998032143","0.7431944899967202","60563","1221700","1179","339","840","0.2875318066157761","0.17632811690082192","17291.626846528114",196608769.620000,64483.034
470,"06001423100","001",Census Tract 4231,61161.000000000000000,28594.000000000000000,"01013",Berkeley,Alameda County,Berkeley,"0606000",City,City of Berkeley,2409837,Berkeley,"Census Tract 4231; Alameda County; California","2024","4286","1741","885","747","393","0.4062062529164722","0.20648623425104992","0.17428838077461503","0.09169388707419505","0.5937937470835277","54787","1159900","2066","824","1242","0.398838334946757","0.289002174502568","14830.338240108695",301628869.620000,70375.378
56,"06001420402","001",Census Tract 4204.02,58835.000000000000000,15983.000000000000000,"01013",Berkeley,Alameda County,Berkeley,"0606000",City,City of Berkeley,2409837,Berkeley,"Census Tract 4204.02; Alameda County; California","2024","1596","518","31","671","305","0.32456140350877194","0.019423558897243107","0.42042606516290726","0.19110275689223058","0.6754385964912281","98059",NA,"563","0","563","0","0.440105628552733","3626.4021554288506",167894008.860000,105196.747
1226,"06001425102","001",Census Tract 4251.02,124375.000000000000000,18417.000000000000000,"01013",Berkeley,Alameda County,Berkeley,"0606000",City,City of Berkeley,2409837,Berkeley,"Census Tract 4251.02; Alameda County; California","2024","4057","900","527","1935","391","0.2218387971407444","0.12989894010352476","0.4769534138526004","0.0963766329800345","0.7781612028592556","134044","642100","2371","466","1905","0.19654154365246732","0.2815325690241538","14410.410895131405",129016056.540000,31800.852
1227,"06001425103","001",Census Tract 4251.03,119301.000000000000000,22442.000000000000000,"01013",Berkeley,Alameda County,Berkeley,"0606000",City,City of Berkeley,2409837,Berkeley,"Census Tract 4251.03; Alameda County; California","2024","2999","959","808","891","208","0.3197732577525842","0.26942314104701565","0.29709903301100365","0.06935645215071691","0.6802267422474157","126111","775700","1742","415","1327","0.23823191733639495","0.34042730792760273","8809.516540423323",183420456.540000,61160.539
1240,"06001422100","001",Census Tract 4221,124583.000000000000000,37438.000000000000000,"01013",Berkeley,Alameda County,Berkeley,"0606000",City,City of Berkeley,2409837,Berkeley,"Census Tract 4221; Alameda County; California","2024","3027","1517","340","376","556","0.5011562603237529","0.11232243145028081","0.12421539478031055","0.1836802114304592","0.49884373967624707","139250","1022500","1370","770","600","0.5620437956204379","0.21322212450755723","14196.462993654835",337158050.210000,111383.565
1241,"06001422200","001",Census Tract 4222,105750.000000000000000,29978.000000000000000,"01013",Berkeley,Alameda County,Berkeley,"0606000",City,City of Berkeley,2409837,Berkeley,"Census Tract 4222; Alameda County; California","2024","3313","1982","92","458","336","0.5982493208572291","0.02776939329912466","0.13824328403259886","0.10141865378810745","0.40175067914277085","99379","1235200","1512","684","828","0.4523809523809524","0.2602393072269871","12730.590298990921",361520569.620000,109121.814
348,"06001421900","001",Census Tract 4219,160063.000000000000000,36887.000000000000000,"01013",Berkeley,Alameda County,Berkeley,"0606000",City,City of Berkeley,2409837,Berkeley,"Census Tract 4219; Alameda County; California","2024","4110","2494","313","670","235","0.6068126520681265","0.07615571776155718","0.1630170316301703","0.057177615571776155","0.3931873479318735","154219","1338300","1667","1093","574","0.6556688662267547","0.3307138110835752","12427.663624127736",431342808.860000,104949.589
347,"06001421800","001",Census Tract 4218,171168.000000000000000,5674.000000000000000,"01013",Berkeley,Alameda County,Berkeley,"0606000",City,City of Berkeley,2409837,Berkeley,"Census Tract 4218; Alameda County; California","2024","2173","1480","19","255","129","0.6810860561435803","0.008743672342383801","0.11734928670041417","0.05936493327197423","0.3189139438564197","183467","1522000","926","622","304","0.67170626349892","0.204484209068272","10626.737438070299",539574269.620000,248308.454
346,"06001421700","001",Census Tract 4217,108339.000000000000000,22360.000000000000000,"01013",Berkeley,Alameda County,Berkeley,"0606000",City,City of Berkeley,2409837,Berkeley,"Census Tract 4217; Alameda County; California","2024","3346","2176","146","708","196","0.6503287507471608","0.04363419007770472","0.21159593544530783","0.058577405857740586","0.3496712492528392","115139","1527300","1659","502","1157","0.3025919228450874","0.2236143637265593","14963.260607406975",494340956.540000,147740.872
349,"06001420600","001",Census Tract 4206,169868.000000000000000,58307.000000000000000,"01013",Berkeley,Alameda County,Berkeley,"0606000",City,City of Berkeley,2409837,Berkeley,"Census Tract 4206; Alameda County; California","2024","3480","2231","55","506","299","0.6410919540229885","0.015804597701149427","0.1454022988505747","0.08591954022988506","0.35890804597701154","199091","1573600","1322","1024","298","0.7745839636913767","0.3076364731720415","11312.052709867914",384953969.620000,110618.957
343,"06001420500","001",Census Tract 4205,127000.000000000000000,18378.000000000000000,"01013",Berkeley,Alameda County,Berkeley,"0606000",City,City of Berkeley,2409837,Berkeley,"Census Tract 4205; Alameda County; California","2024","2462","1101","82","644","398","0.44719740048740864","0.03330625507717303","0.26157595450852966","0.16165718927701056","0.5528025995125914","137105","1246000","936","487","449","0.5202991452991453","0.1600903689704519","15378.813952602075",269694367.510000,109542.798
345,"06001421400","001",Census Tract 4214,208500.000000000000000,78822.000000000000000,"01013",Berkeley,Alameda County,Berkeley,"0606000",City,City of Berkeley,2409837,Berkeley,"Census Tract 4214; Alameda County; California","2024","1739","1151","68","110","207","0.6618746405980449","0.039102932719954","0.06325474410580793","0.11903392754456585","0.3381253594019551","226250","1662300","650","549","101","0.8446153846153847","0.18280796098945876","9512.714821540381",386151956.540000,222054.029
341,"06001420100","001",Census Tract 4201,188125.000000000000000,32101.000000000000000,"01013",Berkeley,Alameda County,Berkeley,"0606000",City,City of Berkeley,2409837,Berkeley,"Census Tract 4201; Alameda County; California","2024","2636","1298","146","569","332","0.49241274658573597","0.05538694992412747","0.21585735963581185","0.125948406676783","0.507587253414264","197813","1314700","1039","824","215","0.793070259865255","0.21678203250067632","12159.679331319934",150468069.620000,57081.969
294,"06013356002","013",Census Tract 3560.02,136008.000000000000000,14656.000000000000000,"01013",Berkeley,Alameda County,Berkeley,"0606000",City,City of Berkeley,2409837,,,,,,,,,,,,,,,,,,,,,,66133400.000000,
344,"06001421100","001",Census Tract 4211,234243.000000000000000,19479.000000000000000,"01013",Berkeley,Alameda County,Berkeley,"0606000",City,City of Berkeley,2409837,Berkeley,"Census Tract 4211; Alameda County; California","2024","2214","1539","104","209","143","0.6951219512195121","0.04697380307136405","0.09439927732610659","0.06458897922312556","0.30487804878048785","250001","1725700","876","799","77","0.9121004566210046","0.2923957716754073","7571.9289212492195",153382856.540000,69278.616
806,"06013354001","013",Census Tract 3540.01,216518.000000000000000,22043.000000000000000,"01013",Berkeley,Alameda County,Berkeley,"0606000",City,City of Berkeley,2409837,,,,,,,,,,,,,,,,,,,,,,131628600.000000,
819,"06013392000","013",Census Tract 3920,214464.000000000000000,50191.000000000000000,"01013",Berkeley,Alameda County,Berkeley,"0606000",City,City of Berkeley,2409837,,,,,,,,,,,,,,,,,,,,,,76921000.000000,
947,"06001421200","001",Census Tract 4212,247171.000000000000000,30255.000000000000000,"01013",Berkeley,Alameda County,Berkeley,"0606000",City,City of Berkeley,2409837,Berkeley,"Census Tract 4212; Alameda County; California","2024","3588","2126","0","879","269","0.592530657748049","0","0.24498327759197325","0.07497212931995541","0.40746934225195097","250001","1960800","1437","1378","59","0.9589422407794015","0.5017626397063258","7150.791462074583",226408156.540000,63101.493
965,"06001421300","001",Census Tract 4213,130500.000000000000000,57509.000000000000000,"01013",Berkeley,Alameda County,Berkeley,"0606000",City,City of Berkeley,2409837,Berkeley,"Census Tract 4213; Alameda County; California","2024","4131","2866","11","576","38","0.6937787460663277","0.002662793512466715","0.1394335511982571","0.009198741224885015","0.3062212539336723","148235","1575200","1850","1516","334","0.8194594594594594","0.4226275310091099","9774.56435489754",353675269.620000,85614.928
982,"06001421500","001",Census Tract 4215,201950.000000000000000,33211.000000000000000,"01013",Berkeley,Alameda County,Berkeley,"0606000",City,City of Berkeley,2409837,Berkeley,"Census Tract 4215; Alameda County; California","2024","3989","3108","87","308","263","0.7791426422662321","0.021809977437954375","0.07721233391827526","0.06593131110554024","0.2208573577337679","226181","1644000","1581","1309","272","0.8279569892473119","0.5983745359958547","6666.393303921667",236094456.540000,59186.377
988,"06001421600","001",Census Tract 4216,218390.000000000000000,20609.000000000000000,"01013",Berkeley,Alameda County,Berkeley,"0606000",City,City of Berkeley,2409837,Berkeley,"Census Tract 4216; Alameda County; California","2024","4008","2735","73","431","283","0.6823852295409182","0.018213572854291416","0.10753493013972056","0.07060878243512975","0.3176147704590818","232344","1387000","1609","1293","316","0.8036047234307023","0.510004763402226","7858.750128651262",381103456.540000,95085.693
1242,"06001422300","001",Census Tract 4223,93750.000000000000000,19397.000000000000000,"01013",Berkeley,Alameda County,Berkeley,"0606000",City,City of Berkeley,2409837,Berkeley,"Census Tract 4223; Alameda County; California","2024","3770","1578","622","850","326","0.41856763925729445","0.1649867374005305","0.22546419098143236","0.08647214854111406","0.5814323607427055","86071","1544000","1692","564","1128","0.3333333333333333","0.21638491840940616","17422.656013701737",528132669.620000,140088.241
1243,"06001422400","001",Census Tract 4224,69717.000000000000000,16049.000000000000000,"01013",Berkeley,Alameda County,Berkeley,"0606000",City,City of Berkeley,2409837,Berkeley,"Census Tract 4224; Alameda County; California","2024","4096","1806","153","1517","155","0.44091796875","0.037353515625","0.370361328125","0.037841796875","0.55908203125","88902","1184100","2013","403","1610","0.20019870839542972","0.18399256677551187","22261.768895248377",556572456.540000,135881.947
1394,"06013391000","013",Census Tract 3910,170625.000000000000000,55993.000000000000000,"01013",Berkeley,Alameda County,Berkeley,"0606000",City,City of Berkeley,2409837,,,,,,,,,,,,,,,,,,,,,,82222856.540000,
48,"06001982100","001",Census Tract 9821,,,"01013",Berkeley,Alameda County,Berkeley,"0606000",City,City of Berkeley,2409837,Berkeley,"Census Tract 9821; Alameda County; California","2024","1104","427","107","339","184","0.3867753623188406","0.09692028985507246","0.3070652173913043","0.16666666666666666","0.6132246376811594","152250",NA,"27","3","24","0.1111111111111111","0.6570733696316358","1680.1776651196767",439817656.540000,398385.558
948,"06001422800","001",Census Tract 4228,26056.000000000000000,7471.000000000000000,"01013",Berkeley,Alameda County,Berkeley,"0606000",City,City of Berkeley,2409837,Berkeley,"Census Tract 4228; Alameda County; California","2024","9850","2246","698","3692","2261","0.22802030456852793","0.07086294416243655","0.3748223350253807","0.22954314720812183","0.771979695431472","32026",NA,"1614","19","1595","0.011771995043370507","0.15725131246613402","62638.586893329215",360167756.540000,36565.254
467,"06001422500","001",Census Tract 4225,58558.000000000000000,33524.000000000000000,"01013",Berkeley,Alameda County,Berkeley,"0606000",City,City of Berkeley,2409837,Berkeley,"Census Tract 4225; Alameda County; California","2024","4481","1943","288","1252","645","0.4336085695157331","0.06427136799821469","0.27940191921446106","0.14394108457933497","0.5663914304842669","53041","1201800","1694","254","1440","0.14994096812278632","0.18083955297577536","24778.871249478587",415311456.540000,92682.762
543,"06001423602","001",Census Tract 4236.02,59297.000000000000000,18327.000000000000000,"01013",Berkeley,Alameda County,Berkeley,"0606000",City,City of Berkeley,2409837,Berkeley,"Census Tract 4236.02; Alameda County; California","2024","5621","2577","189","1607","812","0.45845934887030776","0.033623910336239106","0.28589219000177907","0.1444582814445828","0.5415406511296923","53952","909500","2255","664","1591","0.29445676274944566","0.1602098823965387","35085.22642871275",332509100.000000,59154.795
1004,"06001423601","001",Census Tract 4236.01,155857.000000000000000,18596.000000000000000,"01013",Berkeley,Alameda County,Berkeley,"0606000",City,City of Berkeley,2409837,Berkeley,"Census Tract 4236.01; Alameda County; California","2024","2603","1578","56","403","297","0.606223588167499","0.021513638109873223","0.15482135996926624","0.11409911640414906","0.393776411832501","166310","1421900","1136","555","581","0.488556338028169","0.19845875012938896","13116.075750265103",386881800.000000,148629.197
974,"06001423902","001",Census Tract 4239.02,171583.000000000000000,30319.000000000000000,"01013",Berkeley,Alameda County,Berkeley,"0606000",City,City of Berkeley,2409837,Berkeley,"Census Tract 4239.02; Alameda County; California","2024","1537","953","91","215","187","0.620039037085231","0.05920624593363696","0.1398828887443071","0.12166558230318802","0.379960962914769","165893","1497200","702","227","475","0.32336182336182334","0.11048343857322536","13911.587291712676",416604800.000000,271050.618
995,"06001400400","001",Census Tract 4004,158836.000000000000000,9038.000000000000000,"01013",Berkeley,Alameda County,Berkeley,"0606000",City,City of Berkeley,2409837,Berkeley,"Census Tract 4004; Alameda County; California","2024","4399","2711","337","517","509","0.6162764264605592","0.0766083200727438","0.11752671061604911","0.11570811548079109","0.38372357353944075","165134","1586700","1803","910","893","0.50471436494731","0.2788010968024936","15778.273652618771",593558700.000000,134930.371
954,"06001400200","001",Census Tract 4002,225500.000000000000000,29169.000000000000000,"01013",Berkeley,Alameda County,Berkeley,"0606000",City,City of Berkeley,2409837,Berkeley,"Census Tract 4002; Alameda County; California","2024","2203","1428","45","274","202","0.6482069904675443","0.020426690876078075","0.12437585111211984","0.09169314571039491","0.35179300953245574","208438","1927600","879","537","342","0.6109215017064846","0.22321801156813034","9869.27526378221",488475600.000000,221732.002
468,"06001422700","001",Census Tract 4227,42417.000000000000000,42276.000000000000000,"01013",Berkeley,Alameda County,Berkeley,"0606000",City,City of Berkeley,2409837,Berkeley,"Census Tract 4227; Alameda County; California","2024","5154","1747","168","1861","846","0.3389600310438494","0.03259604190919674","0.3610787737679472","0.16414435389988358","0.6610399689561506",NA,"1202700","1002","130","872","0.12974051896207583","0.13026138162911657","39566.60013536933",209542600.000000,40656.306
363,"06001423700","001",Census Tract 4237,108750.000000000000000,25957.000000000000000,"01013",Berkeley,Alameda County,Berkeley,"0606000",City,City of Berkeley,2409837,Berkeley,"Census Tract 4237; Alameda County; California","2024","3381","1930","117","661","436","0.5708370304643596","0.03460514640638864","0.19550428867199054","0.12895593019816623","0.42916296953564037","95833","2000001","1152","500","652","0.4340277777777778","0.27946416707084043","12098.152100991758",307414200.000000,90924.046
364,"06001423800","001",Census Tract 4238,191838.000000000000000,36869.000000000000000,"01013",Berkeley,Alameda County,Berkeley,"0606000",City,City of Berkeley,2409837,Berkeley,"Census Tract 4238; Alameda County; California","2024","3397","2390","0","412","196","0.7035619664409773","0","0.1212834854283191","0.057697968795996465","0.29643803355902265","184871","2000001","1431","1024","407","0.7155835080363382","0.4159563409835084","8166.7224785369535",448765900.000000,132106.535
68,"06001404300","001",Census Tract 4043,227237.000000000000000,58110.000000000000000,"01013",Berkeley,Alameda County,Berkeley,"0606000",City,City of Berkeley,2409837,Berkeley,"Census Tract 4043; Alameda County; California","2024","3600","2585","87","407","219","0.7180555555555556","0.024166666666666666","0.11305555555555556","0.060833333333333336","0.28194444444444444","232386","2000001","1453","1317","136","0.9064005505849966","0.7161583206827863","5026.821438823409",337685000.000000,93801.389
52,"06001420401","001",Census Tract 4204.01,72708.000000000000000,21401.000000000000000,"01013",Berkeley,Alameda County,Berkeley,"0606000",City,City of Berkeley,2409837,Berkeley,"Census Tract 4204.01; Alameda County; California","2024","1406","506","5","506","283","0.35988620199146515","0.0035561877667140826","0.35988620199146515","0.20128022759601708","0.6401137980085349","92344",NA,"449","0","449","0","0.07661763608707654","18350.86635147644",217469608.860000,154672.553
929,"06001400100","001",Census Tract 4001,234236.000000000000000,42845.000000000000000,"01013",Berkeley,Alameda County,Berkeley,"0606000",City,City of Berkeley,2409837,Berkeley,"Census Tract 4001; Alameda County; California","2024","3132","2051","156","544","214","0.6548531289910601","0.04980842911877394","0.17369093231162197","0.06832694763729247","0.3451468710089399","250001","1790500","1337","1256","81","0.9394166043380703","2.6834107245618166","1167.1713060293575",296494200.000000,94666.092
471,"06001424002","001",Census Tract 4240.02,103393.000000000000000,36279.000000000000000,"01017",Oakland,Alameda County,Oakland,"0653000",City,City of Oakland,2411292,Berkeley,"Census Tract 4240.02; Alameda County; California","2024","2524","1042","582","274","455","0.41283676703645006","0.2305863708399366","0.10855784469096671","0.18026941362916007","0.5871632329635499","105813","1233500","1050","553","497","0.5266666666666666","0.1289524473177348","19573.10661798409",223631256.540000,88601.924
372,"06001424001","001",Census Tract 4240.01,87500.000000000000000,33040.000000000000000,"01017",Oakland,Alameda County,Oakland,"0653000",City,City of Oakland,2411292,Berkeley,"Census Tract 4240.01; Alameda County; California","2024","4000","1667","644","854","631","0.41675","0.161","0.2135","0.15775","0.58325","82125","1197500","1535","452","1083","0.2944625407166124","0.19604885621612828","20403.077463457976",305886856.540000,76471.714
366,"06001423901","001",Census Tract 4239.01,105625.000000000000000,67080.000000000000000,"01017",Oakland,Alameda County,Oakland,"0653000",City,City of Oakland,2411292,Berkeley,"Census Tract 4239.01; Alameda County; California","2024","2227","1054","215","317","374","0.4732824427480916","0.09654243376740008","0.14234396048495734","0.16793893129770993","0.5267175572519084","136607","1170000","969","377","592","0.3890608875128999","0.154191631128872","14443.066615844366",429772628.270000,192982.770
872,"06001400500","001",Census Tract 4005,95078.000000000000000,34125.000000000000000,"01017",Oakland,Alameda County,Oakland,"0653000",City,City of Oakland,2411292,Berkeley,"Census Tract 4005; Alameda County; California","2024","3579","1646","757","263","636","0.45990500139703827","0.21151159541771444","0.073484213467449","0.1777032690695725","0.5400949986029617","96641","1404600","1687","816","871","0.4836988737403675","0.2278655549059719","15706.630172677325",392305200.000000,109613.076
951,"06001400700","001",Census Tract 4007,110556.000000000000000,12318.000000000000000,"01017",Oakland,Alameda County,Oakland,"0653000",City,City of Oakland,2411292,Berkeley,"Census Tract 4007; Alameda County; California","2024","4576","2061","1200","528","422","0.45039335664335667","0.26223776223776224","0.11538461538461539","0.09222027972027973","0.5496066433566433","127083","1103600","1985","828","1157","0.4171284634760705","0.3337672144431035","13710.154269151742",373211456.540000,81558.448
952,"06001400800","001",Census Tract 4008,97132.000000000000000,37490.000000000000000,"01017",Oakland,Alameda County,Oakland,"0653000",City,City of Oakland,2411292,Berkeley,"Census Tract 4008; Alameda County; California","2024","4548","2209","363","648","899","0.4857080035180299","0.07981530343007916","0.1424802110817942","0.19766930518909412","0.5142919964819701","145978","1037500","1902","688","1214","0.3617245005257624","0.27752409507720854","16387.766254078677",216447056.540000,47591.701
169,"06001425101","001",Census Tract 4251.01,81722.000000000000000,22140.000000000000000,"01017",Oakland,Alameda County,Oakland,"0653000",City,City of Oakland,2411292,Berkeley,"Census Tract 4251.01; Alameda County; California","2024","1601","705","61","487","179","0.44034978138663333","0.038101186758276076","0.30418488444722047","0.11180512179887571","0.5596502186133667","95435","516000","1260","556","704","0.44126984126984126","0.45342525555089574","3530.9016875446014",136545656.540000,85287.731
940,"06001422000","001",Census Tract 4220,140331.000000000000000,17431.000000000000000,"01017",Oakland,Alameda County,Oakland,"0653000",City,City of Oakland,2411292,Berkeley,"Census Tract 4220; Alameda County; California","2024","2470","1185","244","598","162","0.4797570850202429","0.09878542510121457","0.24210526315789474","0.06558704453441296","0.5202429149797572","116779","973000","1295","293","1002","0.22625482625482626","2.1151344240666643","1167.7744789624544",378276250.210000,153148.279
1227,"06001425103","001",Census Tract 4251.03,119301.000000000000000,22442.000000000000000,"01017",Oakland,Alameda County,Oakland,"0653000",City,City of Oakland,2411292,Berkeley,"Census Tract 4251.03; Alameda County; California","2024","2999","959","808","891","208","0.3197732577525842","0.26942314104701565","0.29709903301100365","0.06935645215071691","0.6802267422474157","126111","775700","1742","415","1327","0.23823191733639495","0.34042730792760273","8809.516540423323",183420456.540000,61160.539
806,"06013354001","013",Census Tract 3540.01,216518.000000000000000,22043.000000000000000,"01017",Oakland,Alameda County,Oakland,"0653000",City,City of Oakland,2411292,,,,,,,,,,,,,,,,,,,,,,131628600.000000,
988,"06001421600","001",Census Tract 4216,218390.000000000000000,20609.000000000000000,"01017",Oakland,Alameda County,Oakland,"0653000",City,City of Oakland,2411292,Berkeley,"Census Tract 4216; Alameda County; California","2024","4008","2735","73","431","283","0.6823852295409182","0.018213572854291416","0.10753493013972056","0.07060878243512975","0.3176147704590818","232344","1387000","1609","1293","316","0.8036047234307023","0.510004763402226","7858.750128651262",381103456.540000,95085.693
979,"06001400300","001",Census Tract 4003,164000.000000000000000,44675.000000000000000,"01017",Oakland,Alameda County,Oakland,"0653000",City,City of Oakland,2411292,Oakland,"Census Tract 4003; Alameda County; California","2024","5990","3486","518","475","571","0.5819699499165275","0.08647746243739567","0.07929883138564274","0.09532554257095159","0.4180300500834725","176618","1751200","2888","1245","1643","0.4310941828254848","0.4293613306080973","13950.953597792477",515591400.000000,86075.359
995,"06001400400","001",Census Tract 4004,158836.000000000000000,9038.000000000000000,"01017",Oakland,Alameda County,Oakland,"0653000",City,City of Oakland,2411292,Berkeley,"Census Tract 4004; Alameda County; California","2024","4399","2711","337","517","509","0.6162764264605592","0.0766083200727438","0.11752671061604911","0.11570811548079109","0.38372357353944075","165134","1586700","1803","910","893","0.50471436494731","0.2788010968024936","15778.273652618771",593558700.000000,134930.371
954,"06001400200","001",Census Tract 4002,225500.000000000000000,29169.000000000000000,"01017",Oakland,Alameda County,Oakland,"0653000",City,City of Oakland,2411292,Berkeley,"Census Tract 4002; Alameda County; California","2024","2203","1428","45","274","202","0.6482069904675443","0.020426690876078075","0.12437585111211984","0.09169314571039491","0.35179300953245574","208438","1927600","879","537","342","0.6109215017064846","0.22321801156813034","9869.27526378221",488475600.000000,221732.002
468,"06001422700","001",Census Tract 4227,42417.000000000000000,42276.000000000000000,"01017",Oakland,Alameda County,Oakland,"0653000",City,City of Oakland,2411292,Berkeley,"Census Tract 4227; Alameda County; California","2024","5154","1747","168","1861","846","0.3389600310438494","0.03259604190919674","0.3610787737679472","0.16414435389988358","0.6610399689561506",NA,"1202700","1002","130","872","0.12974051896207583","0.13026138162911657","39566.60013536933",209542600.000000,40656.306
363,"06001423700","001",Census Tract 4237,108750.000000000000000,25957.000000000000000,"01017",Oakland,Alameda County,Oakland,"0653000",City,City of Oakland,2411292,Berkeley,"Census Tract 4237; Alameda County; California","2024","3381","1930","117","661","436","0.5708370304643596","0.03460514640638864","0.19550428867199054","0.12895593019816623","0.42916296953564037","95833","2000001","1152","500","652","0.4340277777777778","0.27946416707084043","12098.152100991758",307414200.000000,90924.046
364,"06001423800","001",Census Tract 4238,191838.000000000000000,36869.000000000000000,"01017",Oakland,Alameda County,Oakland,"0653000",City,City of Oakland,2411292,Berkeley,"Census Tract 4238; Alameda County; California","2024","3397","2390","0","412","196","0.7035619664409773","0","0.1212834854283191","0.057697968795996465","0.29643803355902265","184871","2000001","1431","1024","407","0.7155835080363382","0.4159563409835084","8166.7224785369535",448765900.000000,132106.535
68,"06001404300","001",Census Tract 4043,227237.000000000000000,58110.000000000000000,"01017",Oakland,Alameda County,Oakland,"0653000",City,City of Oakland,2411292,Berkeley,"Census Tract 4043; Alameda County; California","2024","3600","2585","87","407","219","0.7180555555555556","0.024166666666666666","0.11305555555555556","0.060833333333333336","0.28194444444444444","232386","2000001","1453","1317","136","0.9064005505849966","0.7161583206827863","5026.821438823409",337685000.000000,93801.389
929,"06001400100","001",Census Tract 4001,234236.000000000000000,42845.000000000000000,"01017",Oakland,Alameda County,Oakland,"0653000",City,City of Oakland,2411292,Berkeley,"Census Tract 4001; Alameda County; California","2024","3132","2051","156","544","214","0.6548531289910601","0.04980842911877394","0.17369093231162197","0.06832694763729247","0.3451468710089399","250001","1790500","1337","1256","81","0.9394166043380703","2.6834107245618166","1167.1713060293575",296494200.000000,94666.092
1223,"06001428700","001",Census Tract 4287,117153.000000000000000,53698.000000000000000,"01017",Oakland,Alameda County,Oakland,"0653000",City,City of Oakland,2411292,San Francisco,"Census Tract 4287; Alameda County; California","2024","5600","1293","738","2273","872","0.23089285714285715","0.13178571428571428","0.40589285714285717","0.15571428571428572","0.7691071428571429","191528","1426900","1787","854","933","0.4778959149412423","3.4256445114849763","1634.7288754642163",110004900.000000,19643.732
334,"06001409400","001",Census Tract 4094,66602.000000000000000,32782.000000000000000,"01017",Oakland,Alameda County,Oakland,"0653000",City,City of Oakland,2411292,Oakland,"Census Tract 4094; Alameda County; California","2024","4983","132","826","455","3498","0.026490066225165563","0.16576359622717238","0.09131045554886615","0.7019867549668874","0.9735099337748344","88707","630600","1348","688","660","0.5103857566765578","0.48007947775727733","10379.531371093824",101156400.000000,20300.301
339,"06001410200","001",Census Tract 4102,75106.000000000000000,9797.000000000000000,"01017",Oakland,Alameda County,Oakland,"0653000",City,City of Oakland,2411292,Oakland,"Census Tract 4102; Alameda County; California","2024","3409","325","918","101","1667","0.09533587562334996","0.2692871809914931","0.029627456732179525","0.48899970665884424","0.90466412437665","81075","634800","1110","491","619","0.4423423423423423","0.2267846877948701","15031.879061797541",169567700.000000,49741.185
338,"06001410100","001",Census Tract 4101,84135.000000000000000,17999.000000000000000,"01017",Oakland,Alameda County,Oakland,"0653000",City,City of Oakland,2411292,Oakland,"Census Tract 4101; Alameda County; California","2024","2833","287","1325","371","687","0.1013060360042358","0.4677020825979527","0.13095658312742675","0.24249911754324038","0.8986939639957642","86813","706000","1059","694","365","0.6553352219074599","0.317404943702613","8925.506852389575",154306400.000000,54467.490
335,"06001409500","001",Census Tract 4095,54000.000000000000000,23814.000000000000000,"01017",Oakland,Alameda County,Oakland,"0653000",City,City of Oakland,2411292,Oakland,"Census Tract 4095; Alameda County; California","2024","4548","690","677","39","2995","0.1517150395778364","0.14885664028144238","0.008575197889182058","0.6585312225153914","0.8482849604221636","69583","460500","1085","330","755","0.30414746543778803","0.3250062730239596","13993.576055268075",94719100.000000,20826.539
336,"06001409600","001",Census Tract 4096,54012.000000000000000,8720.000000000000000,"01017",Oakland,Alameda County,Oakland,"0653000",City,City of Oakland,2411292,Oakland,"Census Tract 4096; Alameda County; California","2024","5442","75","1560","0","3700","0.013781697905181918","0.2866593164277839","0","0.6798970966556414","0.9862183020948181","62903","537500","1682","743","939","0.4417360285374554","0.2861980591910022","19014.803997563555",101520000.000000,18654.906
308,"06001408900","001",Census Tract 4089,44077.000000000000000,12213.000000000000000,"01017",Oakland,Alameda County,Oakland,"0653000",City,City of Oakland,2411292,Oakland,"Census Tract 4089; Alameda County; California","2024","3958","120","744","86","3008","0.03031834259727135","0.18797372410308236","0.021728145528044467","0.7599797877716018","0.9696816574027286","48125","473100","1179","363","816","0.30788804071246817","0.3185154313489284","12426.399509868885",108980800.000000,27534.310
337,"06001409700","001",Census Tract 4097,47161.000000000000000,9483.000000000000000,"01017",Oakland,Alameda County,Oakland,"0653000",City,City of Oakland,2411292,Oakland,"Census Tract 4097; Alameda County; California","2024","5543","293","1857","344","2429","0.05285946238499008","0.3350171387335378","0.06206025617896446","0.43821035540321124","0.9471405376150099","37237","583800","1742","550","1192","0.3157290470723307","0.3152948497281838","17580.369627916945",86264200.000000,15562.728
307,"06001408800","001",Census Tract 4088,44100.000000000000000,18518.000000000000000,"01017",Oakland,Alameda County,Oakland,"0653000",City,City of Oakland,2411292,Oakland,"Census Tract 4088; Alameda County; California","2024","7461","640","2329","545","3189","0.08577938614126793","0.3121565473797078","0.07304650851092347","0.4274225975070366","0.9142206138587321","42759","559100","2397","442","1955","0.18439716312056736","0.45716014586520815","16320.320280499356",137757700.000000,18463.705
357,"06001407300","001",Census Tract 4073,77813.000000000000000,19635.000000000000000,"01017",Oakland,Alameda County,Oakland,"0653000",City,City of Oakland,2411292,Oakland,"Census Tract 4073; Alameda County; California","2024","2513","343","176","341","1578","0.13649025069637882","0.0700358137684043","0.13569438917628332","0.6279347393553522","0.8635097493036212","81917","565000","701","297","404","0.42368045649072755","0.997739277651007","2518.6940679697354",249243400.000000,99181.616
304,"06001408500","001",Census Tract 4085,61750.000000000000000,26609.000000000000000,"01017",Oakland,Alameda County,Oakland,"0653000",City,City of Oakland,2411292,Oakland,"Census Tract 4085; Alameda County; California","2024","5263","82","1792","380","2451","0.015580467414022421","0.3404902147064412","0.07220216606498195","0.4657039711191336","0.9844195325859776","57303","611200","1729","713","1016","0.4123770965876229","0.32121231809623224","16384.801277836592",98358000.000000,18688.581
305,"06001408600","001",Census Tract 4086,80114.000000000000000,29019.000000000000000,"01017",Oakland,Alameda County,Oakland,"0653000",City,City of Oakland,2411292,Oakland,"Census Tract 4086; Alameda County; California","2024","5925","563","1870","294","2926","0.0950210970464135","0.31561181434599156","0.04962025316455696","0.4938396624472574","0.9049789029535865","77083","631200","2054","969","1085","0.4717624148003895","0.4104489389702124","14435.4131231656",121569300.000000,20518.025
306,"06001408700","001",Census Tract 4087,45500.000000000000000,24965.000000000000000,"01017",Oakland,Alameda County,Oakland,"0653000",City,City of Oakland,2411292,Oakland,"Census Tract 4087; Alameda County; California","2024","7280","561","2004","536","4052","0.07706043956043956","0.2752747252747253","0.07362637362637363","0.5565934065934066","0.9229395604395605","53116","699900","2757","1033","1724","0.37468262604280017","0.43908886280351367","16579.787411409936",134397900.000000,18461.250
358,"06001407400","001",Census Tract 4074,57961.000000000000000,27516.000000000000000,"01017",Oakland,Alameda County,Oakland,"0653000",City,City of Oakland,2411292,Oakland,"Census Tract 4074; Alameda County; California","2024","4311","243","1795","381","1776","0.05636743215031315","0.4163767107399675","0.0883785664578984","0.41196938065414057","0.9436325678496869","70991","632400","1355","417","938","0.3077490774907749","0.1979218610113767","21781.32308361935",229967300.000000,53344.305
302,"06001408200","001",Census Tract 4082,79821.000000000000000,6291.000000000000000,"01017",Oakland,Alameda County,Oakland,"0653000",City,City of Oakland,2411292,Oakland,"Census Tract 4082; Alameda County; California","2024","4504","824","1960","196","1281","0.18294849023090587","0.4351687388987567","0.043516873889875664","0.28441385435168737","0.8170515097690941","86624","839100","1837","1079","758","0.5873707131192161","0.3490786128802556","12902.537806133103",178320200.000000,39591.519
360,"06001407700","001",Census Tract 4077,116814.000000000000000,9490.000000000000000,"01017",Oakland,Alameda County,Oakland,"0653000",City,City of Oakland,2411292,Oakland,"Census Tract 4077; Alameda County; California","2024","4271","1866","1308","239","482","0.4369000234137204","0.3062514633575275","0.055958791852025284","0.11285413252165769","0.5630999765862796","128011","922200","1755","1290","465","0.7350427350427351","0.3507902535500192","12175.366780511187",140037900.000000,32788.082
355,"06001407200","001",Census Tract 4072,59937.000000000000000,9969.000000000000000,"01017",Oakland,Alameda County,Oakland,"0653000",City,City of Oakland,2411292,Oakland,"Census Tract 4072; Alameda County; California","2024","6672","594","119","568","5093","0.08902877697841727","0.017835731414868106","0.08513189448441247","0.7633393285371702","0.9109712230215827","75993","613200","1927","561","1366","0.2911261027503892","0.27543279657669106","24223.694792069757",290267700.000000,43505.351
359,"06001407600","001",Census Tract 4076,86761.000000000000000,22815.000000000000000,"01017",Oakland,Alameda County,Oakland,"0653000",City,City of Oakland,2411292,Oakland,"Census Tract 4076; Alameda County; California","2024","6771","1867","598","785","2998","0.27573475114458723","0.08831782602274406","0.11593560773888643","0.44277063949195095","0.7242652488554128","75132","839700","2108","1062","1046","0.5037950664136622","0.39573804384588723","17109.803076291646",285509100.000000,42166.460
361,"06001407800","001",Census Tract 4078,113438.000000000000000,23255.000000000000000,"01017",Oakland,Alameda County,Oakland,"0653000",City,City of Oakland,2411292,Oakland,"Census Tract 4078; Alameda County; California","2024","2523","859","499","198","858","0.3404676971858898","0.19778042013476022","0.07847800237812129","0.3400713436385256","0.6595323028141102","105179","897900","751","534","217","0.711051930758988","0.4715216046596399","5350.762245181079",221606600.000000,87834.562
436,"06001428301","001",Census Tract 4283.01,191875.000000000000000,14967.000000000000000,"01017",Oakland,Alameda County,Oakland,"0653000",City,City of Oakland,2411292,Oakland,"Census Tract 4283.01; Alameda County; California","2024","6618","1951","68","2864","1264","0.294802055001511","0.010275007555152614","0.43275914173466307","0.1909942580840133","0.705197944998489","177551","989200","2241","1971","270","0.8795180722891566","1.7585422026748492","3763.3444280914164",22053000.000000,3332.276
477,"06001427100","001",Census Tract 4271,215045.000000000000000,49975.000000000000000,"01017",Oakland,Alameda County,Oakland,"0653000",City,City of Oakland,2411292,Oakland,"Census Tract 4271; Alameda County; California","2024","4036","2365","43","639","584","0.58597621407334","0.010654112983151635","0.1583250743310208","0.14469772051536176","0.41402378592666","233846","1429500","1356","1102","254","0.8126843657817109","0.45523037291695595","8865.8407701110391",104312400.000000,25845.491
478,"06001427200","001",Census Tract 4272,118571.000000000000000,33447.000000000000000,"01017",Oakland,Alameda County,Oakland,"0653000",City,City of Oakland,2411292,Oakland,"Census Tract 4272; Alameda County; California","2024","4138","1620","138","1399","511","0.3914934751087482","0.0333494441759304","0.33808603189946834","0.12348960850652489","0.6085065248912518","110926","1106900","1470","553","917","0.3761904761904762","0.7497125441109668","5519.448797414712",125964600.000000,30440.938
504,"06001427300","001",Census Tract 4273,124432.000000000000000,38561.000000000000000,"01017",Oakland,Alameda County,Oakland,"0653000",City,City of Oakland,2411292,Oakland,"Census Tract 4273; Alameda County; California","2024","5556","1687","833","1745","617","0.30363570914326854","0.14992800575953924","0.3140748740100792","0.11105111591072714","0.6963642908567315","141594","1166500","2144","953","1191","0.44449626865671643","1.0729965639095984","5178.022173487689",110004900.000000,19799.298
615,"06001432200","001",Census Tract 4322,94276.000000000000000,21612.000000000000000,"01017",Oakland,Alameda County,Oakland,"0653000",City,City of Oakland,2411292,Oakland,"Census Tract 4322; Alameda County; California","2024","3904","1076","364","526","1593","0.27561475409836067","0.0932377049180328","0.13473360655737704","0.40804303278688525","0.7243852459016393","85000","994100","1498","721","777","0.48130841121495327","0.3976282634104138","9818.21555267682",110494500.000000,28302.894
616,"06001432300","001",Census Tract 4323,154028.000000000000000,28148.000000000000000,"01017",Oakland,Alameda County,Oakland,"0653000",City,City of Oakland,2411292,Oakland,"Census Tract 4323; Alameda County; California","2024","4700","1023","413","1360","1614","0.2176595744680851","0.08787234042553191","0.28936170212765955","0.3434042553191489","0.7823404255319149","147188","867700","1728","1257","471","0.7274305555555556","0.40058806418943144","11732.750973272754",107204400.000000,22809.447
677,"06001407101","001",Census Tract 4071.01,48281.000000000000000,9470.000000000000000,"01017",Oakland,Alameda County,Oakland,"0653000",City,City of Oakland,2411292,Oakland,"Census Tract 4071.01; Alameda County; California","2024","3545","352","435","767","1657","0.0992947813822285","0.1227080394922426","0.216361071932299","0.4674188998589563","0.9007052186177715","68636","669200","1156","475","681","0.4108996539792388","0.1429870724830906","24792.45108273145",230613300.000000,65053.117
678,"06001407102","001",Census Tract 4071.02,70284.000000000000000,25805.000000000000000,"01017",Oakland,Alameda County,Oakland,"0653000",City,City of Oakland,2411292,Oakland,"Census Tract 4071.02; Alameda County; California","2024","3996","375","746","1057","1636","0.09384384384384384","0.1866866866866867","0.2645145145145145","0.4094094094094094","0.9061561561561562","83125","696800","1327","813","514","0.6126601356443104","0.2549644649063248","15672.772287966287",300164300.000000,75116.191
680,"06001406201","001",Census Tract 4062.01,50417.000000000000000,19883.000000000000000,"01017",Oakland,Alameda County,Oakland,"0653000",City,City of Oakland,2411292,Oakland,"Census Tract 4062.01; Alameda County; California","2024","5344","437","358","970","3283","0.08177395209580839","0.06699101796407185","0.1815119760479042","0.6143338323353293","0.9182260479041916","74635","762300","1506","320","1186","0.21248339973439576","0.15729994202887848","33973.31194832165",189986100.000000,35551.291
681,"06001406202","001",Census Tract 4062.02,55000.000000000000000,11144.000000000000000,"01017",Oakland,Alameda County,Oakland,"0653000",City,City of Oakland,2411292,Oakland,"Census Tract 4062.02; Alameda County; California","2024","5257","446","237","816","3621","0.08483926193646567","0.04508274681377211","0.15522160928286094","0.6887958911926955","0.9151607380635344","68160","783200","1403","170","1233","0.12116892373485388","0.15167122373029762","34660.497032370615",187079900.000000,35586.818
801,"06001406100","001",Census Tract 4061,64879.000000000000000,4993.000000000000000,"01017",Oakland,Alameda County,Oakland,"0653000",City,City of Oakland,2411292,Oakland,"Census Tract 4061; Alameda County; California","2024","5810","752","853","1200","2689","0.12943201376936317","0.14681583476764198","0.20654044750430292","0.4628227194492255","0.8705679862306368","73267","750000","2114","612","1502","0.28949858088930935","0.7474168387696147","7773.440065338006",352925100.000000,60744.423
922,"06001409800","001",Census Tract 4098,106023.000000000000000,27339.000000000000000,"01017",Oakland,Alameda County,Oakland,"0653000",City,City of Oakland,2411292,Oakland,"Census Tract 4098; Alameda County; California","2024","3370","494","1505","226","693","0.14658753709198813","0.4465875370919881","0.06706231454005934","0.2056379821958457","0.8534124629080119","115650","913100","1189","795","394","0.6686291000841043","0.6917118571339844","4871.970843413244",147009300.000000,43622.938
958,"06001410300","001",Census Tract 4103,54698.000000000000000,10666.000000000000000,"01017",Oakland,Alameda County,Oakland,"0653000",City,City of Oakland,2411292,Oakland,"Census Tract 4103; Alameda County; California","2024","4093","32","341","71","3624","0.007818226239921818","0.08331297336916688","0.017346689469826534","0.8854141216711459","0.9921817737600782","61914","617500","1043","402","641","0.3854266538830297","0.2234217110393015","18319.616213484336",89336500.000000,21826.655
983,"06001407500","001",Census Tract 4075,46019.000000000000000,17787.000000000000000,"01017",Oakland,Alameda County,Oakland,"0653000",City,City of Oakland,2411292,Oakland,"Census Tract 4075; Alameda County; California","2024","3458","258","357","475","2204","0.0746096009253904","0.10323886639676114","0.13736263736263737","0.6373626373626373","0.9253903990746096","70588","517100","1136","491","645","0.43221830985915494","0.19049459729515247","18152.745794896073",116989900.000000,33831.666
989,"06001408300","001",Census Tract 4083,129295.000000000000000,33397.000000000000000,"01017",Oakland,Alameda County,Oakland,"0653000",City,City of Oakland,2411292,Oakland,"Census Tract 4083; Alameda County; California","2024","4705","1162","1499","567","1184","0.24697130712008503","0.3185972369819341","0.12051009564293305","0.2516471838469713","0.753028692879915","148950","836500","1855","1407","448","0.7584905660377359","0.5942630646730158","7917.3690570671",177194500.000000,37660.893
311,"06001409300","001",Census Tract 4093,56058.000000000000000,11209.000000000000000,"01017",Oakland,Alameda County,Oakland,"0653000",City,City of Oakland,2411292,Oakland,"Census Tract 4093; Alameda County; California","2024","5832","170","889","287","4184","0.02914951989026063","0.15243484224965706","0.04921124828532236","0.7174211248285323","0.9708504801097394","68859","578100","1705","679","1026","0.39824046920821116","0.41702811182453564","13984.66874207706",133506900.000000,22892.130
171,"06001430102","001",Census Tract 4301.02,177250.000000000000000,15566.000000000000000,"01017",Oakland,Alameda County,Oakland,"0653000",City,City of Oakland,2411292,Oakland,"Census Tract 4301.02; Alameda County; California","2024","2425","1277","13","598","302","0.5265979381443299","0.0053608247422680414","0.2465979381443299","0.1245360824742268","0.47340206185567013","192426","1263100","893","771","122","0.8633818589025756","31.344948152233297","77.36493894398805",57367400.000000,23656.660
303,"06001408400","001",Census Tract 4084,63994.000000000000000,13046.000000000000000,"01017",Oakland,Alameda County,Oakland,"0653000",City,City of Oakland,2411292,Oakland,"Census Tract 4084; Alameda County; California","2024","3965","270","1258","251","2170","0.06809583858764187","0.3172761664564943","0.06330390920554856","0.5472887767969735","0.9319041614123581","76528","648000","1284","574","710","0.4470404984423676","0.2081861287640753","19045.45717593555",94489700.000000,23830.946
340,"06001410400","001",Census Tract 4104,82188.000000000000000,47297.000000000000000,"01017",Oakland,Alameda County,Oakland,"0653000",City,City of Oakland,2411292,Oakland,"Census Tract 4104; Alameda County; California","2024","4131","356","1112","292","2186","0.08617768094892278","0.2691842168966352","0.07068506414911643","0.5291696925683854","0.9138223190510772","108438","653300","1437","840","597","0.5845511482254697","0.27237864808558293","15166.387046249",130631600.000000,31622.271
959,"06001409900","001",Census Tract 4099,176141.000000000000000,52385.000000000000000,"01017",Oakland,Alameda County,Oakland,"0653000",City,City of Oakland,2411292,Oakland,"Census Tract 4099; Alameda County; California","2024","3769","1109","1578","189","482","0.2942425046431414","0.41867869461395596","0.05014592730167153","0.12788538073759617","0.7057574953568586","203385","1082900","1414","1266","148","0.8953323903818954","1.6656928352203717","2262.722105964609",112194600.000000,29767.737
447,"06001432100","001",Census Tract 4321,172278.000000000000000,13824.000000000000000,"01017",Oakland,Alameda County,Oakland,"0653000",City,City of Oakland,2411292,Oakland,"Census Tract 4321; Alameda County; California","2024","3820","1088","957","518","1062","0.2848167539267016","0.25052356020942407","0.1356020942408377","0.2780104712041885","0.7151832460732984","188409","1064000","1278","847","431","0.662754303599374","0.42684431631517916","8949.39877137625",142800900.000000,37382.435
864,"06001410000","001",Census Tract 4100,154648.000000000000000,33542.000000000000000,"01017",Oakland,Alameda County,Oakland,"0653000",City,City of Oakland,2411292,Oakland,"Census Tract 4100; Alameda County; California","2024","3116","967","1155","430","183","0.3103337612323492","0.3706675224646983","0.137997432605905","0.05872913992297818","0.6896662387676509","188203","1131200","1207","1064","143","0.8815244407622204","2.586657400834963","1204.6434904731361",121982800.000000,39147.240
898,"06001402500","001",Census Tract 4025,34250.000000000000000,19615.000000000000000,"01017",Oakland,Alameda County,Oakland,"0653000",City,City of Oakland,2411292,Oakland,"Census Tract 4025; Alameda County; California","2024","1943","528","925","250","104","0.2717447246525991","0.47606793618116316","0.12866700977869275","0.05352547606793618","0.728255275347401","36000","923100","716","102","614","0.1424581005586592","0.14211127256726608","13672.384779189928",196203400.000000,100979.619
885,"06001401500","001",Census Tract 4015,75568.000000000000000,17441.000000000000000,"01017",Oakland,Alameda County,Oakland,"0653000",City,City of Oakland,2411292,Oakland,"Census Tract 4015; Alameda County; California","2024","2739","702","1293","122","434","0.25629791894852133","0.4720700985761227","0.04454180357794816","0.15845198977729097","0.7437020810514787","78598","798500","1233","435","798","0.35279805352798055","0.18064494919340957","15162.339230793874",244549056.540000,89284.066
893,"06001402400","001",Census Tract 4024,31279.000000000000000,9152.000000000000000,"01017",Oakland,Alameda County,Oakland,"0653000",City,City of Oakland,2411292,Oakland,"Census Tract 4024; Alameda County; California","2024","2666","542","1363","291","272","0.20330082520630158","0.5112528132033008","0.109152288072018","0.10202550637659415","0.7966991747936985","40741","686600","1252","376","876","0.3003194888178914","0.1301848248446684","20478.57730869147",201436200.000000,75557.464
899,"06001402600","001",Census Tract 4026,45560.000000000000000,4926.000000000000000,"01017",Oakland,Alameda County,Oakland,"0653000",City,City of Oakland,2411292,Oakland,"Census Tract 4026; Alameda County; California","2024","1192","219","393","472","14","0.1837248322147651","0.3296979865771812","0.3959731543624161","0.01174496644295302","0.8162751677852349","47940","518900","635","181","454","0.28503937007874014","0.12344319987043767","9656.262971561722",234132700.000000,196420.050
900,"06001402700","001",Census Tract 4027,115750.000000000000000,46013.000000000000000,"01017",Oakland,Alameda County,Oakland,"0653000",City,City of Oakland,2411292,Oakland,"Census Tract 4027; Alameda County; California","2024","1637","421","684","152","208","0.25717776420281","0.41783750763591937","0.09285277947464875","0.12706169822846672","0.74282223579719","88958","919400","744","166","578","0.22311827956989247","0.14913481453903105","10976.645560997227",273211900.000000,166897.923
51,"06001402802","001",Census Tract 4028.02,,,"01017",Oakland,Alameda County,Oakland,"0653000",City,City of Oakland,2411292,Oakland,"Census Tract 4028.02; Alameda County; California","2024","1602","396","655","325","127","0.24719101123595505","0.40886392009987516","0.20287141073657927","0.07927590511860175","0.752808988764045","19981","785700","935","36","899","0.038502673796791446","0.04654950171991514","34414.97633291788",283014400.000000,176663.171
47,"06001403302","001",Census Tract 4033.02,148235.000000000000000,28657.000000000000000,"01017",Oakland,Alameda County,Oakland,"0653000",City,City of Oakland,2411292,Oakland,"Census Tract 4033.02; Alameda County; California","2024","2819","995","121","691","310","0.3529620432777581","0.04292302234835048","0.24512238382405108","0.10996807378503015","0.647037956722242","144813","647100","1726","402","1324","0.23290845886442643","0.3196644848926302","8818.621189485137",277773000.000000,98536.006
50,"06001402801","001",Census Tract 4028.01,74931.000000000000000,55222.000000000000000,"01017",Oakland,Alameda County,Oakland,"0653000",City,City of Oakland,2411292,Oakland,"Census Tract 4028.01; Alameda County; California","2024","2891","643","1227","617","252","0.2224143894846074","0.42442061570390865","0.21342096160498097","0.08716707021791767","0.7775856105153927","50469","847000","1647","175","1472","0.10625379477838494","0.11146382555584693","25936.665869695247",330940900.000000,114472.812
53,"06001403301","001",Census Tract 4033.01,34417.000000000000000,16976.000000000000000,"01017",Oakland,Alameda County,Oakland,"0653000",City,City of Oakland,2411292,Oakland,"Census Tract 4033.01; Alameda County; California","2024","1900","106","112","1372","34","0.05578947368421053","0.05894736842105263","0.7221052631578947","0.017894736842105262","0.9442105263157895","40720","583300","867","170","697","0.19607843137254902","0.07588358262686137","25038.353939386034",284391400.000000,149679.684
46,"06001403402","001",Census Tract 4034.02,89021.000000000000000,15101.000000000000000,"01017",Oakland,Alameda County,Oakland,"0653000",City,City of Oakland,2411292,Oakland,"Census Tract 4034.02; Alameda County; California","2024","998","339","291","76","238","0.3396793587174349","0.29158316633266534","0.07615230460921844","0.23847695390781562","0.6603206412825651","103362",NA,"760","0","760","0","0.03831662255672875","26046.136987215803",211807200.000000,212231.663
901,"06001403000","001",Census Tract 4030,32077.000000000000000,14958.000000000000000,"01017",Oakland,Alameda County,Oakland,"0653000",City,City of Oakland,2411292,Oakland,"Census Tract 4030; Alameda County; California","2024","3387","433","320","2178","145","0.12784174785946265","0.094478889873044","0.6430469441984057","0.04281074697372306","0.8721582521405373","58794","573000","2034","353","1681","0.1735496558505408","0.1362820156848716","24852.87572963293",269841900.000000,79669.885
903,"06001403100","001",Census Tract 4031,136071.000000000000000,12013.000000000000000,"01017",Oakland,Alameda County,Oakland,"0653000",City,City of Oakland,2411292,Oakland,"Census Tract 4031; Alameda County; California","2024","2251","680","514","733","283","0.3020879609062639","0.22834295868502888","0.3256330519768992","0.1257219013771657","0.6979120390937361","139375","666700","1224","390","834","0.31862745098039214","0.13300156088712334","16924.61340292385",266100300.000000,118214.260
926,"06001400600","001",Census Tract 4006,155893.000000000000000,33824.000000000000000,"01017",Oakland,Alameda County,Oakland,"0653000",City,City of Oakland,2411292,Oakland,"Census Tract 4006; Alameda County; California","2024","2052","969","443","138","211","0.4722222222222222","0.2158869395711501","0.06725146198830409","0.10282651072124756","0.5277777777777778","139238","1189600","835","357","478","0.4275449101796407","0.1146898074216105","17891.738125051124",357752300.000000,174343.226
950,"06001400900","001",Census Tract 4009,114583.000000000000000,31849.000000000000000,"01017",Oakland,Alameda County,Oakland,"0653000",City,City of Oakland,2411292,Oakland,"Census Tract 4009; Alameda County; California","2024","2855","962","863","303","420","0.3369527145359019","0.302276707530648","0.10612959719789843","0.14711033274956217","0.6630472854640981","115673","1129200","1167","527","640","0.45158526135389887","0.1629443065368387","17521.324068813276",214646556.540000,75182.682
996,"06001401000","001",Census Tract 4010,153654.000000000000000,31601.000000000000000,"01017",Oakland,Alameda County,Oakland,"0653000",City,City of Oakland,2411292,Oakland,"Census Tract 4010; Alameda County; California","2024","6361","1692","2462","377","853","0.2659959125923597","0.38704606193994656","0.05926741078446785","0.13409841219933974","0.7340040874076403","136728","927800","2461","893","1568","0.36286062576188544","0.4431407635611191","14354.355372054764",410294456.540000,64501.565
1002,"06001401400","001",Census Tract 4014,95011.000000000000000,13183.000000000000000,"01017",Oakland,Alameda County,Oakland,"0653000",City,City of Oakland,2411292,Oakland,"Census Tract 4014; Alameda County; California","2024","4214","1178","1310","486","1027","0.27954437588989084","0.31086853345989557","0.11532985287138112","0.24371143806359752","0.7204556241101092","70208","889700","1739","427","1312","0.24554341575618172","0.2899186180311194","14535.113434997389",391488156.540000,92901.793
1014,"06001401100","001",Census Tract 4011,93121.000000000000000,8351.000000000000000,"01017",Oakland,Alameda County,Oakland,"0653000",City,City of Oakland,2411292,Oakland,"Census Tract 4011; Alameda County; California","2024","5722","2053","1515","793","740","0.358790632645928","0.264767563788885","0.1385879063264593","0.129325410695561","0.641209367354072","96599","1157100","2885","463","2422","0.16048526863084922","0.3360129896737261","17029.10356399064",461337628.270000,80625.241
1018,"06001401300","001",Census Tract 4013,104226.000000000000000,12036.000000000000000,"01017",Oakland,Alameda County,Oakland,"0653000",City,City of Oakland,2411292,Oakland,"Census Tract 4013; Alameda County; California","2024","4778","1494","1362","915","654","0.312683131017162","0.2850565089995814","0.19150272080368355","0.13687735454164923","0.687316868982838","106938","639100","2644","229","2415","0.08661119515885023","0.3342541265322852","14294.513128586608",514016828.270000,107579.914
1022,"06001402900","001",Census Tract 4029,37973.000000000000000,26861.000000000000000,"01017",Oakland,Alameda County,Oakland,"0653000",City,City of Oakland,2411292,Oakland,"Census Tract 4029; Alameda County; California","2024","2431","629","603","692","224","0.25874125874125875","0.24804607157548333","0.2846565199506376","0.09214315096668038","0.7412587412587412","66050",NA,"1715","12","1703","0.006997084548104956","0.1608196116173489","15116.31557589055",302305800.000000,124354.504
1210,"06001983200","001",Census Tract 9832,176103.000000000000000,11908.000000000000000,"01017",Oakland,Alameda County,Oakland,"0653000",City,City of Oakland,2411292,Oakland,"Census Tract 9832; Alameda County; California","2024","1220","410","339","231","90","0.3360655737704918","0.2778688524590164","0.18934426229508197","0.07377049180327869","0.6639344262295082","196688","898900","668","352","316","0.5269461077844312","0.25207266564213715","4839.874235836468",284210700.000000,232959.590
75,"06001982000","001",Census Tract 9820,129167.000000000000000,64258.000000000000000,"01017",Oakland,Alameda County,Oakland,"0653000",City,City of Oakland,2411292,Oakland,"Census Tract 9820; Alameda County; California","2024","54","27","0","27","0","0.5","0","0.5","0","0.5","137750","1056300","37","31","6","0.8378378378378378","0.6728384280804207","80.25700932995116",207395700.000000,3840661.111
896,"06001402200","001",Census Tract 4022,96200.000000000000000,30965.000000000000000,"01017",Oakland,Alameda County,Oakland,"0653000",City,City of Oakland,2411292,Oakland,"Census Tract 4022; Alameda County; California","2024","2775","632","1269","169","588","0.22774774774774775","0.4572972972972973","0.0609009009009009","0.2118918918918919","0.7722522522522522","125351","676400","1050","344","706","0.32761904761904764","0.27111255966440045","10235.60104863848",179613928.270000,64725.740
992,"06001401800","001",Census Tract 4018,72401.000000000000000,16109.000000000000000,"01017",Oakland,Alameda County,Oakland,"0653000",City,City of Oakland,2411292,Oakland,"Census Tract 4018; Alameda County; California","2024","1792","448","533","78","609","0.25","0.2974330357142857","0.04352678571428571","0.33984375","0.75","68299","1008700","737","214","523","0.2903663500678426","0.11561294283833873","15499.99468922566",111638600.000000,62298.326
1184,"06001401700","001",Census Tract 4017,145833.000000000000000,23719.000000000000000,"01017",Oakland,Alameda County,Oakland,"0653000",City,City of Oakland,2411292,Oakland,"Census Tract 4017; Alameda County; California","2024","3626","1366","596","566","727","0.37672366243794814","0.1643684500827358","0.15609487038058467","0.20049641478212907","0.6232763375620518","148387","757500","1574","713","861","0.45298602287166456","2.397820282461379","1512.206743150027",284368356.540000,78424.809
1214,"06001410500","001",Census Tract 4105,46031.000000000000000,11540.000000000000000,"01017",Oakland,Alameda County,Oakland,"0653000",City,City of Oakland,2411292,Oakland,"Census Tract 4105; Alameda County; California","2024","2750","362","1680","251","120","0.13163636363636363","0.610909090909091","0.09127272727272727","0.04363636363636364","0.8683636363636363","58991","1482100","1077","77","1000","0.07149489322191271","0.27656195736055456","9943.522334906018",198825128.270000,72300.047
1222,"06001981900","001",Census Tract 9819,,,"01017",Oakland,Alameda County,Oakland,"0653000",City,City of Oakland,2411292,Oakland,"Census Tract 9819; Alameda County; California","2024","33","5","24","0","0","0.15151515151515152","0.7272727272727273","0","0","0.8484848484848485",NA,NA,"29","0","29","0","1.82173801330563","18.114569580792757",144605600.000000,4381987.879
67,"06001432400","001",Census Tract 4324,82424.000000000000000,27334.000000000000000,"01017",Oakland,Alameda County,Oakland,"0653000",City,City of Oakland,2411292,Oakland,"Census Tract 4324; Alameda County; California","2024","5818","950","235","1514","2879","0.16328635269852182","0.04039188724647645","0.26022688209006534","0.49484358886215196","0.8367136473014782","100000","698800","1746","836","910","0.47880870561282934","2.7616692448135574","2106.696886647908",58048800.000000,9977.449
456,"06001430400","001",Census Tract 4304,206750.000000000000000,34262.000000000000000,"01017",Oakland,Alameda County,Oakland,"0653000",City,City of Oakland,2411292,Oakland,"Census Tract 4304; Alameda County; California","2024","2160","761","64","986","220","0.3523148148148148","0.02962962962962963","0.4564814814814815","0.10185185185185185","0.6476851851851853","193958","1165100","707","646","61","0.9137199434229137","1.1215069615150006","1925.9800198494881",,
310,"06001409200","001",Census Tract 4092,73621.000000000000000,9788.000000000000000,"01017",Oakland,Alameda County,Oakland,"0653000",City,City of Oakland,2411292,Oakland,"Census Tract 4092; Alameda County; California","2024","3785","100","999","150","2340","0.026420079260237782","0.2639365918097754","0.03963011889035667","0.618229854689564","0.9735799207397622","85769","607100","1046","600","446","0.5736137667304015","0.2750166313373732","13762.804022411281",70921300.000000,18737.464
309,"06001409100","001",Census Tract 4091,72204.000000000000000,13022.000000000000000,"01017",Oakland,Alameda County,Oakland,"0653000",City,City of Oakland,2411292,Oakland,"Census Tract 4091; Alameda County; California","2024","2455","211","441","129","1632","0.0859470468431772","0.17963340122199592","0.05254582484725051","0.664765784114053","0.9140529531568228","85707","567500","683","433","250","0.6339677891654466","0.18626666698537866","13180.028610232821",65382300.000000,26632.301
619,"06001432502","001",Census Tract 4325.02,97412.000000000000000,19363.000000000000000,"01017",Oakland,Alameda County,Oakland,"0653000",City,City of Oakland,2411292,Oakland,"Census Tract 4325.02; Alameda County; California","2024","5104","456","619","2314","1599","0.08934169278996865","0.12127742946708464","0.4533699059561129","0.3132836990595611","0.9106583072100314","104089","767600","1416","594","822","0.4194915254237288","0.3184174245588032","16029.27354579312",54506400.000000,10679.154
877,"06001432800","001",Census Tract 4328,135313.000000000000000,27831.000000000000000,"01017",Oakland,Alameda County,Oakland,"0653000",City,City of Oakland,2411292,Oakland,"Census Tract 4328; Alameda County; California","2024","3930","1317","352","1222","629","0.3351145038167939","0.08956743002544529","0.310941475826972","0.16005089058524172","0.664885496183206","134211","1118400","1474","1222","252","0.8290366350067843","1.488062301371277","2641.018454925195",49416000.000000,12574.046
45,"06001403401","001",Census Tract 4034.01,69984.000000000000000,15753.000000000000000,"01017",Oakland,Alameda County,Oakland,"0653000",City,City of Oakland,2411292,Oakland,"Census Tract 4034.01; Alameda County; California","2024","2724","1188","443","611","208","0.43612334801762115","0.16262848751835535","0.22430249632892804","0.0763582966226138","0.5638766519823788","70472","949000","1969","360","1609","0.1828339258506856","0.4409519069066329","6177.544438143862",369241800.000000,135551.322
1017,"06001401200","001",Census Tract 4012,115045.000000000000000,41439.000000000000000,"01017",Oakland,Alameda County,Oakland,"0653000",City,City of Oakland,2411292,Oakland,"Census Tract 4012; Alameda County; California","2024","3073","1814","136","476","366","0.5903026358607224","0.044256426944354055","0.1548974943052392","0.11910185486495281","0.4096973641392776","123750","1301600","1578","649","929","0.4112801013941698","0.2566051378766553","11975.598093741703",438572200.000000,142717.930
162,"06001403502","001",Census Tract 4035.02,108478.000000000000000,38557.000000000000000,"01017",Oakland,Alameda County,Oakland,"0653000",City,City of Oakland,2411292,Oakland,"Census Tract 4035.02; Alameda County; California","2024","2052","922","406","215","298","0.449317738791423","0.19785575048732942","0.10477582846003898","0.145224171539961","0.550682261208577","115000","769000","1180","119","1061","0.10084745762711865","0.06574530413075166","31211.354592246822",344694400.000000,167979.727
654,"06001405302","001",Census Tract 4053.02,63709.000000000000000,10356.000000000000000,"01017",Oakland,Alameda County,Oakland,"0653000",City,City of Oakland,2411292,Oakland,"Census Tract 4053.02; Alameda County; California","2024","2501","812","428","729","286","0.3246701319472211","0.17113154738104758","0.29148340663734507","0.11435425829668133","0.6753298680527788","61806","739600","1558","62","1496","0.03979460847240052","0.07859450788164303","31821.561931099608",177196700.000000,70850.340
920,"06001403600","001",Census Tract 4036,99925.000000000000000,11672.000000000000000,"01017",Oakland,Alameda County,Oakland,"0653000",City,City of Oakland,2411292,Oakland,"Census Tract 4036; Alameda County; California","2024","4839","1762","992","480","853","0.364124819177516","0.20500103327133706","0.09919404835709858","0.17627609010126058","0.6358751808224841","103459","896400","2842","440","2402","0.15482054890921887","0.15328623787805395","31568.391702910998",333286600.000000,68875.098
910,"06001404000","001",Census Tract 4040,98214.000000000000000,30785.000000000000000,"01017",Oakland,Alameda County,Oakland,"0653000",City,City of Oakland,2411292,Oakland,"Census Tract 4040; Alameda County; California","2024","2847","1433","545","254","421","0.5033368458025992","0.19142957499121882","0.08921671935370566","0.14787495609413417","0.4966631541974008","92500","866700","1734","471","1263","0.27162629757785467","0.14557297601478614","19557.20132911774",361293600.000000,126903.267
168,"06001403702","001",Census Tract 4037.02,115156.000000000000000,24746.000000000000000,"01017",Oakland,Alameda County,Oakland,"0653000",City,City of Oakland,2411292,Oakland,"Census Tract 4037.02; Alameda County; California","2024","2198","1189","243","219","309","0.5409463148316651","0.1105550500454959","0.09963603275705187","0.14058234758871702","0.4590536851683349","117470","897100","1259","230","1029","0.18268467037331215","0.0780184470001004","28172.82430650243",316544200.000000,144014.650
653,"06001404101","001",Census Tract 4041.01,128711.000000000000000,23998.000000000000000,"01017",Oakland,Alameda County,Oakland,"0653000",City,City of Oakland,2411292,Oakland,"Census Tract 4041.01; Alameda County; California","2024","3267","2180","238","269","305","0.667278849097031","0.07284970921334558","0.08233853688399143","0.0933578206305479","0.33272115090296905","125729","1158400","1768","667","1101","0.377262443438914","0.22480521730270298","14532.580868000694",304424900.000000,93181.788
74,"06001405301","001",Census Tract 4053.01,112656.000000000000000,34438.000000000000000,"01017",Oakland,Alameda County,Oakland,"0653000",City,City of Oakland,2411292,Oakland,"Census Tract 4053.01; Alameda County; California","2024","2979","1215","796","363","278","0.4078549848942598","0.26720375965088955","0.12185297079556898","0.09331990600872776","0.5921450151057401","110913","815800","1542","104","1438","0.06744487678339818","0.08985222112572316","33154.43917442752",163997400.000000,55051.158
669,"06001405401","001",Census Tract 4054.01,70231.000000000000000,13508.000000000000000,"01017",Oakland,Alameda County,Oakland,"0653000",City,City of Oakland,2411292,Oakland,"Census Tract 4054.01; Alameda County; California","2024","3796","626","545","1315","920","0.16491043203371972","0.14357218124341412","0.3464172813487882","0.24236037934668073","0.8350895679662803","76071","665200","1598","171","1427","0.10700876095118898","0.12272906986269812","30929.917453515583",168602500.000000,44415.832
909,"06001403900","001",Census Tract 4039,126075.000000000000000,35815.000000000000000,"01017",Oakland,Alameda County,Oakland,"0653000",City,City of Oakland,2411292,Oakland,"Census Tract 4039; Alameda County; California","2024","3767","2351","272","459","523","0.6241040615874701","0.07220599946907354","0.1218476241040616","0.13883727103796123","0.3758959384125299","107219","573300","2259","756","1503","0.3346613545816733","0.1907802883307748","19745.2264747015",352457000.000000,93564.375
1224,"06001403701","001",Census Tract 4037.01,84063.000000000000000,16264.000000000000000,"01017",Oakland,Alameda County,Oakland,"0653000",City,City of Oakland,2411292,Oakland,"Census Tract 4037.01; Alameda County; California","2024","2602","1183","451","518","235","0.4546502690238278","0.1733282090699462","0.19907763259031513","0.090315142198309","0.5453497309761721","94366","686000","1636","234","1402","0.1430317848410758","0.06540672538884588","39781.84176827374",250078100.000000,96109.954
1225,"06001404102","001",Census Tract 4041.02,98472.000000000000000,20083.000000000000000,"01017",Oakland,Alameda County,Oakland,"0653000",City,City of Oakland,2411292,Oakland,"Census Tract 4041.02; Alameda County; California","2024","2546","1437","107","291","427","0.5644147682639434","0.0420267085624509","0.11429693637077769","0.16771406127258445","0.43558523173605657","110920","644100","1567","336","1231","0.21442246330567966","0.08355433575242059","30471.189520841133",262734200.000000,103194.894
976,"06001404200","001",Census Tract 4042,247619.000000000000000,38018.000000000000000,"01017",Oakland,Alameda County,Oakland,"0653000",City,City of Oakland,2411292,Oakland,"Census Tract 4042; Alameda County; California","2024","3661","2456","191","314","303","0.670854957661841","0.05217153783119366","0.08576891559683146","0.08276427205681508","0.329145042338159","250001","1761900","1448","1240","208","0.856353591160221","1.0442593884498974","3505.8339340711145",343523900.000000,93833.352
663,"06001405200","001",Census Tract 4052,105222.000000000000000,17818.000000000000000,"01017",Oakland,Alameda County,Oakland,"0653000",City,City of Oakland,2411292,Oakland,"Census Tract 4052; Alameda County; California","2024","5254","1549","593","1738","664","0.2948229920060906","0.11286638751427484","0.3307955843167111","0.12637990102778834","0.7051770079939095","131563","1106400","2367","568","1799","0.23996620194338825","0.32907832113264174","15965.804073378227",305298900.000000,58107.899
476,"06001426200","001",Census Tract 4262,250001.000000000000000,,"01017",Oakland,Alameda County,Oakland,"0653000",City,City of Oakland,2411292,Oakland,"Census Tract 4262; Alameda County; California","2024","4843","3121","54","922","264","0.644435267396242","0.011150113565971505","0.1903778649597357","0.05451166632252736","0.355564732603758","250001","2000001","1692","1418","274","0.8380614657210402","0.5260267588877612","9206.75596473478",270120100.000000,55775.367
664,"06001405500","001",Census Tract 4055,82222.000000000000000,20399.000000000000000,"01017",Oakland,Alameda County,Oakland,"0653000",City,City of Oakland,2411292,Oakland,"Census Tract 4055; Alameda County; California","2024","3674","818","848","1246","561","0.22264561785519868","0.23081110506260208","0.3391399020141535","0.15269461077844312","0.7773543821448013","92837","869700","1657","538","1119","0.3246831623415812","0.1574941343118264","23327.852913720326",205852600.000000,56029.559
908,"06001403800","001",Census Tract 4038,154524.000000000000000,14436.000000000000000,"01017",Oakland,Alameda County,Oakland,"0653000",City,City of Oakland,2411292,Oakland,"Census Tract 4038; Alameda County; California","2024","4056","2475","353","490","360","0.610207100591716","0.08703155818540434","0.1208086785009862","0.08875739644970414","0.389792899408284","159917","1515600","1941","759","1182","0.3910355486862442","0.24728456901798967","16402.155686895814",326647600.000000,80534.418
949,"06001405000","001",Census Tract 4050,152857.000000000000000,46578.000000000000000,"01017",Oakland,Alameda County,Oakland,"0653000",City,City of Oakland,2411292,Oakland,"Census Tract 4050; Alameda County; California","2024","3566","1970","313","436","462","0.5524397083567022","0.08777341559169938","0.12226584408300617","0.12955692652832304","0.4475602916432978","136406","1404000","1581","1047","534","0.6622390891840607","0.3108658745714607","11471.18513704939",300833400.000000,84361.582
667,"06001405100","001",Census Tract 4051,250001.000000000000000,,"01017",Oakland,Alameda County,Oakland,"0653000",City,City of Oakland,2411292,Oakland,"Census Tract 4051; Alameda County; California","2024","4476","2966","181","551","311","0.662645218945487","0.040437890974084005","0.12310098302055407","0.0694816800714924","0.337354781054513","250001","1900100","1708","1597","111","0.9350117096018735","0.4864791676020199","9200.805087016053",288877800.000000,64539.276
655,"06001405600","001",Census Tract 4056,80669.000000000000000,18556.000000000000000,"01017",Oakland,Alameda County,Oakland,"0653000",City,City of Oakland,2411292,Oakland,"Census Tract 4056; Alameda County; California","2024","3277","864","358","1086","767","0.26365578272810497","0.10924626182483979","0.3314006713457431","0.23405553860238024","0.736344217271895","95455","890900","1504","471","1033","0.31316489361702127","0.1659465578861851","19747.32131682743",226832500.000000,69219.561
658,"06001405800","001",Census Tract 4058,67222.000000000000000,10099.000000000000000,"01017",Oakland,Alameda County,Oakland,"0653000",City,City of Oakland,2411292,Oakland,"Census Tract 4058; Alameda County; California","2024","4590","479","820","2250","829","0.10435729847494553","0.1786492374727669","0.49019607843137253","0.18061002178649238","0.8956427015250544","68378","790500","1378","603","775","0.4375907111756168","0.20073287017747085","22866.210182427592",188208800.000000,41004.096
928,"06001426100","001",Census Tract 4261,250001.000000000000000,,"01017",Oakland,Alameda County,Oakland,"0653000",City,City of Oakland,2411292,Oakland,"Census Tract 4261; Alameda County; California","2024","6102","4225","31","1269","151","0.6923959357587676","0.0050803015404785315","0.2079646017699115","0.024745984922976073","0.30760406424123243","250001","2000001","2172","2094","78","0.9640883977900553","1.1823133265741559","5161.06844340579",218579200.000000,35820.911
657,"06001405700","001",Census Tract 4057,74547.000000000000000,16003.000000000000000,"01017",Oakland,Alameda County,Oakland,"0653000",City,City of Oakland,2411292,Oakland,"Census Tract 4057; Alameda County; California","2024","3927","487","846","885","1472","0.12401324166030048","0.21543162719633308","0.22536287242169595","0.37484084542908075","0.8759867583396995","89500","845300","1472","479","993","0.32540760869565216","0.21217306321433685","18508.47577212453",237040500.000000,60361.727
1008,"06001404400","001",Census Tract 4044,184737.000000000000000,48773.000000000000000,"01017",Oakland,Alameda County,Oakland,"0653000",City,City of Oakland,2411292,Oakland,"Census Tract 4044; Alameda County; California","2024","5567","2958","74","1294","167","0.53134542841746","0.013292617208550387","0.23244117118735405","0.029998203700377223","0.46865457158254","231597","1412800","2407","2146","261","0.891566265060241","1.6143318826511976","3448.485444552692",248791200.000000,44690.354
668,"06001404900","001",Census Tract 4049,151860.000000000000000,35377.000000000000000,"01017",Oakland,Alameda County,Oakland,"0653000",City,City of Oakland,2411292,Oakland,"Census Tract 4049; Alameda County; California","2024","4929","2384","188","823","768","0.48366808683302903","0.03814161087441672","0.16697098803002638","0.15581253804017042","0.516331913166971","132849","1219900","2113","1271","842","0.6015144344533838","0.3927331613277191","12550.506260628597",285404200.000000,57903.064
682,"06001406300","001",Census Tract 4063,62837.000000000000000,24190.000000000000000,"01017",Oakland,Alameda County,Oakland,"0653000",City,City of Oakland,2411292,Oakland,"Census Tract 4063; Alameda County; California","2024","4378","411","638","1024","1715","0.0938784833257195","0.1457286432160804","0.23389675650982183","0.39173138419369574","0.9061215166742805","68399","747300","1441","603","838","0.41845940319222763","0.18791484452446053","23297.78688362283",212862200.000000,48620.877
656,"06001406400","001",Census Tract 4064,72955.000000000000000,34494.000000000000000,"01017",Oakland,Alameda County,Oakland,"0653000",City,City of Oakland,2411292,Oakland,"Census Tract 4064; Alameda County; California","2024","2370","743","308","409","746","0.3135021097046414","0.12995780590717299","0.17257383966244727","0.31476793248945145","0.6864978902953587","80104","810900","772","394","378","0.5103626943005182","0.21847426868473507","10847.959415394502",275398900.000000,116202.068
907,"06001404501","001",Census Tract 4045.01,232112.000000000000000,54641.000000000000000,"01017",Oakland,Alameda County,Oakland,"0653000",City,City of Oakland,2411292,Oakland,"Census Tract 4045.01; Alameda County; California","2024","1794","1098","67","213","158","0.6120401337792643","0.037346711259754736","0.11872909698996656","0.08807134894091416","0.38795986622073575","250001","2000001","702","585","117","0.8333333333333334","0.42632518264408653","4208.055430536703",300904100.000000,167728.038
676,"06001406602","001",Census Tract 4066.02,58869.000000000000000,21718.000000000000000,"01017",Oakland,Alameda County,Oakland,"0653000",City,City of Oakland,2411292,Oakland,"Census Tract 4066.02; Alameda County; California","2024","2837","413","563","474","1066","0.1455763130066972","0.19844906591469863","0.16707789918928445","0.3757490306661967","0.8544236869933028","74551","877700","980","280","700","0.2857142857142857","0.16138846239468738","17578.70394143732",248383500.000000,87551.463
662,"06001404800","001",Census Tract 4048,114083.000000000000000,51184.000000000000000,"01017",Oakland,Alameda County,Oakland,"0653000",City,City of Oakland,2411292,Oakland,"Census Tract 4048; Alameda County; California","2024","2755","1512","245","384","323","0.5488203266787659","0.08892921960072596","0.13938294010889293","0.11724137931034483","0.4511796733212341","101607","1218800","1184","731","453","0.6173986486486487","0.23799008142409495","11576.11268299299",244827800.000000,88866.715
936,"06001404502","001",Census Tract 4045.02,227361.000000000000000,30663.000000000000000,"01017",Oakland,Alameda County,Oakland,"0653000",City,City of Oakland,2411292,Oakland,"Census Tract 4045.02; Alameda County; California","2024","6286","3830","326","1213","335","0.6092904867960547","0.05186127903277124","0.1929685014317531","0.05329303213490296","0.3907095132039453","250001","1420300","2590","2487","103","0.9602316602316602","1.1973172763772286","5250.07040658413",273877300.000000,43569.408
661,"06001404700","001",Census Tract 4047,250001.000000000000000,,"01017",Oakland,Alameda County,Oakland,"0653000",City,City of Oakland,2411292,Oakland,"Census Tract 4047; Alameda County; California","2024","2211","1414","70","300","225","0.6395296246042514","0.031659882406151064","0.13568521031207598","0.10176390773405698","0.36047037539574855","250001","1571600","857","808","49","0.9428238039673279","0.46107316147809324","4795.334417019739",233401100.000000,105563.591
1010,"06001406700","001",Census Tract 4067,143887.000000000000000,21641.000000000000000,"01017",Oakland,Alameda County,Oakland,"0653000",City,City of Oakland,2411292,Oakland,"Census Tract 4067; Alameda County; California","2024","5778","2537","540","1044","1126","0.43907926618206994","0.09345794392523364","0.1806853582554517","0.19487712011076497","0.5609207338179301","134087","1175900","2186","1449","737","0.6628545288197621","0.6637536953966978","8705.036280885384",284086700.000000,49166.961
297,"06013353001","013",Census Tract 3530.01,250001.000000000000000,,"01017",Oakland,Alameda County,Oakland,"0653000",City,City of Oakland,2411292,,,,,,,,,,,,,,,,,,,,,,99710200.000000,
354,"06001407000","001",Census Tract 4070,89755.000000000000000,23660.000000000000000,"01017",Oakland,Alameda County,Oakland,"0653000",City,City of Oakland,2411292,Oakland,"Census Tract 4070; Alameda County; California","2024","6290","978","819","1632","2538","0.15548489666136725","0.1302066772655008","0.2594594594594595","0.40349761526232114","0.8445151033386328","70956","720900","2195","1165","1030","0.530751708428246","0.3326802939108602","18907.041129659967",238522600.000000,37920.922
1009,"06001404600","001",Census Tract 4046,222617.000000000000000,36712.000000000000000,"01017",Oakland,Alameda County,Oakland,"0653000",City,City of Oakland,2411292,Oakland,"Census Tract 4046; Alameda County; California","2024","4697","2699","412","590","224","0.5746220992122631","0.08771556312539919","0.12561209282520758","0.04769001490312966","0.42537790078773685","233194","1315700","1885","1678","207","0.890185676392573","1.89070476416626","2484.2588271951736",243100500.000000,51756.547
938,"06001406800","001",Census Tract 4068,131161.000000000000000,33849.000000000000000,"01017",Oakland,Alameda County,Oakland,"0653000",City,City of Oakland,2411292,Oakland,"Census Tract 4068; Alameda County; California","2024","3747","1288","806","536","672","0.3437416599946624","0.2151054176674673","0.1430477715505738","0.17934347477982385","0.6562583400053377","127966","1044000","1439","1024","415","0.7116052814454482","0.34740068288946735","10785.816449279073",287809200.000000,76810.568
65,"06001408000","001",Census Tract 4080,192159.000000000000000,29195.000000000000000,"01017",Oakland,Alameda County,Oakland,"0653000",City,City of Oakland,2411292,Oakland,"Census Tract 4080; Alameda County; California","2024","2758","1673","175","551","286","0.6065989847715736","0.06345177664974619","0.1997824510514866","0.10369833212472807","0.3934010152284264","216989","1298200","1005","864","141","0.8597014925373134","0.7493601151589151","3680.4734388820752",216453100.000000,78481.907
870,"06001407900","001",Census Tract 4079,124523.000000000000000,40242.000000000000000,"01017",Oakland,Alameda County,Oakland,"0653000",City,City of Oakland,2411292,Oakland,"Census Tract 4079; Alameda County; California","2024","3047","1191","481","400","510","0.39087627174269773","0.15786019035116508","0.13127666557269446","0.16737774860518542","0.6091237282573023","89987","1108800","1277","935","342","0.7321848081440877","0.41992935442798324","7255.982388157988",274336100.000000,90034.821
327,"06013352202","013",Census Tract 3522.02,169591.000000000000000,22885.000000000000000,"01017",Oakland,Alameda County,Oakland,"0653000",City,City of Oakland,2411292,,,,,,,,,,,,,,,,,,,,,,44310000.000000,
1213,"06001405902","001",Census Tract 4059.02,69097.000000000000000,13382.000000000000000,"01017",Oakland,Alameda County,Oakland,"0653000",City,City of Oakland,2411292,Oakland,"Census Tract 4059.02; Alameda County; California","2024","2969","338","270","1151","925","0.11384304479622769","0.09093971034018188","0.38767261704277534","0.3115527113506231","0.8861569552037724","78438","801800","937","347","590","0.3703308431163287","0.18754231135075386","15831.094213439561",196275500.000000,66108.286
1239,"06001406900","001",Census Tract 4069,137943.000000000000000,18046.000000000000000,"01017",Oakland,Alameda County,Oakland,"0653000",City,City of Oakland,2411292,Oakland,"Census Tract 4069; Alameda County; California","2024","4142","1599","531","744","623","0.38604538870111055","0.1281989377112506","0.1796233703524867","0.15041042974408497","0.6139546112988894","166579","1097700","1620","1072","548","0.6617283950617284","0.3317803658271676","12484.162496094383",276930600.000000,66859.150
1268,"06001406601","001",Census Tract 4066.01,75000.000000000000000,15335.000000000000000,"01017",Oakland,Alameda County,Oakland,"0653000",City,City of Oakland,2411292,Oakland,"Census Tract 4066.01; Alameda County; California","2024","4426","1034","1220","816","1163","0.23361952101220063","0.27564392227745144","0.184365115228197","0.26276547672842293","0.7663804789877994","80729","788300","1891","882","1009","0.4664198836594394","0.28364650814691017","15603.92909087964",274464900.000000,62011.952
1269,"06001405402","001",Census Tract 4054.02,61204.000000000000000,28532.000000000000000,"01017",Oakland,Alameda County,Oakland,"0653000",City,City of Oakland,2411292,Oakland,"Census Tract 4054.02; Alameda County; California","2024","3212","424","315","1393","968","0.1320049813200498","0.09806973848069739","0.4336861768368618","0.3013698630136986","0.8679950186799502","38552","728400","1257","143","1114","0.11376292760540971","0.11019212244675786","29149.089142483484",170240100.000000,53001.276
1380,"06001405901","001",Census Tract 4059.01,51292.000000000000000,16184.000000000000000,"01017",Oakland,Alameda County,Oakland,"0653000",City,City of Oakland,2411292,Oakland,"Census Tract 4059.01; Alameda County; California","2024","4114","175","658","1274","1612","0.0425376762275158","0.15994166261545942","0.30967428293631505","0.39183276616431695","0.9574623237724842","53233","729000","1165","308","857","0.26437768240343346","0.1747671819842302","23539.88862949807",187949200.000000,45685.270
883,"06001409000","001",Census Tract 4090,70769.000000000000000,24912.000000000000000,"01017",Oakland,Alameda County,Oakland,"0653000",City,City of Oakland,2411292,Oakland,"Census Tract 4090; Alameda County; California","2024","4204","187","1063","318","2521","0.0444814462416746","0.2528544243577545","0.07564224548049477","0.5996669838249287","0.9555185537583254","75987","597000","1005","582","423","0.5791044776119403","7.160864912725535","587.079919986913",136124300.000000,32379.710
934,"06001408100","001",Census Tract 4081,166786.000000000000000,35801.000000000000000,"01017",Oakland,Alameda County,Oakland,"0653000",City,City of Oakland,2411292,Oakland,"Census Tract 4081; Alameda County; California","2024","7745","2382","2117","2123","667","0.30755326016785023","0.2733376371852808","0.27411233053582956","0.08612007746933506","0.6924467398321498","189891","1094800","3024","2733","291","0.9037698412698413","3.4371857139115023","2253.296925055069",244358300.000000,31550.458
973,"06001406000","001",Census Tract 4060,56763.000000000000000,11845.000000000000000,"01017",Oakland,Alameda County,Oakland,"0653000",City,City of Oakland,2411292,Oakland,"Census Tract 4060; Alameda County; California","2024","5157","741","1106","2052","910","0.14368819080860964","0.21446577467519876","0.39790575916230364","0.17645918169478378","0.8563118091913904","60441","697100","2310","257","2053","0.11125541125541126","1.0179448903680106","5066.089577929533",292658700.000000,56749.796
892,"06001401600","001",Census Tract 4016,88304.000000000000000,38815.000000000000000,"01017",Oakland,Alameda County,Oakland,"0653000",City,City of Oakland,2411292,Oakland,"Census Tract 4016; Alameda County; California","2024","2668","626","822","365","646","0.23463268365817092","0.308095952023988","0.13680659670164919","0.24212893553223389","0.7653673163418291","174414","745100","999","396","603","0.3963963963963964","0.2443667181220035","10918.017070835169",282413928.270000,105852.297
1215,"06001425104","001",Census Tract 4251.04,119083.000000000000000,31345.000000000000000,"01017",Oakland,Alameda County,Oakland,"0653000",City,City of Oakland,2411292,Oakland,"Census Tract 4251.04; Alameda County; California","2024","4424","1489","1113","792","734","0.3365732368896926","0.25158227848101267","0.17902350813743217","0.1659132007233273","0.6634267631103075","101341","540100","2465","462","2003","0.1874239350912779","0.4162945956567367","10627.089676772768",322689656.540000,72940.700
1309,"06001403501","001",Census Tract 4035.01,104167.000000000000000,37849.000000000000000,"01017",Oakland,Alameda County,Oakland,"0653000",City,City of Oakland,2411292,Oakland,"Census Tract 4035.01; Alameda County; California","2024","6063","2329","1090","1528","638","0.384133267359393","0.17977898730001649","0.25202045192149103","0.10522843476826653","0.615866732640607","127997","912300","3362","635","2727","0.18887566924449734","0.25647368814390625","23639.851884525782",460271100.000000,75914.745
1313,"06001406500","001",Census Tract 4065,67717.000000000000000,9290.000000000000000,"01017",Oakland,Alameda County,Oakland,"0653000",City,City of Oakland,2411292,Oakland,"Census Tract 4065; Alameda County; California","2024","6046","603","1137","1305","2704","0.09973536222295733","0.18805822031094938","0.21584518690043003","0.4472378432021171","0.9002646377770427","75969","759200","2029","858","1171","0.4228684080827994","0.28798321649179826","20994.279019632348",231042500.000000,38214.109
1223,"06001428700","001",Census Tract 4287,117153.000000000000000,53698.000000000000000,"38001",San Francisco,San Francisco County,San Francisco,"0667000",City,City of San Francisco,2411786,San Francisco,"Census Tract 4287; Alameda County; California","2024","5600","1293","738","2273","872","0.23089285714285715","0.13178571428571428","0.40589285714285717","0.15571428571428572","0.7691071428571429","191528","1426900","1787","854","933","0.4778959149412423","3.4256445114849763","1634.7288754642163",110004900.000000,19643.732
1120,"06075990200","075",Census Tract 9902,,,"38001",San Francisco,San Francisco County,San Francisco,"0667000",City,City of San Francisco,2411786,,,,,,,,,,,,,,,,,,,,,,30237000.000000,
1051,"06075017903","075",Census Tract 179.03,96000.000000000000000,51237.000000000000000,"38001",San Francisco,San Francisco County,San Francisco,"0667000",City,City of San Francisco,2411786,San Francisco,"Census Tract 179.03; San Francisco County; California","2024","2429","710","429","150","778","0.2923013585837793","0.17661589131329766","0.06175380815150268","0.3202964182791272","0.7076986414162207","93269",NA,"616","0","616","0","1.1265250131772695","2156.188252890372",7099800.000000,2922.931
289,"06075980401","075",Census Tract 9804.01,,,"38001",San Francisco,San Francisco County,San Francisco,"0667000",City,City of San Francisco,2411786,San Francisco,"Census Tract 9804.01; San Francisco County; California","2024","0","0","0","0","0",NA,NA,NA,NA,NA,NA,NA,"0","0","0",NA,"0.33296093009523614","0",,
1266,"06081600900","081",Census Tract 6009,138929.000000000000000,42232.000000000000000,"38001",San Francisco,San Francisco County,San Francisco,"0667000",City,City of San Francisco,2411786,,,,,,,,,,,,,,,,,,,,,,,
700,"06075060400","075",Census Tract 604,99556.000000000000000,17325.000000000000000,"38001",San Francisco,San Francisco County,San Francisco,"0667000",City,City of San Francisco,2411786,San Francisco,"Census Tract 604; San Francisco County; California","2024","1935","471","86","662","350","0.2434108527131783","0.044444444444444446","0.3421188630490956","0.18087855297157623","0.7565891472868217","77045","1024000","1124","342","782","0.304270462633452","2.1575783057815663","896.838828428552",,
1253,"06075031302","075",Census Tract 313.02,117014.000000000000000,18974.000000000000000,"38001",San Francisco,San Francisco County,San Francisco,"0667000",City,City of San Francisco,2411786,San Francisco,"Census Tract 313.02; San Francisco County; California","2024","4890","729","271","2646","907","0.149079754601227","0.05541922290388548","0.5411042944785276","0.18548057259713702","0.850920245398773","138000","1068800","1716","1041","675","0.6066433566433567","0.26947106029675216","18146.661072305647",,
282,"06075033203","075",Census Tract 332.03,62813.000000000000000,18192.000000000000000,"38001",San Francisco,San Francisco County,San Francisco,"0667000",City,City of San Francisco,2411786,San Francisco,"Census Tract 332.03; San Francisco County; California","2024","2895","690","158","1261","632","0.23834196891191708","0.05457685664939551","0.43557858376511227","0.21830742659758204","0.7616580310880829","76923","1455900","1424","178","1246","0.125","0.16207624423836994","17861.96375418377",,
1252,"06075031301","075",Census Tract 313.01,128571.000000000000000,58419.000000000000000,"38001",San Francisco,San Francisco County,San Francisco,"0667000",City,City of San Francisco,2411786,San Francisco,"Census Tract 313.01; San Francisco County; California","2024","3697","712","317","2097","376","0.19258858533946444","0.08574519880984582","0.5672166621585069","0.10170408439275087","0.8074114146605356","147938","1365500","1522","1220","302","0.8015768725361366","0.17506801515346587","21117.506797339214",,
283,"06075033204","075",Census Tract 332.04,69769.000000000000000,53121.000000000000000,"38001",San Francisco,San Francisco County,San Francisco,"0667000",City,City of San Francisco,2411786,San Francisco,"Census Tract 332.04; San Francisco County; California","2024","3816","794","494","1206","1171","0.2080712788259958","0.12945492662473795","0.3160377358490566","0.30686582809224316","0.7919287211740043","58114",NA,"1648","0","1648","0","0.15593436079361264","24471.835332372175",,
1324,"06075030900","075",Census Tract 309,178516.000000000000000,43841.000000000000000,"38001",San Francisco,San Francisco County,San Francisco,"0667000",City,City of San Francisco,2411786,San Francisco,"Census Tract 309; San Francisco County; California","2024","6548","2415","35","2332","691","0.3688149053145999","0.005345143555284056","0.35613927916921195","0.10552840562003665","0.6311850946854001","235109","2000001","2274","2117","157","0.9309586631486367","0.7257081571442701","9022.910843068095",,
1326,"06075031000","075",Census Tract 310,190000.000000000000000,34890.000000000000000,"38001",San Francisco,San Francisco County,San Francisco,"0667000",City,City of San Francisco,2411786,San Francisco,"Census Tract 310; San Francisco County; California","2024","4374","1767","293","1268","520","0.40397805212620025","0.066986739826246","0.28989483310470965","0.11888431641518062","0.5960219478737998","206130","1623300","1576","1188","388","0.7538071065989848","0.3157467511801646","13852.874126657925",,
1328,"06075033100","075",Census Tract 331,165592.000000000000000,29206.000000000000000,"38001",San Francisco,San Francisco County,San Francisco,"0667000",City,City of San Francisco,2411786,San Francisco,"Census Tract 331; San Francisco County; California","2024","3755","1015","64","2279","106","0.27030625832223704","0.017043941411451397","0.6069241011984021","0.02822902796271638","0.7296937416777629","176806","1814000","1383","1226","157","0.8864786695589298","0.3404066532705742","11030.92423112928",,
1111,"06075033001","075",Census Tract 330.01,148239.000000000000000,43703.000000000000000,"38001",San Francisco,San Francisco County,San Francisco,"0667000",City,City of San Francisco,2411786,San Francisco,"Census Tract 330.01; San Francisco County; California","2024","3911","668","3","2563","441","0.17080030682689848","7.67067246228586e-4","0.6553311173612887","0.11275888519560215","0.8291996931731015","183021","1549300","1419","1246","173","0.8780831571529246","0.226814358075642","17243.176460176706",,
718,"06075030800","075",Census Tract 308,208750.000000000000000,60926.000000000000000,"38001",San Francisco,San Francisco County,San Francisco,"0667000",City,City of San Francisco,2411786,San Francisco,"Census Tract 308; San Francisco County; California","2024","5694","2990","110","1509","718","0.5251141552511416","0.01931858096241658","0.2650158061116965","0.12609764664559184","0.4748858447488584","186667","2000001","2010","1526","484","0.7592039800995025","0.4795048042046273","11874.750680433437",,
1112,"06075033002","075",Census Tract 330.02,173281.000000000000000,49430.000000000000000,"38001",San Francisco,San Francisco County,San Francisco,"0667000",City,City of San Francisco,2411786,San Francisco,"Census Tract 330.02; San Francisco County; California","2024","4015","1570","24","1732","341","0.39103362391033625","0.005977584059775841","0.4313823163138232","0.08493150684931507","0.6089663760896638","181000","1524000","1448","896","552","0.6187845303867403","0.3593315889429517","11173.523629834366",,
281,"06075032901","075",Census Tract 329.01,154291.000000000000000,8694.000000000000000,"38001",San Francisco,San Francisco County,San Francisco,"0667000",City,City of San Francisco,2411786,San Francisco,"Census Tract 329.01; San Francisco County; California","2024","6013","975","225","3769","354","0.16214867786462664","0.037418925661067685","0.6268085814069516","0.058872443040079825","0.8378513221353734","176000","1532000","1722","1249","473","0.7253193960511034","0.25943153786816736","23177.59841155305",,
279,"06075032801","075",Census Tract 328.01,136250.000000000000000,37429.000000000000000,"38001",San Francisco,San Francisco County,San Francisco,"0667000",City,City of San Francisco,2411786,San Francisco,"Census Tract 328.01; San Francisco County; California","2024","4021","745","13","2783","303","0.18527729420542155","0.003233026610295946","0.6921163889579707","0.07535438945535937","0.8147227057945785","154257","1562100","1250","749","501","0.5992","0.22599842922310687","17792.15905978907",,
713,"06075030400","075",Census Tract 304,137418.000000000000000,24082.000000000000000,"38001",San Francisco,San Francisco County,San Francisco,"0667000",City,City of San Francisco,2411786,San Francisco,"Census Tract 304; San Francisco County; California","2024","5116","1585","51","2448","731","0.3098123534010946","0.0099687255668491","0.47849882720875686","0.14288506645817045","0.6901876465989054","137448","1839700","2105","1725","380","0.8194774346793349","0.3738724585322354","13683.810837750963",,
280,"06075032802","075",Census Tract 328.02,110926.000000000000000,30084.000000000000000,"38001",San Francisco,San Francisco County,San Francisco,"0667000",City,City of San Francisco,2411786,San Francisco,"Census Tract 328.02; San Francisco County; California","2024","4268","1085","103","2626","124","0.2542174320524836","0.024133083411433928","0.6152764761012184","0.029053420805998126","0.7457825679475164","105195","1411300","1511","1030","481","0.6816677696889477","0.24982012588989033","17084.29208734426",,
712,"06075030302","075",Census Tract 303.02,194625.000000000000000,36826.000000000000000,"38001",San Francisco,San Francisco County,San Francisco,"0667000",City,City of San Francisco,2411786,San Francisco,"Census Tract 303.02; San Francisco County; California","2024","3552","1307","71","1650","244","0.3679617117117117","0.01998873873873874","0.46452702702702703","0.0686936936936937","0.6320382882882882","216188","1738600","1313","920","393","0.7006854531607006","0.23118153120927426","15364.549155030016",,
1053,"06075035102","075",Census Tract 351.02,162721.000000000000000,50102.000000000000000,"38001",San Francisco,San Francisco County,San Francisco,"0667000",City,City of San Francisco,2411786,San Francisco,"Census Tract 351.02; San Francisco County; California","2024","3755","1123","0","2319","195","0.29906790945406125","0","0.6175765645805592","0.05193075898801598","0.7009320905459387","167279","1272700","1259","930","329","0.73868149324861","0.20981086222867565","17897.071486734447",,
1257,"06075032902","075",Census Tract 329.02,107582.000000000000000,24753.000000000000000,"38001",San Francisco,San Francisco County,San Francisco,"0667000",City,City of San Francisco,2411786,San Francisco,"Census Tract 329.02; San Francisco County; California","2024","3720","654","41","2568","377","0.17580645161290323","0.011021505376344085","0.6903225806451613","0.10134408602150538","0.8241935483870968","126471","1520500","1310","1113","197","0.849618320610687","0.19469333221296775","19106.971757670835",,
711,"06075030301","075",Census Tract 303.01,179107.000000000000000,19551.000000000000000,"38001",San Francisco,San Francisco County,San Francisco,"0667000",City,City of San Francisco,2411786,San Francisco,"Census Tract 303.01; San Francisco County; California","2024","6160","2554","115","2419","778","0.4146103896103896","0.018668831168831168","0.3926948051948052","0.1262987012987013","0.5853896103896103","199167","1740800","2552","1463","1089","0.5732758620689655","0.29104543181501397","21165.080522257584",,
1327,"06075032700","075",Census Tract 327,145147.000000000000000,53555.000000000000000,"38001",San Francisco,San Francisco County,San Francisco,"0667000",City,City of San Francisco,2411786,San Francisco,"Census Tract 327; San Francisco County; California","2024","6573","1677","11","3469","735","0.2551346417161114","0.001673512855621482","0.5277650996500837","0.11182108626198083","0.7448653582838887","128244","1547100","2503","1497","1006","0.5980823012385138","0.32607928762228217","20157.67406733884",,
278,"06075032602","075",Census Tract 326.02,154609.000000000000000,45771.000000000000000,"38001",San Francisco,San Francisco County,San Francisco,"0667000",City,City of San Francisco,2411786,San Francisco,"Census Tract 326.02; San Francisco County; California","2024","4118","1168","225","1889","354","0.28363283147158813","0.054638173870811074","0.4587178241864983","0.08596406022340942","0.7163671685284119","163796","1635000","1472","768","704","0.5217391304347826","0.18224260039983253","22596.253515727294",,
442,"06075035202","075",Census Tract 352.02,100701.000000000000000,25069.000000000000000,"38001",San Francisco,San Francisco County,San Francisco,"0667000",City,City of San Francisco,2411786,San Francisco,"Census Tract 352.02; San Francisco County; California","2024","4188","1498","90","1691","746","0.3576886341929322","0.02148997134670487","0.40377268385864373","0.1781279847182426","0.6423113658070678","104877","1216500","1677","568","1109","0.3387000596302922","0.1442678046913681","29029.34586798061",,
1329,"06075033201","075",Census Tract 332.01,53906.000000000000000,48049.000000000000000,"38001",San Francisco,San Francisco County,San Francisco,"0667000",City,City of San Francisco,2411786,San Francisco,"Census Tract 332.01; San Francisco County; California","2024","3316","816","270","1026","977","0.24607961399276237","0.08142340168878166","0.30940892641737033","0.29463208685162845","0.7539203860072377",NA,NA,"638","6","632","0.009404388714733543","0.3620091531674108","9159.989384209075",,
1330,"06075035201","075",Census Tract 352.01,132277.000000000000000,20735.000000000000000,"38001",San Francisco,San Francisco County,San Francisco,"0667000",City,City of San Francisco,2411786,San Francisco,"Census Tract 352.01; San Francisco County; California","2024","5020","1722","20","2649","279","0.3430278884462151","0.00398406374501992","0.5276892430278884","0.05557768924302789","0.6569721115537849","136295","1367700","1915","1309","606","0.68355091383812006","0.3445173293036959","14571.11028390335",,
1331,"06075035300","075",Census Tract 353,146620.000000000000000,26316.000000000000000,"38001",San Francisco,San Francisco County,San Francisco,"0667000",City,City of San Francisco,2411786,San Francisco,"Census Tract 353; San Francisco County; California","2024","6525","2009","6","3513","578","0.30789272030651343","9.195402298850574e-4","0.5383908045977012","0.08858237547892721","0.6921072796934866","161074","1355900","2537","1818","719","0.7165944028379977","0.4339956822729191","15034.711787516677",,
1332,"06075035400","075",Census Tract 354,139477.000000000000000,46222.000000000000000,"38001",San Francisco,San Francisco County,San Francisco,"0667000",City,City of San Francisco,2411786,San Francisco,"Census Tract 354; San Francisco County; California","2024","7140","2154","76","2906","629","0.30168067226890755","0.010644257703081233","0.4070028011204482","0.0880952380952381","0.6983193277310924","149794","1335600","2477","1878","599","0.7581752119499394","0.3943298159563864","18106.67038373202",,
1117,"06075061507","075",Census Tract 615.07,118370.000000000000000,53854.000000000000000,"38001",San Francisco,San Francisco County,San Francisco,"0667000",City,City of San Francisco,2411786,San Francisco,"Census Tract 615.07; San Francisco County; California","2024","1387","325","10","876","176","0.2343186733958183","0.007209805335255948","0.631578947368421","0.12689257390050468","0.7656813266041818","118661",NA,"789","213","576","0.26996197718631176","0.10840114845814953","12795.067392994268",,
512,"06075011300","075",Census Tract 113,31801.000000000000000,14841.000000000000000,"38001",San Francisco,San Francisco County,San Francisco,"0667000",City,City of San Francisco,2411786,San Francisco,"Census Tract 113; San Francisco County; California","2024","2589","479","55","1856","133","0.1850135187331016","0.021243723445345693","0.7168791039011201","0.051371185786017765","0.8149864812668984","32623","1420500","1362","99","1263","0.07268722466960352","0.03949474903212062","65553.01814665024",,
508,"06075010500","075",Census Tract 105,187763.000000000000000,35599.000000000000000,"38001",San Francisco,San Francisco County,San Francisco,"0667000",City,City of San Francisco,2411786,San Francisco,"Census Tract 105; San Francisco County; California","2024","3473","1432","31","1760","124","0.4123236395047509","0.008926000575871005","0.5067664843075151","0.03570400230348402","0.5876763604952491","179896","1215300","1848","411","1437","0.2224025974025974","0.21357989319177006","16260.893982570013",,
1124,"06075061101","075",Census Tract 611.01,19531.000000000000000,10785.000000000000000,"38001",San Francisco,San Francisco County,San Francisco,"0667000",City,City of San Francisco,2411786,San Francisco,"Census Tract 611.01; San Francisco County; California","2024","1723","48","26","1590","6","0.027858386535113175","0.015089959373186303","0.922809053975624","0.003482298316889147","0.9721416134648868","24167","2000001","862","65","797","0.07540603248259861","0.07432262804367612","23182.71090989233",,
510,"06075010800","075",Census Tract 108,145402.000000000000000,80096.000000000000000,"38001",San Francisco,San Francisco County,San Francisco,"0667000",City,City of San Francisco,2411786,San Francisco,"Census Tract 108; San Francisco County; California","2024","4047","1732","277","1446","271","0.42797133679268595","0.06844576229305659","0.35730170496664193","0.06696318260439832","0.572028663207314","123750","996600","2402","520","1882","0.21648626144879268","0.08735986872486425","46325.619063666796",,
1126,"06075061102","075",Census Tract 611.02,27450.000000000000000,11305.000000000000000,"38001",San Francisco,San Francisco County,San Francisco,"0667000",City,City of San Francisco,2411786,San Francisco,"Census Tract 611.02; San Francisco County; California","2024","1982","91","92","1653","109","0.04591321897073663","0.04641775983854692","0.8340060544904138","0.0549949545913219","0.9540867810292634","28958","1051300","928","162","766","0.17456896551724138","0.016352170427187444","121207.15160262074",,
1122,"06075012801","075",Census Tract 128.01,250001.000000000000000,,"38001",San Francisco,San Francisco County,San Francisco,"0667000",City,City of San Francisco,2411786,San Francisco,"Census Tract 128.01; San Francisco County; California","2024","2568","1937","20","113","419","0.7542834890965732","0.00778816199376947","0.044003115264797506","0.1631619937694704","0.24571651090342683","215568","2000001","1162","437","725","0.37607573149741824","0.11511652073669877","22307.8319564025",,
1156,"06075013002","075",Census Tract 130.02,210637.000000000000000,34141.000000000000000,"38001",San Francisco,San Francisco County,San Francisco,"0667000",City,City of San Francisco,2411786,San Francisco,"Census Tract 130.02; San Francisco County; California","2024","2843","2035","0","331","191","0.7157931762223004","0","0.11642631023566655","0.06718255364052057","0.28420682377769957","244215","2000001","1285","324","961","0.25214007782101167","0.06820670907752854","41682.11659015019",,
1155,"06075012802","075",Census Tract 128.02,250001.000000000000000,,"38001",San Francisco,San Francisco County,San Francisco,"0667000",City,City of San Francisco,2411786,San Francisco,"Census Tract 128.02; San Francisco County; California","2024","1855","1203","3","390","238","0.6485175202156335","0.0016172506738544475","0.21024258760107817","0.12830188679245283","0.35148247978436653","250001","2000001","1001","296","705","0.2957042957042957","0.07691043965474749","24118.96237139109",,
1141,"06075010902","075",Census Tract 109.02,137141.000000000000000,56249.000000000000000,"38001",San Francisco,San Francisco County,San Francisco,"0667000",City,City of San Francisco,2411786,San Francisco,"Census Tract 109.02; San Francisco County; California","2024","2589","1563","0","571","304","0.6037079953650057","0","0.2205484743144071","0.11741985322518347","0.39629200463499425","155234","1319100","1461","184","1277","0.12594113620807665","0.04906257862127368","52769.342190208525",,
1161,"06075013001","075",Census Tract 130.01,191541.000000000000000,63973.000000000000000,"38001",San Francisco,San Francisco County,San Francisco,"0667000",City,City of San Francisco,2411786,San Francisco,"Census Tract 130.01; San Francisco County; California","2024","1427","1132","7","120","92","0.7932725998598459","0.004905395935529082","0.08409250175192712","0.0644709180098108","0.20672740014015412","154659","2000001","911","289","622","0.3172338090010977","0.07005212495397331","20370.54551789241",,
1138,"06075010901","075",Census Tract 109.01,183194.000000000000000,64699.000000000000000,"38001",San Francisco,San Francisco County,San Francisco,"0667000",City,City of San Francisco,2411786,San Francisco,"Census Tract 109.01; San Francisco County; California","2024","2067","1351","13","205","281","0.6536042573778423","0.006289308176100629","0.09917755200774069","0.13594581519109822","0.34639574262215767","183468","2000001","1058","152","906","0.14366729678638943","0.04762322790452769","43403.18980779301",,
1148,"06075010701","075",Census Tract 107.01,24085.000000000000000,8439.000000000000000,"38001",San Francisco,San Francisco County,San Francisco,"0667000",City,City of San Francisco,2411786,San Francisco,"Census Tract 107.01; San Francisco County; California","2024","3021","124","0","2784","38","0.04104601125455147","0","0.9215491559086395","0.012578616352201259","0.9589539887454486","24854","1120400","1792","110","1682","0.06138392857142857","0.03784988080008624","79815.31080523552",,
509,"06075010600","075",Census Tract 106,58060.000000000000000,40541.000000000000000,"38001",San Francisco,San Francisco County,San Francisco,"0667000",City,City of San Francisco,2411786,San Francisco,"Census Tract 106; San Francisco County; California","2024","2957","787","104","1480","390","0.26614812309773417","0.03517078119715928","0.5005072708826513","0.13189042948934732","0.7338518769022658","75938","1560200","1723","161","1562","0.0934416715031921","0.07214369057023219","40987.64530380308",,
231,"06075012902","075",Census Tract 129.02,205463.000000000000000,15824.000000000000000,"38001",San Francisco,San Francisco County,San Francisco,"0667000",City,City of San Francisco,2411786,San Francisco,"Census Tract 129.02; San Francisco County; California","2024","2589","1751","18","436","172","0.6763229045963692","0.006952491309385863","0.16840478949401314","0.0664349169563538","0.32367709540363077","189444","1976600","1734","403","1331","0.23241061130334487","0.13688567400679538","18913.593542823735",,
1149,"06075010702","075",Census Tract 107.02,77524.000000000000000,22275.000000000000000,"38001",San Francisco,San Francisco County,San Francisco,"0667000",City,City of San Francisco,2411786,San Francisco,"Census Tract 107.02; San Francisco County; California","2024","1398","415","0","707","208","0.2968526466380544","0","0.505722460658083","0.14878397711015737","0.7031473533619457","84904","1716900","660","129","531","0.19545454545454546","0.03287029146111793","42530.80632563559",,
507,"06075010300","075",Census Tract 103,149766.000000000000000,34614.000000000000000,"38001",San Francisco,San Francisco County,San Francisco,"0667000",City,City of San Francisco,2411786,San Francisco,"Census Tract 103; San Francisco County; California","2024","3824","2238","0","925","435","0.5852510460251046","0","0.24189330543933055","0.11375523012552301","0.4147489539748954","158144","1202500","2060","440","1620","0.21359223300970873","0.10362514093640084","36902.24172864529",,
1123,"06075010402","075",Census Tract 104.02,202050.000000000000000,62943.000000000000000,"38001",San Francisco,San Francisco County,San Francisco,"0667000",City,City of San Francisco,2411786,San Francisco,"Census Tract 104.02; San Francisco County; California","2024","1924","1292","31","431","82","0.6715176715176715","0.016112266112266113","0.224012474012474","0.04261954261954262","0.3284823284823285","203354","1341500","1233","391","842","0.3171127331711273","0.07484526397502733","25706.36935213371",,
1162,"06075010201","075",Census Tract 102.01,147427.000000000000000,34200.000000000000000,"38001",San Francisco,San Francisco County,San Francisco,"0667000",City,City of San Francisco,2411786,San Francisco,"Census Tract 102.01; San Francisco County; California","2024","2650","1711","153","189","344","0.6456603773584906","0.057735849056603776","0.07132075471698113","0.129811320754717","0.3543396226415094","156017","1927600","1399","406","993","0.2902072909220872","0.0721485127773553","36729.793837576304",,
229,"06075012601","075",Census Tract 126.01,180123.000000000000000,11356.000000000000000,"38001",San Francisco,San Francisco County,San Francisco,"0667000",City,City of San Francisco,2411786,San Francisco,"Census Tract 126.01; San Francisco County; California","2024","2105","1504","0","197","133","0.7144893111638955","0","0.09358669833729216","0.06318289786223277","0.28551068883610453","171058","2000001","1282","286","996","0.22308892355694226","0.0661630007687762","31815.364713527273",,
1147,"06075010401","075",Census Tract 104.01,173750.000000000000000,108948.000000000000000,"38001",San Francisco,San Francisco County,San Francisco,"0667000",City,City of San Francisco,2411786,San Francisco,"Census Tract 104.01; San Francisco County; California","2024","2427","1266","7","585","467","0.5216316440049443","0.00288421920065925","0.24103831891223734","0.19241862381540997","0.47836835599505567","181705","2000001","953","233","720","0.24449108079748164","0.05486346173418981","44237.091923923246",,
1115,"06075010202","075",Census Tract 102.02,208750.000000000000000,53160.000000000000000,"38001",San Francisco,San Francisco County,San Francisco,"0667000",City,City of San Francisco,2411786,San Francisco,"Census Tract 102.02; San Francisco County; California","2024","1839","1240","30","277","51","0.6742794997281131","0.01631321370309951","0.1506253398586188","0.02773246329526917","0.3257205002718869","176958","1417300","1099","299","800","0.27206551410373064","0.14593879847934607","12601.172677602",,
230,"06075012602","075",Census Tract 126.02,189500.000000000000000,56360.000000000000000,"38001",San Francisco,San Francisco County,San Francisco,"0667000",City,City of San Francisco,2411786,San Francisco,"Census Tract 126.02; San Francisco County; California","2024","3071","2508","8","212","137","0.8166720937805275","0.0026050146532074245","0.06903288830999674","0.044610875936177144","0.18332790621947248","244000","1945300","1470","454","1016","0.308843537414966","0.23316510846564928","13170.924330011541",,
1109,"06075010102","075",Census Tract 101.02,,,"38001",San Francisco,San Francisco County,San Francisco,"0667000",City,City of San Francisco,2411786,San Francisco,"Census Tract 101.02; San Francisco County; California","2024","1917","617","385","770","112","0.3218570683359416","0.20083463745435576","0.4016692749087115","0.058424621804903494","0.6781429316640584","102826","1300000","930","264","666","0.2838709677419355","0.0307738158287547","62293.217411432524",,
1108,"06075010101","075",Census Tract 101.01,83816.000000000000000,37733.000000000000000,"38001",San Francisco,San Francisco County,San Francisco,"0667000",City,City of San Francisco,2411786,San Francisco,"Census Tract 101.01; San Francisco County; California","2024","1911","717","113","561","373","0.3751962323390895","0.05913134484563056","0.29356357927786497","0.19518576661433804","0.6248037676609105","89022","1531300","1216","101","1115","0.08305921052631579","0.19174731129120648","9966.241441048245",,
1189,"06075020402","075",Census Tract 204.02,152138.000000000000000,33034.000000000000000,"38001",San Francisco,San Francisco County,San Francisco,"0667000",City,City of San Francisco,2411786,San Francisco,"Census Tract 204.02; San Francisco County; California","2024","4061","2277","86","748","715","0.5606993351391283","0.02117704998768776","0.1841910859394238","0.17606500861856686","0.4393006648608717","152097","1215200","2442","816","1626","0.33415233415233414","0.23400986145601202","17353.96950680801",,
1245,"06075012901","075",Census Tract 129.01,220096.000000000000000,46949.000000000000000,"38001",San Francisco,San Francisco County,San Francisco,"0667000",City,City of San Francisco,2411786,San Francisco,"Census Tract 129.01; San Francisco County; California","2024","2830","1882","3","464","320","0.665017667844523","0.0010600706713780918","0.16395759717314487","0.11307420494699646","0.334982332155477","219125","1641100","1459","306","1153","0.20973269362577107","0.06976273880392371","40566.067911325044",,
1325,"06075031100","075",Census Tract 311,188591.000000000000000,36737.000000000000000,"38001",San Francisco,San Francisco County,San Francisco,"0667000",City,City of San Francisco,2411786,San Francisco,"Census Tract 311; San Francisco County; California","2024","6073","2354","195","2295","874","0.38761732257533343","0.032109336407047585","0.37790219002140624","0.14391569240902355","0.6123826774246666","200545","1521100","2372","1432","940","0.6037099494097807","0.41510717818144294","14629.95659724655",,
1368,"06075021700","075",Census Tract 217,141250.000000000000000,43288.000000000000000,"38001",San Francisco,San Francisco County,San Francisco,"0667000",City,City of San Francisco,2411786,San Francisco,"Census Tract 217; San Francisco County; California","2024","4432","2048","355","818","549","0.4620938628158845","0.08009927797833935","0.18456678700361012","0.12387184115523465","0.5379061371841155","133300","1632700","1802","1239","563","0.6875693673695893","0.4756329229645343","9318.110219065877",,
473,"06075026001","075",Census Tract 260.01,114563.000000000000000,21784.000000000000000,"38001",San Francisco,San Francisco County,San Francisco,"0667000",City,City of San Francisco,2411786,San Francisco,"Census Tract 260.01; San Francisco County; California","2024","5625","802","55","2585","1955","0.14257777777777778","0.009777777777777778","0.45955555555555555","0.34755555555555556","0.8574222222222222","120650","1178700","1754","906","848","0.5165336374002281","0.15680512443761338","35872.55212592218",,
691,"06075026002","075",Census Tract 260.02,136324.000000000000000,37319.000000000000000,"38001",San Francisco,San Francisco County,San Francisco,"0667000",City,City of San Francisco,2411786,San Francisco,"Census Tract 260.02; San Francisco County; California","2024","3641","986","146","1194","1094","0.2708047239769294","0.040098873935731943","0.32793188684427355","0.30046690469651194","0.7291952760230707","127768","1151400","1069","798","271","0.7464920486435921","0.1375753026695591","26465.50601269826",,
1114,"06075025501","075",Census Tract 255.01,150438.000000000000000,30933.000000000000000,"38001",San Francisco,San Francisco County,San Francisco,"0667000",City,City of San Francisco,2411786,San Francisco,"Census Tract 255.01; San Francisco County; California","2024","4235","476","78","1498","1744","0.11239669421487604","0.018417945690672965","0.3537190082644628","0.41180637544273907","0.8876033057851239","113920","1301000","1028","752","276","0.7315175097276264","0.20486018290566604","20672.63603855187",,
688,"06075025600","075",Census Tract 256,115739.000000000000000,33192.000000000000000,"38001",San Francisco,San Francisco County,San Francisco,"0667000",City,City of San Francisco,2411786,San Francisco,"Census Tract 256; San Francisco County; California","2024","5419","839","116","2811","1470","0.15482561358184166","0.021406163498800517","0.5187303930614504","0.27126776157962723","0.8451743864181583","144100","1038100","1610","1110","500","0.6894409937888198","0.2216549281639874","24447.911196410892",,
1118,"06075025502","075",Census Tract 255.02,161400.000000000000000,41829.000000000000000,"38001",San Francisco,San Francisco County,San Francisco,"0667000",City,City of San Francisco,2411786,San Francisco,"Census Tract 255.02; San Francisco County; California","2024","3739","832","58","1314","1253","0.22251939021128644","0.01551216902915218","0.35143086386734423","0.33511634126771866","0.7774806097887136","180341","1203000","1201","818","383","0.6810990840965861","0.2094430037484997","17852.11218843009",,
444,"06075025403","075",Census Tract 254.03,166935.000000000000000,45014.000000000000000,"38001",San Francisco,San Francisco County,San Francisco,"0667000",City,City of San Francisco,2411786,San Francisco,"Census Tract 254.03; San Francisco County; California","2024","4410","1079","246","1242","1596","0.24467120181405896","0.055782312925170066","0.2816326530612245","0.3619047619047619","0.755328798185941","147083","1550800","1325","762","563","0.5750943396226416","0.19565663336706365","22539.486262786573",,
492,"06075025401","075",Census Tract 254.01,165278.000000000000000,61536.000000000000000,"38001",San Francisco,San Francisco County,San Francisco,"0667000",City,City of San Francisco,2411786,San Francisco,"Census Tract 254.01; San Francisco County; California","2024","3567","1529","137","296","743","0.42865152789458927","0.0384076254555649","0.08298289879450518","0.2082982898794505","0.5713484721054107","204844","1487900","1329","762","567","0.5733634311512416","0.14986556116055597","23801.33215648226",,
686,"06075025300","075",Census Tract 253,168720.000000000000000,19595.000000000000000,"38001",San Francisco,San Francisco County,San Francisco,"0667000",City,City of San Francisco,2411786,San Francisco,"Census Tract 253; San Francisco County; California","2024","4302","2018","55","378","1495","0.4690841469084147","0.012784751278475127","0.08786610878661087","0.3475127847512785","0.5309158530915853","181578","1523400","1753","889","864","0.5071306332002282","0.15355892122219933","28015.304912014966",,
1143,"06075020701","075",Census Tract 207.01,246500.000000000000000,59332.000000000000000,"38001",San Francisco,San Francisco County,San Francisco,"0667000",City,City of San Francisco,2411786,San Francisco,"Census Tract 207.01; San Francisco County; California","2024","3357","1924","146","524","404","0.5731307715221924","0.043491212392016684","0.15609174858504618","0.12034554661900507","0.4268692284778076","223707","1581300","1514","466","1048","0.30779392338177014","0.08052035742404234","41691.32015051939",,
1098,"06075020801","075",Census Tract 208.01,101696.000000000000000,23574.000000000000000,"38001",San Francisco,San Francisco County,San Francisco,"0667000",City,City of San Francisco,2411786,San Francisco,"Census Tract 208.01; San Francisco County; California","2024","3767","1046","154","408","1789","0.27767454207592246","0.040881337934696046","0.1083089992036103","0.4749137244491638","0.7223254579240775","133953","1125000","1418","318","1100","0.22425952045133993","0.08019964128426028","46970.28490000614",,
693,"06075020500","075",Census Tract 205,250001.000000000000000,,"38001",San Francisco,San Francisco County,San Francisco,"0667000",City,City of San Francisco,2411786,San Francisco,"Census Tract 205; San Francisco County; California","2024","2789","1940","59","338","223","0.6955898171387594","0.021154535675869487","0.12119039082108282","0.07995697382574399","0.30441018286124055","250001","1934100","1246","583","663","0.4678972712680578","0.10954731607739328","25459.318401097295",,
58,"06075020602","075",Census Tract 206.02,196417.000000000000000,72402.000000000000000,"38001",San Francisco,San Francisco County,San Francisco,"0667000",City,City of San Francisco,2411786,San Francisco,"Census Tract 206.02; San Francisco County; California","2024","2379","1658","68","237","175","0.6969314838167298","0.028583438419503993","0.09962168978562422","0.0735603194619588","0.30306851618327024","207958","1584800","1317","633","684","0.4806378132118451","0.09506700709214484","25024.45456912434",,
1100,"06075020702","075",Census Tract 207.02,144048.000000000000000,28675.000000000000000,"38001",San Francisco,San Francisco County,San Francisco,"0667000",City,City of San Francisco,2411786,San Francisco,"Census Tract 207.02; San Francisco County; California","2024","1995","1233","25","349","340","0.6180451127819548","0.012531328320802004","0.174937343358396","0.17042606516290726","0.38195488721804516","160179","1697200","1121","245","876","0.21855486173059768","0.05355236034908666","37253.25993094205",,
1097,"06075020802","075",Census Tract 208.02,119030.000000000000000,25098.000000000000000,"38001",San Francisco,San Francisco County,San Francisco,"0667000",City,City of San Francisco,2411786,San Francisco,"Census Tract 208.02; San Francisco County; California","2024","2188","609","19","560","866","0.2783363802559415","0.008683729433272395","0.25594149908592323","0.39579524680073125","0.7216636197440585","119667",NA,"1018","149","869","0.14636542239685657","0.05343398580659742","40947.722071855074",,
697,"06075017000","075",Census Tract 170,250001.000000000000000,,"38001",San Francisco,San Francisco County,San Francisco,"0667000",City,City of San Francisco,2411786,San Francisco,"Census Tract 170; San Francisco County; California","2024","4061","2753","76","578","342","0.6779118443733071","0.018714602314700814","0.14232947549864566","0.08421571041615365","0.3220881556266929","229013","1821400","2201","1120","1081","0.5088596092685143","0.18460018755589974","21998.89422523077",,
696,"06075016900","075",Census Tract 169,150139.000000000000000,44708.000000000000000,"38001",San Francisco,San Francisco County,San Francisco,"0667000",City,City of San Francisco,2411786,San Francisco,"Census Tract 169; San Francisco County; California","2024","2889","2034","32","376","235","0.7040498442367601","0.01107649705780547","0.13014884042921426","0.08134302526825891","0.2959501557632399","201827","1742500","1507","511","996","0.33908427339084274","0.11454868860831305","25220.71649269269",,
1091,"06075020102","075",Census Tract 201.02,116076.000000000000000,74559.000000000000000,"38001",San Francisco,San Francisco County,San Francisco,"0667000",City,City of San Francisco,2411786,San Francisco,"Census Tract 201.02; San Francisco County; California","2024","3463","954","272","623","1453","0.27548368466647416","0.07854461449610164","0.17990181923187987","0.41957840023101356","0.7245163153335259","100761","1098000","1306","221","1085","0.16921898928024504","0.054146096071875635","63956.59615797747",,
552,"06075016700","075",Census Tract 167,232895.000000000000000,32995.000000000000000,"38001",San Francisco,San Francisco County,San Francisco,"0667000",City,City of San Francisco,2411786,San Francisco,"Census Tract 167; San Francisco County; California","2024","4852","2932","42","952","394","0.6042868920032977","0.008656224237427864","0.19620774938169827","0.08120362737015664","0.39571310799670234","239839","1822100","2392","767","1625","0.32065217391304346","0.18971543146971195","25575.146746956223",,
1040,"06075020101","075",Census Tract 201.01,135223.000000000000000,54637.000000000000000,"38001",San Francisco,San Francisco County,San Francisco,"0667000",City,City of San Francisco,2411786,San Francisco,"Census Tract 201.01; San Francisco County; California","2024","3943","1350","233","789","1227","0.3423788993152422","0.05909206188181588","0.20010144559979712","0.31118437737763127","0.6576211006847579","135759","766800","1901","480","1421","0.2524986849026828","0.11934967651371646","33037.37483986263",,
226,"06075016801","075",Census Tract 168.01,182344.000000000000000,48166.000000000000000,"38001",San Francisco,San Francisco County,San Francisco,"0667000",City,City of San Francisco,2411786,San Francisco,"Census Tract 168.01; San Francisco County; California","2024","4223","1704","230","833","1102","0.40350461757044753","0.05446365143263083","0.1972531375799195","0.2609519299076486","0.5964953824295525","123147","1169400","2061","364","1697","0.17661329451722466","0.09114094458053529","46334.82809988228",,
270,"06075016802","075",Census Tract 168.02,141518.000000000000000,61607.000000000000000,"38001",San Francisco,San Francisco County,San Francisco,"0667000",City,City of San Francisco,2411786,San Francisco,"Census Tract 168.02; San Francisco County; California","2024","3943","2049","196","789","348","0.5196550849606898","0.04970834390058331","0.20010144559979712","0.08825767182348465","0.4803449150393102","135588","1322000","1924","300","1624","0.15592515592515593","0.07912860978979035","49830.27011942714",,
549,"06075016400","075",Census Tract 164,212667.000000000000000,31860.000000000000000,"38001",San Francisco,San Francisco County,San Francisco,"0667000",City,City of San Francisco,2411786,San Francisco,"Census Tract 164; San Francisco County; California","2024","3571","2223","257","647","308","0.6225147017642118","0.07196863623634836","0.18118174180901708","0.08625035004200504","0.37748529823578825","161612","954400","1753","281","1472","0.16029663434112948","0.11926564161120033","29941.565330619447",,
548,"06075016300","075",Census Tract 163,129962.000000000000000,21621.000000000000000,"38001",San Francisco,San Francisco County,San Francisco,"0667000",City,City of San Francisco,2411786,San Francisco,"Census Tract 163; San Francisco County; California","2024","3925","2258","444","514","565","0.5752866242038217","0.11312101910828025","0.13095541401273886","0.14394904458598726","0.4247133757961783","135658","1161800","1994","344","1650","0.17251755265797392","0.09500692435833823","41312.778268624425",,
547,"06075016200","075",Census Tract 162,181425.000000000000000,87050.000000000000000,"38001",San Francisco,San Francisco County,San Francisco,"0667000",City,City of San Francisco,2411786,San Francisco,"Census Tract 162; San Francisco County; California","2024","3209","1489","135","841","371","0.4640074789654098","0.04206918043004051","0.26207541290121533","0.11561234029292615","0.5359925210345902","102035",NA,"2010","344","1666","0.17114427860696518","0.10541920899717878","30440.372589836817",,
1039,"06075012405","075",Census Tract 124.05,102358.000000000000000,44956.000000000000000,"38001",San Francisco,San Francisco County,San Francisco,"0667000",City,City of San Francisco,2411786,San Francisco,"Census Tract 124.05; San Francisco County; California","2024","3764","1271","590","667","857","0.337672688629118","0.1567481402763018","0.17720510095642933","0.22768331562167907","0.6623273113708821","113665",NA,"2579","37","2542","0.014346645986816595","0.11450869894417211","32870.86513693698",,
1119,"06075016101","075",Census Tract 161.01,28522.000000000000000,5646.000000000000000,"38001",San Francisco,San Francisco County,San Francisco,"0667000",City,City of San Francisco,2411786,San Francisco,"Census Tract 161.01; San Francisco County; California","2024","2426","943","183","984","36","0.38870568837592745","0.0754328112118714","0.40560593569661996","0.01483924154987634","0.6112943116240726","31690","735100","1496","205","1291","0.13703208556149732","0.04734770859771455","51237.96001644527",,
1121,"06075016102","075",Census Tract 161.02,,,"38001",San Francisco,San Francisco County,San Francisco,"0667000",City,City of San Francisco,2411786,San Francisco,"Census Tract 161.02; San Francisco County; California","2024","2989","186","1013","1005","334","0.06222816995650719","0.33890933422549346","0.3362328537972566","0.11174305787888926","0.9377718300434928","34575",NA,"1192","43","1149","0.03607382550335571","0.09508567530667288","31434.808559331326",,
234,"06075015801","075",Census Tract 158.01,121058.000000000000000,45413.000000000000000,"38001",San Francisco,San Francisco County,San Francisco,"0667000",City,City of San Francisco,2411786,San Francisco,"Census Tract 158.01; San Francisco County; California","2024","3384","1126","640","919","481","0.33274231678487","0.18912529550827423","0.2715721040189125","0.14213947990543735","0.66725768321513","121563","1170000","1527","443","1084","0.29011132940406026","0.132198568116665","25597.856680366054",,
546,"06075016000","075",Census Tract 160,135246.000000000000000,59453.000000000000000,"38001",San Francisco,San Francisco County,San Francisco,"0667000",City,City of San Francisco,2411786,San Francisco,"Census Tract 160; San Francisco County; California","2024","2892","903","201","986","446","0.31224066390041494","0.06950207468879668","0.3409405255878285","0.1542185338865837","0.6877593360995851","131771","752400","1766","444","1322","0.25141562853907135","0.06114988950987321","47293.625927697874",,
1090,"06075012504","075",Census Tract 125.04,25667.000000000000000,9435.000000000000000,"38001",San Francisco,San Francisco County,San Francisco,"0667000",City,City of San Francisco,2411786,San Francisco,"Census Tract 125.04; San Francisco County; California","2024","693","121","58","239","221","0.1746031746031746","0.0836940836940837","0.3448773448773449","0.3189033189033189","0.8253968253968254","19333",NA,"342","42","300","0.12280701754385964","0.0062413282858402","111034.05689654558",,
545,"06075015900","075",Census Tract 159,114323.000000000000000,42747.000000000000000,"38001",San Francisco,San Francisco County,San Francisco,"0667000",City,City of San Francisco,2411786,San Francisco,"Census Tract 159; San Francisco County; California","2024","4861","1502","576","1519","984","0.3089899197695947","0.11849413700884592","0.3124871425632586","0.20242748405677843","0.6910100802304053","83866","915500","2081","427","1654","0.2051898125901009","0.11361308862052959","42785.56334504606",,
1128,"06075012403","075",Census Tract 124.03,34732.000000000000000,23955.000000000000000,"38001",San Francisco,San Francisco County,San Francisco,"0667000",City,City of San Francisco,2411786,San Francisco,"Census Tract 124.03; San Francisco County; California","2024","2481","339","82","866","1005","0.13663845223700122","0.03305118903667876","0.3490528012898025","0.40507859733978235","0.8633615477629988",NA,NA,"1222","17","1205","0.013911620294599018","0.01773924913689005","139859.35824310518",,
1135,"06075012404","075",Census Tract 124.04,27852.000000000000000,7395.000000000000000,"38001",San Francisco,San Francisco County,San Francisco,"0667000",City,City of San Francisco,2411786,San Francisco,"Census Tract 124.04; San Francisco County; California","2024","2714","698","103","572","1197","0.2571849668386146","0.03795136330140015","0.210759027266028","0.4410464259395726","0.7428150331613854",NA,NA,"1541","17","1524","0.011031797534068787","0.017751346238427813","152889.81261177696",,
1134,"06075012406","075",Census Tract 124.06,32589.000000000000000,19309.000000000000000,"38001",San Francisco,San Francisco County,San Francisco,"0667000",City,City of San Francisco,2411786,San Francisco,"Census Tract 124.06; San Francisco County; California","2024","1529","442","69","648","370","0.289077828646174","0.04512753433616743","0.4238064094179202","0.2419882275997384","0.7109221713538261",NA,"452100","951","119","832","0.12513144058885384","0.024151770725619033","63307.98753310914",,
1157,"06075020202","075",Census Tract 202.02,164327.000000000000000,29843.000000000000000,"38001",San Francisco,San Francisco County,San Francisco,"0667000",City,City of San Francisco,2411786,San Francisco,"Census Tract 202.02; San Francisco County; California","2024","3979","1492","407","803","674","0.37496858507162606","0.10228700678562452","0.2018094998743403","0.16938929379241016","0.625031414928374","166985","1325900","2195","476","1719","0.21685649202733484","0.07621020985166092","52210.85216462347",,
1158,"06075020601","075",Census Tract 206.01,149781.000000000000000,49602.000000000000000,"38001",San Francisco,San Francisco County,San Francisco,"0667000",City,City of San Francisco,2411786,San Francisco,"Census Tract 206.01; San Francisco County; California","2024","3007","1642","61","783","308","0.546059195211174","0.020285999334885268","0.2603924176920519","0.10242766877286331","0.45394080478882604","235568","1701800","1435","598","837","0.41672473867595816","0.12502922653541487","24050.376726502895",,
1159,"06075020201","075",Census Tract 202.01,116103.000000000000000,113669.000000000000000,"38001",San Francisco,San Francisco County,San Francisco,"0667000",City,City of San Francisco,2411786,San Francisco,"Census Tract 202.01; San Francisco County; California","2024","1905","862","49","299","635","0.45249343832021","0.025721784776902887","0.15695538057742783","0.3333333333333333","0.5475065616797901","94265","1510200","976","220","756","0.22540983606557377","0.05423008279771792","35128.10421303958",,
1246,"06075015802","075",Census Tract 158.02,158523.000000000000000,42807.000000000000000,"38001",San Francisco,San Francisco County,San Francisco,"0667000",City,City of San Francisco,2411786,San Francisco,"Census Tract 158.02; San Francisco County; California","2024","3095","1566","184","531","322","0.5059773828756058","0.059450726978998385","0.1715670436187399","0.10403877221324717","0.4940226171243942","152917","1517900","1570","333","1237","0.21210191082802549","0.06382882418468393","48489.06492535173",,
1359,"06075020300","075",Census Tract 203,172151.000000000000000,59771.000000000000000,"38001",San Francisco,San Francisco County,San Francisco,"0667000",City,City of San Francisco,2411786,San Francisco,"Census Tract 203; San Francisco County; California","2024","3419","1965","79","690","339","0.5747294530564493","0.02310617139514478","0.20181339572974555","0.09915179877157064","0.4252705469435507","182547","1248400","2232","854","1378","0.3826164874551971","0.10870856490317812","31451.063704549415",,
1360,"06075020900","075",Census Tract 209,117813.000000000000000,37260.000000000000000,"38001",San Francisco,San Francisco County,San Francisco,"0667000",City,City of San Francisco,2411786,San Francisco,"Census Tract 209; San Francisco County; California","2024","3746","1134","38","612","1742","0.3027229044313935","0.01014415376401495","0.16337426588360918","0.46502936465563266","0.6972770955686065","96250","1296100","1607","223","1384","0.1387678904791537","0.12071896175527405","31030.75064209076",,
1361,"06075021000","075",Census Tract 210,151118.000000000000000,51643.000000000000000,"38001",San Francisco,San Francisco County,San Francisco,"0667000",City,City of San Francisco,2411786,San Francisco,"Census Tract 210; San Francisco County; California","2024","3609","2261","28","585","476","0.626489332224993","0.0077583818232197285","0.16209476309226933","0.13189249099473538","0.37351066777500697","178558","1622000","1793","736","1057","0.41048522030117124","0.1204248476087817","29968.8982104788",,
1362,"06075021100","075",Census Tract 211,228125.000000000000000,21062.000000000000000,"38001",San Francisco,San Francisco County,San Francisco,"0667000",City,City of San Francisco,2411786,San Francisco,"Census Tract 211; San Francisco County; California","2024","4086","2705","0","612","381","0.6620166421928536","0","0.14977973568281938","0.09324522760646109","0.3379833578071464","250001","2000001","2006","984","1022","0.4905284147557328","0.1637972455864463","24945.474420957562",,
1363,"06075021200","075",Census Tract 212,191156.000000000000000,27818.000000000000000,"38001",San Francisco,San Francisco County,San Francisco,"0667000",City,City of San Francisco,2411786,San Francisco,"Census Tract 212; San Francisco County; California","2024","2917","1666","7","356","387","0.5711347274597189","0.0023997257456290708","0.12204319506342132","0.13267055193692148","0.42886527254028106","201786","2000001","1420","735","685","0.5176056338028169","0.1308606434823046","22290.888401404245",,
1364,"06075021300","075",Census Tract 213,183417.000000000000000,41237.000000000000000,"38001",San Francisco,San Francisco County,San Francisco,"0667000",City,City of San Francisco,2411786,San Francisco,"Census Tract 213; San Francisco County; California","2024","2427","1555","80","280","123","0.6407086938607334","0.03296250515039143","0.11536876802637","0.05067985166872682","0.35929130613926663","208641","1984100","1134","568","566","0.5008818342151675","0.11977292122948936","20263.344795187702",,
1365,"06075021400","075",Census Tract 214,217353.000000000000000,24271.000000000000000,"38001",San Francisco,San Francisco County,San Francisco,"0667000",City,City of San Francisco,2411786,San Francisco,"Census Tract 214; San Francisco County; California","2024","3460","2306","0","502","416","0.6664739884393064","0","0.14508670520231215","0.12023121387283237","0.3335260115606936","213462","1719100","1714","710","1004","0.41423570595099185","0.13689784816079503","25274.3198412879",,
1366,"06075021500","075",Census Tract 215,200938.000000000000000,57516.000000000000000,"38001",San Francisco,San Francisco County,San Francisco,"0667000",City,City of San Francisco,2411786,San Francisco,"Census Tract 215; San Francisco County; California","2024","5181","2621","102","1192","945","0.5058868944219262","0.019687319050376375","0.23007141478479057","0.18239722061378114","0.49411310557807375","178488","1952200","2492","897","1595","0.3599518459069021","0.18303900409510582","28305.44246901599",,
1367,"06075021600","075",Census Tract 216,218988.000000000000000,42901.000000000000000,"38001",San Francisco,San Francisco County,San Francisco,"0667000",City,City of San Francisco,2411786,San Francisco,"Census Tract 216; San Francisco County; California","2024","4531","2367","233","1036","543","0.5224012359302582","0.05142352681527257","0.2286470977709115","0.11984109468108585","0.4775987640697418","237083","2000001","2098","1259","839","0.600095328884652","0.23202448952695343","19528.111059473533",,
1369,"06075021800","075",Census Tract 218,232500.000000000000000,50232.000000000000000,"38001",San Francisco,San Francisco County,San Francisco,"0667000",City,City of San Francisco,2411786,San Francisco,"Census Tract 218; San Francisco County; California","2024","4208","2662","46","605","473","0.6326045627376425","0.010931558935361217","0.14377376425855512","0.11240494296577946","0.36739543726235746","250001","1865200","1792","1065","727","0.5943080357142857","0.1939638317134073","21694.766301676085",,
195,"06081600401","081",Census Tract 6004.01,152611.000000000000000,25604.000000000000000,"38001",San Francisco,San Francisco County,San Francisco,"0667000",City,City of San Francisco,2411786,,,,,,,,,,,,,,,,,,,,,,,
246,"06081600701","081",Census Tract 6007.01,70290.000000000000000,13557.000000000000000,"38001",San Francisco,San Francisco County,San Francisco,"0667000",City,City of San Francisco,2411786,,,,,,,,,,,,,,,,,,,,,,,
475,"06075026404","075",Census Tract 264.04,91463.000000000000000,15070.000000000000000,"38001",San Francisco,San Francisco County,San Francisco,"0667000",City,City of San Francisco,2411786,San Francisco,"Census Tract 264.04; San Francisco County; California","2024","2422","164","177","1518","481","0.06771263418662263","0.07308009909165979","0.6267547481420314","0.19859620148637488","0.9322873658133773","84415","913900","668","374","294","0.5598802395209581","0.07599927645617068","31868.72445288061",,
694,"06075061000","075",Census Tract 610,107882.000000000000000,33701.000000000000000,"38001",San Francisco,San Francisco County,San Francisco,"0667000",City,City of San Francisco,2411786,San Francisco,"Census Tract 610; San Francisco County; California","2024","4295","560","628","2431","555","0.13038416763678695","0.1462165308498254","0.5660069848661234","0.12922002328288706","0.869615832363213","155968","966000","1588","1105","483","0.6958438287153652","0.8425976842933207","5097.331834708493",,
493,"06075060502","075",Census Tract 605.02,37891.000000000000000,14458.000000000000000,"38001",San Francisco,San Francisco County,San Francisco,"0667000",City,City of San Francisco,2411786,San Francisco,"Census Tract 605.02; San Francisco County; California","2024","2595","108","266","1040","813","0.04161849710982659","0.102504816955684","0.4007707129094412","0.3132947976878613","0.9583815028901734","39559","958700","800","236","564","0.295","0.12279933011046976","21132.037102039147",,
692,"06075026004","075",Census Tract 260.04,111089.000000000000000,43312.000000000000000,"38001",San Francisco,San Francisco County,San Francisco,"0667000",City,City of San Francisco,2411786,San Francisco,"Census Tract 260.04; San Francisco County; California","2024","3840","734","35","1570","1328","0.19114583333333332","0.009114583333333334","0.4088541666666667","0.3458333333333333","0.8088541666666667","146136","1089300","1112","757","355","0.6807553956834532","0.12946673452593782","29660.128635056295",,
474,"06075026003","075",Census Tract 260.03,98177.000000000000000,15263.000000000000000,"38001",San Francisco,San Francisco County,San Francisco,"0667000",City,City of San Francisco,2411786,San Francisco,"Census Tract 260.03; San Francisco County; California","2024","4639","453","70","2057","1831","0.09765035568010347","0.015089458935115327","0.4434145289933175","0.39469713300280235","0.9023496443198965","105250","1169700","1403","936","467","0.6671418389166073","0.15476825870627603","29973.846309171426",,
277,"06075031202","075",Census Tract 312.02,120667.000000000000000,43092.000000000000000,"38001",San Francisco,San Francisco County,San Francisco,"0667000",City,City of San Francisco,2411786,San Francisco,"Census Tract 312.02; San Francisco County; California","2024","2869","283","86","1978","446","0.09864064133844545","0.02997560125479261","0.68943882886023","0.15545486232136632","0.9013593586615546","181875","1209800","804","525","279","0.6529850746268657","0.1201565456410273","23877.18442382038",,
689,"06075025800","075",Census Tract 258,87614.000000000000000,39917.000000000000000,"38001",San Francisco,San Francisco County,San Francisco,"0667000",City,City of San Francisco,2411786,San Francisco,"Census Tract 258; San Francisco County; California","2024","1603","107","75","1201","129","0.06674984404242046","0.046787273861509666","0.7492202121023082","0.08047411104179664","0.9332501559575795","82188","1118100","612","307","305","0.5016339869281046","0.09531874387887052","16817.258964690784",,
276,"06075031201","075",Census Tract 312.01,101800.000000000000000,15717.000000000000000,"38001",San Francisco,San Francisco County,San Francisco,"0667000",City,City of San Francisco,2411786,San Francisco,"Census Tract 312.01; San Francisco County; California","2024","6176","1156","250","3701","884","0.1871761658031088","0.04047927461139896","0.5992551813471503","0.14313471502590674","0.8128238341968912","120962","1115600","1784","849","935","0.4758968609865471","0.19762646920727603","31250.87456540269",,
699,"06075026100","075",Census Tract 261,116444.000000000000000,20612.000000000000000,"38001",San Francisco,San Francisco County,San Francisco,"0667000",City,City of San Francisco,2411786,San Francisco,"Census Tract 261; San Francisco County; California","2024","6811","488","0","4324","1830","0.07164880340625458","0","0.6348553810013214","0.2686830127734547","0.9283511965937454","122222","1234000","2146","1401","745","0.6528424976700838","0.28932070243184643","23541.350282752155",,
701,"06075026301","075",Census Tract 263.01,95458.000000000000000,15013.000000000000000,"38001",San Francisco,San Francisco County,San Francisco,"0667000",City,City of San Francisco,2411786,San Francisco,"Census Tract 263.01; San Francisco County; California","2024","5019","654","43","2958","1182","0.13030484160191272","0.008567443713887228","0.5893604303646145","0.2355050806933652","0.8696951583980873","115125","1093600","1317","726","591","0.55125284738041","0.14449149451789206","34735.60860275072",,
702,"06075026302","075",Census Tract 263.02,93370.000000000000000,17885.000000000000000,"38001",San Francisco,San Francisco County,San Francisco,"0667000",City,City of San Francisco,2411786,San Francisco,"Census Tract 263.02; San Francisco County; California","2024","4302","444","166","2204","1347","0.10320781032078104","0.038586703858670385","0.5123198512319851","0.31311018131101814","0.8967921896792189","92031","1121300","1526","979","547","0.6415465268676278","0.29176843316344453","14744.569703296453",,
704,"06075026303","075",Census Tract 263.03,110074.000000000000000,51698.000000000000000,"38001",San Francisco,San Francisco County,San Francisco,"0667000",City,City of San Francisco,2411786,San Francisco,"Census Tract 263.03; San Francisco County; California","2024","4600","440","20","3254","808","0.09565217391304348","0.004347826086956522","0.707391304347826","0.17565217391304347","0.9043478260869565","96146","1159300","1357","1029","328","0.7582903463522476","0.16306960549943228","28208.812953901546",,
705,"06075026401","075",Census Tract 264.01,94093.000000000000000,21761.000000000000000,"38001",San Francisco,San Francisco County,San Francisco,"0667000",City,City of San Francisco,2411786,San Francisco,"Census Tract 264.01; San Francisco County; California","2024","3194","178","340","1873","614","0.05572949279899812","0.10644959298685035","0.5864120225422668","0.19223544145272387","0.9442705072010019","82045","984800","1018","654","364","0.6424361493123772","0.1262008468131675","25308.863455793748",,
706,"06075026402","075",Census Tract 264.02,118182.000000000000000,26651.000000000000000,"38001",San Francisco,San Francisco County,San Francisco,"0667000",City,City of San Francisco,2411786,San Francisco,"Census Tract 264.02; San Francisco County; California","2024","4660","966","208","2572","691","0.2072961373390558","0.04463519313304721","0.551931330472103","0.14828326180257512","0.7927038626609442","151250","967100","1241","918","323","0.7397260273972602","0.14714105344655057","31670.29113117475",,
707,"06075026403","075",Census Tract 264.03,92788.000000000000000,46053.000000000000000,"38001",San Francisco,San Francisco County,San Francisco,"0667000",City,City of San Francisco,2411786,San Francisco,"Census Tract 264.03; San Francisco County; California","2024","3685","166","10","2544","876","0.045047489823609226","0.0027137042062415195","0.6903663500678426","0.2377204884667571","0.9549525101763908","75156","1049300","1149","714","435","0.6214099216710183","0.14396627260947378","25596.272885358474",,
944,"06075980501","075",Census Tract 9805.01,12169.000000000000000,1109.000000000000000,"38001",San Francisco,San Francisco County,San Francisco,"0667000",City,City of San Francisco,2411786,San Francisco,"Census Tract 9805.01; San Francisco County; California","2024","146","0","0","146","0","0","0","1","0","1","12908",NA,"115","0","115","0","0.5810706606118375","251.2603197798173",,
1037,"06075026201","075",Census Tract 262.01,124250.000000000000000,46974.000000000000000,"38001",San Francisco,San Francisco County,San Francisco,"0667000",City,City of San Francisco,2411786,San Francisco,"Census Tract 262.01; San Francisco County; California","2024","3856","300","6","2742","679","0.07780082987551867","0.0015560165975103733","0.7110995850622407","0.17608921161825727","0.9221991701244814","160417","1128300","996","694","302","0.6967871485943775","0.16609227095031429","23216.01106383514",,
1038,"06075026202","075",Census Tract 262.02,138545.000000000000000,21711.000000000000000,"38001",San Francisco,San Francisco County,San Francisco,"0667000",City,City of San Francisco,2411786,San Francisco,"Census Tract 262.02; San Francisco County; California","2024","3706","316","37","2595","751","0.08526713437668645","0.009983810037776578","0.7002158661629789","0.20264436049649218","0.9147328656233136","148429","1142100","1040","717","323","0.6894230769230769","0.13060839974379318","28374.897841714945",,
1113,"06075031401","075",Census Tract 314.01,97143.000000000000000,8707.000000000000000,"38001",San Francisco,San Francisco County,San Francisco,"0667000",City,City of San Francisco,2411786,San Francisco,"Census Tract 314.01; San Francisco County; California","2024","2533","216","197","1465","603","0.0852743782076589","0.07777339123568891","0.5783655744176865","0.23805763916304776","0.9147256217923411","99500","1095300","628","355","273","0.5652866242038217","0.12563687322817915","20161.278571455823",,
1152,"06075031402","075",Census Tract 314.02,139643.000000000000000,24183.000000000000000,"38001",San Francisco,San Francisco County,San Francisco,"0667000",City,City of San Francisco,2411786,San Francisco,"Census Tract 314.02; San Francisco County; California","2024","4199","670","736","1900","830","0.1595618004286735","0.17527982853060253","0.45248868778280543","0.1976661109788045","0.8404381995713265","155568","1140900","1149","997","152","0.8677110530896431","0.1701018745301198","24685.207094860594",,
1295,"06081600300","081",Census Tract 6003,175139.000000000000000,62814.000000000000000,"38001",San Francisco,San Francisco County,San Francisco,"0667000",City,City of San Francisco,2411786,,,,,,,,,,,,,,,,,,,,,,,
690,"06075025900","075",Census Tract 259,147944.000000000000000,15360.000000000000000,"38001",San Francisco,San Francisco County,San Francisco,"0667000",City,City of San Francisco,2411786,San Francisco,"Census Tract 259; San Francisco County; California","2024","4034","760","112","2206","749","0.18839861179970252","0.027764005949429845","0.5468517600396628","0.1856717897868121","0.8116013882002975","175524","1161100","1422","1196","226","0.8410689170182841","0.30145685776419107","13381.682639163977",,
274,"06075025701","075",Census Tract 257.01,118443.000000000000000,4099.000000000000000,"38001",San Francisco,San Francisco County,San Francisco,"0667000",City,City of San Francisco,2411786,San Francisco,"Census Tract 257.01; San Francisco County; California","2024","4604","457","106","3235","674","0.09926151172893137","0.023023457862728063","0.7026498696785404","0.14639443961772372","0.9007384882710686","130538","1192100","1553","931","622","0.5994848679974243","0.2405870298293538","19136.526201207005",,
685,"06075025200","075",Census Tract 252,147868.000000000000000,63971.000000000000000,"38001",San Francisco,San Francisco County,San Francisco,"0667000",City,City of San Francisco,2411786,San Francisco,"Census Tract 252; San Francisco County; California","2024","5415","3228","74","532","1025","0.5961218836565096","0.013665743305632503","0.09824561403508772","0.18928901200369344","0.40387811634349036","197853","1597500","2477","1804","673","0.7283003633427533","0.25604487104542034","21148.636869353348",,
1041,"06075017603","075",Census Tract 176.03,90590.000000000000000,14068.000000000000000,"38001",San Francisco,San Francisco County,San Francisco,"0667000",City,City of San Francisco,2411786,San Francisco,"Census Tract 176.03; San Francisco County; California","2024","4964","1301","433","1935","993","0.2620870265914585","0.08722804190169219","0.38980660757453667","0.2000402900886382","0.7379129734085415","124291","677000","2517","540","1977","0.21454112038140644","0.0957032687378098","51868.656791644746",,
499,"06075022801","075",Census Tract 228.01,164539.000000000000000,32051.000000000000000,"38001",San Francisco,San Francisco County,San Francisco,"0667000",City,City of San Francisco,2411786,San Francisco,"Census Tract 228.01; San Francisco County; California","2024","4765","1774","780","523","1427","0.37229800629590765","0.16369359916054566","0.10975865687303253","0.29947534102833157","0.6277019937040924","160417","1311900","2017","841","1176","0.41695587506197324","0.22302939106242653","21364.897143382612",,
687,"06075025402","075",Census Tract 254.02,166094.000000000000000,31994.000000000000000,"38001",San Francisco,San Francisco County,San Francisco,"0667000",City,City of San Francisco,2411786,San Francisco,"Census Tract 254.02; San Francisco County; California","2024","2901","1284","54","455","888","0.44260599793174765","0.01861427094105481","0.1568424681144433","0.30610134436401243","0.5573940020682524","190625","1366700","1048","764","284","0.7290076335877863","0.11306270991389039","25658.327154987073",,
440,"06075022803","075",Census Tract 228.03,153750.000000000000000,20792.000000000000000,"38001",San Francisco,San Francisco County,San Francisco,"0667000",City,City of San Francisco,2411786,San Francisco,"Census Tract 228.03; San Francisco County; California","2024","4117","1281","129","634","1651","0.31114889482632985","0.031333495263541414","0.15399562788438184","0.401020160310906","0.6888511051736701","164665","1696600","1439","557","882","0.3870743571924948","0.10893695855034681","37792.499944793926",,
353,"06075022901","075",Census Tract 229.01,96964.000000000000000,27582.000000000000000,"38001",San Francisco,San Francisco County,San Francisco,"0667000",City,City of San Francisco,2411786,San Francisco,"Census Tract 229.01; San Francisco County; California","2024","4542","1089","62","429","2813","0.23976221928665786","0.013650374284456186","0.09445178335535007","0.6193306913254073","0.7602377807133421","101617","920500","1479","347","1132","0.23461798512508453","0.09607102235961547","47277.52332017735",,
511,"06075011200","075",Census Tract 112,158750.000000000000000,20195.000000000000000,"38001",San Francisco,San Francisco County,San Francisco,"0667000",City,City of San Francisco,2411786,San Francisco,"Census Tract 112; San Francisco County; California","2024","2676","1319","68","1020","43","0.4928998505231689","0.025411061285500747","0.3811659192825112","0.016068759342301942","0.507100149476831","121855","2000001","1660","352","1308","0.21204819277108433","0.06845149321015709","39093.37655767785",,
1244,"06075011901","075",Census Tract 119.01,119464.000000000000000,32181.000000000000000,"38001",San Francisco,San Francisco County,San Francisco,"0667000",City,City of San Francisco,2411786,San Francisco,"Census Tract 119.01; San Francisco County; California","2024","2022","759","38","690","412","0.37537091988130566","0.018793273986152326","0.34124629080118696","0.20375865479723046","0.6246290801186943","96518","889900","1219","175","1044","0.1435602953240361","0.02404979203926637","84075.5710776483",,
1042,"06075017803","075",Census Tract 178.03,87132.000000000000000,54979.000000000000000,"38001",San Francisco,San Francisco County,San Francisco,"0667000",City,City of San Francisco,2411786,San Francisco,"Census Tract 178.03; San Francisco County; California","2024","2415","676","348","969","313","0.27991718426501033","0.14409937888198757","0.4012422360248447","0.12960662525879918","0.7200828157349897","85909","1046200","1208","254","954","0.21026490066225165","0.07329019440701842","32951.201992837596",,
535,"06075012100","075",Census Tract 121,83906.000000000000000,22686.000000000000000,"38001",San Francisco,San Francisco County,San Francisco,"0667000",City,City of San Francisco,2411786,San Francisco,"Census Tract 121; San Francisco County; California","2024","3203","1348","46","870","668","0.4208554480174836","0.014361536059943803","0.27162035591632844","0.2085544801748361","0.5791445519825165","108000","693500","1984","192","1792","0.0967741935483871","0.047636210782159995","67238.7653721513",,
225,"06075012302","075",Census Tract 123.02,43879.000000000000000,14641.000000000000000,"38001",San Francisco,San Francisco County,San Francisco,"0667000",City,City of San Francisco,2411786,San Francisco,"Census Tract 123.02; San Francisco County; California","2024","2700","1034","195","832","457","0.38296296296296295","0.07222222222222222","0.30814814814814817","0.16925925925925925","0.617037037037037","44954",NA,"1889","0","1889","0","0.035768926992982945","75484.51203273945",,
1136,"06075017604","075",Census Tract 176.04,100036.000000000000000,42729.000000000000000,"38001",San Francisco,San Francisco County,San Francisco,"0667000",City,City of San Francisco,2411786,San Francisco,"Census Tract 176.04; San Francisco County; California","2024","3965","921","432","1544","889","0.23228247162673393","0.10895334174022699","0.3894073139974779","0.22421185372005045","0.767717528373266","101761",NA,"2301","209","2092","0.09083007388092133","0.043066393136617843","92067.14821512878",,
1259,"06075012301","075",Census Tract 123.01,25625.000000000000000,13733.000000000000000,"38001",San Francisco,San Francisco County,San Francisco,"0667000",City,City of San Francisco,2411786,San Francisco,"Census Tract 123.01; San Francisco County; California","2024","1924","535","167","483","641","0.27806652806652804","0.0867983367983368","0.251039501039501","0.33316008316008316","0.721933471933472","23385",NA,"1190","36","1154","0.030252100840336135","0.035518609961864456","54168.786505602446",,
290,"06075012502","075",Census Tract 125.02,21653.000000000000000,10376.000000000000000,"38001",San Francisco,San Francisco County,San Francisco,"0667000",City,City of San Francisco,2411786,San Francisco,"Census Tract 125.02; San Francisco County; California","2024","4517","911","616","1371","1232","0.20168253265441666","0.13637369935798097","0.3035200354217401","0.27274739871596193","0.7983174673455833","18217",NA,"2250","0","2250","0","0.023712036020505783","190493.97513118535",,
1043,"06075012503","075",Census Tract 125.03,39133.000000000000000,23341.000000000000000,"38001",San Francisco,San Francisco County,San Francisco,"0667000",City,City of San Francisco,2411786,San Francisco,"Census Tract 125.03; San Francisco County; California","2024","4772","696","391","1956","1541","0.14585079631181894","0.08193629505448449","0.4098910310142498","0.3229253981559095","0.854149203688181","50696",NA,"2224","45","2179","0.020233812949640287","0.045689779635795666","104443.4890699577",,
1372,"06075022902","075",Census Tract 229.02,190875.000000000000000,41490.000000000000000,"38001",San Francisco,San Francisco County,San Francisco,"0667000",City,City of San Francisco,2411786,San Francisco,"Census Tract 229.02; San Francisco County; California","2024","1891","568","139","322","666","0.3003701745108408","0.07350608143839238","0.17028027498677947","0.35219460602855635","0.6996298254891592","205583","1319400","725","317","408","0.43724137931034485","0.06262810936841294","30194.109626974358",,
1373,"06075022903","075",Census Tract 229.03,209659.000000000000000,94906.000000000000000,"38001",San Francisco,San Francisco County,San Francisco,"0667000",City,City of San Francisco,2411786,San Francisco,"Census Tract 229.03; San Francisco County; California","2024","2798","1226","85","408","664","0.4381701215153681","0.030378842030021443","0.14581844174410294","0.23731236597569694","0.5618298784846318","189875","1260400","1139","481","658","0.42230026338893767","0.11825888332329892","23659.95620261999",,
1417,"06075017700","075",Census Tract 177,156806.000000000000000,32446.000000000000000,"38001",San Francisco,San Francisco County,San Francisco,"0667000",City,City of San Francisco,2411786,San Francisco,"Census Tract 177; San Francisco County; California","2024","2946","884","55","827","1070","0.3000678886625934","0.0186693822131704","0.2807196198234895","0.36320434487440595","0.6999321113374066","124679","1206100","1296","287","1009","0.22145061728395063","0.344235365321138","8558.098024738596",,
550,"06075015500","075",Census Tract 155,92829.000000000000000,37418.000000000000000,"38001",San Francisco,San Francisco County,San Francisco,"0667000",City,City of San Francisco,2411786,San Francisco,"Census Tract 155; San Francisco County; California","2024","4011","1757","137","1575","450","0.43804537521815007","0.03415607080528547","0.39267015706806285","0.11219147344801796","0.5619546247818499","95841","1351900","2209","192","2017","0.0869171570846537","0.12141451859790615","33035.58788783248",,
228,"06075012202","075",Census Tract 122.02,50583.000000000000000,21523.000000000000000,"38001",San Francisco,San Francisco County,San Francisco,"0667000",City,City of San Francisco,2411786,San Francisco,"Census Tract 122.02; San Francisco County; California","2024","2915","1044","373","766","504","0.358147512864494","0.12795883361921098","0.262778730703259","0.17289879931389365","0.641852487135506","57897","1849700","1374","149","1225","0.10844250363901019","0.03655216691022573","79749.0339535659",,
1151,"06075012203","075",Census Tract 122.03,33750.000000000000000,29266.000000000000000,"38001",San Francisco,San Francisco County,San Francisco,"0667000",City,City of San Francisco,2411786,San Francisco,"Census Tract 122.03; San Francisco County; California","2024","1524","612","98","371","280","0.4015748031496063","0.06430446194225722","0.24343832020997375","0.1837270341207349","0.5984251968503937","23440",NA,"1058","0","1058","0","0.017747857215829395","85869.5211183431",,
1139,"06075012204","075",Census Tract 122.04,62704.000000000000000,14148.000000000000000,"38001",San Francisco,San Francisco County,San Francisco,"0667000",City,City of San Francisco,2411786,San Francisco,"Census Tract 122.04; San Francisco County; California","2024","2571","988","0","823","511","0.3842862699338779","0","0.32010890704006223","0.19875534811357448","0.6157137300661222","64707","383800","1519","119","1400","0.07834101382488479","0.017785628516506762","144554.91396403936",,
536,"06075015100","075",Census Tract 151,170583.000000000000000,24058.000000000000000,"38001",San Francisco,San Francisco County,San Francisco,"0667000",City,City of San Francisco,2411786,San Francisco,"Census Tract 151; San Francisco County; California","2024","2641","1229","144","939","138","0.46535403256342295","0.05452480121166225","0.3555471412343809","0.052252934494509656","0.5346459674365771","159921","973400","1566","548","1018","0.3499361430395913","0.06630371725068906","39831.8542234154",,
496,"06075015300","075",Census Tract 153,176090.000000000000000,50695.000000000000000,"38001",San Francisco,San Francisco County,San Francisco,"0667000",City,City of San Francisco,2411786,San Francisco,"Census Tract 153; San Francisco County; California","2024","2377","1546","185","211","302","0.6503996634413126","0.07782919646613379","0.08876735380732015","0.12705090450147244","0.3496003365586874","214688","1421500","1062","433","629","0.4077212806026365","0.09023000000522087","26343.78809556093",,
1140,"06075015202","075",Census Tract 152.02,146250.000000000000000,65769.000000000000000,"38001",San Francisco,San Francisco County,San Francisco,"0667000",City,City of San Francisco,2411786,San Francisco,"Census Tract 152.02; San Francisco County; California","2024","2413","1212","404","577","127","0.5022793203481144","0.16742644011603813","0.23912142561127228","0.05263157894736842","0.4977206796518856","156713","1688700","1123","523","600","0.4657168299198575","0.07188417898468155","33567.887038317676",,
1146,"06075012002","075",Census Tract 120.02,53125.000000000000000,13166.000000000000000,"38001",San Francisco,San Francisco County,San Francisco,"0667000",City,City of San Francisco,2411786,San Francisco,"Census Tract 120.02; San Francisco County; California","2024","2126","457","159","574","667","0.2149576669802446","0.07478833490122296","0.2699905926622766","0.31373471307619943","0.7850423330197553","72549","1888200","1363","168","1195","0.12325752017608217","0.02405342137774014","88386.59443132166",,
1142,"06075015201","075",Census Tract 152.01,92254.000000000000000,44801.000000000000000,"38001",San Francisco,San Francisco County,San Francisco,"0667000",City,City of San Francisco,2411786,San Francisco,"Census Tract 152.01; San Francisco County; California","2024","1615","773","173","506","90","0.4786377708978328","0.10712074303405572","0.31331269349845203","0.05572755417956656","0.5213622291021671","91420","1541700","1063","151","912","0.14205079962370648","0.03592386059447922","44956.19271633053",,
1107,"06075012001","075",Census Tract 120.01,87796.000000000000000,22896.000000000000000,"38001",San Francisco,San Francisco County,San Francisco,"0667000",City,City of San Francisco,2411786,San Francisco,"Census Tract 120.01; San Francisco County; California","2024","1746","607","21","330","371","0.347651775486827","0.012027491408934709","0.18900343642611683","0.2124856815578465","0.652348224513173","80300","1586800","1002","47","955","0.046906187624750496","0.024267698351800097","71947.49063915604",,
1153,"06075013401","075",Census Tract 134.01,197581.000000000000000,55322.000000000000000,"38001",San Francisco,San Francisco County,San Francisco,"0667000",City,City of San Francisco,2411786,San Francisco,"Census Tract 134.01; San Francisco County; California","2024","1390","908","3","159","81","0.6532374100719425","0.002158273381294964","0.11438848920863309","0.05827338129496403","0.34676258992805753","212593","2000001","874","234","640","0.26773455377574373","0.06869286166376588","20234.999188179074",,
1145,"06075011102","075",Census Tract 111.02,92000.000000000000000,35706.000000000000000,"38001",San Francisco,San Francisco County,San Francisco,"0667000",City,City of San Francisco,2411786,San Francisco,"Census Tract 111.02; San Francisco County; California","2024","2207","743","231","729","357","0.33665609424558224","0.10466696873584051","0.33031264159492524","0.1617580425917535","0.6633439057544177","104966","975000","1321","119","1202","0.09008327024981075","0.04871210636265691","45307.01225623665",,
497,"06075013500","075",Census Tract 135,175118.000000000000000,38867.000000000000000,"38001",San Francisco,San Francisco County,San Francisco,"0667000",City,City of San Francisco,2411786,San Francisco,"Census Tract 135; San Francisco County; California","2024","2807","1995","0","266","401","0.7107231920199502","0","0.09476309226932668","0.14285714285714285","0.28927680798004984","179194","2000001","1718","514","1204","0.2991850989522701","0.09080542846070207","30912.24883339202",,
233,"06075013102","075",Census Tract 131.02,242969.000000000000000,80413.000000000000000,"38001",San Francisco,San Francisco County,San Francisco,"0667000",City,City of San Francisco,2411786,San Francisco,"Census Tract 131.02; San Francisco County; California","2024","2550","1534","101","317","419","0.6015686274509804","0.0396078431372549","0.12431372549019608","0.16431372549019607","0.3984313725490196","250001","2000001","1482","411","1071","0.2773279352226721","0.09187717716305815","27754.444343391304",,
232,"06075013101","075",Census Tract 131.01,219107.000000000000000,37009.000000000000000,"38001",San Francisco,San Francisco County,San Francisco,"0667000",City,City of San Francisco,2411786,San Francisco,"Census Tract 131.01; San Francisco County; California","2024","3768","2056","48","1254","270","0.5456475583864119","0.012738853503184714","0.3328025477707006","0.07165605095541401","0.4543524416135881","197014","1301600","2233","508","1725","0.22749664128974473","0.06689697686947782","56325.415232914274",,
533,"06075013200","075",Census Tract 132,201464.000000000000000,26063.000000000000000,"38001",San Francisco,San Francisco County,San Francisco,"0667000",City,City of San Francisco,2411786,San Francisco,"Census Tract 132; San Francisco County; California","2024","3481","2412","1","540","195","0.6929043378339558","2.872737719046251e-4","0.15512783682849757","0.0560183855214019","0.3070956621660442","164375","2000001","2224","891","1333","0.4006294964028777","0.21402393952493903","16264.535676367073",,
1144,"06075011001","075",Census Tract 110.01,114137.000000000000000,24044.000000000000000,"38001",San Francisco,San Francisco County,San Francisco,"0667000",City,City of San Francisco,2411786,San Francisco,"Census Tract 110.01; San Francisco County; California","2024","2402","1428","90","696","142","0.5945045795170691","0.03746877601998335","0.28975853455453787","0.059117402164862616","0.40549542048293086","129423","1115800","1418","241","1177","0.16995768688293372","0.04555370427786326","52728.972057871644",,
1150,"06075011002","075",Census Tract 110.02,,,"38001",San Francisco,San Francisco County,San Francisco,"0667000",City,City of San Francisco,2411786,San Francisco,"Census Tract 110.02; San Francisco County; California","2024","1992","897","0","620","303","0.4503012048192771","0","0.3112449799196787","0.15210843373493976","0.5496987951807228","157980","1177400","1204","417","787","0.34634551495016613","0.04683183353203043","42535.16998512518",,
1154,"06075013402","075",Census Tract 134.02,213607.000000000000000,40305.000000000000000,"38001",San Francisco,San Francisco County,San Francisco,"0667000",City,City of San Francisco,2411786,San Francisco,"Census Tract 134.02; San Francisco County; California","2024","2420","1429","100","668","121","0.5904958677685951","0.04132231404958678","0.27603305785123966","0.05","0.4095041322314049","175201","2000001","1201","275","926","0.2289758534554538","0.06807111802673017","35551.05410564454",,
1163,"06075011101","075",Census Tract 111.01,116897.000000000000000,19673.000000000000000,"38001",San Francisco,San Francisco County,San Francisco,"0667000",City,City of San Francisco,2411786,San Francisco,"Census Tract 111.01; San Francisco County; California","2024","2477","1083","76","1082","152","0.43722244650787245","0.03068227694792087","0.43681873233750507","0.06136455389584174","0.5627775534921275","93056","985200","1448","159","1289","0.10980662983425414","0.04668539618369062","53057.277060558205",,
709,"06075030102","075",Census Tract 301.02,209167.000000000000000,26995.000000000000000,"38001",San Francisco,San Francisco County,San Francisco,"0667000",City,City of San Francisco,2411786,San Francisco,"Census Tract 301.02; San Francisco County; California","2024","5120","2544","224","1418","453","0.496875","0.04375","0.276953125","0.0884765625","0.503125","208712","1854800","2080","983","1097","0.47259615384615383","0.497068795642379","10300.385067188234",,
716,"06075030600","075",Census Tract 306,229297.000000000000000,20234.000000000000000,"38001",San Francisco,San Francisco County,San Francisco,"0667000",City,City of San Francisco,2411786,San Francisco,"Census Tract 306; San Francisco County; California","2024","2258","1140","27","605","184","0.5048715677590788","0.011957484499557131","0.2679362267493357","0.08148804251550044","0.4951284322409212","247500","2000001","888","783","105","0.8817567567567568","0.1980887339925602","11398.931955841597",,
715,"06075030500","075",Census Tract 305,174797.000000000000000,51359.000000000000000,"38001",San Francisco,San Francisco County,San Francisco,"0667000",City,City of San Francisco,2411786,San Francisco,"Census Tract 305; San Francisco County; California","2024","3641","1610","312","924","618","0.44218621257896185","0.08569074430101621","0.2537764350453172","0.1697335896731667","0.5578137874210382","177361","1512200","1019","734","285","0.7203140333660452","0.42807475274912005","8505.523805403833",,
717,"06075030700","075",Census Tract 307,183388.000000000000000,47872.000000000000000,"38001",San Francisco,San Francisco County,San Francisco,"0667000",City,City of San Francisco,2411786,San Francisco,"Census Tract 307; San Francisco County; California","2024","6624","3205","24","2198","853","0.48384661835748793","0.0036231884057971015","0.3318236714975845","0.12877415458937197","0.5161533816425121","185104","1669500","2751","2435","316","0.8851326790258088","0.5604408691158116","11819.266518607858",,
443,"06075013300","075",Census Tract 133,173851.000000000000000,34096.000000000000000,"38001",San Francisco,San Francisco County,San Francisco,"0667000",City,City of San Francisco,2411786,San Francisco,"Census Tract 133; San Francisco County; California","2024","3952","2592","64","901","195","0.6558704453441295","0.016194331983805668","0.22798582995951416","0.049342105263157895","0.3441295546558705","176250","2000001","1958","802","1156","0.40960163432073543","0.2238259052719101","17656.579988804235",,
1086,"06075015402","075",Census Tract 154.02,231313.000000000000000,52283.000000000000000,"38001",San Francisco,San Francisco County,San Francisco,"0667000",City,City of San Francisco,2411786,San Francisco,"Census Tract 154.02; San Francisco County; California","2024","2688","1640","40","398","523","0.6101190476190477","0.01488095238095238","0.1480654761904762","0.19456845238095238","0.38988095238095233","171960","2000001","1359","325","1034","0.23914643119941134","0.1290686541058684","20826.125588906903",,
1137,"06075015401","075",Census Tract 154.01,133925.000000000000000,26840.000000000000000,"38001",San Francisco,San Francisco County,San Francisco,"0667000",City,City of San Francisco,2411786,San Francisco,"Census Tract 154.01; San Francisco County; California","2024","3205","1642","28","1098","278","0.5123244929797192","0.00873634945397816","0.3425897035881435","0.08673946957878315","0.48767550702028084","165833","1236600","1732","561","1171","0.32390300230946883","0.15081115865577371","21251.743097574155",,
551,"06075015600","075",Census Tract 156,99028.000000000000000,33880.000000000000000,"38001",San Francisco,San Francisco County,San Francisco,"0667000",City,City of San Francisco,2411786,San Francisco,"Census Tract 156; San Francisco County; California","2024","2964","1180","151","1151","218","0.398110661268556","0.050944669365722","0.3883265856950067","0.07354925775978408","0.601889338731444","92963","1127400","1418","388","1030","0.2736248236953456","0.11348292437651443","26118.466864371774",,
1085,"06075015701","075",Census Tract 157.01,148542.000000000000000,40798.000000000000000,"38001",San Francisco,San Francisco County,San Francisco,"0667000",City,City of San Francisco,2411786,San Francisco,"Census Tract 157.01; San Francisco County; California","2024","4777","2323","141","1334","630","0.4862884655641616","0.029516432907682646","0.2792547624031819","0.13188193426836928","0.5137115344358384","182353","2000001","1230","420","810","0.34146341463414637","0.18384290024570574","25984.1418603359",,
495,"06075016500","075",Census Tract 165,177159.000000000000000,36907.000000000000000,"38001",San Francisco,San Francisco County,San Francisco,"0667000",City,City of San Francisco,2411786,San Francisco,"Census Tract 165; San Francisco County; California","2024","5206","3360","241","358","723","0.6454091432961967","0.04629273914713792","0.06876680752977334","0.13887821744141376","0.3545908567038033","153096","1537400","2259","731","1528","0.3235945108455069","0.14233236513494668","36576.36121667859",,
1088,"06075016602","075",Census Tract 166.02,207640.000000000000000,28297.000000000000000,"38001",San Francisco,San Francisco County,San Francisco,"0667000",City,City of San Francisco,2411786,San Francisco,"Census Tract 166.02; San Francisco County; California","2024","1912","1237","166","89","226","0.6469665271966527","0.08682008368200837","0.04654811715481171","0.11820083682008369","0.3530334728033473","223877","1905000","1048","247","801","0.23568702290076335","0.05273659049862974","36255.661997141804",,
224,"06075017102","075",Census Tract 171.02,171205.000000000000000,32468.000000000000000,"38001",San Francisco,San Francisco County,San Francisco,"0667000",City,City of San Francisco,2411786,San Francisco,"Census Tract 171.02; San Francisco County; California","2024","3165","2216","39","283","412","0.7001579778830964","0.012322274881516588","0.08941548183254344","0.130173775671406","0.2998420221169036","173594","1614800","1509","516","993","0.341948310139165","0.11308197833714309","27988.544651773384",,
532,"06075012700","075",Census Tract 127,236158.000000000000000,52772.000000000000000,"38001",San Francisco,San Francisco County,San Francisco,"0667000",City,City of San Francisco,2411786,San Francisco,"Census Tract 127; San Francisco County; California","2024","4027","3342","35","251","207","0.8298981872361559","0.008691333498882544","0.06232927737770052","0.0514030295505339","0.17010181276384406","234886","2000001","1996","713","1283","0.3572144288577154","0.16768434246993089","24015.360889894182",,
271,"06075017101","075",Census Tract 171.01,199676.000000000000000,26515.000000000000000,"38001",San Francisco,San Francisco County,San Francisco,"0667000",City,City of San Francisco,2411786,San Francisco,"Census Tract 171.01; San Francisco County; California","2024","4003","2595","36","517","278","0.6482638021483887","0.008993255058705971","0.12915313514863852","0.06944791406445167","0.35173619785161125","201944","2000001","1710","552","1158","0.32280701754385965","0.11843642734876299","33798.722990961694",,
1089,"06075016601","075",Census Tract 166.01,158854.000000000000000,55528.000000000000000,"38001",San Francisco,San Francisco County,San Francisco,"0667000",City,City of San Francisco,2411786,San Francisco,"Census Tract 166.01; San Francisco County; California","2024","2836","2030","110","403","123","0.7157968970380818","0.038787023977433006","0.1421015514809591","0.043370944992947816","0.2842031029619182","134211","1283700","1469","277","1192","0.18856364874063988","0.07842135951672914","36163.61687015913",,
703,"06075020401","075",Census Tract 204.01,157237.000000000000000,24433.000000000000000,"38001",San Francisco,San Francisco County,San Francisco,"0667000",City,City of San Francisco,2411786,San Francisco,"Census Tract 204.01; San Francisco County; California","2024","3400","2154","69","529","332","0.6335294117647059","0.020294117647058824","0.15558823529411764","0.0976470588235294","0.3664705882352941","196667","1662600","1678","797","881","0.47497020262216927","0.124412222604181","27328.504618208946",,
1087,"06075015702","075",Census Tract 157.02,209803.000000000000000,61458.000000000000000,"38001",San Francisco,San Francisco County,San Francisco,"0667000",City,City of San Francisco,2411786,San Francisco,"Census Tract 157.02; San Francisco County; California","2024","3080","1655","65","458","287","0.5373376623376623","0.021103896103896104","0.1487012987012987","0.09318181818181819","0.46266233766233766","216071","1416700","1386","588","798","0.42424242424242425","0.1395396958716023","22072.572114777053",,
708,"06075030101","075",Census Tract 301.01,144753.000000000000000,9578.000000000000000,"38001",San Francisco,San Francisco County,San Francisco,"0667000",City,City of San Francisco,2411786,San Francisco,"Census Tract 301.01; San Francisco County; California","2024","4389","1884","93","1477","478","0.42925495557074506","0.021189336978810664","0.3365231259968102","0.1089086352244247","0.570745044429255","156156","1647800","2115","527","1588","0.2491725768321513","0.13327405146979746","32932.14209065022",,
1130,"06075035101","075",Census Tract 351.01,98580.000000000000000,28519.000000000000000,"38001",San Francisco,San Francisco County,San Francisco,"0667000",City,City of San Francisco,2411786,San Francisco,"Census Tract 351.01; San Francisco County; California","2024","3748","1722","101","1422","342","0.4594450373532551","0.02694770544290288","0.37940234791889005","0.0912486659551761","0.540554962646745","136176","1289900","1452","661","791","0.45523415977961434","0.14774333627507177","25368.31842636809",,
1254,"06075032601","075",Census Tract 326.01,145903.000000000000000,23243.000000000000000,"38001",San Francisco,San Francisco County,San Francisco,"0667000",City,City of San Francisco,2411786,San Francisco,"Census Tract 326.01; San Francisco County; California","2024","4338","1487","41","1913","624","0.34278469340710005","0.009451360073766712","0.44098662978331027","0.14384508990318118","0.6572153065929","154444","1460200","1774","763","1011","0.4301014656144307","0.16129269802471097","26895.20389407457",,
710,"06075030201","075",Census Tract 302.01,127009.000000000000000,30228.000000000000000,"38001",San Francisco,San Francisco County,San Francisco,"0667000",City,City of San Francisco,2411786,San Francisco,"Census Tract 302.01; San Francisco County; California","2024","3841","1892","25","1036","714","0.49258005727675086","0.006508721687060661","0.2697214267117938","0.1858890913824525","0.5074199427232491","109659","1484200","1922","528","1394","0.27471383975026015","0.1392786203966451","27577.814807910898",,
472,"06075030202","075",Census Tract 302.02,153412.000000000000000,35009.000000000000000,"38001",San Francisco,San Francisco County,San Francisco,"0667000",City,City of San Francisco,2411786,San Francisco,"Census Tract 302.02; San Francisco County; California","2024","4082","1918","65","1341","276","0.46986771190592846","0.01592356687898089","0.328515433610975","0.06761391474767271","0.5301322880940715","122697","1270800","2041","471","1570","0.23076923076923078","0.1377077188589283","29642.49232958188",,
288,"06075980300","075",Census Tract 9803,,,"38001",San Francisco,San Francisco County,San Francisco,"0667000",City,City of San Francisco,2411786,San Francisco,"Census Tract 9803; San Francisco County; California","2024","58","34","0","8","11","0.5862068965517241","0","0.13793103448275862","0.1896551724137931","0.4137931034482759","107188",NA,"46","0","46","0","1.713716073089234","33.84457957230113",,
1125,"06075047904","075",Census Tract 479.04,84880.000000000000000,30787.000000000000000,"38001",San Francisco,San Francisco County,San Francisco,"0667000",City,City of San Francisco,2411786,San Francisco,"Census Tract 479.04; San Francisco County; California","2024","3077","1550","93","867","243","0.5037374065648359","0.030224244393890154","0.281767955801105","0.07897302567435814","0.4962625934351641","105577","1631000","1380","695","685","0.5036231884057971","0.2844829995377299","10816.112052389652",,
1258,"06075047802","075",Census Tract 478.02,125682.000000000000000,13514.000000000000000,"38001",San Francisco,San Francisco County,San Francisco,"0667000",City,City of San Francisco,2411786,San Francisco,"Census Tract 478.02; San Francisco County; California","2024","3581","1355","15","1542","558","0.37838592571907287","0.004188774085450991","0.4306059759843619","0.15582239597877687","0.6216140742809271","129415","1540000","1418","685","733","0.4830747531734838","0.1310707502006794","27321.122329102516",,
286,"06075047801","075",Census Tract 478.01,163178.000000000000000,27295.000000000000000,"38001",San Francisco,San Francisco County,San Francisco,"0667000",City,City of San Francisco,2411786,San Francisco,"Census Tract 478.01; San Francisco County; California","2024","4132","1570","47","1987","348","0.3799612778315586","0.011374636979670862","0.4808809293320426","0.08422071636011616","0.6200387221684414","172375","1656400","1732","891","841","0.5144341801385681","0.1839167432399474","22466.687519630428",,
441,"06075047702","075",Census Tract 477.02,114892.000000000000000,17552.000000000000000,"38001",San Francisco,San Francisco County,San Francisco,"0667000",City,City of San Francisco,2411786,San Francisco,"Census Tract 477.02; San Francisco County; California","2024","3135","1317","1","1450","166","0.4200956937799043","3.189792663476874e-4","0.4625199362041467","0.05295055821371611","0.5799043062200957","112500","1558500","1552","608","944","0.3917525773195876","0.13621922748564494","23014.37218420852",,
1052,"06075045201","075",Census Tract 452.01,139659.000000000000000,68743.000000000000000,"38001",San Francisco,San Francisco County,San Francisco,"0667000",City,City of San Francisco,2411786,San Francisco,"Census Tract 452.01; San Francisco County; California","2024","3045","1210","130","1194","286","0.3973727422003284","0.042692939244663386","0.3921182266009852","0.09392446633825945","0.6026272577996716","166944","1690300","1324","674","650","0.5090634441087614","0.1367782881909629","22262.305226021876",,
1129,"06075047903","075",Census Tract 479.03,147768.000000000000000,30841.000000000000000,"38001",San Francisco,San Francisco County,San Francisco,"0667000",City,City of San Francisco,2411786,San Francisco,"Census Tract 479.03; San Francisco County; California","2024","3348","1781","28","1143","201","0.5319593787335722","0.008363201911589008","0.34139784946236557","0.06003584229390681","0.46804062126642776","144766","1545500","1405","897","508","0.6384341637010676","0.15140743891868927","22112.519859727534",,
1133,"06075045202","075",Census Tract 452.02,154375.000000000000000,55571.000000000000000,"38001",San Francisco,San Francisco County,San Francisco,"0667000",City,City of San Francisco,2411786,San Francisco,"Census Tract 452.02; San Francisco County; California","2024","3332","1428","37","1230","358","0.42857142857142855","0.011104441776710685","0.36914765906362546","0.10744297719087635","0.5714285714285714","133977","1708300","1489","425","1064","0.28542646071188715","0.0919229897267613","36247.73312861432",,
494,"06075045100","075",Census Tract 451,190389.000000000000000,48005.000000000000000,"38001",San Francisco,San Francisco County,San Francisco,"0667000",City,City of San Francisco,2411786,San Francisco,"Census Tract 451; San Francisco County; California","2024","4713","2481","5","1299","529","0.5264162953532782","0.0010608953957139827","0.27562062380649266","0.11224273286653937","0.47358370464672184","211111","1752400","1904","482","1422","0.25315126050420167","0.14834935656159426","31769.601899440495",,
284,"06075042601","075",Census Tract 426.01,124324.000000000000000,14834.000000000000000,"38001",San Francisco,San Francisco County,San Francisco,"0667000",City,City of San Francisco,2411786,San Francisco,"Census Tract 426.01; San Francisco County; California","2024","4342","1867","26","1550","438","0.42998618148318746","0.005988023952095809","0.35697835099032704","0.10087517273146016","0.5700138185168125","138646","2000001","1735","466","1269","0.2685878962536023","0.11326436648662257","38335.09279825288",,
285,"06075042602","075",Census Tract 426.02,155750.000000000000000,24419.000000000000000,"38001",San Francisco,San Francisco County,San Francisco,"0667000",City,City of San Francisco,2411786,San Francisco,"Census Tract 426.02; San Francisco County; California","2024","3202","1468","20","1156","395","0.4584634603372892","0.006246096189881324","0.3610243597751405","0.12336039975015615","0.5415365396627108","156726","1712500","1367","495","872","0.3621068032187271","0.1282008599851194","24976.431518257086",,
291,"06075980200","075",Census Tract 9802,,,"38001",San Francisco,San Francisco County,San Francisco,"0667000",City,City of San Francisco,2411786,San Francisco,"Census Tract 9802; San Francisco County; California","2024","160","22","47","30","30","0.1375","0.29375","0.1875","0.1875","0.8625",NA,NA,"0","0","0",NA,"0.3844684212268571","416.15901636194815",,
1333,"06075040100","075",Census Tract 401,136429.000000000000000,27800.000000000000000,"38001",San Francisco,San Francisco County,San Francisco,"0667000",City,City of San Francisco,2411786,San Francisco,"Census Tract 401; San Francisco County; California","2024","4315","1896","8","1518","470","0.43939745075318654","0.0018539976825028969","0.35179606025492466","0.10892236384704519","0.5606025492468134","175144","1669600","1742","709","1033","0.40700344431687713","0.16205656775124802","26626.504928966508",,
1334,"06075040200","075",Census Tract 402,184617.000000000000000,52422.000000000000000,"38001",San Francisco,San Francisco County,San Francisco,"0667000",City,City of San Francisco,2411786,San Francisco,"Census Tract 402; San Francisco County; California","2024","4719","2372","51","1551","406","0.5026488662852299","0.01080737444373808","0.32867132867132864","0.08603517694426785","0.49735113371477013","187679","2000001","2213","716","1497","0.3235427022141889","0.2056927963061855","22941.97990762641",,
1335,"06075042700","075",Census Tract 427,104414.000000000000000,30689.000000000000000,"38001",San Francisco,San Francisco County,San Francisco,"0667000",City,City of San Francisco,2411786,San Francisco,"Census Tract 427; San Francisco County; California","2024","5134","1520","263","2406","563","0.2960654460459681","0.05122711336190105","0.4686404363069731","0.10966108297623685","0.7039345539540319","102584","1461900","2707","590","2117","0.21795345400812707","0.1582319079843267","32446.04748435781",,
1336,"06075042800","075",Census Tract 428,250001.000000000000000,,"38001",San Francisco,San Francisco County,San Francisco,"0667000",City,City of San Francisco,2411786,San Francisco,"Census Tract 428; San Francisco County; California","2024","2471","1562","31","551","169","0.632132739781465","0.01254552812626467","0.22298664508296237","0.06839336301092674","0.367867260218535","250001","2000001","959","734","225","0.7653806047966631","0.22525437828998537","10969.820070795306",,
1337,"06075047600","075",Census Tract 476,169563.000000000000000,38204.000000000000000,"38001",San Francisco,San Francisco County,San Francisco,"0667000",City,City of San Francisco,2411786,San Francisco,"Census Tract 476; San Francisco County; California","2024","5098","1821","78","2370","282","0.35719890153001177","0.015300117693213025","0.4648881914476265","0.05531581012161632","0.6428010984699882","180000","1203000","2230","1024","1206","0.45919282511210763","0.20520457339963252","24843.50088080995",,
1340,"06075047701","075",Census Tract 477.01,125658.000000000000000,39388.000000000000000,"38001",San Francisco,San Francisco County,San Francisco,"0667000",City,City of San Francisco,2411786,San Francisco,"Census Tract 477.01; San Francisco County; California","2024","4724","1327","38","2278","718","0.2809060118543607","0.008044030482641828","0.48221845893310755","0.15198983911939035","0.7190939881456393","121923","1546400","2002","926","1076","0.46253746253746253","0.14092237077699865","33522.00203525849",,
1341,"06075060100","075",Census Tract 601,236445.000000000000000,20396.000000000000000,"38001",San Francisco,San Francisco County,San Francisco,"0667000",City,City of San Francisco,2411786,San Francisco,"Census Tract 601; San Francisco County; California","2024","3901","2193","57","196","867","0.5621635478082543","0.014611638041527814","0.05024352730069213","0.22225070494744936","0.4378364521917457","219750",NA,"1346","9","1337","0.006686478454680535","2.3230244508969715","1679.2763410190266",,
1344,"06075047902","075",Census Tract 479.02,126944.000000000000000,58029.000000000000000,"38001",San Francisco,San Francisco County,San Francisco,"0667000",City,City of San Francisco,2411786,San Francisco,"Census Tract 479.02; San Francisco County; California","2024","3236","1398","0","1083","521","0.4320148331273177","0","0.334672435105068","0.16100123609394315","0.5679851668726823","125750","1562500","1514","774","740","0.5112285336856011","0.15877584190813027","20380.934285156498",,
500,"06075018000","075",Census Tract 180,183507.000000000000000,31969.000000000000000,"38001",San Francisco,San Francisco County,San Francisco,"0667000",City,City of San Francisco,2411786,San Francisco,"Census Tract 180; San Francisco County; California","2024","3492","1092","235","1029","924","0.3127147766323024","0.06729667812142039","0.29467353951890035","0.2646048109965636","0.6872852233676976","212439","1085600","1648","320","1328","0.1941747572815534","0.36439103118212585","9583.111825424341",,
227,"06075011902","075",Census Tract 119.02,81995.000000000000000,14042.000000000000000,"38001",San Francisco,San Francisco County,San Francisco,"0667000",City,City of San Francisco,2411786,San Francisco,"Census Tract 119.02; San Francisco County; California","2024","3032","1074","54","1174","529","0.35422163588390504","0.017810026385224276","0.3872031662269129","0.17447229551451188","0.645778364116095","75625","778600","1745","120","1625","0.06876790830945559","0.03594403206445564","84353.3634335444",,
1044,"06075017804","075",Census Tract 178.04,124674.000000000000000,23390.000000000000000,"38001",San Francisco,San Francisco County,San Francisco,"0667000",City,City of San Francisco,2411786,San Francisco,"Census Tract 178.04; San Francisco County; California","2024","4380","1555","359","1561","709","0.3550228310502283","0.0819634703196347","0.35639269406392693","0.16187214611872147","0.6449771689497716","134264","961900","2322","854","1468","0.367786391042205","0.12362797667581128","35428.873931065304",,
1046,"06075017602","075",Census Tract 176.02,69671.000000000000000,42665.000000000000000,"38001",San Francisco,San Francisco County,San Francisco,"0667000",City,City of San Francisco,2411786,San Francisco,"Census Tract 176.02; San Francisco County; California","2024","3560","979","639","1480","211","0.275","0.17949438202247192","0.4157303370786517","0.05926966292134832","0.725",NA,"864100","1546","161","1385","0.10413971539456662","0.10479930294509114","33969.691591033166",,
1339,"06075025100","075",Census Tract 251,131801.000000000000000,31645.000000000000000,"38001",San Francisco,San Francisco County,San Francisco,"0667000",City,City of San Francisco,2411786,San Francisco,"Census Tract 251; San Francisco County; California","2024","3504","1875","55","716","658","0.5351027397260274","0.01569634703196347","0.204337899543379","0.1877853881278539","0.4648972602739726","165759","1597200","1319","791","528","0.599696739954511","0.21447506601759753","16337.563452305916",,
275,"06075025702","075",Census Tract 257.02,91513.000000000000000,17409.000000000000000,"38001",San Francisco,San Francisco County,San Francisco,"0667000",City,City of San Francisco,2411786,San Francisco,"Census Tract 257.02; San Francisco County; California","2024","4545","347","2","2923","1099","0.07634763476347635","4.4004400440044003e-4","0.6431243124312431","0.2418041804180418","0.9236523652365236","125473","1113500","1150","777","373","0.6756521739130434","0.20398754615134426","22280.771967460863",,
513,"06075011700","075",Census Tract 117,93500.000000000000000,35927.000000000000000,"38001",San Francisco,San Francisco County,San Francisco,"0667000",City,City of San Francisco,2411786,San Francisco,"Census Tract 117; San Francisco County; California","2024","1914","855","27","568","335","0.44670846394984326","0.014106583072100314","0.296760710553814","0.17502612330198536","0.5532915360501567","51464","1182500","1105","194","911","0.1755656108597285","0.21261531829620609","9002.173574970273",,
1371,"06075022802","075",Census Tract 228.02,131042.000000000000000,65952.000000000000000,"38001",San Francisco,San Francisco County,San Francisco,"0667000",City,City of San Francisco,2411786,San Francisco,"Census Tract 228.02; San Francisco County; California","2024","2103","1003","105","267","624","0.47693770803613883","0.04992867332382311","0.12696148359486448","0.2967189728958631","0.5230622919638612","107083","1166200","754","386","368","0.5119363395225465","0.1143103065211369","18397.29123297503",,
514,"06075011800","075",Census Tract 118,41471.000000000000000,4031.000000000000000,"38001",San Francisco,San Francisco County,San Francisco,"0667000",City,City of San Francisco,2411786,San Francisco,"Census Tract 118; San Francisco County; California","2024","1376","84","20","1098","76","0.061046511627906974","0.014534883720930232","0.7979651162790697","0.055232558139534885","0.938953488372093","43487",NA,"654","9","645","0.013761467889908258","0.021848049938796684","62980.44923252246",,
1190,"06075980900","075",Census Tract 9809,,,"38001",San Francisco,San Francisco County,San Francisco,"0667000",City,City of San Francisco,2411786,San Francisco,"Census Tract 9809; San Francisco County; California","2024","439","80","60","241","23","0.18223234624145787","0.1366742596810934","0.5489749430523918","0.05239179954441914","0.8177676537585421",NA,NA,"238","23","215","0.09663865546218488","1.4421016840369603","304.4168139177824",,
273,"06075022704","075",Census Tract 227.04,250001.000000000000000,,"38001",San Francisco,San Francisco County,San Francisco,"0667000",City,City of San Francisco,2411786,San Francisco,"Census Tract 227.04; San Francisco County; California","2024","4026","1946","108","1037","493","0.48335817188276203","0.026825633383010434","0.25757575757575757","0.12245404868355687","0.516641828117238","250001","1675800","1855","958","897","0.5164420485175202","0.20852884794017407","19306.68125666258",,
1127,"06075061501","075",Census Tract 615.01,239147.000000000000000,77197.000000000000000,"38001",San Francisco,San Francisco County,San Francisco,"0667000",City,City of San Francisco,2411786,San Francisco,"Census Tract 615.01; San Francisco County; California","2024","1862","686","36","775","288","0.3684210526315789","0.01933404940923738","0.416219119226638","0.15467239527389903","0.631578947368421","229363","1540200","1314","783","531","0.5958904109589042","0.16180817130568462","11507.453455378027",,
1101,"06075060702","075",Census Tract 607.02,141333.000000000000000,90395.000000000000000,"38001",San Francisco,San Francisco County,San Francisco,"0667000",City,City of San Francisco,2411786,San Francisco,"Census Tract 607.02; San Francisco County; California","2024","2608","376","370","1514","250","0.1441717791411043","0.1418711656441718","0.5805214723926381","0.09585889570552147","0.8558282208588956","147903","486900","1428","333","1095","0.23319327731092437","0.21271473148786768","12260.551875076639",,
272,"06075017801","075",Census Tract 178.01,25625.000000000000000,11814.000000000000000,"38001",San Francisco,San Francisco County,San Francisco,"0667000",City,City of San Francisco,2411786,San Francisco,"Census Tract 178.01; San Francisco County; California","2024","3019","463","34","2247","189","0.15336204041073204","0.011262007287181186","0.7442861874792978","0.06260351109638954","0.8466379595892679","28408","919600","2247","447","1800","0.19893190921228304","0.08266076706941869","36522.76777766455",,
1099,"06075061401","075",Census Tract 614.01,139038.000000000000000,61995.000000000000000,"38001",San Francisco,San Francisco County,San Francisco,"0667000",City,City of San Francisco,2411786,San Francisco,"Census Tract 614.01; San Francisco County; California","2024","2815","1423","225","440","453","0.5055062166962699","0.07992895204262877","0.15630550621669628","0.16092362344582592","0.49449378330373006","148598","1164800","1313","927","386","0.7060167555217061","0.1630502920343911","17264.61182544985",,
352,"06075023300","075",Census Tract 233,74844.000000000000000,18195.000000000000000,"38001",San Francisco,San Francisco County,San Francisco,"0667000",City,City of San Francisco,2411786,San Francisco,"Census Tract 233; San Francisco County; California","2024","3818","394","398","2083","699","0.10319539025667888","0.10424305919329492","0.5455735987427973","0.18308014667365113","0.8968046097433211","89531","928800","1270","725","545","0.5708661417322834","0.24427737903330604","15629.773068260381",,
1048,"06075060703","075",Census Tract 607.03,235371.000000000000000,29217.000000000000000,"38001",San Francisco,San Francisco County,San Francisco,"0667000",City,City of San Francisco,2411786,San Francisco,"Census Tract 607.03; San Francisco County; California","2024","6388","2607","262","2466","553","0.40810895428929245","0.04101440200375704","0.3860363180964308","0.08656856606136507","0.5918910457107076","179727","921200","2807","1059","1748","0.37727110794442464","0.13474280146615703","47408.84062444298",,
1047,"06075061503","075",Census Tract 615.03,221781.000000000000000,71508.000000000000000,"38001",San Francisco,San Francisco County,San Francisco,"0667000",City,City of San Francisco,2411786,San Francisco,"Census Tract 615.03; San Francisco County; California","2024","3552","1052","17","1714","721","0.29617117117117114","0.004786036036036036","0.48254504504504503","0.20298423423423423","0.7038288288288288","188441","923100","2087","244","1843","0.1169142309535218","0.09067537693893142","39172.707298390626",,
445,"06075022702","075",Census Tract 227.02,240922.000000000000000,38650.000000000000000,"38001",San Francisco,San Francisco County,San Francisco,"0667000",City,City of San Francisco,2411786,San Francisco,"Census Tract 227.02; San Francisco County; California","2024","1960","841","1","605","279","0.4290816326530612","5.102040816326531e-4","0.3086734693877551","0.14234693877551022","0.5709183673469388","250001","1730100","966","396","570","0.40993788819875776","0.11620539987648633","16866.686075546113",,
1049,"06075061402","075",Census Tract 614.02,174675.000000000000000,77546.000000000000000,"38001",San Francisco,San Francisco County,San Francisco,"0667000",City,City of San Francisco,2411786,San Francisco,"Census Tract 614.02; San Francisco County; California","2024","2760","1561","108","606","327","0.5655797101449276","0.0391304347826087","0.21956521739130436","0.11847826086956521","0.4344202898550724","226290","2000001","1228","451","777","0.36726384364820847","0.15289974973383846","18051.043280348684",,
1110,"06075060701","075",Census Tract 607.01,222692.000000000000000,53095.000000000000000,"38001",San Francisco,San Francisco County,San Francisco,"0667000",City,City of San Francisco,2411786,San Francisco,"Census Tract 607.01; San Francisco County; California","2024","8602","1568","1397","4123","871","0.18228318995582424","0.16240409207161124","0.4793071378749128","0.10125552197163451","0.8177168100441757","231225","1587400","3635","1308","2327","0.3598349381017882","0.4160449509944168","20675.65050228295",,
1050,"06075061502","075",Census Tract 615.02,93403.000000000000000,60966.000000000000000,"38001",San Francisco,San Francisco County,San Francisco,"0667000",City,City of San Francisco,2411786,San Francisco,"Census Tract 615.02; San Francisco County; California","2024","2500","1646","53","294","330","0.6584","0.0212","0.1176","0.132","0.3416","122422","1554100","1556","346","1210","0.22236503856041132","0.0829303402046238","30145.78251857469",,
1338,"06075023400","075",Census Tract 234,78664.000000000000000,52582.000000000000000,"38001",San Francisco,San Francisco County,San Francisco,"0667000",City,City of San Francisco,2411786,San Francisco,"Census Tract 234; San Francisco County; California","2024","3536","114","905","955","1151","0.03223981900452489","0.2559389140271493","0.270079185520362","0.32550904977375567","0.9677601809954751","62647","986900","1136","514","622","0.4524647887323944","0.3297614873247919","10722.901660487989",,
287,"06075061200","075",Census Tract 612,107652.000000000000000,26722.000000000000000,"38001",San Francisco,San Francisco County,San Francisco,"0667000",City,City of San Francisco,2411786,San Francisco,"Census Tract 612; San Francisco County; California","2024","4086","372","820","1124","1714","0.09104258443465492","0.20068526676456191","0.27508565834557025","0.41948115516397455","0.908957415565345","128380","1046900","1197","577","620","0.48203842940685043","0.16419876355674176","24884.474837035",,
1116,"06075061504","075",Census Tract 615.04,247063.000000000000000,42666.000000000000000,"38001",San Francisco,San Francisco County,San Francisco,"0667000",City,City of San Francisco,2411786,San Francisco,"Census Tract 615.04; San Francisco County; California","2024","2133","335","99","1502","148","0.15705578996718236","0.046413502109704644","0.7041725269573371","0.06938584153774027","0.8429442100328176","231414","1837400","1233","371","862","0.3008921330089213","0.03693159810399356","57755.42108938281",,
1131,"06075061506","075",Census Tract 615.06,250001.000000000000000,,"38001",San Francisco,San Francisco County,San Francisco,"0667000",City,City of San Francisco,2411786,San Francisco,"Census Tract 615.06; San Francisco County; California","2024","4429","1402","216","2470","133","0.31655001128923005","0.048769473921878526","0.5576879656807405","0.030029351998193725","0.6834499887107699","250001","1322700","2587","1118","1469","0.4321608040201005","0.049744123713732574","89035.64218937706",,
1370,"06075022600","075",Census Tract 226,239625.000000000000000,26732.000000000000000,"38001",San Francisco,San Francisco County,San Francisco,"0667000",City,City of San Francisco,2411786,San Francisco,"Census Tract 226; San Francisco County; California","2024","4452","1957","74","1519","478","0.43957771787960465","0.016621743036837375","0.3411949685534591","0.10736747529200359","0.5604222821203954","232036","1350000","2257","508","1749","0.22507753655294638","0.4545320081920539","9794.689746291511",,
1160,"06075061508","075",Census Tract 615.08,171915.000000000000000,126601.000000000000000,"38001",San Francisco,San Francisco County,San Francisco,"0667000",City,City of San Francisco,2411786,San Francisco,"Census Tract 615.08; San Francisco County; California","2024","2307","640","171","824","217","0.27741655830082357","0.0741222366710013","0.35717381881231036","0.09406155179887299","0.7225834416991764","157314","1290800","1197","356","841","0.29741019214703424","0.059804829133421354","38575.48016487443",,
351,"06075023200","075",Census Tract 232,122803.000000000000000,35360.000000000000000,"38001",San Francisco,San Francisco County,San Francisco,"0667000",City,City of San Francisco,2411786,San Francisco,"Census Tract 232; San Francisco County; California","2024","3570","308","808","1166","1124","0.08627450980392157","0.22633053221288515","0.3266106442577031","0.31484593837535013","0.9137254901960784","82019","1058500","1143","705","438","0.6167979002624672","0.32833387089833677","10873.078644710988",,
1132,"06075061505","075",Census Tract 615.05,250001.000000000000000,,"38001",San Francisco,San Francisco County,San Francisco,"0667000",City,City of San Francisco,2411786,San Francisco,"Census Tract 615.05; San Francisco County; California","2024","925","296","93","415","77","0.32","0.10054054054054054","0.4486486486486487","0.08324324324324324","0.6799999999999999","250001","1381300","506","299","207","0.5909090909090909","0.008217441986081223","112565.44330544389",,
350,"06075023102","075",Census Tract 231.02,46786.000000000000000,15041.000000000000000,"38001",San Francisco,San Francisco County,San Francisco,"0667000",City,City of San Francisco,2411786,San Francisco,"Census Tract 231.02; San Francisco County; California","2024","3231","36","1291","378","1094","0.011142061281337047","0.3995666976168369","0.116991643454039","0.3385948622717425","0.9888579387186629","43882","1122400","1114","426","688","0.38240574506283664","0.19127966415013067","16891.497663149745",,
1054,"06075980600","075",Census Tract 9806,136250.000000000000000,21729.000000000000000,"38001",San Francisco,San Francisco County,San Francisco,"0667000",City,City of San Francisco,2411786,San Francisco,"Census Tract 9806; San Francisco County; California","2024","1295","238","285","473","186","0.1837837837837838","0.22007722007722008","0.36525096525096523","0.14362934362934363","0.8162162162162162","154375","893200","577","382","195","0.6620450606585788","0.7076897220341426","1829.8979901498733",,
498,"06075023103","075",Census Tract 231.03,29799.000000000000000,4427.000000000000000,"38001",San Francisco,San Francisco County,San Francisco,"0667000",City,City of San Francisco,2411786,San Francisco,"Census Tract 231.03; San Francisco County; California","2024","4545","56","2145","598","1092","0.012321232123212322","0.47194719471947194","0.13157315731573158","0.24026402640264027","0.9876787678767877","30486",NA,"1550","47","1503","0.03032258064516129","0.45635139673480035","9959.43045758056",,
1374,"06075023001","075",Census Tract 230.01,95052.000000000000000,16391.000000000000000,"38001",San Francisco,San Francisco County,San Francisco,"0667000",City,City of San Francisco,2411786,San Francisco,"Census Tract 230.01; San Francisco County; California","2024","5108","529","302","3341","775","0.10356303837118246","0.0591229444009397","0.65407204385278","0.15172278778386844","0.8964369616288176","129866","1115700","1271","864","407","0.6797797010228167","0.25879110795783894","19737.92701112502",,
1375,"06075023003","075",Census Tract 230.03,103472.000000000000000,43678.000000000000000,"38001",San Francisco,San Francisco County,San Francisco,"0667000",City,City of San Francisco,2411786,San Francisco,"Census Tract 230.03; San Francisco County; California","2024","3812","439","324","2287","555","0.11516264428121721","0.08499475341028331","0.5999475341028332","0.14559286463798532","0.8848373557187827","102137","1082500","1195","976","219","0.8167364016736401","0.15610147691677903","24420.01238740526",,
671,"06001990000","001",Census Tract 9900,,,"01013",Berkeley,Alameda County,Berkeley,"0606000",City,City of Berkeley,2409837,,,,,,,,,,,,,,,,,,,,,,42025400.000000,
940,"06001422000","001",Census Tract 4220,140331.000000000000000,17431.000000000000000,"01013",Berkeley,Alameda County,Berkeley,"0606000",City,City of Berkeley,2409837,Berkeley,"Census Tract 4220; Alameda County; California","2024","2470","1185","244","598","162","0.4797570850202429","0.09878542510121457","0.24210526315789474","0.06558704453441296","0.5202429149797572","116779","973000","1295","293","1002","0.22625482625482626","2.1151344240666643","1167.7744789624544",378276250.210000,153148.279
56,"06001420402","001",Census Tract 4204.02,58835.000000000000000,15983.000000000000000,"01013",Berkeley,Alameda County,Berkeley,"0606000",City,City of Berkeley,2409837,Berkeley,"Census Tract 4204.02; Alameda County; California","2024","1596","518","31","671","305","0.32456140350877194","0.019423558897243107","0.42042606516290726","0.19110275689223058","0.6754385964912281","98059",NA,"563","0","563","0","0.440105628552733","3626.4021554288506",167894008.860000,105196.747
671,"06001990000","001",Census Tract 9900,,,"01017",Oakland,Alameda County,Oakland,"0653000",City,City of Oakland,2411292,,,,,,,,,,,,,,,,,,,,,,42025400.000000,
169,"06001425101","001",Census Tract 4251.01,81722.000000000000000,22140.000000000000000,"01017",Oakland,Alameda County,Oakland,"0653000",City,City of Oakland,2411292,Berkeley,"Census Tract 4251.01; Alameda County; California","2024","1601","705","61","487","179","0.44034978138663333","0.038101186758276076","0.30418488444722047","0.11180512179887571","0.5596502186133667","95435","516000","1260","556","704","0.44126984126984126","0.45342525555089574","3530.9016875446014",136545656.540000,85287.731
1223,"06001428700","001",Census Tract 4287,117153.000000000000000,53698.000000000000000,"01017",Oakland,Alameda County,Oakland,"0653000",City,City of Oakland,2411292,San Francisco,"Census Tract 4287; Alameda County; California","2024","5600","1293","738","2273","872","0.23089285714285715","0.13178571428571428","0.40589285714285717","0.15571428571428572","0.7691071428571429","191528","1426900","1787","854","933","0.4778959149412423","3.4256445114849763","1634.7288754642163",110004900.000000,19643.732
357,"06001407300","001",Census Tract 4073,77813.000000000000000,19635.000000000000000,"01017",Oakland,Alameda County,Oakland,"0653000",City,City of Oakland,2411292,Oakland,"Census Tract 4073; Alameda County; California","2024","2513","343","176","341","1578","0.13649025069637882","0.0700358137684043","0.13569438917628332","0.6279347393553522","0.8635097493036212","81917","565000","701","297","404","0.42368045649072755","0.997739277651007","2518.6940679697354",249243400.000000,99181.616
373,"06001428100","001",Census Tract 4281,155071.000000000000000,17796.000000000000000,"01017",Oakland,Alameda County,Oakland,"0653000",City,City of Oakland,2411292,,,,,,,,,,,,,,,,,,,,,,21166200.000000,
436,"06001428301","001",Census Tract 4283.01,191875.000000000000000,14967.000000000000000,"01017",Oakland,Alameda County,Oakland,"0653000",City,City of Oakland,2411292,Oakland,"Census Tract 4283.01; Alameda County; California","2024","6618","1951","68","2864","1264","0.294802055001511","0.010275007555152614","0.43275914173466307","0.1909942580840133","0.705197944998489","177551","989200","2241","1971","270","0.8795180722891566","1.7585422026748492","3763.3444280914164",22053000.000000,3332.276
477,"06001427100","001",Census Tract 4271,215045.000000000000000,49975.000000000000000,"01017",Oakland,Alameda County,Oakland,"0653000",City,City of Oakland,2411292,Oakland,"Census Tract 4271; Alameda County; California","2024","4036","2365","43","639","584","0.58597621407334","0.010654112983151635","0.1583250743310208","0.14469772051536176","0.41402378592666","233846","1429500","1356","1102","254","0.8126843657817109","0.45523037291695595","8865.8407701110391",104312400.000000,25845.491
1120,"06075990200","075",Census Tract 9902,,,"01017",Oakland,Alameda County,Oakland,"0653000",City,City of Oakland,2411292,,,,,,,,,,,,,,,,,,,,,,30237000.000000,
1184,"06001401700","001",Census Tract 4017,145833.000000000000000,23719.000000000000000,"01017",Oakland,Alameda County,Oakland,"0653000",City,City of Oakland,2411292,Oakland,"Census Tract 4017; Alameda County; California","2024","3626","1366","596","566","727","0.37672366243794814","0.1643684500827358","0.15609487038058467","0.20049641478212907","0.6232763375620518","148387","757500","1574","713","861","0.45298602287166456","2.397820282461379","1512.206743150027",284368356.540000,78424.809
1222,"06001981900","001",Census Tract 9819,,,"01017",Oakland,Alameda County,Oakland,"0653000",City,City of Oakland,2411292,Oakland,"Census Tract 9819; Alameda County; California","2024","33","5","24","0","0","0.15151515151515152","0.7272727272727273","0","0","0.8484848484848485",NA,NA,"29","0","29","0","1.82173801330563","18.114569580792757",144605600.000000,4381987.879
556,"06001433400","001",Census Tract 4334,113633.000000000000000,31499.000000000000000,"01017",Oakland,Alameda County,Oakland,"0653000",City,City of Oakland,2411292,,,,,,,,,,,,,,,,,,,,,,,
67,"06001432400","001",Census Tract 4324,82424.000000000000000,27334.000000000000000,"01017",Oakland,Alameda County,Oakland,"0653000",City,City of Oakland,2411292,Oakland,"Census Tract 4324; Alameda County; California","2024","5818","950","235","1514","2879","0.16328635269852182","0.04039188724647645","0.26022688209006534","0.49484358886215196","0.8367136473014782","100000","698800","1746","836","910","0.47880870561282934","2.7616692448135574","2106.696886647908",58048800.000000,9977.449
883,"06001409000","001",Census Tract 4090,70769.000000000000000,24912.000000000000000,"01017",Oakland,Alameda County,Oakland,"0653000",City,City of Oakland,2411292,Oakland,"Census Tract 4090; Alameda County; California","2024","4204","187","1063","318","2521","0.0444814462416746","0.2528544243577545","0.07564224548049477","0.5996669838249287","0.9555185537583254","75987","597000","1005","582","423","0.5791044776119403","7.160864912725535","587.079919986913",136124300.000000,32379.710
671,"06001990000","001",Census Tract 9900,,,"38001",San Francisco,San Francisco County,San Francisco,"0667000",City,City of San Francisco,2411786,,,,,,,,,,,,,,,,,,,,,,42025400.000000,
638,"06081990100","081",Census Tract 9901,,,"38001",San Francisco,San Francisco County,San Francisco,"0667000",City,City of San Francisco,2411786,,,,,,,,,,,,,,,,,,,,,,,
1223,"06001428700","001",Census Tract 4287,117153.000000000000000,53698.000000000000000,"38001",San Francisco,San Francisco County,San Francisco,"0667000",City,City of San Francisco,2411786,San Francisco,"Census Tract 4287; Alameda County; California","2024","5600","1293","738","2273","872","0.23089285714285715","0.13178571428571428","0.40589285714285717","0.15571428571428572","0.7691071428571429","191528","1426900","1787","854","933","0.4778959149412423","3.4256445114849763","1634.7288754642163",110004900.000000,19643.732
1120,"06075990200","075",Census Tract 9902,,,"38001",San Francisco,San Francisco County,San Francisco,"0667000",City,City of San Francisco,2411786,,,,,,,,,,,,,,,,,,,,,,30237000.000000,
1051,"06075017903","075",Census Tract 179.03,96000.000000000000000,51237.000000000000000,"38001",San Francisco,San Francisco County,San Francisco,"0667000",City,City of San Francisco,2411786,San Francisco,"Census Tract 179.03; San Francisco County; California","2024","2429","710","429","150","778","0.2923013585837793","0.17661589131329766","0.06175380815150268","0.3202964182791272","0.7076986414162207","93269",NA,"616","0","616","0","1.1265250131772695","2156.188252890372",7099800.000000,2922.931
1184,"06001401700","001",Census Tract 4017,145833.000000000000000,23719.000000000000000,"38001",San Francisco,San Francisco County,San Francisco,"0667000",City,City of San Francisco,2411786,Oakland,"Census Tract 4017; Alameda County; California","2024","3626","1366","596","566","727","0.37672366243794814","0.1643684500827358","0.15609487038058467","0.20049641478212907","0.6232763375620518","148387","757500","1574","713","861","0.45298602287166456","2.397820282461379","1512.206743150027",284368356.540000,78424.809
1222,"06001981900","001",Census Tract 9819,,,"38001",San Francisco,San Francisco County,San Francisco,"0667000",City,City of San Francisco,2411786,Oakland,"Census Tract 9819; Alameda County; California","2024","33","5","24","0","0","0.15151515151515152","0.7272727272727273","0","0","0.8484848484848485",NA,NA,"29","0","29","0","1.82173801330563","18.114569580792757",144605600.000000,4381987.879
1117,"06075061507","075",Census Tract 615.07,118370.000000000000000,53854.000000000000000,"38001",San Francisco,San Francisco County,San Francisco,"0667000",City,City of San Francisco,2411786,San Francisco,"Census Tract 615.07; San Francisco County; California","2024","1387","325","10","876","176","0.2343186733958183","0.007209805335255948","0.631578947368421","0.12689257390050468","0.7656813266041818","118661",NA,"789","213","576","0.26996197718631176","0.10840114845814953","12795.067392994268",,
508,"06075010500","075",Census Tract 105,187763.000000000000000,35599.000000000000000,"38001",San Francisco,San Francisco County,San Francisco,"0667000",City,City of San Francisco,2411786,San Francisco,"Census Tract 105; San Francisco County; California","2024","3473","1432","31","1760","124","0.4123236395047509","0.008926000575871005","0.5067664843075151","0.03570400230348402","0.5876763604952491","179896","1215300","1848","411","1437","0.2224025974025974","0.21357989319177006","16260.893982570013",,
1115,"06075010202","075",Census Tract 102.02,208750.000000000000000,53160.000000000000000,"38001",San Francisco,San Francisco County,San Francisco,"0667000",City,City of San Francisco,2411786,San Francisco,"Census Tract 102.02; San Francisco County; California","2024","1839","1240","30","277","51","0.6742794997281131","0.01631321370309951","0.1506253398586188","0.02773246329526917","0.3257205002718869","176958","1417300","1099","299","800","0.27206551410373064","0.14593879847934607","12601.172677602",,
230,"06075012602","075",Census Tract 126.02,189500.000000000000000,56360.000000000000000,"38001",San Francisco,San Francisco County,San Francisco,"0667000",City,City of San Francisco,2411786,San Francisco,"Census Tract 126.02; San Francisco County; California","2024","3071","2508","8","212","137","0.8166720937805275","0.0026050146532074245","0.06903288830999674","0.044610875936177144","0.18332790621947248","244000","1945300","1470","454","1016","0.308843537414966","0.23316510846564928","13170.924330011541",,
1108,"06075010101","075",Census Tract 101.01,83816.000000000000000,37733.000000000000000,"38001",San Francisco,San Francisco County,San Francisco,"0667000",City,City of San Francisco,2411786,San Francisco,"Census Tract 101.01; San Francisco County; California","2024","1911","717","113","561","373","0.3751962323390895","0.05913134484563056","0.29356357927786497","0.19518576661433804","0.6248037676609105","89022","1531300","1216","101","1115","0.08305921052631579","0.19174731129120648","9966.241441048245",,
694,"06075061000","075",Census Tract 610,107882.000000000000000,33701.000000000000000,"38001",San Francisco,San Francisco County,San Francisco,"0667000",City,City of San Francisco,2411786,San Francisco,"Census Tract 610; San Francisco County; California","2024","4295","560","628","2431","555","0.13038416763678695","0.1462165308498254","0.5660069848661234","0.12922002328288706","0.869615832363213","155968","966000","1588","1105","483","0.6958438287153652","0.8425976842933207","5097.331834708493",,
532,"06075012700","075",Census Tract 127,236158.000000000000000,52772.000000000000000,"38001",San Francisco,San Francisco County,San Francisco,"0667000",City,City of San Francisco,2411786,San Francisco,"Census Tract 127; San Francisco County; California","2024","4027","3342","35","251","207","0.8298981872361559","0.008691333498882544","0.06232927737770052","0.0514030295505339","0.17010181276384406","234886","2000001","1996","713","1283","0.3572144288577154","0.16768434246993089","24015.360889894182",,
1341,"06075060100","075",Census Tract 601,236445.000000000000000,20396.000000000000000,"38001",San Francisco,San Francisco County,San Francisco,"0667000",City,City of San Francisco,2411786,San Francisco,"Census Tract 601; San Francisco County; California","2024","3901","2193","57","196","867","0.5621635478082543","0.014611638041527814","0.05024352730069213","0.22225070494744936","0.4378364521917457","219750",NA,"1346","9","1337","0.006686478454680535","2.3230244508969715","1679.2763410190266",,
1190,"06075980900","075",Census Tract 9809,,,"38001",San Francisco,San Francisco County,San Francisco,"0667000",City,City of San Francisco,2411786,San Francisco,"Census Tract 9809; San Francisco County; California","2024","439","80","60","241","23","0.18223234624145787","0.1366742596810934","0.5489749430523918","0.05239179954441914","0.8177676537585421",NA,NA,"238","23","215","0.09663865546218488","1.4421016840369603","304.4168139177824",,
1110,"06075060701","075",Census Tract 607.01,222692.000000000000000,53095.000000000000000,"38001",San Francisco,San Francisco County,San Francisco,"0667000",City,City of San Francisco,2411786,San Francisco,"Census Tract 607.01; San Francisco County; California","2024","8602","1568","1397","4123","871","0.18228318995582424","0.16240409207161124","0.4793071378749128","0.10125552197163451","0.8177168100441757","231225","1587400","3635","1308","2327","0.3598349381017882","0.4160449509944168","20675.65050228295",,
1338,"06075023400","075",Census Tract 234,78664.000000000000000,52582.000000000000000,"38001",San Francisco,San Francisco County,San Francisco,"0667000",City,City of San Francisco,2411786,San Francisco,"Census Tract 234; San Francisco County; California","2024","3536","114","905","955","1151","0.03223981900452489","0.2559389140271493","0.270079185520362","0.32550904977375567","0.9677601809954751","62647","986900","1136","514","622","0.4524647887323944","0.3297614873247919","10722.901660487989",,
1370,"06075022600","075",Census Tract 226,239625.000000000000000,26732.000000000000000,"38001",San Francisco,San Francisco County,San Francisco,"0667000",City,City of San Francisco,2411786,San Francisco,"Census Tract 226; San Francisco County; California","2024","4452","1957","74","1519","478","0.43957771787960465","0.016621743036837375","0.3411949685534591","0.10736747529200359","0.5604222821203954","232036","1350000","2257","508","1749","0.22507753655294638","0.4545320081920539","9794.689746291511",,
1160,"06075061508","075",Census Tract 615.08,171915.000000000000000,126601.000000000000000,"38001",San Francisco,San Francisco County,San Francisco,"0667000",City,City of San Francisco,2411786,San Francisco,"Census Tract 615.08; San Francisco County; California","2024","2307","640","171","824","217","0.27741655830082357","0.0741222366710013","0.35717381881231036","0.09406155179887299","0.7225834416991764","157314","1290800","1197","356","841","0.29741019214703424","0.059804829133421354","38575.48016487443",,
351,"06075023200","075",Census Tract 232,122803.000000000000000,35360.000000000000000,"38001",San Francisco,San Francisco County,San Francisco,"0667000",City,City of San Francisco,2411786,San Francisco,"Census Tract 232; San Francisco County; California","2024","3570","308","808","1166","1124","0.08627450980392157","0.22633053221288515","0.3266106442577031","0.31484593837535013","0.9137254901960784","82019","1058500","1143","705","438","0.6167979002624672","0.32833387089833677","10873.078644710988",,
1054,"06075980600","075",Census Tract 9806,136250.000000000000000,21729.000000000000000,"38001",San Francisco,San Francisco County,San Francisco,"0667000",City,City of San Francisco,2411786,San Francisco,"Census Tract 9806; San Francisco County; California","2024","1295","238","285","473","186","0.1837837837837838","0.22007722007722008","0.36525096525096523","0.14362934362934363","0.8162162162162162","154375","893200","577","382","195","0.6620450606585788","0.7076897220341426","1829.8979901498733",,
498,"06075023103","075",Census Tract 231.03,29799.000000000000000,4427.000000000000000,"38001",San Francisco,San Francisco County,San Francisco,"0667000",City,City of San Francisco,2411786,San Francisco,"Census Tract 231.03; San Francisco County; California","2024","4545","56","2145","598","1092","0.012321232123212322","0.47194719471947194","0.13157315731573158","0.24026402640264027","0.9876787678767877","30486",NA,"1550","47","1503","0.03032258064516129","0.45635139673480035","9959.43045758056",,
1425,"06013990000","013",Census Tract 9900,,,"38001",San Francisco,San Francisco County,San Francisco,"0667000",City,City of San Francisco,2411786,,,,,,,,,,,,,,,,,,,,,,,
289,"06075980401","075",Census Tract 9804.01,,,"38001",San Francisco,San Francisco County,San Francisco,"0667000",City,City of San Francisco,2411786,San Francisco,"Census Tract 9804.01; San Francisco County; California","2024","0","0","0","0","0",NA,NA,NA,NA,NA,NA,NA,"0","0","0",NA,"0.33296093009523614","0",,
1266,"06081600900","081",Census Tract 6009,138929.000000000000000,42232.000000000000000,"38001",San Francisco,San Francisco County,San Francisco,"0667000",City,City of San Francisco,2411786,,,,,,,,,,,,,,,,,,,,,,,
1186,"06075990100","075",Census Tract 9901,,,"38001",San Francisco,San Francisco County,San Francisco,"0667000",City,City of San Francisco,2411786,,,,,,,,,,,,,,,,,,,,,,,
700,"06075060400","075",Census Tract 604,99556.000000000000000,17325.000000000000000,"38001",San Francisco,San Francisco County,San Francisco,"0667000",City,City of San Francisco,2411786,San Francisco,"Census Tract 604; San Francisco County; California","2024","1935","471","86","662","350","0.2434108527131783","0.044444444444444446","0.3421188630490956","0.18087855297157623","0.7565891472868217","77045","1024000","1124","342","782","0.304270462633452","2.1575783057815663","896.838828428552",,
1330,"06075035201","075",Census Tract 352.01,132277.000000000000000,20735.000000000000000,"38001",San Francisco,San Francisco County,San Francisco,"0667000",City,City of San Francisco,2411786,San Francisco,"Census Tract 352.01; San Francisco County; California","2024","5020","1722","20","2649","279","0.3430278884462151","0.00398406374501992","0.5276892430278884","0.05557768924302789","0.6569721115537849","136295","1367700","1915","1309","606","0.68355091383812006","0.3445173293036959","14571.11028390335",,
1332,"06075035400","075",Census Tract 354,139477.000000000000000,46222.000000000000000,"38001",San Francisco,San Francisco County,San Francisco,"0667000",City,City of San Francisco,2411786,San Francisco,"Census Tract 354; San Francisco County; California","2024","7140","2154","76","2906","629","0.30168067226890755","0.010644257703081233","0.4070028011204482","0.0880952380952381","0.6983193277310924","149794","1335600","2477","1878","599","0.7581752119499394","0.3943298159563864","18106.67038373202",,
288,"06075980300","075",Census Tract 9803,,,"38001",San Francisco,San Francisco County,San Francisco,"0667000",City,City of San Francisco,2411786,San Francisco,"Census Tract 9803; San Francisco County; California","2024","58","34","0","8","11","0.5862068965517241","0","0.13793103448275862","0.1896551724137931","0.4137931034482759","107188",NA,"46","0","46","0","1.713716073089234","33.84457957230113",,
1125,"06075047904","075",Census Tract 479.04,84880.000000000000000,30787.000000000000000,"38001",San Francisco,San Francisco County,San Francisco,"0667000",City,City of San Francisco,2411786,San Francisco,"Census Tract 479.04; San Francisco County; California","2024","3077","1550","93","867","243","0.5037374065648359","0.030224244393890154","0.281767955801105","0.07897302567435814","0.4962625934351641","105577","1631000","1380","695","685","0.5036231884057971","0.2844829995377299","10816.112052389652",,
291,"06075980200","075",Census Tract 9802,,,"38001",San Francisco,San Francisco County,San Francisco,"0667000",City,City of San Francisco,2411786,San Francisco,"Census Tract 9802; San Francisco County; California","2024","160","22","47","30","30","0.1375","0.29375","0.1875","0.1875","0.8625",NA,NA,"0","0","0",NA,"0.3844684212268571","416.15901636194815",,
1336,"06075042800","075",Census Tract 428,250001.000000000000000,,"38001",San Francisco,San Francisco County,San Francisco,"0667000",City,City of San Francisco,2411786,San Francisco,"Census Tract 428; San Francisco County; California","2024","2471","1562","31","551","169","0.632132739781465","0.01254552812626467","0.22298664508296237","0.06839336301092674","0.367867260218535","250001","2000001","959","734","225","0.7653806047966631","0.22525437828998537","10969.820070795306",,
1341,"06075060100","075",Census Tract 601,236445.000000000000000,20396.000000000000000,"38001",San Francisco,San Francisco County,San Francisco,"0667000",City,City of San Francisco,2411786,San Francisco,"Census Tract 601; San Francisco County; California","2024","3901","2193","57","196","867","0.5621635478082543","0.014611638041527814","0.05024352730069213","0.22225070494744936","0.4378364521917457","219750",NA,"1346","9","1337","0.006686478454680535","2.3230244508969715","1679.2763410190266",,
